detected_utc,game_pk,date,matchup,inning,half,at_bat,play_id,batter,field,from,to,previous_last_changed_utc,first_observation_status,was_unresolved_in_feed,first_seen_utc,launch_speed,launch_angle,distance,trajectory,hardness,bases_before,outs_before,rbi_from,rbi_to,rbi_note,reviewed,overturned,review_type,feed_url,scoring_changes_url,savant_url
2026-09-30T04:08:46Z,824872,2026-09-10,TB @ ATL,1,top,3,7a44a4ce-7078-3ed3-878d-6d3fe3d22b31,Jonny DeLuca,reviewed,0,1,2026-09-30T00:49:27Z,scored,0,2026-09-30T00:49:27Z,,,,,,,,0,0,,1,0,MJ,https://statsapi.mlb.com/api/v1.1/game/824872/feed/live,https://www.mlb.com/official-information/scoring-changes,https://baseballsavant.mlb.com/sporty-videos?playId=7a44a4ce-7078-3ed3-878d-6d3fe3d22b31
2026-09-30T04:08:46Z,824872,2026-09-10,TB @ ATL,1,top,3,7a44a4ce-7078-3ed3-878d-6d3fe3d22b31,Jonny DeLuca,review_type,,MJ,2026-09-30T00:49:27Z,scored,0,2026-09-30T00:49:27Z,,,,,,,,0,0,,1,0,MJ,https://statsapi.mlb.com/api/v1.1/game/824872/feed/live,https://www.mlb.com/official-information/scoring-changes,https://baseballsavant.mlb.com/sporty-videos?playId=7a44a4ce-7078-3ed3-878d-6d3fe3d22b31
2026-09-30T04:08:46Z,824872,2026-09-10,TB @ ATL,3,bottom,19,32ba44a7-890a-3a87-a758-0189d8210e7a,Ha-Seong Kim,reviewed,0,1,2026-09-30T00:49:27Z,scored,0,2026-09-30T00:49:27Z,,,,,,,,0,0,,1,1,MJ,https://statsapi.mlb.com/api/v1.1/game/824872/feed/live,https://www.mlb.com/official-information/scoring-changes,https://baseballsavant.mlb.com/sporty-videos?playId=32ba44a7-890a-3a87-a758-0189d8210e7a
2026-09-30T04:08:46Z,824872,2026-09-10,TB @ ATL,3,bottom,19,32ba44a7-890a-3a87-a758-0189d8210e7a,Ha-Seong Kim,overturned,0,1,2026-09-30T00:49:27Z,scored,0,2026-09-30T00:49:27Z,,,,,,,,0,0,,1,1,MJ,https://statsapi.mlb.com/api/v1.1/game/824872/feed/live,https://www.mlb.com/official-information/scoring-changes,https://baseballsavant.mlb.com/sporty-videos?playId=32ba44a7-890a-3a87-a758-0189d8210e7a
2026-09-30T04:08:46Z,824872,2026-09-10,TB @ ATL,3,bottom,19,32ba44a7-890a-3a87-a758-0189d8210e7a,Ha-Seong Kim,review_type,,MJ,2026-09-30T00:49:27Z,scored,0,2026-09-30T00:49:27Z,,,,,,,,0,0,,1,1,MJ,https://statsapi.mlb.com/api/v1.1/game/824872/feed/live,https://www.mlb.com/official-information/scoring-changes,https://baseballsavant.mlb.com/sporty-videos?playId=32ba44a7-890a-3a87-a758-0189d8210e7a
2026-09-30T04:08:46Z,824872,2026-09-10,TB @ ATL,8,bottom,52,cb8ebc85-9af4-3b6f-be5c-91e77031d58a,Ozzie Albies,reviewed,0,1,2026-09-30T00:49:27Z,scored,0,2026-09-30T00:49:27Z,,,,,,,,0,0,,1,1,MJ,https://statsapi.mlb.com/api/v1.1/game/824872/feed/live,https://www.mlb.com/official-information/scoring-changes,https://baseballsavant.mlb.com/sporty-videos?playId=cb8ebc85-9af4-3b6f-be5c-91e77031d58a
2026-09-30T04:08:46Z,824872,2026-09-10,TB @ ATL,8,bottom,52,cb8ebc85-9af4-3b6f-be5c-91e77031d58a,Ozzie Albies,overturned,0,1,2026-09-30T00:49:27Z,scored,0,2026-09-30T00:49:27Z,,,,,,,,0,0,,1,1,MJ,https://statsapi.mlb.com/api/v1.1/game/824872/feed/live,https://www.mlb.com/official-information/scoring-changes,https://baseballsavant.mlb.com/sporty-videos?playId=cb8ebc85-9af4-3b6f-be5c-91e77031d58a
2026-09-30T04:08:46Z,824872,2026-09-10,TB @ ATL,8,bottom,52,cb8ebc85-9af4-3b6f-be5c-91e77031d58a,Ozzie Albies,review_type,,MJ,2026-09-30T00:49:27Z,scored,0,2026-09-30T00:49:27Z,,,,,,,,0,0,,1,1,MJ,https://statsapi.mlb.com/api/v1.1/game/824872/feed/live,https://www.mlb.com/official-information/scoring-changes,https://baseballsavant.mlb.com/sporty-videos?playId=cb8ebc85-9af4-3b6f-be5c-91e77031d58a
2026-09-30T04:08:46Z,823413,2026-09-10,HOU @ PHI,2,bottom,12,d2b0b813-3c26-3e79-b8a9-1f6da64c55ee,Luis Arraez,reviewed,0,1,2026-09-30T00:49:27Z,scored,0,2026-09-30T00:49:27Z,,,,,,,,0,0,,1,1,MJ,https://statsapi.mlb.com/api/v1.1/game/823413/feed/live,https://www.mlb.com/official-information/scoring-changes,https://baseballsavant.mlb.com/sporty-videos?playId=d2b0b813-3c26-3e79-b8a9-1f6da64c55ee
2026-09-30T04:08:46Z,823413,2026-09-10,HOU @ PHI,2,bottom,12,d2b0b813-3c26-3e79-b8a9-1f6da64c55ee,Luis Arraez,overturned,0,1,2026-09-30T00:49:27Z,scored,0,2026-09-30T00:49:27Z,,,,,,,,0,0,,1,1,MJ,https://statsapi.mlb.com/api/v1.1/game/823413/feed/live,https://www.mlb.com/official-information/scoring-changes,https://baseballsavant.mlb.com/sporty-videos?playId=d2b0b813-3c26-3e79-b8a9-1f6da64c55ee
2026-09-30T04:08:46Z,823413,2026-09-10,HOU @ PHI,2,bottom,12,d2b0b813-3c26-3e79-b8a9-1f6da64c55ee,Luis Arraez,review_type,,MJ,2026-09-30T00:49:27Z,scored,0,2026-09-30T00:49:27Z,,,,,,,,0,0,,1,1,MJ,https://statsapi.mlb.com/api/v1.1/game/823413/feed/live,https://www.mlb.com/official-information/scoring-changes,https://baseballsavant.mlb.com/sporty-videos?playId=d2b0b813-3c26-3e79-b8a9-1f6da64c55ee
2026-09-30T04:08:46Z,823413,2026-09-10,HOU @ PHI,7,top,42,cd3e3a43-6745-31e9-9848-06ce5c8f85c6,Daulton Varsho,reviewed,0,1,2026-09-30T00:49:27Z,scored,0,2026-09-30T00:49:27Z,,,,,,,,0,0,,1,1,MJ,https://statsapi.mlb.com/api/v1.1/game/823413/feed/live,https://www.mlb.com/official-information/scoring-changes,https://baseballsavant.mlb.com/sporty-videos?playId=cd3e3a43-6745-31e9-9848-06ce5c8f85c6
2026-09-30T04:08:46Z,823413,2026-09-10,HOU @ PHI,7,top,42,cd3e3a43-6745-31e9-9848-06ce5c8f85c6,Daulton Varsho,overturned,0,1,2026-09-30T00:49:27Z,scored,0,2026-09-30T00:49:27Z,,,,,,,,0,0,,1,1,MJ,https://statsapi.mlb.com/api/v1.1/game/823413/feed/live,https://www.mlb.com/official-information/scoring-changes,https://baseballsavant.mlb.com/sporty-videos?playId=cd3e3a43-6745-31e9-9848-06ce5c8f85c6
2026-09-30T04:08:46Z,823413,2026-09-10,HOU @ PHI,7,top,42,cd3e3a43-6745-31e9-9848-06ce5c8f85c6,Daulton Varsho,review_type,,MJ,2026-09-30T00:49:27Z,scored,0,2026-09-30T00:49:27Z,,,,,,,,0,0,,1,1,MJ,https://statsapi.mlb.com/api/v1.1/game/823413/feed/live,https://www.mlb.com/official-information/scoring-changes,https://baseballsavant.mlb.com/sporty-videos?playId=cd3e3a43-6745-31e9-9848-06ce5c8f85c6
2026-09-30T04:08:46Z,823413,2026-09-10,HOU @ PHI,8,top,53,413fc1fa-e1f1-388b-98e6-eab61ea64191,Jose Altuve,reviewed,0,1,2026-09-30T00:49:27Z,scored,0,2026-09-30T00:49:27Z,,,,,,,,0,0,,1,0,MJ,https://statsapi.mlb.com/api/v1.1/game/823413/feed/live,https://www.mlb.com/official-information/scoring-changes,https://baseballsavant.mlb.com/sporty-videos?playId=413fc1fa-e1f1-388b-98e6-eab61ea64191
2026-09-30T04:08:46Z,823413,2026-09-10,HOU @ PHI,8,top,53,413fc1fa-e1f1-388b-98e6-eab61ea64191,Jose Altuve,review_type,,MJ,2026-09-30T00:49:27Z,scored,0,2026-09-30T00:49:27Z,,,,,,,,0,0,,1,0,MJ,https://statsapi.mlb.com/api/v1.1/game/823413/feed/live,https://www.mlb.com/official-information/scoring-changes,https://baseballsavant.mlb.com/sporty-videos?playId=413fc1fa-e1f1-388b-98e6-eab61ea64191
2026-09-30T04:08:46Z,823413,2026-09-10,HOU @ PHI,9,bottom,64,ea7842e0-03bf-37f5-b044-cdb252f00296,Trea Turner,reviewed,0,1,2026-09-30T00:49:27Z,scored,0,2026-09-30T00:49:27Z,,,,,,,,0,0,,1,0,MJ,https://statsapi.mlb.com/api/v1.1/game/823413/feed/live,https://www.mlb.com/official-information/scoring-changes,https://baseballsavant.mlb.com/sporty-videos?playId=ea7842e0-03bf-37f5-b044-cdb252f00296
2026-09-30T04:08:46Z,823413,2026-09-10,HOU @ PHI,9,bottom,64,ea7842e0-03bf-37f5-b044-cdb252f00296,Trea Turner,review_type,,MJ,2026-09-30T00:49:27Z,scored,0,2026-09-30T00:49:27Z,,,,,,,,0,0,,1,0,MJ,https://statsapi.mlb.com/api/v1.1/game/823413/feed/live,https://www.mlb.com/official-information/scoring-changes,https://baseballsavant.mlb.com/sporty-videos?playId=ea7842e0-03bf-37f5-b044-cdb252f00296
2026-09-30T04:08:46Z,824631,2026-09-11,PIT @ CHC,1,top,2,e7bcfbb8-2d5f-3964-9e9d-40d0259904ca,Bryan Reynolds,reviewed,0,1,2026-09-30T00:49:27Z,scored,0,2026-09-30T00:49:27Z,,,,,,,,0,0,,1,0,MA,https://statsapi.mlb.com/api/v1.1/game/824631/feed/live,https://www.mlb.com/official-information/scoring-changes,https://baseballsavant.mlb.com/sporty-videos?playId=e7bcfbb8-2d5f-3964-9e9d-40d0259904ca
2026-09-30T04:08:46Z,824631,2026-09-11,PIT @ CHC,1,top,2,e7bcfbb8-2d5f-3964-9e9d-40d0259904ca,Bryan Reynolds,review_type,,MA,2026-09-30T00:49:27Z,scored,0,2026-09-30T00:49:27Z,,,,,,,,0,0,,1,0,MA,https://statsapi.mlb.com/api/v1.1/game/824631/feed/live,https://www.mlb.com/official-information/scoring-changes,https://baseballsavant.mlb.com/sporty-videos?playId=e7bcfbb8-2d5f-3964-9e9d-40d0259904ca
2026-09-30T04:08:46Z,824631,2026-09-11,PIT @ CHC,3,bottom,23,6e8a70a3-604e-3bc4-b959-3bc6c15c47bf,Seiya Suzuki,reviewed,0,1,2026-09-30T00:49:27Z,scored,0,2026-09-30T00:49:27Z,,,,,,,,0,0,,1,1,MJ,https://statsapi.mlb.com/api/v1.1/game/824631/feed/live,https://www.mlb.com/official-information/scoring-changes,https://baseballsavant.mlb.com/sporty-videos?playId=6e8a70a3-604e-3bc4-b959-3bc6c15c47bf
2026-09-30T04:08:46Z,824631,2026-09-11,PIT @ CHC,3,bottom,23,6e8a70a3-604e-3bc4-b959-3bc6c15c47bf,Seiya Suzuki,overturned,0,1,2026-09-30T00:49:27Z,scored,0,2026-09-30T00:49:27Z,,,,,,,,0,0,,1,1,MJ,https://statsapi.mlb.com/api/v1.1/game/824631/feed/live,https://www.mlb.com/official-information/scoring-changes,https://baseballsavant.mlb.com/sporty-videos?playId=6e8a70a3-604e-3bc4-b959-3bc6c15c47bf
2026-09-30T04:08:46Z,824631,2026-09-11,PIT @ CHC,3,bottom,23,6e8a70a3-604e-3bc4-b959-3bc6c15c47bf,Seiya Suzuki,review_type,,MJ,2026-09-30T00:49:27Z,scored,0,2026-09-30T00:49:27Z,,,,,,,,0,0,,1,1,MJ,https://statsapi.mlb.com/api/v1.1/game/824631/feed/live,https://www.mlb.com/official-information/scoring-changes,https://baseballsavant.mlb.com/sporty-videos?playId=6e8a70a3-604e-3bc4-b959-3bc6c15c47bf
2026-09-30T04:08:46Z,824631,2026-09-11,PIT @ CHC,5,bottom,45,d649ac36-4775-3139-bafc-1d8a3c644420,Pedro Ramírez,reviewed,0,1,2026-09-30T00:49:27Z,scored,0,2026-09-30T00:49:27Z,,,,,,,,0,0,,1,1,MJ,https://statsapi.mlb.com/api/v1.1/game/824631/feed/live,https://www.mlb.com/official-information/scoring-changes,https://baseballsavant.mlb.com/sporty-videos?playId=d649ac36-4775-3139-bafc-1d8a3c644420
2026-09-30T04:08:46Z,824631,2026-09-11,PIT @ CHC,5,bottom,45,d649ac36-4775-3139-bafc-1d8a3c644420,Pedro Ramírez,overturned,0,1,2026-09-30T00:49:27Z,scored,0,2026-09-30T00:49:27Z,,,,,,,,0,0,,1,1,MJ,https://statsapi.mlb.com/api/v1.1/game/824631/feed/live,https://www.mlb.com/official-information/scoring-changes,https://baseballsavant.mlb.com/sporty-videos?playId=d649ac36-4775-3139-bafc-1d8a3c644420
2026-09-30T04:08:46Z,824631,2026-09-11,PIT @ CHC,5,bottom,45,d649ac36-4775-3139-bafc-1d8a3c644420,Pedro Ramírez,review_type,,MJ,2026-09-30T00:49:27Z,scored,0,2026-09-30T00:49:27Z,,,,,,,,0,0,,1,1,MJ,https://statsapi.mlb.com/api/v1.1/game/824631/feed/live,https://www.mlb.com/official-information/scoring-changes,https://baseballsavant.mlb.com/sporty-videos?playId=d649ac36-4775-3139-bafc-1d8a3c644420
2026-09-30T04:08:46Z,824631,2026-09-11,PIT @ CHC,7,bottom,66,542e4e52-e955-3448-8b25-5cfe6f53bb7d,Michael Busch,reviewed,0,1,2026-09-30T00:49:27Z,scored,0,2026-09-30T00:49:27Z,,,,,,,,0,0,,1,1,MJ,https://statsapi.mlb.com/api/v1.1/game/824631/feed/live,https://www.mlb.com/official-information/scoring-changes,https://baseballsavant.mlb.com/sporty-videos?playId=542e4e52-e955-3448-8b25-5cfe6f53bb7d
2026-09-30T04:08:46Z,824631,2026-09-11,PIT @ CHC,7,bottom,66,542e4e52-e955-3448-8b25-5cfe6f53bb7d,Michael Busch,overturned,0,1,2026-09-30T00:49:27Z,scored,0,2026-09-30T00:49:27Z,,,,,,,,0,0,,1,1,MJ,https://statsapi.mlb.com/api/v1.1/game/824631/feed/live,https://www.mlb.com/official-information/scoring-changes,https://baseballsavant.mlb.com/sporty-videos?playId=542e4e52-e955-3448-8b25-5cfe6f53bb7d
2026-09-30T04:08:46Z,824631,2026-09-11,PIT @ CHC,7,bottom,66,542e4e52-e955-3448-8b25-5cfe6f53bb7d,Michael Busch,review_type,,MJ,2026-09-30T00:49:27Z,scored,0,2026-09-30T00:49:27Z,,,,,,,,0,0,,1,1,MJ,https://statsapi.mlb.com/api/v1.1/game/824631/feed/live,https://www.mlb.com/official-information/scoring-changes,https://baseballsavant.mlb.com/sporty-videos?playId=542e4e52-e955-3448-8b25-5cfe6f53bb7d
2026-09-30T04:08:46Z,824227,2026-09-11,COL @ DET,5,top,33,a49b12c9-0f7e-34f6-93dd-bf4548c8584e,Cole Carrigg,reviewed,0,1,2026-09-30T00:49:27Z,scored,0,2026-09-30T00:49:27Z,,,,,,,,0,0,,1,1,MJ,https://statsapi.mlb.com/api/v1.1/game/824227/feed/live,https://www.mlb.com/official-information/scoring-changes,https://baseballsavant.mlb.com/sporty-videos?playId=a49b12c9-0f7e-34f6-93dd-bf4548c8584e
2026-09-30T04:08:46Z,824227,2026-09-11,COL @ DET,5,top,33,a49b12c9-0f7e-34f6-93dd-bf4548c8584e,Cole Carrigg,overturned,0,1,2026-09-30T00:49:27Z,scored,0,2026-09-30T00:49:27Z,,,,,,,,0,0,,1,1,MJ,https://statsapi.mlb.com/api/v1.1/game/824227/feed/live,https://www.mlb.com/official-information/scoring-changes,https://baseballsavant.mlb.com/sporty-videos?playId=a49b12c9-0f7e-34f6-93dd-bf4548c8584e
2026-09-30T04:08:46Z,824227,2026-09-11,COL @ DET,5,top,33,a49b12c9-0f7e-34f6-93dd-bf4548c8584e,Cole Carrigg,review_type,,MJ,2026-09-30T00:49:27Z,scored,0,2026-09-30T00:49:27Z,,,,,,,,0,0,,1,1,MJ,https://statsapi.mlb.com/api/v1.1/game/824227/feed/live,https://www.mlb.com/official-information/scoring-changes,https://baseballsavant.mlb.com/sporty-videos?playId=a49b12c9-0f7e-34f6-93dd-bf4548c8584e
2026-09-30T04:08:46Z,824227,2026-09-11,COL @ DET,6,bottom,46,8cc9715b-773e-3c1c-9696-7ea3d90ca302,Riley Greene,reviewed,0,1,2026-09-30T00:49:27Z,scored,0,2026-09-30T00:49:27Z,,,,,,,,1,1,,1,1,MJ,https://statsapi.mlb.com/api/v1.1/game/824227/feed/live,https://www.mlb.com/official-information/scoring-changes,https://baseballsavant.mlb.com/sporty-videos?playId=8cc9715b-773e-3c1c-9696-7ea3d90ca302
2026-09-30T04:08:46Z,824227,2026-09-11,COL @ DET,6,bottom,46,8cc9715b-773e-3c1c-9696-7ea3d90ca302,Riley Greene,overturned,0,1,2026-09-30T00:49:27Z,scored,0,2026-09-30T00:49:27Z,,,,,,,,1,1,,1,1,MJ,https://statsapi.mlb.com/api/v1.1/game/824227/feed/live,https://www.mlb.com/official-information/scoring-changes,https://baseballsavant.mlb.com/sporty-videos?playId=8cc9715b-773e-3c1c-9696-7ea3d90ca302
2026-09-30T04:08:46Z,824227,2026-09-11,COL @ DET,6,bottom,46,8cc9715b-773e-3c1c-9696-7ea3d90ca302,Riley Greene,review_type,,MJ,2026-09-30T00:49:27Z,scored,0,2026-09-30T00:49:27Z,,,,,,,,1,1,,1,1,MJ,https://statsapi.mlb.com/api/v1.1/game/824227/feed/live,https://www.mlb.com/official-information/scoring-changes,https://baseballsavant.mlb.com/sporty-videos?playId=8cc9715b-773e-3c1c-9696-7ea3d90ca302
2026-09-30T04:08:46Z,824227,2026-09-11,COL @ DET,9,top,69,05cb453e-e918-3938-8fd5-96216a2a0a7d,Zac Veen,reviewed,0,1,2026-09-30T00:49:27Z,scored,0,2026-09-30T00:49:27Z,,,,,,,,1,1,,1,1,MJ,https://statsapi.mlb.com/api/v1.1/game/824227/feed/live,https://www.mlb.com/official-information/scoring-changes,https://baseballsavant.mlb.com/sporty-videos?playId=05cb453e-e918-3938-8fd5-96216a2a0a7d
2026-09-30T04:08:46Z,824227,2026-09-11,COL @ DET,9,top,69,05cb453e-e918-3938-8fd5-96216a2a0a7d,Zac Veen,overturned,0,1,2026-09-30T00:49:27Z,scored,0,2026-09-30T00:49:27Z,,,,,,,,1,1,,1,1,MJ,https://statsapi.mlb.com/api/v1.1/game/824227/feed/live,https://www.mlb.com/official-information/scoring-changes,https://baseballsavant.mlb.com/sporty-videos?playId=05cb453e-e918-3938-8fd5-96216a2a0a7d
2026-09-30T04:08:46Z,824227,2026-09-11,COL @ DET,9,top,69,05cb453e-e918-3938-8fd5-96216a2a0a7d,Zac Veen,review_type,,MJ,2026-09-30T00:49:27Z,scored,0,2026-09-30T00:49:27Z,,,,,,,,1,1,,1,1,MJ,https://statsapi.mlb.com/api/v1.1/game/824227/feed/live,https://www.mlb.com/official-information/scoring-changes,https://baseballsavant.mlb.com/sporty-videos?playId=05cb453e-e918-3938-8fd5-96216a2a0a7d
2026-09-30T04:08:46Z,823498,2026-09-11,NYM @ NYY,2,bottom,17,5e7b14f8-83ad-32ed-8d24-5bbce81d5b36,Ben Rice,reviewed,0,1,2026-09-30T00:49:27Z,scored,0,2026-09-30T00:49:27Z,,,,,,,,0,0,,1,1,MJ,https://statsapi.mlb.com/api/v1.1/game/823498/feed/live,https://www.mlb.com/official-information/scoring-changes,https://baseballsavant.mlb.com/sporty-videos?playId=5e7b14f8-83ad-32ed-8d24-5bbce81d5b36
2026-09-30T04:08:46Z,823498,2026-09-11,NYM @ NYY,2,bottom,17,5e7b14f8-83ad-32ed-8d24-5bbce81d5b36,Ben Rice,overturned,0,1,2026-09-30T00:49:27Z,scored,0,2026-09-30T00:49:27Z,,,,,,,,0,0,,1,1,MJ,https://statsapi.mlb.com/api/v1.1/game/823498/feed/live,https://www.mlb.com/official-information/scoring-changes,https://baseballsavant.mlb.com/sporty-videos?playId=5e7b14f8-83ad-32ed-8d24-5bbce81d5b36
2026-09-30T04:08:46Z,823498,2026-09-11,NYM @ NYY,2,bottom,17,5e7b14f8-83ad-32ed-8d24-5bbce81d5b36,Ben Rice,review_type,,MJ,2026-09-30T00:49:27Z,scored,0,2026-09-30T00:49:27Z,,,,,,,,0,0,,1,1,MJ,https://statsapi.mlb.com/api/v1.1/game/823498/feed/live,https://www.mlb.com/official-information/scoring-changes,https://baseballsavant.mlb.com/sporty-videos?playId=5e7b14f8-83ad-32ed-8d24-5bbce81d5b36
2026-09-30T04:08:46Z,822767,2026-09-11,BAL @ TOR,2,top,13,6c6de40f-4bcc-3e9f-8f73-1fc01a3208e8,Colton Cowser,reviewed,0,1,2026-09-30T00:49:27Z,scored,0,2026-09-30T00:49:27Z,,,,,,,,2,2,,1,1,MJ,https://statsapi.mlb.com/api/v1.1/game/822767/feed/live,https://www.mlb.com/official-information/scoring-changes,https://baseballsavant.mlb.com/sporty-videos?playId=6c6de40f-4bcc-3e9f-8f73-1fc01a3208e8
2026-09-30T04:08:46Z,822767,2026-09-11,BAL @ TOR,2,top,13,6c6de40f-4bcc-3e9f-8f73-1fc01a3208e8,Colton Cowser,overturned,0,1,2026-09-30T00:49:27Z,scored,0,2026-09-30T00:49:27Z,,,,,,,,2,2,,1,1,MJ,https://statsapi.mlb.com/api/v1.1/game/822767/feed/live,https://www.mlb.com/official-information/scoring-changes,https://baseballsavant.mlb.com/sporty-videos?playId=6c6de40f-4bcc-3e9f-8f73-1fc01a3208e8
2026-09-30T04:08:46Z,822767,2026-09-11,BAL @ TOR,2,top,13,6c6de40f-4bcc-3e9f-8f73-1fc01a3208e8,Colton Cowser,review_type,,MJ,2026-09-30T00:49:27Z,scored,0,2026-09-30T00:49:27Z,,,,,,,,2,2,,1,1,MJ,https://statsapi.mlb.com/api/v1.1/game/822767/feed/live,https://www.mlb.com/official-information/scoring-changes,https://baseballsavant.mlb.com/sporty-videos?playId=6c6de40f-4bcc-3e9f-8f73-1fc01a3208e8
2026-09-30T04:08:46Z,822767,2026-09-11,BAL @ TOR,6,bottom,53,6e92c7f2-64d2-36b7-991c-3976337647c2,Andrés Giménez,reviewed,0,1,2026-09-30T00:49:27Z,scored,0,2026-09-30T00:49:27Z,,,,,,,,1,1,,1,0,MJ,https://statsapi.mlb.com/api/v1.1/game/822767/feed/live,https://www.mlb.com/official-information/scoring-changes,https://baseballsavant.mlb.com/sporty-videos?playId=6e92c7f2-64d2-36b7-991c-3976337647c2
2026-09-30T04:08:46Z,822767,2026-09-11,BAL @ TOR,6,bottom,53,6e92c7f2-64d2-36b7-991c-3976337647c2,Andrés Giménez,review_type,,MJ,2026-09-30T00:49:27Z,scored,0,2026-09-30T00:49:27Z,,,,,,,,1,1,,1,0,MJ,https://statsapi.mlb.com/api/v1.1/game/822767/feed/live,https://www.mlb.com/official-information/scoring-changes,https://baseballsavant.mlb.com/sporty-videos?playId=6e92c7f2-64d2-36b7-991c-3976337647c2
2026-09-30T04:08:46Z,822767,2026-09-11,BAL @ TOR,8,bottom,67,ef5dd386-a609-3908-b607-f02b326eef02,Alejandro Kirk,reviewed,0,1,2026-09-30T00:49:27Z,scored,0,2026-09-30T00:49:27Z,,,,,,,,0,0,,1,1,MJ,https://statsapi.mlb.com/api/v1.1/game/822767/feed/live,https://www.mlb.com/official-information/scoring-changes,https://baseballsavant.mlb.com/sporty-videos?playId=ef5dd386-a609-3908-b607-f02b326eef02
2026-09-30T04:08:46Z,822767,2026-09-11,BAL @ TOR,8,bottom,67,ef5dd386-a609-3908-b607-f02b326eef02,Alejandro Kirk,overturned,0,1,2026-09-30T00:49:27Z,scored,0,2026-09-30T00:49:27Z,,,,,,,,0,0,,1,1,MJ,https://statsapi.mlb.com/api/v1.1/game/822767/feed/live,https://www.mlb.com/official-information/scoring-changes,https://baseballsavant.mlb.com/sporty-videos?playId=ef5dd386-a609-3908-b607-f02b326eef02
2026-09-30T04:08:46Z,822767,2026-09-11,BAL @ TOR,8,bottom,67,ef5dd386-a609-3908-b607-f02b326eef02,Alejandro Kirk,review_type,,MJ,2026-09-30T00:49:27Z,scored,0,2026-09-30T00:49:27Z,,,,,,,,0,0,,1,1,MJ,https://statsapi.mlb.com/api/v1.1/game/822767/feed/live,https://www.mlb.com/official-information/scoring-changes,https://baseballsavant.mlb.com/sporty-videos?playId=ef5dd386-a609-3908-b607-f02b326eef02
2026-09-30T04:08:46Z,822767,2026-09-11,BAL @ TOR,9,bottom,76,8aadf17b-9465-3685-9224-ea9a4b3f51da,Brett Bateman,reviewed,0,1,2026-09-30T00:49:27Z,scored,0,2026-09-30T00:49:27Z,,,,,,,,2,2,,1,1,MJ,https://statsapi.mlb.com/api/v1.1/game/822767/feed/live,https://www.mlb.com/official-information/scoring-changes,https://baseballsavant.mlb.com/sporty-videos?playId=8aadf17b-9465-3685-9224-ea9a4b3f51da
2026-09-30T04:08:46Z,822767,2026-09-11,BAL @ TOR,9,bottom,76,8aadf17b-9465-3685-9224-ea9a4b3f51da,Brett Bateman,overturned,0,1,2026-09-30T00:49:27Z,scored,0,2026-09-30T00:49:27Z,,,,,,,,2,2,,1,1,MJ,https://statsapi.mlb.com/api/v1.1/game/822767/feed/live,https://www.mlb.com/official-information/scoring-changes,https://baseballsavant.mlb.com/sporty-videos?playId=8aadf17b-9465-3685-9224-ea9a4b3f51da
2026-09-30T04:08:46Z,822767,2026-09-11,BAL @ TOR,9,bottom,76,8aadf17b-9465-3685-9224-ea9a4b3f51da,Brett Bateman,review_type,,MJ,2026-09-30T00:49:27Z,scored,0,2026-09-30T00:49:27Z,,,,,,,,2,2,,1,1,MJ,https://statsapi.mlb.com/api/v1.1/game/822767/feed/live,https://www.mlb.com/official-information/scoring-changes,https://baseballsavant.mlb.com/sporty-videos?playId=8aadf17b-9465-3685-9224-ea9a4b3f51da
2026-09-30T04:08:46Z,822767,2026-09-11,BAL @ TOR,9,bottom,78,bdb7b45c-a330-32a3-bf1f-fdf080db62d0,Vladimir Guerrero Jr.,reviewed,0,1,2026-09-30T00:49:27Z,scored,0,2026-09-30T00:49:27Z,,,,,,,,0,0,,1,0,MJ,https://statsapi.mlb.com/api/v1.1/game/822767/feed/live,https://www.mlb.com/official-information/scoring-changes,https://baseballsavant.mlb.com/sporty-videos?playId=bdb7b45c-a330-32a3-bf1f-fdf080db62d0
2026-09-30T04:08:46Z,822767,2026-09-11,BAL @ TOR,9,bottom,78,bdb7b45c-a330-32a3-bf1f-fdf080db62d0,Vladimir Guerrero Jr.,review_type,,MJ,2026-09-30T00:49:27Z,scored,0,2026-09-30T00:49:27Z,,,,,,,,0,0,,1,0,MJ,https://statsapi.mlb.com/api/v1.1/game/822767/feed/live,https://www.mlb.com/official-information/scoring-changes,https://baseballsavant.mlb.com/sporty-videos?playId=bdb7b45c-a330-32a3-bf1f-fdf080db62d0
2026-09-30T04:08:46Z,824711,2026-09-11,KC @ BOS,5,bottom,38,7db1a1dc-7b5b-383f-bcc3-b88fb9aded86,Roman Anthony,reviewed,0,1,2026-09-30T00:49:27Z,scored,0,2026-09-30T00:49:27Z,,,,,,,,0,0,,1,1,MJ,https://statsapi.mlb.com/api/v1.1/game/824711/feed/live,https://www.mlb.com/official-information/scoring-changes,https://baseballsavant.mlb.com/sporty-videos?playId=7db1a1dc-7b5b-383f-bcc3-b88fb9aded86
2026-09-30T04:08:46Z,824711,2026-09-11,KC @ BOS,5,bottom,38,7db1a1dc-7b5b-383f-bcc3-b88fb9aded86,Roman Anthony,overturned,0,1,2026-09-30T00:49:27Z,scored,0,2026-09-30T00:49:27Z,,,,,,,,0,0,,1,1,MJ,https://statsapi.mlb.com/api/v1.1/game/824711/feed/live,https://www.mlb.com/official-information/scoring-changes,https://baseballsavant.mlb.com/sporty-videos?playId=7db1a1dc-7b5b-383f-bcc3-b88fb9aded86
2026-09-30T04:08:46Z,824711,2026-09-11,KC @ BOS,5,bottom,38,7db1a1dc-7b5b-383f-bcc3-b88fb9aded86,Roman Anthony,review_type,,MJ,2026-09-30T00:49:27Z,scored,0,2026-09-30T00:49:27Z,,,,,,,,0,0,,1,1,MJ,https://statsapi.mlb.com/api/v1.1/game/824711/feed/live,https://www.mlb.com/official-information/scoring-changes,https://baseballsavant.mlb.com/sporty-videos?playId=7db1a1dc-7b5b-383f-bcc3-b88fb9aded86
2026-09-30T04:08:46Z,824711,2026-09-11,KC @ BOS,9,top,70,2716b830-497b-37f6-aa66-10c9c1dd65c4,Carter Jensen,reviewed,0,1,2026-09-30T00:49:27Z,scored,0,2026-09-30T00:49:27Z,,,,,,,,0,0,,1,1,MJ,https://statsapi.mlb.com/api/v1.1/game/824711/feed/live,https://www.mlb.com/official-information/scoring-changes,https://baseballsavant.mlb.com/sporty-videos?playId=2716b830-497b-37f6-aa66-10c9c1dd65c4
2026-09-30T04:08:46Z,824711,2026-09-11,KC @ BOS,9,top,70,2716b830-497b-37f6-aa66-10c9c1dd65c4,Carter Jensen,overturned,0,1,2026-09-30T00:49:27Z,scored,0,2026-09-30T00:49:27Z,,,,,,,,0,0,,1,1,MJ,https://statsapi.mlb.com/api/v1.1/game/824711/feed/live,https://www.mlb.com/official-information/scoring-changes,https://baseballsavant.mlb.com/sporty-videos?playId=2716b830-497b-37f6-aa66-10c9c1dd65c4
2026-09-30T04:08:46Z,824711,2026-09-11,KC @ BOS,9,top,70,2716b830-497b-37f6-aa66-10c9c1dd65c4,Carter Jensen,review_type,,MJ,2026-09-30T00:49:27Z,scored,0,2026-09-30T00:49:27Z,,,,,,,,0,0,,1,1,MJ,https://statsapi.mlb.com/api/v1.1/game/824711/feed/live,https://www.mlb.com/official-information/scoring-changes,https://baseballsavant.mlb.com/sporty-videos?playId=2716b830-497b-37f6-aa66-10c9c1dd65c4
2026-09-30T04:08:46Z,822930,2026-09-11,HOU @ TB,2,top,8,372f91eb-5096-3da6-b37a-9391cc85d696,Christian Walker,reviewed,0,1,2026-09-30T00:49:27Z,scored,0,2026-09-30T00:49:27Z,,,,,,,,0,0,,1,1,MJ,https://statsapi.mlb.com/api/v1.1/game/822930/feed/live,https://www.mlb.com/official-information/scoring-changes,https://baseballsavant.mlb.com/sporty-videos?playId=372f91eb-5096-3da6-b37a-9391cc85d696
2026-09-30T04:08:46Z,822930,2026-09-11,HOU @ TB,2,top,8,372f91eb-5096-3da6-b37a-9391cc85d696,Christian Walker,overturned,0,1,2026-09-30T00:49:27Z,scored,0,2026-09-30T00:49:27Z,,,,,,,,0,0,,1,1,MJ,https://statsapi.mlb.com/api/v1.1/game/822930/feed/live,https://www.mlb.com/official-information/scoring-changes,https://baseballsavant.mlb.com/sporty-videos?playId=372f91eb-5096-3da6-b37a-9391cc85d696
2026-09-30T04:08:46Z,822930,2026-09-11,HOU @ TB,2,top,8,372f91eb-5096-3da6-b37a-9391cc85d696,Christian Walker,review_type,,MJ,2026-09-30T00:49:27Z,scored,0,2026-09-30T00:49:27Z,,,,,,,,0,0,,1,1,MJ,https://statsapi.mlb.com/api/v1.1/game/822930/feed/live,https://www.mlb.com/official-information/scoring-changes,https://baseballsavant.mlb.com/sporty-videos?playId=372f91eb-5096-3da6-b37a-9391cc85d696
2026-09-30T04:08:46Z,822930,2026-09-11,HOU @ TB,5,bottom,36,f1bf75b6-f49d-37b7-bc65-ff4502dfb365,Richie Palacios,reviewed,0,1,2026-09-30T00:49:27Z,scored,0,2026-09-30T00:49:27Z,,,,,,,,0,0,,1,1,MJ,https://statsapi.mlb.com/api/v1.1/game/822930/feed/live,https://www.mlb.com/official-information/scoring-changes,https://baseballsavant.mlb.com/sporty-videos?playId=f1bf75b6-f49d-37b7-bc65-ff4502dfb365
2026-09-30T04:08:46Z,822930,2026-09-11,HOU @ TB,5,bottom,36,f1bf75b6-f49d-37b7-bc65-ff4502dfb365,Richie Palacios,overturned,0,1,2026-09-30T00:49:27Z,scored,0,2026-09-30T00:49:27Z,,,,,,,,0,0,,1,1,MJ,https://statsapi.mlb.com/api/v1.1/game/822930/feed/live,https://www.mlb.com/official-information/scoring-changes,https://baseballsavant.mlb.com/sporty-videos?playId=f1bf75b6-f49d-37b7-bc65-ff4502dfb365
2026-09-30T04:08:46Z,822930,2026-09-11,HOU @ TB,5,bottom,36,f1bf75b6-f49d-37b7-bc65-ff4502dfb365,Richie Palacios,review_type,,MJ,2026-09-30T00:49:27Z,scored,0,2026-09-30T00:49:27Z,,,,,,,,0,0,,1,1,MJ,https://statsapi.mlb.com/api/v1.1/game/822930/feed/live,https://www.mlb.com/official-information/scoring-changes,https://baseballsavant.mlb.com/sporty-videos?playId=f1bf75b6-f49d-37b7-bc65-ff4502dfb365
2026-09-30T04:08:46Z,823817,2026-09-11,LAD @ MIA,6,top,40,8974d863-46d4-33f4-91d6-e36f3ee34c71,Mookie Betts,reviewed,0,1,2026-09-30T00:49:27Z,scored,0,2026-09-30T00:49:27Z,,,,,,,,0,0,,1,0,MJ,https://statsapi.mlb.com/api/v1.1/game/823817/feed/live,https://www.mlb.com/official-information/scoring-changes,https://baseballsavant.mlb.com/sporty-videos?playId=8974d863-46d4-33f4-91d6-e36f3ee34c71
2026-09-30T04:08:46Z,823817,2026-09-11,LAD @ MIA,6,top,40,8974d863-46d4-33f4-91d6-e36f3ee34c71,Mookie Betts,review_type,,MJ,2026-09-30T00:49:27Z,scored,0,2026-09-30T00:49:27Z,,,,,,,,0,0,,1,0,MJ,https://statsapi.mlb.com/api/v1.1/game/823817/feed/live,https://www.mlb.com/official-information/scoring-changes,https://baseballsavant.mlb.com/sporty-videos?playId=8974d863-46d4-33f4-91d6-e36f3ee34c71
2026-09-30T04:08:46Z,823817,2026-09-11,LAD @ MIA,6,bottom,45,c8a6d78e-dcd5-33e1-82dd-5c23ec194ce7,Otto Lopez,reviewed,0,1,2026-09-30T00:49:27Z,scored,0,2026-09-30T00:49:27Z,,,,,,,,0,0,,1,1,MJ,https://statsapi.mlb.com/api/v1.1/game/823817/feed/live,https://www.mlb.com/official-information/scoring-changes,https://baseballsavant.mlb.com/sporty-videos?playId=c8a6d78e-dcd5-33e1-82dd-5c23ec194ce7
2026-09-30T04:08:46Z,823817,2026-09-11,LAD @ MIA,6,bottom,45,c8a6d78e-dcd5-33e1-82dd-5c23ec194ce7,Otto Lopez,overturned,0,1,2026-09-30T00:49:27Z,scored,0,2026-09-30T00:49:27Z,,,,,,,,0,0,,1,1,MJ,https://statsapi.mlb.com/api/v1.1/game/823817/feed/live,https://www.mlb.com/official-information/scoring-changes,https://baseballsavant.mlb.com/sporty-videos?playId=c8a6d78e-dcd5-33e1-82dd-5c23ec194ce7
2026-09-30T04:08:46Z,823817,2026-09-11,LAD @ MIA,6,bottom,45,c8a6d78e-dcd5-33e1-82dd-5c23ec194ce7,Otto Lopez,review_type,,MJ,2026-09-30T00:49:27Z,scored,0,2026-09-30T00:49:27Z,,,,,,,,0,0,,1,1,MJ,https://statsapi.mlb.com/api/v1.1/game/823817/feed/live,https://www.mlb.com/official-information/scoring-changes,https://baseballsavant.mlb.com/sporty-videos?playId=c8a6d78e-dcd5-33e1-82dd-5c23ec194ce7
2026-09-30T04:08:46Z,823817,2026-09-11,LAD @ MIA,9,bottom,76,3627e4e4-9239-3fcb-ad1d-d071f7c2feca,Heriberto Hernández,reviewed,0,1,2026-09-30T00:49:27Z,scored,0,2026-09-30T00:49:27Z,,,,,,,,0,0,,1,0,MJ,https://statsapi.mlb.com/api/v1.1/game/823817/feed/live,https://www.mlb.com/official-information/scoring-changes,https://baseballsavant.mlb.com/sporty-videos?playId=3627e4e4-9239-3fcb-ad1d-d071f7c2feca
2026-09-30T04:08:46Z,823817,2026-09-11,LAD @ MIA,9,bottom,76,3627e4e4-9239-3fcb-ad1d-d071f7c2feca,Heriberto Hernández,review_type,,MJ,2026-09-30T00:49:27Z,scored,0,2026-09-30T00:49:27Z,,,,,,,,0,0,,1,0,MJ,https://statsapi.mlb.com/api/v1.1/game/823817/feed/live,https://www.mlb.com/official-information/scoring-changes,https://baseballsavant.mlb.com/sporty-videos?playId=3627e4e4-9239-3fcb-ad1d-d071f7c2feca
2026-09-30T04:08:46Z,824873,2026-09-11,PHI @ ATL,9,bottom,70,ab7c043a-b553-3267-adae-6824ad112a24,Ronald Acuña Jr.,reviewed,0,1,2026-09-30T00:49:27Z,scored,0,2026-09-30T00:49:27Z,,,,,,,,0,0,,1,1,MJ,https://statsapi.mlb.com/api/v1.1/game/824873/feed/live,https://www.mlb.com/official-information/scoring-changes,https://baseballsavant.mlb.com/sporty-videos?playId=ab7c043a-b553-3267-adae-6824ad112a24
2026-09-30T04:08:46Z,824873,2026-09-11,PHI @ ATL,9,bottom,70,ab7c043a-b553-3267-adae-6824ad112a24,Ronald Acuña Jr.,overturned,0,1,2026-09-30T00:49:27Z,scored,0,2026-09-30T00:49:27Z,,,,,,,,0,0,,1,1,MJ,https://statsapi.mlb.com/api/v1.1/game/824873/feed/live,https://www.mlb.com/official-information/scoring-changes,https://baseballsavant.mlb.com/sporty-videos?playId=ab7c043a-b553-3267-adae-6824ad112a24
2026-09-30T04:08:46Z,824873,2026-09-11,PHI @ ATL,9,bottom,70,ab7c043a-b553-3267-adae-6824ad112a24,Ronald Acuña Jr.,review_type,,MJ,2026-09-30T00:49:27Z,scored,0,2026-09-30T00:49:27Z,,,,,,,,0,0,,1,1,MJ,https://statsapi.mlb.com/api/v1.1/game/824873/feed/live,https://www.mlb.com/official-information/scoring-changes,https://baseballsavant.mlb.com/sporty-videos?playId=ab7c043a-b553-3267-adae-6824ad112a24
2026-09-30T04:08:46Z,823736,2026-09-11,CIN @ MIL,2,bottom,16,c608aa81-3d42-38d0-86a4-6b360ce01ede,Jackson Chourio,reviewed,0,1,2026-09-30T00:49:27Z,scored,0,2026-09-30T00:49:27Z,,,,,,,,1,1,,1,0,MJ,https://statsapi.mlb.com/api/v1.1/game/823736/feed/live,https://www.mlb.com/official-information/scoring-changes,https://baseballsavant.mlb.com/sporty-videos?playId=c608aa81-3d42-38d0-86a4-6b360ce01ede
2026-09-30T04:08:46Z,823736,2026-09-11,CIN @ MIL,2,bottom,16,c608aa81-3d42-38d0-86a4-6b360ce01ede,Jackson Chourio,review_type,,MJ,2026-09-30T00:49:27Z,scored,0,2026-09-30T00:49:27Z,,,,,,,,1,1,,1,0,MJ,https://statsapi.mlb.com/api/v1.1/game/823736/feed/live,https://www.mlb.com/official-information/scoring-changes,https://baseballsavant.mlb.com/sporty-videos?playId=c608aa81-3d42-38d0-86a4-6b360ce01ede
2026-09-30T04:08:46Z,823736,2026-09-11,CIN @ MIL,8,top,70,28a1a2fc-75e7-3769-9809-c7beec1a923f,Héctor Rodríguez,reviewed,0,1,2026-09-30T00:49:27Z,scored,0,2026-09-30T00:49:27Z,,,,,,,,0,0,,1,0,MJ,https://statsapi.mlb.com/api/v1.1/game/823736/feed/live,https://www.mlb.com/official-information/scoring-changes,https://baseballsavant.mlb.com/sporty-videos?playId=28a1a2fc-75e7-3769-9809-c7beec1a923f
2026-09-30T04:08:46Z,823736,2026-09-11,CIN @ MIL,8,top,70,28a1a2fc-75e7-3769-9809-c7beec1a923f,Héctor Rodríguez,review_type,,MJ,2026-09-30T00:49:27Z,scored,0,2026-09-30T00:49:27Z,,,,,,,,0,0,,1,0,MJ,https://statsapi.mlb.com/api/v1.1/game/823736/feed/live,https://www.mlb.com/official-information/scoring-changes,https://baseballsavant.mlb.com/sporty-videos?playId=28a1a2fc-75e7-3769-9809-c7beec1a923f
2026-09-30T04:08:46Z,823012,2026-09-11,CWS @ STL,4,bottom,36,d6f999b8-e9fb-3d5e-81a8-36711fb3430d,José Fermín,reviewed,0,1,2026-09-30T00:49:27Z,scored,0,2026-09-30T00:49:27Z,,,,,,,,0,0,,1,0,MJ,https://statsapi.mlb.com/api/v1.1/game/823012/feed/live,https://www.mlb.com/official-information/scoring-changes,https://baseballsavant.mlb.com/sporty-videos?playId=d6f999b8-e9fb-3d5e-81a8-36711fb3430d
2026-09-30T04:08:46Z,823012,2026-09-11,CWS @ STL,4,bottom,36,d6f999b8-e9fb-3d5e-81a8-36711fb3430d,José Fermín,review_type,,MJ,2026-09-30T00:49:27Z,scored,0,2026-09-30T00:49:27Z,,,,,,,,0,0,,1,0,MJ,https://statsapi.mlb.com/api/v1.1/game/823012/feed/live,https://www.mlb.com/official-information/scoring-changes,https://baseballsavant.mlb.com/sporty-videos?playId=d6f999b8-e9fb-3d5e-81a8-36711fb3430d
2026-09-30T04:08:46Z,823012,2026-09-11,CWS @ STL,9,top,78,83f322d7-95b0-3e70-94ec-fec3c7b87a13,Andrew Benintendi,reviewed,0,1,2026-09-30T00:49:27Z,scored,0,2026-09-30T00:49:27Z,,,,,,,,0,0,,1,0,MJ,https://statsapi.mlb.com/api/v1.1/game/823012/feed/live,https://www.mlb.com/official-information/scoring-changes,https://baseballsavant.mlb.com/sporty-videos?playId=83f322d7-95b0-3e70-94ec-fec3c7b87a13
2026-09-30T04:08:46Z,823012,2026-09-11,CWS @ STL,9,top,78,83f322d7-95b0-3e70-94ec-fec3c7b87a13,Andrew Benintendi,review_type,,MJ,2026-09-30T00:49:27Z,scored,0,2026-09-30T00:49:27Z,,,,,,,,0,0,,1,0,MJ,https://statsapi.mlb.com/api/v1.1/game/823012/feed/live,https://www.mlb.com/official-information/scoring-changes,https://baseballsavant.mlb.com/sporty-videos?playId=83f322d7-95b0-3e70-94ec-fec3c7b87a13
2026-09-30T04:08:46Z,824954,2026-09-11,SEA @ ATH,3,bottom,27,e5b9b0ee-8f6a-3622-a5af-a300392b7fb5,Lawrence Butler,reviewed,0,1,2026-09-30T00:49:27Z,scored,0,2026-09-30T00:49:27Z,,,,,,,,2,2,,1,0,MJ,https://statsapi.mlb.com/api/v1.1/game/824954/feed/live,https://www.mlb.com/official-information/scoring-changes,https://baseballsavant.mlb.com/sporty-videos?playId=e5b9b0ee-8f6a-3622-a5af-a300392b7fb5
2026-09-30T04:08:46Z,824954,2026-09-11,SEA @ ATH,3,bottom,27,e5b9b0ee-8f6a-3622-a5af-a300392b7fb5,Lawrence Butler,review_type,,MJ,2026-09-30T00:49:27Z,scored,0,2026-09-30T00:49:27Z,,,,,,,,2,2,,1,0,MJ,https://statsapi.mlb.com/api/v1.1/game/824954/feed/live,https://www.mlb.com/official-information/scoring-changes,https://baseballsavant.mlb.com/sporty-videos?playId=e5b9b0ee-8f6a-3622-a5af-a300392b7fb5
2026-09-30T04:08:46Z,824954,2026-09-11,SEA @ ATH,7,bottom,59,e1b137a7-e9fe-3adf-8ada-829dd705efc2,Zack Gelof,reviewed,0,1,2026-09-30T00:49:27Z,scored,0,2026-09-30T00:49:27Z,,,,,,,,0,0,,1,1,MJ,https://statsapi.mlb.com/api/v1.1/game/824954/feed/live,https://www.mlb.com/official-information/scoring-changes,https://baseballsavant.mlb.com/sporty-videos?playId=e1b137a7-e9fe-3adf-8ada-829dd705efc2
2026-09-30T04:08:46Z,824954,2026-09-11,SEA @ ATH,7,bottom,59,e1b137a7-e9fe-3adf-8ada-829dd705efc2,Zack Gelof,overturned,0,1,2026-09-30T00:49:27Z,scored,0,2026-09-30T00:49:27Z,,,,,,,,0,0,,1,1,MJ,https://statsapi.mlb.com/api/v1.1/game/824954/feed/live,https://www.mlb.com/official-information/scoring-changes,https://baseballsavant.mlb.com/sporty-videos?playId=e1b137a7-e9fe-3adf-8ada-829dd705efc2
2026-09-30T04:08:46Z,824954,2026-09-11,SEA @ ATH,7,bottom,59,e1b137a7-e9fe-3adf-8ada-829dd705efc2,Zack Gelof,review_type,,MJ,2026-09-30T00:49:27Z,scored,0,2026-09-30T00:49:27Z,,,,,,,,0,0,,1,1,MJ,https://statsapi.mlb.com/api/v1.1/game/824954/feed/live,https://www.mlb.com/official-information/scoring-changes,https://baseballsavant.mlb.com/sporty-videos?playId=e1b137a7-e9fe-3adf-8ada-829dd705efc2
2026-09-30T04:08:46Z,824954,2026-09-11,SEA @ ATH,8,top,66,0322ab9e-9840-37a4-8bae-2af5da0cb6da,Lazaro Montes,reviewed,0,1,2026-09-30T00:49:27Z,scored,0,2026-09-30T00:49:27Z,,,,,,,,0,0,,1,0,MJ,https://statsapi.mlb.com/api/v1.1/game/824954/feed/live,https://www.mlb.com/official-information/scoring-changes,https://baseballsavant.mlb.com/sporty-videos?playId=0322ab9e-9840-37a4-8bae-2af5da0cb6da
2026-09-30T04:08:46Z,824954,2026-09-11,SEA @ ATH,8,top,66,0322ab9e-9840-37a4-8bae-2af5da0cb6da,Lazaro Montes,review_type,,MJ,2026-09-30T00:49:27Z,scored,0,2026-09-30T00:49:27Z,,,,,,,,0,0,,1,0,MJ,https://statsapi.mlb.com/api/v1.1/game/824954/feed/live,https://www.mlb.com/official-information/scoring-changes,https://baseballsavant.mlb.com/sporty-videos?playId=0322ab9e-9840-37a4-8bae-2af5da0cb6da
2026-09-30T04:08:46Z,825036,2026-09-11,TEX @ AZ,2,top,9,9e709d08-0a46-393d-8507-1b83dc45c10e,Jake Burger,reviewed,0,1,2026-09-30T00:49:27Z,scored,0,2026-09-30T00:49:27Z,,,,,,,,0,0,,1,1,MJ,https://statsapi.mlb.com/api/v1.1/game/825036/feed/live,https://www.mlb.com/official-information/scoring-changes,https://baseballsavant.mlb.com/sporty-videos?playId=9e709d08-0a46-393d-8507-1b83dc45c10e
2026-09-30T04:08:46Z,825036,2026-09-11,TEX @ AZ,2,top,9,9e709d08-0a46-393d-8507-1b83dc45c10e,Jake Burger,overturned,0,1,2026-09-30T00:49:27Z,scored,0,2026-09-30T00:49:27Z,,,,,,,,0,0,,1,1,MJ,https://statsapi.mlb.com/api/v1.1/game/825036/feed/live,https://www.mlb.com/official-information/scoring-changes,https://baseballsavant.mlb.com/sporty-videos?playId=9e709d08-0a46-393d-8507-1b83dc45c10e
2026-09-30T04:08:46Z,825036,2026-09-11,TEX @ AZ,2,top,9,9e709d08-0a46-393d-8507-1b83dc45c10e,Jake Burger,review_type,,MJ,2026-09-30T00:49:27Z,scored,0,2026-09-30T00:49:27Z,,,,,,,,0,0,,1,1,MJ,https://statsapi.mlb.com/api/v1.1/game/825036/feed/live,https://www.mlb.com/official-information/scoring-changes,https://baseballsavant.mlb.com/sporty-videos?playId=9e709d08-0a46-393d-8507-1b83dc45c10e
2026-09-30T04:08:46Z,823173,2026-09-11,SD @ SF,5,top,40,7b4b0e2a-2240-357f-91ae-f8c0572429f5,Samad Taylor,reviewed,0,1,2026-09-30T00:49:27Z,scored,0,2026-09-30T00:49:27Z,,,,,,,,0,0,,1,0,MJ,https://statsapi.mlb.com/api/v1.1/game/823173/feed/live,https://www.mlb.com/official-information/scoring-changes,https://baseballsavant.mlb.com/sporty-videos?playId=7b4b0e2a-2240-357f-91ae-f8c0572429f5
2026-09-30T04:08:46Z,823173,2026-09-11,SD @ SF,5,top,40,7b4b0e2a-2240-357f-91ae-f8c0572429f5,Samad Taylor,review_type,,MJ,2026-09-30T00:49:27Z,scored,0,2026-09-30T00:49:27Z,,,,,,,,0,0,,1,0,MJ,https://statsapi.mlb.com/api/v1.1/game/823173/feed/live,https://www.mlb.com/official-information/scoring-changes,https://baseballsavant.mlb.com/sporty-videos?playId=7b4b0e2a-2240-357f-91ae-f8c0572429f5
2026-09-30T04:08:46Z,824224,2026-09-12,COL @ DET,3,top,21,09ee9e64-bb8d-34c9-8657-8d273412db8d,TJ Rumfield,reviewed,0,1,2026-09-30T00:49:27Z,scored,0,2026-09-30T00:49:27Z,,,,,,,,0,0,,1,1,MJ,https://statsapi.mlb.com/api/v1.1/game/824224/feed/live,https://www.mlb.com/official-information/scoring-changes,https://baseballsavant.mlb.com/sporty-videos?playId=09ee9e64-bb8d-34c9-8657-8d273412db8d
2026-09-30T04:08:46Z,824224,2026-09-12,COL @ DET,3,top,21,09ee9e64-bb8d-34c9-8657-8d273412db8d,TJ Rumfield,overturned,0,1,2026-09-30T00:49:27Z,scored,0,2026-09-30T00:49:27Z,,,,,,,,0,0,,1,1,MJ,https://statsapi.mlb.com/api/v1.1/game/824224/feed/live,https://www.mlb.com/official-information/scoring-changes,https://baseballsavant.mlb.com/sporty-videos?playId=09ee9e64-bb8d-34c9-8657-8d273412db8d
2026-09-30T04:08:46Z,824224,2026-09-12,COL @ DET,3,top,21,09ee9e64-bb8d-34c9-8657-8d273412db8d,TJ Rumfield,review_type,,MJ,2026-09-30T00:49:27Z,scored,0,2026-09-30T00:49:27Z,,,,,,,,0,0,,1,1,MJ,https://statsapi.mlb.com/api/v1.1/game/824224/feed/live,https://www.mlb.com/official-information/scoring-changes,https://baseballsavant.mlb.com/sporty-videos?playId=09ee9e64-bb8d-34c9-8657-8d273412db8d
2026-09-30T04:08:46Z,824224,2026-09-12,COL @ DET,4,top,32,bc16494e-1e1b-3f35-a5df-fd1fa7a8d213,Adael Amador,reviewed,0,1,2026-09-30T00:49:27Z,scored,0,2026-09-30T00:49:27Z,,,,,,,,1,1,,1,0,MJ,https://statsapi.mlb.com/api/v1.1/game/824224/feed/live,https://www.mlb.com/official-information/scoring-changes,https://baseballsavant.mlb.com/sporty-videos?playId=bc16494e-1e1b-3f35-a5df-fd1fa7a8d213
2026-09-30T04:08:46Z,824224,2026-09-12,COL @ DET,4,top,32,bc16494e-1e1b-3f35-a5df-fd1fa7a8d213,Adael Amador,review_type,,MJ,2026-09-30T00:49:27Z,scored,0,2026-09-30T00:49:27Z,,,,,,,,1,1,,1,0,MJ,https://statsapi.mlb.com/api/v1.1/game/824224/feed/live,https://www.mlb.com/official-information/scoring-changes,https://baseballsavant.mlb.com/sporty-videos?playId=bc16494e-1e1b-3f35-a5df-fd1fa7a8d213
2026-09-30T04:08:46Z,824224,2026-09-12,COL @ DET,6,top,54,c2892175-64fc-3ad6-9a5d-b8835f6897fd,Jake McCarthy,reviewed,0,1,2026-09-30T00:49:27Z,scored,0,2026-09-30T00:49:27Z,,,,,,,,2,2,,1,1,MJ,https://statsapi.mlb.com/api/v1.1/game/824224/feed/live,https://www.mlb.com/official-information/scoring-changes,https://baseballsavant.mlb.com/sporty-videos?playId=c2892175-64fc-3ad6-9a5d-b8835f6897fd
2026-09-30T04:08:46Z,824224,2026-09-12,COL @ DET,6,top,54,c2892175-64fc-3ad6-9a5d-b8835f6897fd,Jake McCarthy,overturned,0,1,2026-09-30T00:49:27Z,scored,0,2026-09-30T00:49:27Z,,,,,,,,2,2,,1,1,MJ,https://statsapi.mlb.com/api/v1.1/game/824224/feed/live,https://www.mlb.com/official-information/scoring-changes,https://baseballsavant.mlb.com/sporty-videos?playId=c2892175-64fc-3ad6-9a5d-b8835f6897fd
2026-09-30T04:08:46Z,824224,2026-09-12,COL @ DET,6,top,54,c2892175-64fc-3ad6-9a5d-b8835f6897fd,Jake McCarthy,review_type,,MJ,2026-09-30T00:49:27Z,scored,0,2026-09-30T00:49:27Z,,,,,,,,2,2,,1,1,MJ,https://statsapi.mlb.com/api/v1.1/game/824224/feed/live,https://www.mlb.com/official-information/scoring-changes,https://baseballsavant.mlb.com/sporty-videos?playId=c2892175-64fc-3ad6-9a5d-b8835f6897fd
2026-09-30T04:08:46Z,824224,2026-09-12,COL @ DET,8,bottom,86,509a60fb-ba79-3478-b1cb-10837b567a31,Gleyber Torres,reviewed,0,1,2026-09-30T00:49:27Z,scored,0,2026-09-30T00:49:27Z,,,,,,,,0,0,,1,0,MJ,https://statsapi.mlb.com/api/v1.1/game/824224/feed/live,https://www.mlb.com/official-information/scoring-changes,https://baseballsavant.mlb.com/sporty-videos?playId=509a60fb-ba79-3478-b1cb-10837b567a31
2026-09-30T04:08:46Z,824224,2026-09-12,COL @ DET,8,bottom,86,509a60fb-ba79-3478-b1cb-10837b567a31,Gleyber Torres,review_type,,MJ,2026-09-30T00:49:27Z,scored,0,2026-09-30T00:49:27Z,,,,,,,,0,0,,1,0,MJ,https://statsapi.mlb.com/api/v1.1/game/824224/feed/live,https://www.mlb.com/official-information/scoring-changes,https://baseballsavant.mlb.com/sporty-videos?playId=509a60fb-ba79-3478-b1cb-10837b567a31
2026-09-30T04:08:46Z,823496,2026-09-12,NYM @ NYY,4,bottom,32,a915ed22-79d6-37c7-89db-dce60008d2e4,Amed Rosario,reviewed,0,1,2026-09-30T00:49:27Z,scored,0,2026-09-30T00:49:27Z,,,,,,,,0,0,,1,1,MJ,https://statsapi.mlb.com/api/v1.1/game/823496/feed/live,https://www.mlb.com/official-information/scoring-changes,https://baseballsavant.mlb.com/sporty-videos?playId=a915ed22-79d6-37c7-89db-dce60008d2e4
2026-09-30T04:08:46Z,823496,2026-09-12,NYM @ NYY,4,bottom,32,a915ed22-79d6-37c7-89db-dce60008d2e4,Amed Rosario,overturned,0,1,2026-09-30T00:49:27Z,scored,0,2026-09-30T00:49:27Z,,,,,,,,0,0,,1,1,MJ,https://statsapi.mlb.com/api/v1.1/game/823496/feed/live,https://www.mlb.com/official-information/scoring-changes,https://baseballsavant.mlb.com/sporty-videos?playId=a915ed22-79d6-37c7-89db-dce60008d2e4
2026-09-30T04:08:46Z,823496,2026-09-12,NYM @ NYY,4,bottom,32,a915ed22-79d6-37c7-89db-dce60008d2e4,Amed Rosario,review_type,,MJ,2026-09-30T00:49:27Z,scored,0,2026-09-30T00:49:27Z,,,,,,,,0,0,,1,1,MJ,https://statsapi.mlb.com/api/v1.1/game/823496/feed/live,https://www.mlb.com/official-information/scoring-changes,https://baseballsavant.mlb.com/sporty-videos?playId=a915ed22-79d6-37c7-89db-dce60008d2e4
2026-09-30T04:08:46Z,823496,2026-09-12,NYM @ NYY,8,top,59,d7d3f8b5-d029-3428-ba17-2c3df82e9999,Marcus Semien,reviewed,0,1,2026-09-30T00:49:27Z,scored,0,2026-09-30T00:49:27Z,,,,,,,,0,0,,1,1,MJ,https://statsapi.mlb.com/api/v1.1/game/823496/feed/live,https://www.mlb.com/official-information/scoring-changes,https://baseballsavant.mlb.com/sporty-videos?playId=d7d3f8b5-d029-3428-ba17-2c3df82e9999
2026-09-30T04:08:46Z,823496,2026-09-12,NYM @ NYY,8,top,59,d7d3f8b5-d029-3428-ba17-2c3df82e9999,Marcus Semien,overturned,0,1,2026-09-30T00:49:27Z,scored,0,2026-09-30T00:49:27Z,,,,,,,,0,0,,1,1,MJ,https://statsapi.mlb.com/api/v1.1/game/823496/feed/live,https://www.mlb.com/official-information/scoring-changes,https://baseballsavant.mlb.com/sporty-videos?playId=d7d3f8b5-d029-3428-ba17-2c3df82e9999
2026-09-30T04:08:46Z,823496,2026-09-12,NYM @ NYY,8,top,59,d7d3f8b5-d029-3428-ba17-2c3df82e9999,Marcus Semien,review_type,,MJ,2026-09-30T00:49:27Z,scored,0,2026-09-30T00:49:27Z,,,,,,,,0,0,,1,1,MJ,https://statsapi.mlb.com/api/v1.1/game/823496/feed/live,https://www.mlb.com/official-information/scoring-changes,https://baseballsavant.mlb.com/sporty-videos?playId=d7d3f8b5-d029-3428-ba17-2c3df82e9999
2026-09-30T04:08:46Z,823496,2026-09-12,NYM @ NYY,9,top,72,cdd5e280-e992-325b-8e45-80be0ceadc36,Marcus Semien,reviewed,0,1,2026-09-30T00:49:27Z,scored,0,2026-09-30T00:49:27Z,,,,,,,,0,0,,1,1,MJ,https://statsapi.mlb.com/api/v1.1/game/823496/feed/live,https://www.mlb.com/official-information/scoring-changes,https://baseballsavant.mlb.com/sporty-videos?playId=cdd5e280-e992-325b-8e45-80be0ceadc36
2026-09-30T04:08:46Z,823496,2026-09-12,NYM @ NYY,9,top,72,cdd5e280-e992-325b-8e45-80be0ceadc36,Marcus Semien,overturned,0,1,2026-09-30T00:49:27Z,scored,0,2026-09-30T00:49:27Z,,,,,,,,0,0,,1,1,MJ,https://statsapi.mlb.com/api/v1.1/game/823496/feed/live,https://www.mlb.com/official-information/scoring-changes,https://baseballsavant.mlb.com/sporty-videos?playId=cdd5e280-e992-325b-8e45-80be0ceadc36
2026-09-30T04:08:46Z,823496,2026-09-12,NYM @ NYY,9,top,72,cdd5e280-e992-325b-8e45-80be0ceadc36,Marcus Semien,review_type,,MJ,2026-09-30T00:49:27Z,scored,0,2026-09-30T00:49:27Z,,,,,,,,0,0,,1,1,MJ,https://statsapi.mlb.com/api/v1.1/game/823496/feed/live,https://www.mlb.com/official-information/scoring-changes,https://baseballsavant.mlb.com/sporty-videos?playId=cdd5e280-e992-325b-8e45-80be0ceadc36
2026-09-30T04:08:46Z,824630,2026-09-12,PIT @ CHC,5,top,34,24d574ca-84b0-36fe-9490-f5df53dff0ad,Oneil Cruz,reviewed,0,1,2026-09-30T00:49:27Z,scored,0,2026-09-30T00:49:27Z,,,,,,,,0,0,,1,1,MJ,https://statsapi.mlb.com/api/v1.1/game/824630/feed/live,https://www.mlb.com/official-information/scoring-changes,https://baseballsavant.mlb.com/sporty-videos?playId=24d574ca-84b0-36fe-9490-f5df53dff0ad
2026-09-30T04:08:46Z,824630,2026-09-12,PIT @ CHC,5,top,34,24d574ca-84b0-36fe-9490-f5df53dff0ad,Oneil Cruz,overturned,0,1,2026-09-30T00:49:27Z,scored,0,2026-09-30T00:49:27Z,,,,,,,,0,0,,1,1,MJ,https://statsapi.mlb.com/api/v1.1/game/824630/feed/live,https://www.mlb.com/official-information/scoring-changes,https://baseballsavant.mlb.com/sporty-videos?playId=24d574ca-84b0-36fe-9490-f5df53dff0ad
2026-09-30T04:08:46Z,824630,2026-09-12,PIT @ CHC,5,top,34,24d574ca-84b0-36fe-9490-f5df53dff0ad,Oneil Cruz,review_type,,MJ,2026-09-30T00:49:27Z,scored,0,2026-09-30T00:49:27Z,,,,,,,,0,0,,1,1,MJ,https://statsapi.mlb.com/api/v1.1/game/824630/feed/live,https://www.mlb.com/official-information/scoring-changes,https://baseballsavant.mlb.com/sporty-videos?playId=24d574ca-84b0-36fe-9490-f5df53dff0ad
2026-09-30T04:08:46Z,822768,2026-09-12,BAL @ TOR,4,top,29,f77c57a9-3fa6-30e2-b3df-39dc8a3bf1bd,Coby Mayo,reviewed,0,1,2026-09-30T00:49:27Z,scored,0,2026-09-30T00:49:27Z,,,,,,,,0,0,,1,1,MJ,https://statsapi.mlb.com/api/v1.1/game/822768/feed/live,https://www.mlb.com/official-information/scoring-changes,https://baseballsavant.mlb.com/sporty-videos?playId=f77c57a9-3fa6-30e2-b3df-39dc8a3bf1bd
2026-09-30T04:08:46Z,822768,2026-09-12,BAL @ TOR,4,top,29,f77c57a9-3fa6-30e2-b3df-39dc8a3bf1bd,Coby Mayo,overturned,0,1,2026-09-30T00:49:27Z,scored,0,2026-09-30T00:49:27Z,,,,,,,,0,0,,1,1,MJ,https://statsapi.mlb.com/api/v1.1/game/822768/feed/live,https://www.mlb.com/official-information/scoring-changes,https://baseballsavant.mlb.com/sporty-videos?playId=f77c57a9-3fa6-30e2-b3df-39dc8a3bf1bd
2026-09-30T04:08:46Z,822768,2026-09-12,BAL @ TOR,4,top,29,f77c57a9-3fa6-30e2-b3df-39dc8a3bf1bd,Coby Mayo,review_type,,MJ,2026-09-30T00:49:27Z,scored,0,2026-09-30T00:49:27Z,,,,,,,,0,0,,1,1,MJ,https://statsapi.mlb.com/api/v1.1/game/822768/feed/live,https://www.mlb.com/official-information/scoring-changes,https://baseballsavant.mlb.com/sporty-videos?playId=f77c57a9-3fa6-30e2-b3df-39dc8a3bf1bd
2026-09-30T04:08:46Z,822685,2026-09-12,LAA @ WSH,3,top,22,99a3f699-617a-3d73-84a7-ea669396e22f,Mike Trout,reviewed,0,1,2026-09-30T00:49:27Z,scored,0,2026-09-30T00:49:27Z,,,,,,,,0,0,,1,0,MJ,https://statsapi.mlb.com/api/v1.1/game/822685/feed/live,https://www.mlb.com/official-information/scoring-changes,https://baseballsavant.mlb.com/sporty-videos?playId=99a3f699-617a-3d73-84a7-ea669396e22f
2026-09-30T04:08:46Z,822685,2026-09-12,LAA @ WSH,3,top,22,99a3f699-617a-3d73-84a7-ea669396e22f,Mike Trout,review_type,,MJ,2026-09-30T00:49:27Z,scored,0,2026-09-30T00:49:27Z,,,,,,,,0,0,,1,0,MJ,https://statsapi.mlb.com/api/v1.1/game/822685/feed/live,https://www.mlb.com/official-information/scoring-changes,https://baseballsavant.mlb.com/sporty-videos?playId=99a3f699-617a-3d73-84a7-ea669396e22f
2026-09-30T04:08:46Z,822685,2026-09-12,LAA @ WSH,5,bottom,41,1f5788a4-f94e-3cff-96f5-40aee5e80dd9,Brady House,reviewed,0,1,2026-09-30T00:49:27Z,scored,0,2026-09-30T00:49:27Z,,,,,,,,0,0,,1,0,MA,https://statsapi.mlb.com/api/v1.1/game/822685/feed/live,https://www.mlb.com/official-information/scoring-changes,https://baseballsavant.mlb.com/sporty-videos?playId=1f5788a4-f94e-3cff-96f5-40aee5e80dd9
2026-09-30T04:08:46Z,822685,2026-09-12,LAA @ WSH,5,bottom,41,1f5788a4-f94e-3cff-96f5-40aee5e80dd9,Brady House,review_type,,MA,2026-09-30T00:49:27Z,scored,0,2026-09-30T00:49:27Z,,,,,,,,0,0,,1,0,MA,https://statsapi.mlb.com/api/v1.1/game/822685/feed/live,https://www.mlb.com/official-information/scoring-changes,https://baseballsavant.mlb.com/sporty-videos?playId=1f5788a4-f94e-3cff-96f5-40aee5e80dd9
2026-09-30T04:08:46Z,822685,2026-09-12,LAA @ WSH,10,bottom,83,b7f92c0f-540d-32da-a9f9-0e8f6f757683,Harry Ford,reviewed,0,1,2026-09-30T00:49:27Z,scored,0,2026-09-30T00:49:27Z,,,,,,,,0,0,,1,0,MJ,https://statsapi.mlb.com/api/v1.1/game/822685/feed/live,https://www.mlb.com/official-information/scoring-changes,https://baseballsavant.mlb.com/sporty-videos?playId=b7f92c0f-540d-32da-a9f9-0e8f6f757683
2026-09-30T04:08:46Z,822685,2026-09-12,LAA @ WSH,10,bottom,83,b7f92c0f-540d-32da-a9f9-0e8f6f757683,Harry Ford,review_type,,MJ,2026-09-30T00:49:27Z,scored,0,2026-09-30T00:49:27Z,,,,,,,,0,0,,1,0,MJ,https://statsapi.mlb.com/api/v1.1/game/822685/feed/live,https://www.mlb.com/official-information/scoring-changes,https://baseballsavant.mlb.com/sporty-videos?playId=b7f92c0f-540d-32da-a9f9-0e8f6f757683
2026-09-30T04:08:46Z,823170,2026-09-12,SD @ SF,1,top,1,4a9a7b54-e453-356e-aa09-8952133a9183,Dustin Harris,reviewed,0,1,2026-09-30T00:49:27Z,scored,0,2026-09-30T00:49:27Z,,,,,,,,0,0,,1,0,MJ,https://statsapi.mlb.com/api/v1.1/game/823170/feed/live,https://www.mlb.com/official-information/scoring-changes,https://baseballsavant.mlb.com/sporty-videos?playId=4a9a7b54-e453-356e-aa09-8952133a9183
2026-09-30T04:08:46Z,823170,2026-09-12,SD @ SF,1,top,1,4a9a7b54-e453-356e-aa09-8952133a9183,Dustin Harris,review_type,,MJ,2026-09-30T00:49:27Z,scored,0,2026-09-30T00:49:27Z,,,,,,,,0,0,,1,0,MJ,https://statsapi.mlb.com/api/v1.1/game/823170/feed/live,https://www.mlb.com/official-information/scoring-changes,https://baseballsavant.mlb.com/sporty-videos?playId=4a9a7b54-e453-356e-aa09-8952133a9183
2026-09-30T04:08:46Z,823170,2026-09-12,SD @ SF,1,bottom,5,6f220ef8-4189-3e4c-8a9d-2f79428fb07b,Drew Gilbert,reviewed,0,1,2026-09-30T00:49:27Z,scored,0,2026-09-30T00:49:27Z,,,,,,,,0,0,,1,1,MJ,https://statsapi.mlb.com/api/v1.1/game/823170/feed/live,https://www.mlb.com/official-information/scoring-changes,https://baseballsavant.mlb.com/sporty-videos?playId=6f220ef8-4189-3e4c-8a9d-2f79428fb07b
2026-09-30T04:08:46Z,823170,2026-09-12,SD @ SF,1,bottom,5,6f220ef8-4189-3e4c-8a9d-2f79428fb07b,Drew Gilbert,overturned,0,1,2026-09-30T00:49:27Z,scored,0,2026-09-30T00:49:27Z,,,,,,,,0,0,,1,1,MJ,https://statsapi.mlb.com/api/v1.1/game/823170/feed/live,https://www.mlb.com/official-information/scoring-changes,https://baseballsavant.mlb.com/sporty-videos?playId=6f220ef8-4189-3e4c-8a9d-2f79428fb07b
2026-09-30T04:08:46Z,823170,2026-09-12,SD @ SF,1,bottom,5,6f220ef8-4189-3e4c-8a9d-2f79428fb07b,Drew Gilbert,review_type,,MJ,2026-09-30T00:49:27Z,scored,0,2026-09-30T00:49:27Z,,,,,,,,0,0,,1,1,MJ,https://statsapi.mlb.com/api/v1.1/game/823170/feed/live,https://www.mlb.com/official-information/scoring-changes,https://baseballsavant.mlb.com/sporty-videos?playId=6f220ef8-4189-3e4c-8a9d-2f79428fb07b
2026-09-30T04:08:46Z,823170,2026-09-12,SD @ SF,3,bottom,26,26ed6dd6-8c76-3d9b-9f89-bf5d2800c523,Drew Gilbert,reviewed,0,1,2026-09-30T00:49:27Z,scored,0,2026-09-30T00:49:27Z,,,,,,,,0,0,,1,0,MJ,https://statsapi.mlb.com/api/v1.1/game/823170/feed/live,https://www.mlb.com/official-information/scoring-changes,https://baseballsavant.mlb.com/sporty-videos?playId=26ed6dd6-8c76-3d9b-9f89-bf5d2800c523
2026-09-30T04:08:46Z,823170,2026-09-12,SD @ SF,3,bottom,26,26ed6dd6-8c76-3d9b-9f89-bf5d2800c523,Drew Gilbert,review_type,,MJ,2026-09-30T00:49:27Z,scored,0,2026-09-30T00:49:27Z,,,,,,,,0,0,,1,0,MJ,https://statsapi.mlb.com/api/v1.1/game/823170/feed/live,https://www.mlb.com/official-information/scoring-changes,https://baseballsavant.mlb.com/sporty-videos?playId=26ed6dd6-8c76-3d9b-9f89-bf5d2800c523
2026-09-30T04:08:46Z,824712,2026-09-12,KC @ BOS,1,top,0,1115baa0-bfd2-3abd-9e63-6b1e4c1af99f,Carter Jensen,reviewed,0,1,2026-09-30T00:49:27Z,scored,0,2026-09-30T00:49:27Z,,,,,,,,0,0,,1,1,MJ,https://statsapi.mlb.com/api/v1.1/game/824712/feed/live,https://www.mlb.com/official-information/scoring-changes,https://baseballsavant.mlb.com/sporty-videos?playId=1115baa0-bfd2-3abd-9e63-6b1e4c1af99f
2026-09-30T04:08:46Z,824712,2026-09-12,KC @ BOS,1,top,0,1115baa0-bfd2-3abd-9e63-6b1e4c1af99f,Carter Jensen,overturned,0,1,2026-09-30T00:49:27Z,scored,0,2026-09-30T00:49:27Z,,,,,,,,0,0,,1,1,MJ,https://statsapi.mlb.com/api/v1.1/game/824712/feed/live,https://www.mlb.com/official-information/scoring-changes,https://baseballsavant.mlb.com/sporty-videos?playId=1115baa0-bfd2-3abd-9e63-6b1e4c1af99f
2026-09-30T04:08:46Z,824712,2026-09-12,KC @ BOS,1,top,0,1115baa0-bfd2-3abd-9e63-6b1e4c1af99f,Carter Jensen,review_type,,MJ,2026-09-30T00:49:27Z,scored,0,2026-09-30T00:49:27Z,,,,,,,,0,0,,1,1,MJ,https://statsapi.mlb.com/api/v1.1/game/824712/feed/live,https://www.mlb.com/official-information/scoring-changes,https://baseballsavant.mlb.com/sporty-videos?playId=1115baa0-bfd2-3abd-9e63-6b1e4c1af99f
2026-09-30T04:08:46Z,823657,2026-09-12,CLE @ MIN,2,top,11,37f14e30-0b18-3a4f-b246-99720aae29e9,Austin Hedges,reviewed,0,1,2026-09-30T00:49:27Z,scored,0,2026-09-30T00:49:27Z,,,,,,,,0,0,,1,0,MJ,https://statsapi.mlb.com/api/v1.1/game/823657/feed/live,https://www.mlb.com/official-information/scoring-changes,https://baseballsavant.mlb.com/sporty-videos?playId=37f14e30-0b18-3a4f-b246-99720aae29e9
2026-09-30T04:08:46Z,823657,2026-09-12,CLE @ MIN,2,top,11,37f14e30-0b18-3a4f-b246-99720aae29e9,Austin Hedges,review_type,,MJ,2026-09-30T00:49:27Z,scored,0,2026-09-30T00:49:27Z,,,,,,,,0,0,,1,0,MJ,https://statsapi.mlb.com/api/v1.1/game/823657/feed/live,https://www.mlb.com/official-information/scoring-changes,https://baseballsavant.mlb.com/sporty-videos?playId=37f14e30-0b18-3a4f-b246-99720aae29e9
2026-09-30T04:08:46Z,823657,2026-09-12,CLE @ MIN,3,bottom,27,334b8a39-806f-374a-b430-aa1f76a97b63,Austin Martin,reviewed,0,1,2026-09-30T00:49:27Z,scored,0,2026-09-30T00:49:27Z,,,,,,,,0,0,,1,1,MJ,https://statsapi.mlb.com/api/v1.1/game/823657/feed/live,https://www.mlb.com/official-information/scoring-changes,https://baseballsavant.mlb.com/sporty-videos?playId=334b8a39-806f-374a-b430-aa1f76a97b63
2026-09-30T04:08:46Z,823657,2026-09-12,CLE @ MIN,3,bottom,27,334b8a39-806f-374a-b430-aa1f76a97b63,Austin Martin,overturned,0,1,2026-09-30T00:49:27Z,scored,0,2026-09-30T00:49:27Z,,,,,,,,0,0,,1,1,MJ,https://statsapi.mlb.com/api/v1.1/game/823657/feed/live,https://www.mlb.com/official-information/scoring-changes,https://baseballsavant.mlb.com/sporty-videos?playId=334b8a39-806f-374a-b430-aa1f76a97b63
2026-09-30T04:08:46Z,823657,2026-09-12,CLE @ MIN,3,bottom,27,334b8a39-806f-374a-b430-aa1f76a97b63,Austin Martin,review_type,,MJ,2026-09-30T00:49:27Z,scored,0,2026-09-30T00:49:27Z,,,,,,,,0,0,,1,1,MJ,https://statsapi.mlb.com/api/v1.1/game/823657/feed/live,https://www.mlb.com/official-information/scoring-changes,https://baseballsavant.mlb.com/sporty-videos?playId=334b8a39-806f-374a-b430-aa1f76a97b63
2026-09-30T04:08:46Z,823657,2026-09-12,CLE @ MIN,9,top,68,5e092596-5d99-3ec9-be7c-6ae02b66bac3,Nathaniel Lowe,reviewed,0,1,2026-09-30T00:49:27Z,scored,0,2026-09-30T00:49:27Z,,,,,,,,0,0,,1,0,MJ,https://statsapi.mlb.com/api/v1.1/game/823657/feed/live,https://www.mlb.com/official-information/scoring-changes,https://baseballsavant.mlb.com/sporty-videos?playId=5e092596-5d99-3ec9-be7c-6ae02b66bac3
2026-09-30T04:08:46Z,823657,2026-09-12,CLE @ MIN,9,top,68,5e092596-5d99-3ec9-be7c-6ae02b66bac3,Nathaniel Lowe,review_type,,MJ,2026-09-30T00:49:27Z,scored,0,2026-09-30T00:49:27Z,,,,,,,,0,0,,1,0,MJ,https://statsapi.mlb.com/api/v1.1/game/823657/feed/live,https://www.mlb.com/official-information/scoring-changes,https://baseballsavant.mlb.com/sporty-videos?playId=5e092596-5d99-3ec9-be7c-6ae02b66bac3
2026-09-30T04:08:46Z,823819,2026-09-12,LAD @ MIA,5,bottom,43,c1d3c3cf-4617-395a-b864-e8659ff55e45,Javier Sanoja,reviewed,0,1,2026-09-30T00:49:27Z,scored,0,2026-09-30T00:49:27Z,,,,,,,,1,1,,1,1,MJ,https://statsapi.mlb.com/api/v1.1/game/823819/feed/live,https://www.mlb.com/official-information/scoring-changes,https://baseballsavant.mlb.com/sporty-videos?playId=c1d3c3cf-4617-395a-b864-e8659ff55e45
2026-09-30T04:08:46Z,823819,2026-09-12,LAD @ MIA,5,bottom,43,c1d3c3cf-4617-395a-b864-e8659ff55e45,Javier Sanoja,overturned,0,1,2026-09-30T00:49:27Z,scored,0,2026-09-30T00:49:27Z,,,,,,,,1,1,,1,1,MJ,https://statsapi.mlb.com/api/v1.1/game/823819/feed/live,https://www.mlb.com/official-information/scoring-changes,https://baseballsavant.mlb.com/sporty-videos?playId=c1d3c3cf-4617-395a-b864-e8659ff55e45
2026-09-30T04:08:46Z,823819,2026-09-12,LAD @ MIA,5,bottom,43,c1d3c3cf-4617-395a-b864-e8659ff55e45,Javier Sanoja,review_type,,MJ,2026-09-30T00:49:27Z,scored,0,2026-09-30T00:49:27Z,,,,,,,,1,1,,1,1,MJ,https://statsapi.mlb.com/api/v1.1/game/823819/feed/live,https://www.mlb.com/official-information/scoring-changes,https://baseballsavant.mlb.com/sporty-videos?playId=c1d3c3cf-4617-395a-b864-e8659ff55e45
2026-09-30T04:08:46Z,823819,2026-09-12,LAD @ MIA,7,top,55,a983444f-302f-3de0-bad6-e225dc0d3755,Alex Freeland,reviewed,0,1,2026-09-30T00:49:27Z,scored,0,2026-09-30T00:49:27Z,,,,,,,,0,0,,1,0,MJ,https://statsapi.mlb.com/api/v1.1/game/823819/feed/live,https://www.mlb.com/official-information/scoring-changes,https://baseballsavant.mlb.com/sporty-videos?playId=a983444f-302f-3de0-bad6-e225dc0d3755
2026-09-30T04:08:46Z,823819,2026-09-12,LAD @ MIA,7,top,55,a983444f-302f-3de0-bad6-e225dc0d3755,Alex Freeland,review_type,,MJ,2026-09-30T00:49:27Z,scored,0,2026-09-30T00:49:27Z,,,,,,,,0,0,,1,0,MJ,https://statsapi.mlb.com/api/v1.1/game/823819/feed/live,https://www.mlb.com/official-information/scoring-changes,https://baseballsavant.mlb.com/sporty-videos?playId=a983444f-302f-3de0-bad6-e225dc0d3755
2026-09-30T04:08:46Z,822927,2026-09-12,HOU @ TB,9,top,66,6bca433e-f650-391f-9a55-762f54f197b1,Cam Smith,reviewed,0,1,2026-09-30T00:49:27Z,scored,0,2026-09-30T00:49:27Z,,,,,,,,0,0,,1,0,MJ,https://statsapi.mlb.com/api/v1.1/game/822927/feed/live,https://www.mlb.com/official-information/scoring-changes,https://baseballsavant.mlb.com/sporty-videos?playId=6bca433e-f650-391f-9a55-762f54f197b1
2026-09-30T04:08:46Z,822927,2026-09-12,HOU @ TB,9,top,66,6bca433e-f650-391f-9a55-762f54f197b1,Cam Smith,review_type,,MJ,2026-09-30T00:49:27Z,scored,0,2026-09-30T00:49:27Z,,,,,,,,0,0,,1,0,MJ,https://statsapi.mlb.com/api/v1.1/game/822927/feed/live,https://www.mlb.com/official-information/scoring-changes,https://baseballsavant.mlb.com/sporty-videos?playId=6bca433e-f650-391f-9a55-762f54f197b1
2026-09-30T04:08:46Z,822927,2026-09-12,HOU @ TB,9,top,67,77b64e04-3a50-39b4-a273-0549ca591140,Taylor Trammell,reviewed,0,1,2026-09-30T00:49:27Z,scored,0,2026-09-30T00:49:27Z,,,,,,,,0,0,,1,1,MJ,https://statsapi.mlb.com/api/v1.1/game/822927/feed/live,https://www.mlb.com/official-information/scoring-changes,https://baseballsavant.mlb.com/sporty-videos?playId=77b64e04-3a50-39b4-a273-0549ca591140
2026-09-30T04:08:46Z,822927,2026-09-12,HOU @ TB,9,top,67,77b64e04-3a50-39b4-a273-0549ca591140,Taylor Trammell,overturned,0,1,2026-09-30T00:49:27Z,scored,0,2026-09-30T00:49:27Z,,,,,,,,0,0,,1,1,MJ,https://statsapi.mlb.com/api/v1.1/game/822927/feed/live,https://www.mlb.com/official-information/scoring-changes,https://baseballsavant.mlb.com/sporty-videos?playId=77b64e04-3a50-39b4-a273-0549ca591140
2026-09-30T04:08:46Z,822927,2026-09-12,HOU @ TB,9,top,67,77b64e04-3a50-39b4-a273-0549ca591140,Taylor Trammell,review_type,,MJ,2026-09-30T00:49:27Z,scored,0,2026-09-30T00:49:27Z,,,,,,,,0,0,,1,1,MJ,https://statsapi.mlb.com/api/v1.1/game/822927/feed/live,https://www.mlb.com/official-information/scoring-changes,https://baseballsavant.mlb.com/sporty-videos?playId=77b64e04-3a50-39b4-a273-0549ca591140
2026-09-30T04:08:46Z,823737,2026-09-12,CIN @ MIL,2,bottom,20,0f98d350-bf7d-33d0-99ca-46020fbdd30f,Christian Yelich,reviewed,0,1,2026-09-30T00:49:27Z,scored,0,2026-09-30T00:49:27Z,,,,,,,,0,0,,1,0,MJ,https://statsapi.mlb.com/api/v1.1/game/823737/feed/live,https://www.mlb.com/official-information/scoring-changes,https://baseballsavant.mlb.com/sporty-videos?playId=0f98d350-bf7d-33d0-99ca-46020fbdd30f
2026-09-30T04:08:46Z,823737,2026-09-12,CIN @ MIL,2,bottom,20,0f98d350-bf7d-33d0-99ca-46020fbdd30f,Christian Yelich,review_type,,MJ,2026-09-30T00:49:27Z,scored,0,2026-09-30T00:49:27Z,,,,,,,,0,0,,1,0,MJ,https://statsapi.mlb.com/api/v1.1/game/823737/feed/live,https://www.mlb.com/official-information/scoring-changes,https://baseballsavant.mlb.com/sporty-videos?playId=0f98d350-bf7d-33d0-99ca-46020fbdd30f
2026-09-30T04:08:46Z,823737,2026-09-12,CIN @ MIL,8,top,74,275f246e-4055-3db0-afc0-52ebfaa887fd,JJ Bleday,reviewed,0,1,2026-09-30T00:49:27Z,scored,0,2026-09-30T00:49:27Z,,,,,,,,0,0,,1,1,MJ,https://statsapi.mlb.com/api/v1.1/game/823737/feed/live,https://www.mlb.com/official-information/scoring-changes,https://baseballsavant.mlb.com/sporty-videos?playId=275f246e-4055-3db0-afc0-52ebfaa887fd
2026-09-30T04:08:46Z,823737,2026-09-12,CIN @ MIL,8,top,74,275f246e-4055-3db0-afc0-52ebfaa887fd,JJ Bleday,overturned,0,1,2026-09-30T00:49:27Z,scored,0,2026-09-30T00:49:27Z,,,,,,,,0,0,,1,1,MJ,https://statsapi.mlb.com/api/v1.1/game/823737/feed/live,https://www.mlb.com/official-information/scoring-changes,https://baseballsavant.mlb.com/sporty-videos?playId=275f246e-4055-3db0-afc0-52ebfaa887fd
2026-09-30T04:08:46Z,823737,2026-09-12,CIN @ MIL,8,top,74,275f246e-4055-3db0-afc0-52ebfaa887fd,JJ Bleday,review_type,,MJ,2026-09-30T00:49:27Z,scored,0,2026-09-30T00:49:27Z,,,,,,,,0,0,,1,1,MJ,https://statsapi.mlb.com/api/v1.1/game/823737/feed/live,https://www.mlb.com/official-information/scoring-changes,https://baseballsavant.mlb.com/sporty-videos?playId=275f246e-4055-3db0-afc0-52ebfaa887fd
2026-09-30T04:08:46Z,824870,2026-09-12,PHI @ ATL,3,top,15,18ec3fab-bbfd-3d9d-a4e2-4e50728336a0,Kyle Schwarber,reviewed,0,1,2026-09-30T00:49:27Z,scored,0,2026-09-30T00:49:27Z,,,,,,,,0,0,,1,1,MJ,https://statsapi.mlb.com/api/v1.1/game/824870/feed/live,https://www.mlb.com/official-information/scoring-changes,https://baseballsavant.mlb.com/sporty-videos?playId=18ec3fab-bbfd-3d9d-a4e2-4e50728336a0
2026-09-30T04:08:46Z,824870,2026-09-12,PHI @ ATL,3,top,15,18ec3fab-bbfd-3d9d-a4e2-4e50728336a0,Kyle Schwarber,overturned,0,1,2026-09-30T00:49:27Z,scored,0,2026-09-30T00:49:27Z,,,,,,,,0,0,,1,1,MJ,https://statsapi.mlb.com/api/v1.1/game/824870/feed/live,https://www.mlb.com/official-information/scoring-changes,https://baseballsavant.mlb.com/sporty-videos?playId=18ec3fab-bbfd-3d9d-a4e2-4e50728336a0
2026-09-30T04:08:46Z,824870,2026-09-12,PHI @ ATL,3,top,15,18ec3fab-bbfd-3d9d-a4e2-4e50728336a0,Kyle Schwarber,review_type,,MJ,2026-09-30T00:49:27Z,scored,0,2026-09-30T00:49:27Z,,,,,,,,0,0,,1,1,MJ,https://statsapi.mlb.com/api/v1.1/game/824870/feed/live,https://www.mlb.com/official-information/scoring-changes,https://baseballsavant.mlb.com/sporty-videos?playId=18ec3fab-bbfd-3d9d-a4e2-4e50728336a0
2026-09-30T04:08:46Z,824870,2026-09-12,PHI @ ATL,7,top,53,b1682025-2dc6-3632-bf6b-8796e7d29abe,Luis Arraez,reviewed,0,1,2026-09-30T00:49:27Z,scored,0,2026-09-30T00:49:27Z,,,,,,,,0,0,,1,1,MJ,https://statsapi.mlb.com/api/v1.1/game/824870/feed/live,https://www.mlb.com/official-information/scoring-changes,https://baseballsavant.mlb.com/sporty-videos?playId=b1682025-2dc6-3632-bf6b-8796e7d29abe
2026-09-30T04:08:46Z,824870,2026-09-12,PHI @ ATL,7,top,53,b1682025-2dc6-3632-bf6b-8796e7d29abe,Luis Arraez,overturned,0,1,2026-09-30T00:49:27Z,scored,0,2026-09-30T00:49:27Z,,,,,,,,0,0,,1,1,MJ,https://statsapi.mlb.com/api/v1.1/game/824870/feed/live,https://www.mlb.com/official-information/scoring-changes,https://baseballsavant.mlb.com/sporty-videos?playId=b1682025-2dc6-3632-bf6b-8796e7d29abe
2026-09-30T04:08:46Z,824870,2026-09-12,PHI @ ATL,7,top,53,b1682025-2dc6-3632-bf6b-8796e7d29abe,Luis Arraez,review_type,,MJ,2026-09-30T00:49:27Z,scored,0,2026-09-30T00:49:27Z,,,,,,,,0,0,,1,1,MJ,https://statsapi.mlb.com/api/v1.1/game/824870/feed/live,https://www.mlb.com/official-information/scoring-changes,https://baseballsavant.mlb.com/sporty-videos?playId=b1682025-2dc6-3632-bf6b-8796e7d29abe
2026-09-30T04:08:46Z,824870,2026-09-12,PHI @ ATL,8,top,62,2f3b8de2-24fb-308b-8f14-2f2ca2525bd6,Justin Crawford,reviewed,0,1,2026-09-30T00:49:27Z,scored,0,2026-09-30T00:49:27Z,,,,,,,,1,1,,1,0,MJ,https://statsapi.mlb.com/api/v1.1/game/824870/feed/live,https://www.mlb.com/official-information/scoring-changes,https://baseballsavant.mlb.com/sporty-videos?playId=2f3b8de2-24fb-308b-8f14-2f2ca2525bd6
2026-09-30T04:08:46Z,824870,2026-09-12,PHI @ ATL,8,top,62,2f3b8de2-24fb-308b-8f14-2f2ca2525bd6,Justin Crawford,review_type,,MJ,2026-09-30T00:49:27Z,scored,0,2026-09-30T00:49:27Z,,,,,,,,1,1,,1,0,MJ,https://statsapi.mlb.com/api/v1.1/game/824870/feed/live,https://www.mlb.com/official-information/scoring-changes,https://baseballsavant.mlb.com/sporty-videos?playId=2f3b8de2-24fb-308b-8f14-2f2ca2525bd6
2026-09-30T04:08:46Z,823009,2026-09-12,CWS @ STL,2,bottom,15,8444f57a-be4c-3304-b5df-3c774e0ed292,Nathan Church,reviewed,0,1,2026-09-30T00:49:27Z,scored,0,2026-09-30T00:49:27Z,,,,,,,,0,0,,1,0,MJ,https://statsapi.mlb.com/api/v1.1/game/823009/feed/live,https://www.mlb.com/official-information/scoring-changes,https://baseballsavant.mlb.com/sporty-videos?playId=8444f57a-be4c-3304-b5df-3c774e0ed292
2026-09-30T04:08:46Z,823009,2026-09-12,CWS @ STL,2,bottom,15,8444f57a-be4c-3304-b5df-3c774e0ed292,Nathan Church,review_type,,MJ,2026-09-30T00:49:27Z,scored,0,2026-09-30T00:49:27Z,,,,,,,,0,0,,1,0,MJ,https://statsapi.mlb.com/api/v1.1/game/823009/feed/live,https://www.mlb.com/official-information/scoring-changes,https://baseballsavant.mlb.com/sporty-videos?playId=8444f57a-be4c-3304-b5df-3c774e0ed292
2026-09-30T04:08:46Z,823009,2026-09-12,CWS @ STL,9,top,78,12fb6ef7-b3d0-34c8-bd31-330e7c6e6328,Randal Grichuk,reviewed,0,1,2026-09-30T00:49:27Z,scored,0,2026-09-30T00:49:27Z,,,,,,,,2,2,,1,0,MJ,https://statsapi.mlb.com/api/v1.1/game/823009/feed/live,https://www.mlb.com/official-information/scoring-changes,https://baseballsavant.mlb.com/sporty-videos?playId=12fb6ef7-b3d0-34c8-bd31-330e7c6e6328
2026-09-30T04:08:46Z,823009,2026-09-12,CWS @ STL,9,top,78,12fb6ef7-b3d0-34c8-bd31-330e7c6e6328,Randal Grichuk,review_type,,MJ,2026-09-30T00:49:27Z,scored,0,2026-09-30T00:49:27Z,,,,,,,,2,2,,1,0,MJ,https://statsapi.mlb.com/api/v1.1/game/823009/feed/live,https://www.mlb.com/official-information/scoring-changes,https://baseballsavant.mlb.com/sporty-videos?playId=12fb6ef7-b3d0-34c8-bd31-330e7c6e6328
2026-09-30T04:08:46Z,825035,2026-09-12,TEX @ AZ,5,bottom,41,892d0367-72af-33ec-983e-5ae8cb1d642b,Ryan Waldschmidt,reviewed,0,1,2026-09-30T00:49:27Z,scored,0,2026-09-30T00:49:27Z,,,,,,,,0,0,,1,0,MJ,https://statsapi.mlb.com/api/v1.1/game/825035/feed/live,https://www.mlb.com/official-information/scoring-changes,https://baseballsavant.mlb.com/sporty-videos?playId=892d0367-72af-33ec-983e-5ae8cb1d642b
2026-09-30T04:08:46Z,825035,2026-09-12,TEX @ AZ,5,bottom,41,892d0367-72af-33ec-983e-5ae8cb1d642b,Ryan Waldschmidt,review_type,,MJ,2026-09-30T00:49:27Z,scored,0,2026-09-30T00:49:27Z,,,,,,,,0,0,,1,0,MJ,https://statsapi.mlb.com/api/v1.1/game/825035/feed/live,https://www.mlb.com/official-information/scoring-changes,https://baseballsavant.mlb.com/sporty-videos?playId=892d0367-72af-33ec-983e-5ae8cb1d642b
2026-09-30T04:08:46Z,824955,2026-09-12,SEA @ ATH,1,top,5,3458f2df-2de3-3e3b-8f5c-bafd8695e486,Josh Naylor,reviewed,0,1,2026-09-30T00:49:27Z,scored,0,2026-09-30T00:49:27Z,,,,,,,,0,0,,1,1,MJ,https://statsapi.mlb.com/api/v1.1/game/824955/feed/live,https://www.mlb.com/official-information/scoring-changes,https://baseballsavant.mlb.com/sporty-videos?playId=3458f2df-2de3-3e3b-8f5c-bafd8695e486
2026-09-30T04:08:46Z,824955,2026-09-12,SEA @ ATH,1,top,5,3458f2df-2de3-3e3b-8f5c-bafd8695e486,Josh Naylor,overturned,0,1,2026-09-30T00:49:27Z,scored,0,2026-09-30T00:49:27Z,,,,,,,,0,0,,1,1,MJ,https://statsapi.mlb.com/api/v1.1/game/824955/feed/live,https://www.mlb.com/official-information/scoring-changes,https://baseballsavant.mlb.com/sporty-videos?playId=3458f2df-2de3-3e3b-8f5c-bafd8695e486
2026-09-30T04:08:46Z,824955,2026-09-12,SEA @ ATH,1,top,5,3458f2df-2de3-3e3b-8f5c-bafd8695e486,Josh Naylor,review_type,,MJ,2026-09-30T00:49:27Z,scored,0,2026-09-30T00:49:27Z,,,,,,,,0,0,,1,1,MJ,https://statsapi.mlb.com/api/v1.1/game/824955/feed/live,https://www.mlb.com/official-information/scoring-changes,https://baseballsavant.mlb.com/sporty-videos?playId=3458f2df-2de3-3e3b-8f5c-bafd8695e486
2026-09-30T04:08:46Z,824955,2026-09-12,SEA @ ATH,9,bottom,88,c235e0f8-523f-3e5c-b247-439942428730,Carlos Cortes,reviewed,0,1,2026-09-30T00:49:27Z,scored,0,2026-09-30T00:49:27Z,,,,,,,,0,0,,1,1,MJ,https://statsapi.mlb.com/api/v1.1/game/824955/feed/live,https://www.mlb.com/official-information/scoring-changes,https://baseballsavant.mlb.com/sporty-videos?playId=c235e0f8-523f-3e5c-b247-439942428730
2026-09-30T04:08:46Z,824955,2026-09-12,SEA @ ATH,9,bottom,88,c235e0f8-523f-3e5c-b247-439942428730,Carlos Cortes,overturned,0,1,2026-09-30T00:49:27Z,scored,0,2026-09-30T00:49:27Z,,,,,,,,0,0,,1,1,MJ,https://statsapi.mlb.com/api/v1.1/game/824955/feed/live,https://www.mlb.com/official-information/scoring-changes,https://baseballsavant.mlb.com/sporty-videos?playId=c235e0f8-523f-3e5c-b247-439942428730
2026-09-30T04:08:46Z,824955,2026-09-12,SEA @ ATH,9,bottom,88,c235e0f8-523f-3e5c-b247-439942428730,Carlos Cortes,review_type,,MJ,2026-09-30T00:49:27Z,scored,0,2026-09-30T00:49:27Z,,,,,,,,0,0,,1,1,MJ,https://statsapi.mlb.com/api/v1.1/game/824955/feed/live,https://www.mlb.com/official-information/scoring-changes,https://baseballsavant.mlb.com/sporty-videos?playId=c235e0f8-523f-3e5c-b247-439942428730
2026-09-30T04:08:46Z,824225,2026-09-13,COL @ DET,1,top,1,c97cbb34-fc5c-3e79-808a-9a7237524a6c,Adael Amador,reviewed,0,1,2026-09-30T00:49:27Z,scored,0,2026-09-30T00:49:27Z,,,,,,,,1,1,,1,0,MJ,https://statsapi.mlb.com/api/v1.1/game/824225/feed/live,https://www.mlb.com/official-information/scoring-changes,https://baseballsavant.mlb.com/sporty-videos?playId=c97cbb34-fc5c-3e79-808a-9a7237524a6c
2026-09-30T04:08:46Z,824225,2026-09-13,COL @ DET,1,top,1,c97cbb34-fc5c-3e79-808a-9a7237524a6c,Adael Amador,review_type,,MJ,2026-09-30T00:49:27Z,scored,0,2026-09-30T00:49:27Z,,,,,,,,1,1,,1,0,MJ,https://statsapi.mlb.com/api/v1.1/game/824225/feed/live,https://www.mlb.com/official-information/scoring-changes,https://baseballsavant.mlb.com/sporty-videos?playId=c97cbb34-fc5c-3e79-808a-9a7237524a6c
2026-09-30T04:08:46Z,824225,2026-09-13,COL @ DET,2,bottom,18,8bab1744-cbf1-3394-b0de-c676c4de9a7c,Hao-Yu Lee,reviewed,0,1,2026-09-30T00:49:27Z,scored,0,2026-09-30T00:49:27Z,,,,,,,,0,0,,1,0,MJ,https://statsapi.mlb.com/api/v1.1/game/824225/feed/live,https://www.mlb.com/official-information/scoring-changes,https://baseballsavant.mlb.com/sporty-videos?playId=8bab1744-cbf1-3394-b0de-c676c4de9a7c
2026-09-30T04:08:46Z,824225,2026-09-13,COL @ DET,2,bottom,18,8bab1744-cbf1-3394-b0de-c676c4de9a7c,Hao-Yu Lee,review_type,,MJ,2026-09-30T00:49:27Z,scored,0,2026-09-30T00:49:27Z,,,,,,,,0,0,,1,0,MJ,https://statsapi.mlb.com/api/v1.1/game/824225/feed/live,https://www.mlb.com/official-information/scoring-changes,https://baseballsavant.mlb.com/sporty-videos?playId=8bab1744-cbf1-3394-b0de-c676c4de9a7c
2026-09-30T04:08:46Z,822682,2026-09-13,LAA @ WSH,1,top,4,1019d567-a128-36f6-8f51-51f0df0f7944,Moisés Ballesteros,reviewed,0,1,2026-09-30T00:49:27Z,scored,0,2026-09-30T00:49:27Z,,,,,,,,0,0,,1,0,MJ,https://statsapi.mlb.com/api/v1.1/game/822682/feed/live,https://www.mlb.com/official-information/scoring-changes,https://baseballsavant.mlb.com/sporty-videos?playId=1019d567-a128-36f6-8f51-51f0df0f7944
2026-09-30T04:08:46Z,822682,2026-09-13,LAA @ WSH,1,top,4,1019d567-a128-36f6-8f51-51f0df0f7944,Moisés Ballesteros,review_type,,MJ,2026-09-30T00:49:27Z,scored,0,2026-09-30T00:49:27Z,,,,,,,,0,0,,1,0,MJ,https://statsapi.mlb.com/api/v1.1/game/822682/feed/live,https://www.mlb.com/official-information/scoring-changes,https://baseballsavant.mlb.com/sporty-videos?playId=1019d567-a128-36f6-8f51-51f0df0f7944
2026-09-30T04:08:46Z,822682,2026-09-13,LAA @ WSH,1,bottom,9,1ee04b8c-84ba-3d8b-998d-5cf986da2098,Yohandy Morales,reviewed,0,1,2026-09-30T00:49:27Z,scored,0,2026-09-30T00:49:27Z,,,,,,,,0,0,,1,1,MJ,https://statsapi.mlb.com/api/v1.1/game/822682/feed/live,https://www.mlb.com/official-information/scoring-changes,https://baseballsavant.mlb.com/sporty-videos?playId=1ee04b8c-84ba-3d8b-998d-5cf986da2098
2026-09-30T04:08:46Z,822682,2026-09-13,LAA @ WSH,1,bottom,9,1ee04b8c-84ba-3d8b-998d-5cf986da2098,Yohandy Morales,overturned,0,1,2026-09-30T00:49:27Z,scored,0,2026-09-30T00:49:27Z,,,,,,,,0,0,,1,1,MJ,https://statsapi.mlb.com/api/v1.1/game/822682/feed/live,https://www.mlb.com/official-information/scoring-changes,https://baseballsavant.mlb.com/sporty-videos?playId=1ee04b8c-84ba-3d8b-998d-5cf986da2098
2026-09-30T04:08:46Z,822682,2026-09-13,LAA @ WSH,1,bottom,9,1ee04b8c-84ba-3d8b-998d-5cf986da2098,Yohandy Morales,review_type,,MJ,2026-09-30T00:49:27Z,scored,0,2026-09-30T00:49:27Z,,,,,,,,0,0,,1,1,MJ,https://statsapi.mlb.com/api/v1.1/game/822682/feed/live,https://www.mlb.com/official-information/scoring-changes,https://baseballsavant.mlb.com/sporty-videos?playId=1ee04b8c-84ba-3d8b-998d-5cf986da2098
2026-09-30T04:08:46Z,822682,2026-09-13,LAA @ WSH,3,bottom,21,0ca8844d-bc63-38ab-aad8-dde5660be67d,James Wood,reviewed,0,1,2026-09-30T00:49:27Z,scored,0,2026-09-30T00:49:27Z,,,,,,,,0,0,,1,1,MJ,https://statsapi.mlb.com/api/v1.1/game/822682/feed/live,https://www.mlb.com/official-information/scoring-changes,https://baseballsavant.mlb.com/sporty-videos?playId=0ca8844d-bc63-38ab-aad8-dde5660be67d
2026-09-30T04:08:46Z,822682,2026-09-13,LAA @ WSH,3,bottom,21,0ca8844d-bc63-38ab-aad8-dde5660be67d,James Wood,overturned,0,1,2026-09-30T00:49:27Z,scored,0,2026-09-30T00:49:27Z,,,,,,,,0,0,,1,1,MJ,https://statsapi.mlb.com/api/v1.1/game/822682/feed/live,https://www.mlb.com/official-information/scoring-changes,https://baseballsavant.mlb.com/sporty-videos?playId=0ca8844d-bc63-38ab-aad8-dde5660be67d
2026-09-30T04:08:46Z,822682,2026-09-13,LAA @ WSH,3,bottom,21,0ca8844d-bc63-38ab-aad8-dde5660be67d,James Wood,review_type,,MJ,2026-09-30T00:49:27Z,scored,0,2026-09-30T00:49:27Z,,,,,,,,0,0,,1,1,MJ,https://statsapi.mlb.com/api/v1.1/game/822682/feed/live,https://www.mlb.com/official-information/scoring-changes,https://baseballsavant.mlb.com/sporty-videos?playId=0ca8844d-bc63-38ab-aad8-dde5660be67d
2026-09-30T04:08:46Z,822682,2026-09-13,LAA @ WSH,8,bottom,70,c9a4f036-f9b3-3c29-849b-a105501bba38,Dylan Crews,reviewed,0,1,2026-09-30T00:49:27Z,scored,0,2026-09-30T00:49:27Z,,,,,,,,1,1,,1,0,MJ,https://statsapi.mlb.com/api/v1.1/game/822682/feed/live,https://www.mlb.com/official-information/scoring-changes,https://baseballsavant.mlb.com/sporty-videos?playId=c9a4f036-f9b3-3c29-849b-a105501bba38
2026-09-30T04:08:46Z,822682,2026-09-13,LAA @ WSH,8,bottom,70,c9a4f036-f9b3-3c29-849b-a105501bba38,Dylan Crews,review_type,,MJ,2026-09-30T00:49:27Z,scored,0,2026-09-30T00:49:27Z,,,,,,,,1,1,,1,0,MJ,https://statsapi.mlb.com/api/v1.1/game/822682/feed/live,https://www.mlb.com/official-information/scoring-changes,https://baseballsavant.mlb.com/sporty-videos?playId=c9a4f036-f9b3-3c29-849b-a105501bba38
2026-09-30T04:08:46Z,824869,2026-09-13,PHI @ ATL,6,top,46,3f5ef323-df71-3b9b-802c-d00ae254d78d,Alec Bohm,reviewed,0,1,2026-09-30T00:49:27Z,scored,0,2026-09-30T00:49:27Z,,,,,,,,0,0,,1,1,MJ,https://statsapi.mlb.com/api/v1.1/game/824869/feed/live,https://www.mlb.com/official-information/scoring-changes,https://baseballsavant.mlb.com/sporty-videos?playId=3f5ef323-df71-3b9b-802c-d00ae254d78d
2026-09-30T04:08:46Z,824869,2026-09-13,PHI @ ATL,6,top,46,3f5ef323-df71-3b9b-802c-d00ae254d78d,Alec Bohm,overturned,0,1,2026-09-30T00:49:27Z,scored,0,2026-09-30T00:49:27Z,,,,,,,,0,0,,1,1,MJ,https://statsapi.mlb.com/api/v1.1/game/824869/feed/live,https://www.mlb.com/official-information/scoring-changes,https://baseballsavant.mlb.com/sporty-videos?playId=3f5ef323-df71-3b9b-802c-d00ae254d78d
2026-09-30T04:08:46Z,824869,2026-09-13,PHI @ ATL,6,top,46,3f5ef323-df71-3b9b-802c-d00ae254d78d,Alec Bohm,review_type,,MJ,2026-09-30T00:49:27Z,scored,0,2026-09-30T00:49:27Z,,,,,,,,0,0,,1,1,MJ,https://statsapi.mlb.com/api/v1.1/game/824869/feed/live,https://www.mlb.com/official-information/scoring-changes,https://baseballsavant.mlb.com/sporty-videos?playId=3f5ef323-df71-3b9b-802c-d00ae254d78d
2026-09-30T04:08:46Z,823495,2026-09-13,NYM @ NYY,6,bottom,40,f2e65ec2-1bfb-35f2-b84a-607f699914a3,Cody Bellinger,reviewed,0,1,2026-09-30T00:49:27Z,scored,0,2026-09-30T00:49:27Z,,,,,,,,0,0,,1,1,MJ,https://statsapi.mlb.com/api/v1.1/game/823495/feed/live,https://www.mlb.com/official-information/scoring-changes,https://baseballsavant.mlb.com/sporty-videos?playId=f2e65ec2-1bfb-35f2-b84a-607f699914a3
2026-09-30T04:08:46Z,823495,2026-09-13,NYM @ NYY,6,bottom,40,f2e65ec2-1bfb-35f2-b84a-607f699914a3,Cody Bellinger,overturned,0,1,2026-09-30T00:49:27Z,scored,0,2026-09-30T00:49:27Z,,,,,,,,0,0,,1,1,MJ,https://statsapi.mlb.com/api/v1.1/game/823495/feed/live,https://www.mlb.com/official-information/scoring-changes,https://baseballsavant.mlb.com/sporty-videos?playId=f2e65ec2-1bfb-35f2-b84a-607f699914a3
2026-09-30T04:08:46Z,823495,2026-09-13,NYM @ NYY,6,bottom,40,f2e65ec2-1bfb-35f2-b84a-607f699914a3,Cody Bellinger,review_type,,MJ,2026-09-30T00:49:27Z,scored,0,2026-09-30T00:49:27Z,,,,,,,,0,0,,1,1,MJ,https://statsapi.mlb.com/api/v1.1/game/823495/feed/live,https://www.mlb.com/official-information/scoring-changes,https://baseballsavant.mlb.com/sporty-videos?playId=f2e65ec2-1bfb-35f2-b84a-607f699914a3
2026-09-30T04:08:46Z,822764,2026-09-13,BAL @ TOR,3,bottom,23,8626ed0d-b81e-3285-a64d-a65c0d421d65,Brett Bateman,reviewed,0,1,2026-09-30T00:49:27Z,scored,0,2026-09-30T00:49:27Z,,,,,,,,0,0,,1,1,MJ,https://statsapi.mlb.com/api/v1.1/game/822764/feed/live,https://www.mlb.com/official-information/scoring-changes,https://baseballsavant.mlb.com/sporty-videos?playId=8626ed0d-b81e-3285-a64d-a65c0d421d65
2026-09-30T04:08:46Z,822764,2026-09-13,BAL @ TOR,3,bottom,23,8626ed0d-b81e-3285-a64d-a65c0d421d65,Brett Bateman,overturned,0,1,2026-09-30T00:49:27Z,scored,0,2026-09-30T00:49:27Z,,,,,,,,0,0,,1,1,MJ,https://statsapi.mlb.com/api/v1.1/game/822764/feed/live,https://www.mlb.com/official-information/scoring-changes,https://baseballsavant.mlb.com/sporty-videos?playId=8626ed0d-b81e-3285-a64d-a65c0d421d65
2026-09-30T04:08:46Z,822764,2026-09-13,BAL @ TOR,3,bottom,23,8626ed0d-b81e-3285-a64d-a65c0d421d65,Brett Bateman,review_type,,MJ,2026-09-30T00:49:27Z,scored,0,2026-09-30T00:49:27Z,,,,,,,,0,0,,1,1,MJ,https://statsapi.mlb.com/api/v1.1/game/822764/feed/live,https://www.mlb.com/official-information/scoring-changes,https://baseballsavant.mlb.com/sporty-videos?playId=8626ed0d-b81e-3285-a64d-a65c0d421d65
2026-09-30T04:08:46Z,822764,2026-09-13,BAL @ TOR,5,bottom,45,506f8a07-842b-34dc-bda8-d12106493bb4,Kazuma Okamoto,reviewed,0,1,2026-09-30T00:49:27Z,scored,0,2026-09-30T00:49:27Z,,,,,,,,1,1,,1,0,MJ,https://statsapi.mlb.com/api/v1.1/game/822764/feed/live,https://www.mlb.com/official-information/scoring-changes,https://baseballsavant.mlb.com/sporty-videos?playId=506f8a07-842b-34dc-bda8-d12106493bb4
2026-09-30T04:08:46Z,822764,2026-09-13,BAL @ TOR,5,bottom,45,506f8a07-842b-34dc-bda8-d12106493bb4,Kazuma Okamoto,review_type,,MJ,2026-09-30T00:49:27Z,scored,0,2026-09-30T00:49:27Z,,,,,,,,1,1,,1,0,MJ,https://statsapi.mlb.com/api/v1.1/game/822764/feed/live,https://www.mlb.com/official-information/scoring-changes,https://baseballsavant.mlb.com/sporty-videos?playId=506f8a07-842b-34dc-bda8-d12106493bb4
2026-09-30T04:08:46Z,822764,2026-09-13,BAL @ TOR,6,top,50,49f1a444-71a8-34fe-bb4b-832f7b18359f,Dylan Beavers,reviewed,0,1,2026-09-30T00:49:27Z,scored,0,2026-09-30T00:49:27Z,,,,,,,,0,0,,1,1,MJ,https://statsapi.mlb.com/api/v1.1/game/822764/feed/live,https://www.mlb.com/official-information/scoring-changes,https://baseballsavant.mlb.com/sporty-videos?playId=49f1a444-71a8-34fe-bb4b-832f7b18359f
2026-09-30T04:08:46Z,822764,2026-09-13,BAL @ TOR,6,top,50,49f1a444-71a8-34fe-bb4b-832f7b18359f,Dylan Beavers,overturned,0,1,2026-09-30T00:49:27Z,scored,0,2026-09-30T00:49:27Z,,,,,,,,0,0,,1,1,MJ,https://statsapi.mlb.com/api/v1.1/game/822764/feed/live,https://www.mlb.com/official-information/scoring-changes,https://baseballsavant.mlb.com/sporty-videos?playId=49f1a444-71a8-34fe-bb4b-832f7b18359f
2026-09-30T04:08:46Z,822764,2026-09-13,BAL @ TOR,6,top,50,49f1a444-71a8-34fe-bb4b-832f7b18359f,Dylan Beavers,review_type,,MJ,2026-09-30T00:49:27Z,scored,0,2026-09-30T00:49:27Z,,,,,,,,0,0,,1,1,MJ,https://statsapi.mlb.com/api/v1.1/game/822764/feed/live,https://www.mlb.com/official-information/scoring-changes,https://baseballsavant.mlb.com/sporty-videos?playId=49f1a444-71a8-34fe-bb4b-832f7b18359f
2026-09-30T04:08:46Z,822928,2026-09-13,HOU @ TB,1,top,0,3d269ec1-63e5-3180-a052-9774e2da8704,Jeremy Peña,reviewed,0,1,2026-09-30T00:49:27Z,scored,0,2026-09-30T00:49:27Z,,,,,,,,0,0,,1,0,MJ,https://statsapi.mlb.com/api/v1.1/game/822928/feed/live,https://www.mlb.com/official-information/scoring-changes,https://baseballsavant.mlb.com/sporty-videos?playId=3d269ec1-63e5-3180-a052-9774e2da8704
2026-09-30T04:08:46Z,822928,2026-09-13,HOU @ TB,1,top,0,3d269ec1-63e5-3180-a052-9774e2da8704,Jeremy Peña,review_type,,MJ,2026-09-30T00:49:27Z,scored,0,2026-09-30T00:49:27Z,,,,,,,,0,0,,1,0,MJ,https://statsapi.mlb.com/api/v1.1/game/822928/feed/live,https://www.mlb.com/official-information/scoring-changes,https://baseballsavant.mlb.com/sporty-videos?playId=3d269ec1-63e5-3180-a052-9774e2da8704
2026-09-30T04:08:46Z,822928,2026-09-13,HOU @ TB,1,bottom,5,184c3df5-ca40-305c-93ab-0a9e5e97ec30,Junior Caminero,reviewed,0,1,2026-09-30T00:49:27Z,scored,0,2026-09-30T00:49:27Z,,,,,,,,0,0,,1,1,MJ,https://statsapi.mlb.com/api/v1.1/game/822928/feed/live,https://www.mlb.com/official-information/scoring-changes,https://baseballsavant.mlb.com/sporty-videos?playId=184c3df5-ca40-305c-93ab-0a9e5e97ec30
2026-09-30T04:08:46Z,822928,2026-09-13,HOU @ TB,1,bottom,5,184c3df5-ca40-305c-93ab-0a9e5e97ec30,Junior Caminero,overturned,0,1,2026-09-30T00:49:27Z,scored,0,2026-09-30T00:49:27Z,,,,,,,,0,0,,1,1,MJ,https://statsapi.mlb.com/api/v1.1/game/822928/feed/live,https://www.mlb.com/official-information/scoring-changes,https://baseballsavant.mlb.com/sporty-videos?playId=184c3df5-ca40-305c-93ab-0a9e5e97ec30
2026-09-30T04:08:46Z,822928,2026-09-13,HOU @ TB,1,bottom,5,184c3df5-ca40-305c-93ab-0a9e5e97ec30,Junior Caminero,review_type,,MJ,2026-09-30T00:49:27Z,scored,0,2026-09-30T00:49:27Z,,,,,,,,0,0,,1,1,MJ,https://statsapi.mlb.com/api/v1.1/game/822928/feed/live,https://www.mlb.com/official-information/scoring-changes,https://baseballsavant.mlb.com/sporty-videos?playId=184c3df5-ca40-305c-93ab-0a9e5e97ec30
2026-09-30T04:08:46Z,822928,2026-09-13,HOU @ TB,2,top,11,b69d0cd6-adaf-3c5e-9b3b-2ad47caa53f2,Daulton Varsho,reviewed,0,1,2026-09-30T00:49:27Z,scored,0,2026-09-30T00:49:27Z,,,,,,,,0,0,,1,1,MJ,https://statsapi.mlb.com/api/v1.1/game/822928/feed/live,https://www.mlb.com/official-information/scoring-changes,https://baseballsavant.mlb.com/sporty-videos?playId=b69d0cd6-adaf-3c5e-9b3b-2ad47caa53f2
2026-09-30T04:08:46Z,822928,2026-09-13,HOU @ TB,2,top,11,b69d0cd6-adaf-3c5e-9b3b-2ad47caa53f2,Daulton Varsho,overturned,0,1,2026-09-30T00:49:27Z,scored,0,2026-09-30T00:49:27Z,,,,,,,,0,0,,1,1,MJ,https://statsapi.mlb.com/api/v1.1/game/822928/feed/live,https://www.mlb.com/official-information/scoring-changes,https://baseballsavant.mlb.com/sporty-videos?playId=b69d0cd6-adaf-3c5e-9b3b-2ad47caa53f2
2026-09-30T04:08:46Z,822928,2026-09-13,HOU @ TB,2,top,11,b69d0cd6-adaf-3c5e-9b3b-2ad47caa53f2,Daulton Varsho,review_type,,MJ,2026-09-30T00:49:27Z,scored,0,2026-09-30T00:49:27Z,,,,,,,,0,0,,1,1,MJ,https://statsapi.mlb.com/api/v1.1/game/822928/feed/live,https://www.mlb.com/official-information/scoring-changes,https://baseballsavant.mlb.com/sporty-videos?playId=b69d0cd6-adaf-3c5e-9b3b-2ad47caa53f2
2026-09-30T04:08:46Z,822928,2026-09-13,HOU @ TB,3,bottom,28,ef2de240-9606-358d-a1ca-4b94318ac94d,Nick Madrigal,reviewed,0,1,2026-09-30T00:49:27Z,scored,0,2026-09-30T00:49:27Z,,,,,,,,0,0,,1,0,MJ,https://statsapi.mlb.com/api/v1.1/game/822928/feed/live,https://www.mlb.com/official-information/scoring-changes,https://baseballsavant.mlb.com/sporty-videos?playId=ef2de240-9606-358d-a1ca-4b94318ac94d
2026-09-30T04:08:46Z,822928,2026-09-13,HOU @ TB,3,bottom,28,ef2de240-9606-358d-a1ca-4b94318ac94d,Nick Madrigal,review_type,,MJ,2026-09-30T00:49:27Z,scored,0,2026-09-30T00:49:27Z,,,,,,,,0,0,,1,0,MJ,https://statsapi.mlb.com/api/v1.1/game/822928/feed/live,https://www.mlb.com/official-information/scoring-changes,https://baseballsavant.mlb.com/sporty-videos?playId=ef2de240-9606-358d-a1ca-4b94318ac94d
2026-09-30T04:08:46Z,823815,2026-09-13,LAD @ MIA,7,top,47,9a110290-ae65-385a-aae6-461c193ff431,Alex Freeland,reviewed,0,1,2026-09-30T00:49:27Z,scored,0,2026-09-30T00:49:27Z,,,,,,,,0,0,,1,1,MJ,https://statsapi.mlb.com/api/v1.1/game/823815/feed/live,https://www.mlb.com/official-information/scoring-changes,https://baseballsavant.mlb.com/sporty-videos?playId=9a110290-ae65-385a-aae6-461c193ff431
2026-09-30T04:08:46Z,823815,2026-09-13,LAD @ MIA,7,top,47,9a110290-ae65-385a-aae6-461c193ff431,Alex Freeland,overturned,0,1,2026-09-30T00:49:27Z,scored,0,2026-09-30T00:49:27Z,,,,,,,,0,0,,1,1,MJ,https://statsapi.mlb.com/api/v1.1/game/823815/feed/live,https://www.mlb.com/official-information/scoring-changes,https://baseballsavant.mlb.com/sporty-videos?playId=9a110290-ae65-385a-aae6-461c193ff431
2026-09-30T04:08:46Z,823815,2026-09-13,LAD @ MIA,7,top,47,9a110290-ae65-385a-aae6-461c193ff431,Alex Freeland,review_type,,MJ,2026-09-30T00:49:27Z,scored,0,2026-09-30T00:49:27Z,,,,,,,,0,0,,1,1,MJ,https://statsapi.mlb.com/api/v1.1/game/823815/feed/live,https://www.mlb.com/official-information/scoring-changes,https://baseballsavant.mlb.com/sporty-videos?playId=9a110290-ae65-385a-aae6-461c193ff431
2026-09-30T04:08:46Z,823815,2026-09-13,LAD @ MIA,8,bottom,63,41a85973-a0d8-3bdd-8b65-4f6e47ac37f9,Otto Lopez,reviewed,0,1,2026-09-30T00:49:27Z,scored,0,2026-09-30T00:49:27Z,,,,,,,,2,2,,1,1,MJ,https://statsapi.mlb.com/api/v1.1/game/823815/feed/live,https://www.mlb.com/official-information/scoring-changes,https://baseballsavant.mlb.com/sporty-videos?playId=41a85973-a0d8-3bdd-8b65-4f6e47ac37f9
2026-09-30T04:08:46Z,823815,2026-09-13,LAD @ MIA,8,bottom,63,41a85973-a0d8-3bdd-8b65-4f6e47ac37f9,Otto Lopez,overturned,0,1,2026-09-30T00:49:27Z,scored,0,2026-09-30T00:49:27Z,,,,,,,,2,2,,1,1,MJ,https://statsapi.mlb.com/api/v1.1/game/823815/feed/live,https://www.mlb.com/official-information/scoring-changes,https://baseballsavant.mlb.com/sporty-videos?playId=41a85973-a0d8-3bdd-8b65-4f6e47ac37f9
2026-09-30T04:08:46Z,823815,2026-09-13,LAD @ MIA,8,bottom,63,41a85973-a0d8-3bdd-8b65-4f6e47ac37f9,Otto Lopez,review_type,,MJ,2026-09-30T00:49:27Z,scored,0,2026-09-30T00:49:27Z,,,,,,,,2,2,,1,1,MJ,https://statsapi.mlb.com/api/v1.1/game/823815/feed/live,https://www.mlb.com/official-information/scoring-changes,https://baseballsavant.mlb.com/sporty-videos?playId=41a85973-a0d8-3bdd-8b65-4f6e47ac37f9
2026-09-30T04:08:46Z,823815,2026-09-13,LAD @ MIA,9,top,67,dfb5c7c7-718d-3d4d-8cc7-2de6d13eac82,Mookie Betts,reviewed,0,1,2026-09-30T00:49:27Z,scored,0,2026-09-30T00:49:27Z,,,,,,,,1,1,,1,1,MJ,https://statsapi.mlb.com/api/v1.1/game/823815/feed/live,https://www.mlb.com/official-information/scoring-changes,https://baseballsavant.mlb.com/sporty-videos?playId=dfb5c7c7-718d-3d4d-8cc7-2de6d13eac82
2026-09-30T04:08:46Z,823815,2026-09-13,LAD @ MIA,9,top,67,dfb5c7c7-718d-3d4d-8cc7-2de6d13eac82,Mookie Betts,overturned,0,1,2026-09-30T00:49:27Z,scored,0,2026-09-30T00:49:27Z,,,,,,,,1,1,,1,1,MJ,https://statsapi.mlb.com/api/v1.1/game/823815/feed/live,https://www.mlb.com/official-information/scoring-changes,https://baseballsavant.mlb.com/sporty-videos?playId=dfb5c7c7-718d-3d4d-8cc7-2de6d13eac82
2026-09-30T04:08:46Z,823815,2026-09-13,LAD @ MIA,9,top,67,dfb5c7c7-718d-3d4d-8cc7-2de6d13eac82,Mookie Betts,review_type,,MJ,2026-09-30T00:49:27Z,scored,0,2026-09-30T00:49:27Z,,,,,,,,1,1,,1,1,MJ,https://statsapi.mlb.com/api/v1.1/game/823815/feed/live,https://www.mlb.com/official-information/scoring-changes,https://baseballsavant.mlb.com/sporty-videos?playId=dfb5c7c7-718d-3d4d-8cc7-2de6d13eac82
2026-09-30T04:08:46Z,823658,2026-09-13,CLE @ MIN,3,bottom,28,17ee5f63-3897-330a-859e-68ca8a5cd582,Ryan Jeffers,reviewed,0,1,2026-09-30T00:49:27Z,scored,0,2026-09-30T00:49:27Z,,,,,,,,0,0,,1,1,MJ,https://statsapi.mlb.com/api/v1.1/game/823658/feed/live,https://www.mlb.com/official-information/scoring-changes,https://baseballsavant.mlb.com/sporty-videos?playId=17ee5f63-3897-330a-859e-68ca8a5cd582
2026-09-30T04:08:46Z,823658,2026-09-13,CLE @ MIN,3,bottom,28,17ee5f63-3897-330a-859e-68ca8a5cd582,Ryan Jeffers,overturned,0,1,2026-09-30T00:49:27Z,scored,0,2026-09-30T00:49:27Z,,,,,,,,0,0,,1,1,MJ,https://statsapi.mlb.com/api/v1.1/game/823658/feed/live,https://www.mlb.com/official-information/scoring-changes,https://baseballsavant.mlb.com/sporty-videos?playId=17ee5f63-3897-330a-859e-68ca8a5cd582
2026-09-30T04:08:46Z,823658,2026-09-13,CLE @ MIN,3,bottom,28,17ee5f63-3897-330a-859e-68ca8a5cd582,Ryan Jeffers,review_type,,MJ,2026-09-30T00:49:27Z,scored,0,2026-09-30T00:49:27Z,,,,,,,,0,0,,1,1,MJ,https://statsapi.mlb.com/api/v1.1/game/823658/feed/live,https://www.mlb.com/official-information/scoring-changes,https://baseballsavant.mlb.com/sporty-videos?playId=17ee5f63-3897-330a-859e-68ca8a5cd582
2026-09-30T04:08:46Z,823658,2026-09-13,CLE @ MIN,4,top,33,5157c0b1-e6e2-3097-a4e0-9c655574c585,Travis Bazzana,reviewed,0,1,2026-09-30T00:49:27Z,scored,0,2026-09-30T00:49:27Z,,,,,,,,1,1,,1,1,MJ,https://statsapi.mlb.com/api/v1.1/game/823658/feed/live,https://www.mlb.com/official-information/scoring-changes,https://baseballsavant.mlb.com/sporty-videos?playId=5157c0b1-e6e2-3097-a4e0-9c655574c585
2026-09-30T04:08:46Z,823658,2026-09-13,CLE @ MIN,4,top,33,5157c0b1-e6e2-3097-a4e0-9c655574c585,Travis Bazzana,overturned,0,1,2026-09-30T00:49:27Z,scored,0,2026-09-30T00:49:27Z,,,,,,,,1,1,,1,1,MJ,https://statsapi.mlb.com/api/v1.1/game/823658/feed/live,https://www.mlb.com/official-information/scoring-changes,https://baseballsavant.mlb.com/sporty-videos?playId=5157c0b1-e6e2-3097-a4e0-9c655574c585
2026-09-30T04:08:46Z,823658,2026-09-13,CLE @ MIN,4,top,33,5157c0b1-e6e2-3097-a4e0-9c655574c585,Travis Bazzana,review_type,,MJ,2026-09-30T00:49:27Z,scored,0,2026-09-30T00:49:27Z,,,,,,,,1,1,,1,1,MJ,https://statsapi.mlb.com/api/v1.1/game/823658/feed/live,https://www.mlb.com/official-information/scoring-changes,https://baseballsavant.mlb.com/sporty-videos?playId=5157c0b1-e6e2-3097-a4e0-9c655574c585
2026-09-30T04:08:46Z,823658,2026-09-13,CLE @ MIN,9,bottom,76,1b3e2dbf-dd05-3e99-bca0-9fad5570ed72,Trevor Larnach,reviewed,0,1,2026-09-30T00:49:27Z,scored,0,2026-09-30T00:49:27Z,,,,,,,,0,0,,1,1,MJ,https://statsapi.mlb.com/api/v1.1/game/823658/feed/live,https://www.mlb.com/official-information/scoring-changes,https://baseballsavant.mlb.com/sporty-videos?playId=1b3e2dbf-dd05-3e99-bca0-9fad5570ed72
2026-09-30T04:08:46Z,823658,2026-09-13,CLE @ MIN,9,bottom,76,1b3e2dbf-dd05-3e99-bca0-9fad5570ed72,Trevor Larnach,overturned,0,1,2026-09-30T00:49:27Z,scored,0,2026-09-30T00:49:27Z,,,,,,,,0,0,,1,1,MJ,https://statsapi.mlb.com/api/v1.1/game/823658/feed/live,https://www.mlb.com/official-information/scoring-changes,https://baseballsavant.mlb.com/sporty-videos?playId=1b3e2dbf-dd05-3e99-bca0-9fad5570ed72
2026-09-30T04:08:46Z,823658,2026-09-13,CLE @ MIN,9,bottom,76,1b3e2dbf-dd05-3e99-bca0-9fad5570ed72,Trevor Larnach,review_type,,MJ,2026-09-30T00:49:27Z,scored,0,2026-09-30T00:49:27Z,,,,,,,,0,0,,1,1,MJ,https://statsapi.mlb.com/api/v1.1/game/823658/feed/live,https://www.mlb.com/official-information/scoring-changes,https://baseballsavant.mlb.com/sporty-videos?playId=1b3e2dbf-dd05-3e99-bca0-9fad5570ed72
2026-09-30T04:08:46Z,823008,2026-09-13,CWS @ STL,1,top,0,f0e76ef3-7e86-3f04-9dfc-e418b09ddb33,Sam Antonacci,reviewed,0,1,2026-09-30T00:49:27Z,scored,0,2026-09-30T00:49:27Z,,,,,,,,0,0,,1,1,MJ,https://statsapi.mlb.com/api/v1.1/game/823008/feed/live,https://www.mlb.com/official-information/scoring-changes,https://baseballsavant.mlb.com/sporty-videos?playId=f0e76ef3-7e86-3f04-9dfc-e418b09ddb33
2026-09-30T04:08:46Z,823008,2026-09-13,CWS @ STL,1,top,0,f0e76ef3-7e86-3f04-9dfc-e418b09ddb33,Sam Antonacci,overturned,0,1,2026-09-30T00:49:27Z,scored,0,2026-09-30T00:49:27Z,,,,,,,,0,0,,1,1,MJ,https://statsapi.mlb.com/api/v1.1/game/823008/feed/live,https://www.mlb.com/official-information/scoring-changes,https://baseballsavant.mlb.com/sporty-videos?playId=f0e76ef3-7e86-3f04-9dfc-e418b09ddb33
2026-09-30T04:08:46Z,823008,2026-09-13,CWS @ STL,1,top,0,f0e76ef3-7e86-3f04-9dfc-e418b09ddb33,Sam Antonacci,review_type,,MJ,2026-09-30T00:49:27Z,scored,0,2026-09-30T00:49:27Z,,,,,,,,0,0,,1,1,MJ,https://statsapi.mlb.com/api/v1.1/game/823008/feed/live,https://www.mlb.com/official-information/scoring-changes,https://baseballsavant.mlb.com/sporty-videos?playId=f0e76ef3-7e86-3f04-9dfc-e418b09ddb33
2026-09-30T04:08:46Z,823008,2026-09-13,CWS @ STL,6,top,35,3cf2bf0c-c885-3c4e-a3a9-91b1c3ad8057,Miguel Vargas,reviewed,0,1,2026-09-30T00:49:27Z,scored,0,2026-09-30T00:49:27Z,,,,,,,,0,0,,1,0,MJ,https://statsapi.mlb.com/api/v1.1/game/823008/feed/live,https://www.mlb.com/official-information/scoring-changes,https://baseballsavant.mlb.com/sporty-videos?playId=3cf2bf0c-c885-3c4e-a3a9-91b1c3ad8057
2026-09-30T04:08:46Z,823008,2026-09-13,CWS @ STL,6,top,35,3cf2bf0c-c885-3c4e-a3a9-91b1c3ad8057,Miguel Vargas,review_type,,MJ,2026-09-30T00:49:27Z,scored,0,2026-09-30T00:49:27Z,,,,,,,,0,0,,1,0,MJ,https://statsapi.mlb.com/api/v1.1/game/823008/feed/live,https://www.mlb.com/official-information/scoring-changes,https://baseballsavant.mlb.com/sporty-videos?playId=3cf2bf0c-c885-3c4e-a3a9-91b1c3ad8057
2026-09-30T04:08:46Z,824628,2026-09-13,PIT @ CHC,1,bottom,6,8561749c-0a4d-3de4-b798-5d31484da59e,Seiya Suzuki,reviewed,0,1,2026-09-30T00:49:27Z,scored,0,2026-09-30T00:49:27Z,,,,,,,,0,0,,1,1,MJ,https://statsapi.mlb.com/api/v1.1/game/824628/feed/live,https://www.mlb.com/official-information/scoring-changes,https://baseballsavant.mlb.com/sporty-videos?playId=8561749c-0a4d-3de4-b798-5d31484da59e
2026-09-30T04:08:46Z,824628,2026-09-13,PIT @ CHC,1,bottom,6,8561749c-0a4d-3de4-b798-5d31484da59e,Seiya Suzuki,overturned,0,1,2026-09-30T00:49:27Z,scored,0,2026-09-30T00:49:27Z,,,,,,,,0,0,,1,1,MJ,https://statsapi.mlb.com/api/v1.1/game/824628/feed/live,https://www.mlb.com/official-information/scoring-changes,https://baseballsavant.mlb.com/sporty-videos?playId=8561749c-0a4d-3de4-b798-5d31484da59e
2026-09-30T04:08:46Z,824628,2026-09-13,PIT @ CHC,1,bottom,6,8561749c-0a4d-3de4-b798-5d31484da59e,Seiya Suzuki,review_type,,MJ,2026-09-30T00:49:27Z,scored,0,2026-09-30T00:49:27Z,,,,,,,,0,0,,1,1,MJ,https://statsapi.mlb.com/api/v1.1/game/824628/feed/live,https://www.mlb.com/official-information/scoring-changes,https://baseballsavant.mlb.com/sporty-videos?playId=8561749c-0a4d-3de4-b798-5d31484da59e
2026-09-30T04:08:46Z,824628,2026-09-13,PIT @ CHC,6,bottom,47,bd4928f8-ad07-3b87-9bf1-8fe1ae946054,Michael Busch,reviewed,0,1,2026-09-30T00:49:27Z,scored,0,2026-09-30T00:49:27Z,,,,,,,,0,0,,1,1,MJ,https://statsapi.mlb.com/api/v1.1/game/824628/feed/live,https://www.mlb.com/official-information/scoring-changes,https://baseballsavant.mlb.com/sporty-videos?playId=bd4928f8-ad07-3b87-9bf1-8fe1ae946054
2026-09-30T04:08:46Z,824628,2026-09-13,PIT @ CHC,6,bottom,47,bd4928f8-ad07-3b87-9bf1-8fe1ae946054,Michael Busch,overturned,0,1,2026-09-30T00:49:27Z,scored,0,2026-09-30T00:49:27Z,,,,,,,,0,0,,1,1,MJ,https://statsapi.mlb.com/api/v1.1/game/824628/feed/live,https://www.mlb.com/official-information/scoring-changes,https://baseballsavant.mlb.com/sporty-videos?playId=bd4928f8-ad07-3b87-9bf1-8fe1ae946054
2026-09-30T04:08:46Z,824628,2026-09-13,PIT @ CHC,6,bottom,47,bd4928f8-ad07-3b87-9bf1-8fe1ae946054,Michael Busch,review_type,,MJ,2026-09-30T00:49:27Z,scored,0,2026-09-30T00:49:27Z,,,,,,,,0,0,,1,1,MJ,https://statsapi.mlb.com/api/v1.1/game/824628/feed/live,https://www.mlb.com/official-information/scoring-changes,https://baseballsavant.mlb.com/sporty-videos?playId=bd4928f8-ad07-3b87-9bf1-8fe1ae946054
2026-09-30T04:08:46Z,824628,2026-09-13,PIT @ CHC,6,bottom,52,7fc30dcd-b2c9-3d9c-bc89-8c47b5f1b87e,Pedro Ramírez,reviewed,0,1,2026-09-30T00:49:27Z,scored,0,2026-09-30T00:49:27Z,,,,,,,,0,0,,1,0,MJ,https://statsapi.mlb.com/api/v1.1/game/824628/feed/live,https://www.mlb.com/official-information/scoring-changes,https://baseballsavant.mlb.com/sporty-videos?playId=7fc30dcd-b2c9-3d9c-bc89-8c47b5f1b87e
2026-09-30T04:08:46Z,824628,2026-09-13,PIT @ CHC,6,bottom,52,7fc30dcd-b2c9-3d9c-bc89-8c47b5f1b87e,Pedro Ramírez,review_type,,MJ,2026-09-30T00:49:27Z,scored,0,2026-09-30T00:49:27Z,,,,,,,,0,0,,1,0,MJ,https://statsapi.mlb.com/api/v1.1/game/824628/feed/live,https://www.mlb.com/official-information/scoring-changes,https://baseballsavant.mlb.com/sporty-videos?playId=7fc30dcd-b2c9-3d9c-bc89-8c47b5f1b87e
2026-09-30T04:08:46Z,824952,2026-09-13,SEA @ ATH,2,top,10,54152acb-ecdd-34f8-98ce-04eb77763e50,Josh Naylor,reviewed,0,1,2026-09-30T00:49:27Z,scored,0,2026-09-30T00:49:27Z,,,,,,,,0,0,,1,0,MJ,https://statsapi.mlb.com/api/v1.1/game/824952/feed/live,https://www.mlb.com/official-information/scoring-changes,https://baseballsavant.mlb.com/sporty-videos?playId=54152acb-ecdd-34f8-98ce-04eb77763e50
2026-09-30T04:08:46Z,824952,2026-09-13,SEA @ ATH,2,top,10,54152acb-ecdd-34f8-98ce-04eb77763e50,Josh Naylor,review_type,,MJ,2026-09-30T00:49:27Z,scored,0,2026-09-30T00:49:27Z,,,,,,,,0,0,,1,0,MJ,https://statsapi.mlb.com/api/v1.1/game/824952/feed/live,https://www.mlb.com/official-information/scoring-changes,https://baseballsavant.mlb.com/sporty-videos?playId=54152acb-ecdd-34f8-98ce-04eb77763e50
2026-09-30T04:08:46Z,824952,2026-09-13,SEA @ ATH,8,top,70,ca8ff941-d9a0-38fd-8fef-cec0b3db98ba,J.P. Crawford,reviewed,0,1,2026-09-30T00:49:27Z,scored,0,2026-09-30T00:49:27Z,,,,,,,,0,0,,1,1,MJ,https://statsapi.mlb.com/api/v1.1/game/824952/feed/live,https://www.mlb.com/official-information/scoring-changes,https://baseballsavant.mlb.com/sporty-videos?playId=ca8ff941-d9a0-38fd-8fef-cec0b3db98ba
2026-09-30T04:08:46Z,824952,2026-09-13,SEA @ ATH,8,top,70,ca8ff941-d9a0-38fd-8fef-cec0b3db98ba,J.P. Crawford,overturned,0,1,2026-09-30T00:49:27Z,scored,0,2026-09-30T00:49:27Z,,,,,,,,0,0,,1,1,MJ,https://statsapi.mlb.com/api/v1.1/game/824952/feed/live,https://www.mlb.com/official-information/scoring-changes,https://baseballsavant.mlb.com/sporty-videos?playId=ca8ff941-d9a0-38fd-8fef-cec0b3db98ba
2026-09-30T04:08:46Z,824952,2026-09-13,SEA @ ATH,8,top,70,ca8ff941-d9a0-38fd-8fef-cec0b3db98ba,J.P. Crawford,review_type,,MJ,2026-09-30T00:49:27Z,scored,0,2026-09-30T00:49:27Z,,,,,,,,0,0,,1,1,MJ,https://statsapi.mlb.com/api/v1.1/game/824952/feed/live,https://www.mlb.com/official-information/scoring-changes,https://baseballsavant.mlb.com/sporty-videos?playId=ca8ff941-d9a0-38fd-8fef-cec0b3db98ba
2026-09-30T04:08:46Z,825033,2026-09-13,TEX @ AZ,4,top,23,1272fbf4-3292-396e-ab69-855852e5369d,Jake Burger,reviewed,0,1,2026-09-30T00:49:27Z,scored,0,2026-09-30T00:49:27Z,,,,,,,,0,0,,1,1,MJ,https://statsapi.mlb.com/api/v1.1/game/825033/feed/live,https://www.mlb.com/official-information/scoring-changes,https://baseballsavant.mlb.com/sporty-videos?playId=1272fbf4-3292-396e-ab69-855852e5369d
2026-09-30T04:08:46Z,825033,2026-09-13,TEX @ AZ,4,top,23,1272fbf4-3292-396e-ab69-855852e5369d,Jake Burger,overturned,0,1,2026-09-30T00:49:27Z,scored,0,2026-09-30T00:49:27Z,,,,,,,,0,0,,1,1,MJ,https://statsapi.mlb.com/api/v1.1/game/825033/feed/live,https://www.mlb.com/official-information/scoring-changes,https://baseballsavant.mlb.com/sporty-videos?playId=1272fbf4-3292-396e-ab69-855852e5369d
2026-09-30T04:08:46Z,825033,2026-09-13,TEX @ AZ,4,top,23,1272fbf4-3292-396e-ab69-855852e5369d,Jake Burger,review_type,,MJ,2026-09-30T00:49:27Z,scored,0,2026-09-30T00:49:27Z,,,,,,,,0,0,,1,1,MJ,https://statsapi.mlb.com/api/v1.1/game/825033/feed/live,https://www.mlb.com/official-information/scoring-changes,https://baseballsavant.mlb.com/sporty-videos?playId=1272fbf4-3292-396e-ab69-855852e5369d
2026-09-30T04:08:46Z,825033,2026-09-13,TEX @ AZ,4,bottom,30,109edd52-0714-354b-8888-af1d6baf0dfb,Corbin Carroll,reviewed,0,1,2026-09-30T00:49:27Z,scored,0,2026-09-30T00:49:27Z,,,,,,,,0,0,,1,0,MJ,https://statsapi.mlb.com/api/v1.1/game/825033/feed/live,https://www.mlb.com/official-information/scoring-changes,https://baseballsavant.mlb.com/sporty-videos?playId=109edd52-0714-354b-8888-af1d6baf0dfb
2026-09-30T04:08:46Z,825033,2026-09-13,TEX @ AZ,4,bottom,30,109edd52-0714-354b-8888-af1d6baf0dfb,Corbin Carroll,review_type,,MJ,2026-09-30T00:49:27Z,scored,0,2026-09-30T00:49:27Z,,,,,,,,0,0,,1,0,MJ,https://statsapi.mlb.com/api/v1.1/game/825033/feed/live,https://www.mlb.com/official-information/scoring-changes,https://baseballsavant.mlb.com/sporty-videos?playId=109edd52-0714-354b-8888-af1d6baf0dfb
2026-09-30T04:08:46Z,825033,2026-09-13,TEX @ AZ,4,bottom,31,40d515ef-3e59-3e48-b4f6-fc9a5c79eb3e,Nolan Arenado,reviewed,0,1,2026-09-30T00:49:27Z,scored,0,2026-09-30T00:49:27Z,,,,,,,,0,0,,1,1,MJ,https://statsapi.mlb.com/api/v1.1/game/825033/feed/live,https://www.mlb.com/official-information/scoring-changes,https://baseballsavant.mlb.com/sporty-videos?playId=40d515ef-3e59-3e48-b4f6-fc9a5c79eb3e
2026-09-30T04:08:46Z,825033,2026-09-13,TEX @ AZ,4,bottom,31,40d515ef-3e59-3e48-b4f6-fc9a5c79eb3e,Nolan Arenado,overturned,0,1,2026-09-30T00:49:27Z,scored,0,2026-09-30T00:49:27Z,,,,,,,,0,0,,1,1,MJ,https://statsapi.mlb.com/api/v1.1/game/825033/feed/live,https://www.mlb.com/official-information/scoring-changes,https://baseballsavant.mlb.com/sporty-videos?playId=40d515ef-3e59-3e48-b4f6-fc9a5c79eb3e
2026-09-30T04:08:46Z,825033,2026-09-13,TEX @ AZ,4,bottom,31,40d515ef-3e59-3e48-b4f6-fc9a5c79eb3e,Nolan Arenado,review_type,,MJ,2026-09-30T00:49:27Z,scored,0,2026-09-30T00:49:27Z,,,,,,,,0,0,,1,1,MJ,https://statsapi.mlb.com/api/v1.1/game/825033/feed/live,https://www.mlb.com/official-information/scoring-changes,https://baseballsavant.mlb.com/sporty-videos?playId=40d515ef-3e59-3e48-b4f6-fc9a5c79eb3e
2026-09-30T04:08:46Z,823171,2026-09-13,SD @ SF,5,bottom,41,e0c74350-a1cb-305e-af6d-f3a36dd7fbce,Christian Koss,reviewed,0,1,2026-09-30T00:49:27Z,scored,0,2026-09-30T00:49:27Z,,,,,,,,0,0,,1,0,MJ,https://statsapi.mlb.com/api/v1.1/game/823171/feed/live,https://www.mlb.com/official-information/scoring-changes,https://baseballsavant.mlb.com/sporty-videos?playId=e0c74350-a1cb-305e-af6d-f3a36dd7fbce
2026-09-30T04:08:46Z,823171,2026-09-13,SD @ SF,5,bottom,41,e0c74350-a1cb-305e-af6d-f3a36dd7fbce,Christian Koss,review_type,,MJ,2026-09-30T00:49:27Z,scored,0,2026-09-30T00:49:27Z,,,,,,,,0,0,,1,0,MJ,https://statsapi.mlb.com/api/v1.1/game/823171/feed/live,https://www.mlb.com/official-information/scoring-changes,https://baseballsavant.mlb.com/sporty-videos?playId=e0c74350-a1cb-305e-af6d-f3a36dd7fbce
2026-09-30T04:08:46Z,824386,2026-09-14,CWS @ CLE,1,bottom,7,09ac4f4d-baf4-3741-8e54-6fea5ab996a5,Chase DeLauter,reviewed,0,1,2026-09-30T00:49:27Z,scored,0,2026-09-30T00:49:27Z,,,,,,,,0,0,,1,1,MJ,https://statsapi.mlb.com/api/v1.1/game/824386/feed/live,https://www.mlb.com/official-information/scoring-changes,https://baseballsavant.mlb.com/sporty-videos?playId=09ac4f4d-baf4-3741-8e54-6fea5ab996a5
2026-09-30T04:08:46Z,824386,2026-09-14,CWS @ CLE,1,bottom,7,09ac4f4d-baf4-3741-8e54-6fea5ab996a5,Chase DeLauter,overturned,0,1,2026-09-30T00:49:27Z,scored,0,2026-09-30T00:49:27Z,,,,,,,,0,0,,1,1,MJ,https://statsapi.mlb.com/api/v1.1/game/824386/feed/live,https://www.mlb.com/official-information/scoring-changes,https://baseballsavant.mlb.com/sporty-videos?playId=09ac4f4d-baf4-3741-8e54-6fea5ab996a5
2026-09-30T04:08:46Z,824386,2026-09-14,CWS @ CLE,1,bottom,7,09ac4f4d-baf4-3741-8e54-6fea5ab996a5,Chase DeLauter,review_type,,MJ,2026-09-30T00:49:27Z,scored,0,2026-09-30T00:49:27Z,,,,,,,,0,0,,1,1,MJ,https://statsapi.mlb.com/api/v1.1/game/824386/feed/live,https://www.mlb.com/official-information/scoring-changes,https://baseballsavant.mlb.com/sporty-videos?playId=09ac4f4d-baf4-3741-8e54-6fea5ab996a5
2026-09-30T04:08:46Z,824386,2026-09-14,CWS @ CLE,4,top,26,4faeba24-47a6-3e1d-a145-b8cf422ebdf1,Chase Meidroth,reviewed,0,1,2026-09-30T00:49:27Z,scored,0,2026-09-30T00:49:27Z,,,,,,,,0,0,,1,1,MJ,https://statsapi.mlb.com/api/v1.1/game/824386/feed/live,https://www.mlb.com/official-information/scoring-changes,https://baseballsavant.mlb.com/sporty-videos?playId=4faeba24-47a6-3e1d-a145-b8cf422ebdf1
2026-09-30T04:08:46Z,824386,2026-09-14,CWS @ CLE,4,top,26,4faeba24-47a6-3e1d-a145-b8cf422ebdf1,Chase Meidroth,overturned,0,1,2026-09-30T00:49:27Z,scored,0,2026-09-30T00:49:27Z,,,,,,,,0,0,,1,1,MJ,https://statsapi.mlb.com/api/v1.1/game/824386/feed/live,https://www.mlb.com/official-information/scoring-changes,https://baseballsavant.mlb.com/sporty-videos?playId=4faeba24-47a6-3e1d-a145-b8cf422ebdf1
2026-09-30T04:08:46Z,824386,2026-09-14,CWS @ CLE,4,top,26,4faeba24-47a6-3e1d-a145-b8cf422ebdf1,Chase Meidroth,review_type,,MJ,2026-09-30T00:49:27Z,scored,0,2026-09-30T00:49:27Z,,,,,,,,0,0,,1,1,MJ,https://statsapi.mlb.com/api/v1.1/game/824386/feed/live,https://www.mlb.com/official-information/scoring-changes,https://baseballsavant.mlb.com/sporty-videos?playId=4faeba24-47a6-3e1d-a145-b8cf422ebdf1
2026-09-30T04:08:46Z,824386,2026-09-14,CWS @ CLE,5,bottom,35,ae594616-3483-30f9-9ed4-27d92f7230c7,Jo Adell,reviewed,0,1,2026-09-30T00:49:27Z,scored,0,2026-09-30T00:49:27Z,,,,,,,,0,0,,1,1,MJ,https://statsapi.mlb.com/api/v1.1/game/824386/feed/live,https://www.mlb.com/official-information/scoring-changes,https://baseballsavant.mlb.com/sporty-videos?playId=ae594616-3483-30f9-9ed4-27d92f7230c7
2026-09-30T04:08:46Z,824386,2026-09-14,CWS @ CLE,5,bottom,35,ae594616-3483-30f9-9ed4-27d92f7230c7,Jo Adell,overturned,0,1,2026-09-30T00:49:27Z,scored,0,2026-09-30T00:49:27Z,,,,,,,,0,0,,1,1,MJ,https://statsapi.mlb.com/api/v1.1/game/824386/feed/live,https://www.mlb.com/official-information/scoring-changes,https://baseballsavant.mlb.com/sporty-videos?playId=ae594616-3483-30f9-9ed4-27d92f7230c7
2026-09-30T04:08:46Z,824386,2026-09-14,CWS @ CLE,5,bottom,35,ae594616-3483-30f9-9ed4-27d92f7230c7,Jo Adell,review_type,,MJ,2026-09-30T00:49:27Z,scored,0,2026-09-30T00:49:27Z,,,,,,,,0,0,,1,1,MJ,https://statsapi.mlb.com/api/v1.1/game/824386/feed/live,https://www.mlb.com/official-information/scoring-changes,https://baseballsavant.mlb.com/sporty-videos?playId=ae594616-3483-30f9-9ed4-27d92f7230c7
2026-09-30T04:08:46Z,824386,2026-09-14,CWS @ CLE,8,bottom,65,4782c5e5-2c12-3427-8a38-e0d9a9b7bc91,Steven Kwan,reviewed,0,1,2026-09-30T00:49:27Z,scored,0,2026-09-30T00:49:27Z,,,,,,,,0,0,,1,0,MJ,https://statsapi.mlb.com/api/v1.1/game/824386/feed/live,https://www.mlb.com/official-information/scoring-changes,https://baseballsavant.mlb.com/sporty-videos?playId=4782c5e5-2c12-3427-8a38-e0d9a9b7bc91
2026-09-30T04:08:46Z,824386,2026-09-14,CWS @ CLE,8,bottom,65,4782c5e5-2c12-3427-8a38-e0d9a9b7bc91,Steven Kwan,review_type,,MJ,2026-09-30T00:49:27Z,scored,0,2026-09-30T00:49:27Z,,,,,,,,0,0,,1,0,MJ,https://statsapi.mlb.com/api/v1.1/game/824386/feed/live,https://www.mlb.com/official-information/scoring-changes,https://baseballsavant.mlb.com/sporty-videos?playId=4782c5e5-2c12-3427-8a38-e0d9a9b7bc91
2026-09-30T04:08:46Z,822765,2026-09-14,DET @ TOR,8,bottom,69,5d5e9e03-31df-3e83-ade1-b16777d5ad78,Brett Bateman,reviewed,0,1,2026-09-30T00:49:27Z,scored,0,2026-09-30T00:49:27Z,,,,,,,,0,0,,1,1,MJ,https://statsapi.mlb.com/api/v1.1/game/822765/feed/live,https://www.mlb.com/official-information/scoring-changes,https://baseballsavant.mlb.com/sporty-videos?playId=5d5e9e03-31df-3e83-ade1-b16777d5ad78
2026-09-30T04:08:46Z,822765,2026-09-14,DET @ TOR,8,bottom,69,5d5e9e03-31df-3e83-ade1-b16777d5ad78,Brett Bateman,overturned,0,1,2026-09-30T00:49:27Z,scored,0,2026-09-30T00:49:27Z,,,,,,,,0,0,,1,1,MJ,https://statsapi.mlb.com/api/v1.1/game/822765/feed/live,https://www.mlb.com/official-information/scoring-changes,https://baseballsavant.mlb.com/sporty-videos?playId=5d5e9e03-31df-3e83-ade1-b16777d5ad78
2026-09-30T04:08:46Z,822765,2026-09-14,DET @ TOR,8,bottom,69,5d5e9e03-31df-3e83-ade1-b16777d5ad78,Brett Bateman,review_type,,MJ,2026-09-30T00:49:27Z,scored,0,2026-09-30T00:49:27Z,,,,,,,,0,0,,1,1,MJ,https://statsapi.mlb.com/api/v1.1/game/822765/feed/live,https://www.mlb.com/official-information/scoring-changes,https://baseballsavant.mlb.com/sporty-videos?playId=5d5e9e03-31df-3e83-ade1-b16777d5ad78
2026-09-30T04:08:46Z,823575,2026-09-14,BAL @ NYM,1,bottom,5,02129e8c-2ef0-3421-9d7d-35612c8828ba,Bo Bichette,reviewed,0,1,2026-09-30T00:49:27Z,scored,0,2026-09-30T00:49:27Z,,,,,,,,0,0,,1,1,MJ,https://statsapi.mlb.com/api/v1.1/game/823575/feed/live,https://www.mlb.com/official-information/scoring-changes,https://baseballsavant.mlb.com/sporty-videos?playId=02129e8c-2ef0-3421-9d7d-35612c8828ba
2026-09-30T04:08:46Z,823575,2026-09-14,BAL @ NYM,1,bottom,5,02129e8c-2ef0-3421-9d7d-35612c8828ba,Bo Bichette,overturned,0,1,2026-09-30T00:49:27Z,scored,0,2026-09-30T00:49:27Z,,,,,,,,0,0,,1,1,MJ,https://statsapi.mlb.com/api/v1.1/game/823575/feed/live,https://www.mlb.com/official-information/scoring-changes,https://baseballsavant.mlb.com/sporty-videos?playId=02129e8c-2ef0-3421-9d7d-35612c8828ba
2026-09-30T04:08:46Z,823575,2026-09-14,BAL @ NYM,1,bottom,5,02129e8c-2ef0-3421-9d7d-35612c8828ba,Bo Bichette,review_type,,MJ,2026-09-30T00:49:27Z,scored,0,2026-09-30T00:49:27Z,,,,,,,,0,0,,1,1,MJ,https://statsapi.mlb.com/api/v1.1/game/823575/feed/live,https://www.mlb.com/official-information/scoring-changes,https://baseballsavant.mlb.com/sporty-videos?playId=02129e8c-2ef0-3421-9d7d-35612c8828ba
2026-09-30T04:08:46Z,823575,2026-09-14,BAL @ NYM,4,top,28,5fd082ce-1696-34b7-ac68-4b992db3abf2,Christian Encarnacion-Strand,reviewed,0,1,2026-09-30T00:49:27Z,scored,0,2026-09-30T00:49:27Z,,,,,,,,0,0,,1,1,MJ,https://statsapi.mlb.com/api/v1.1/game/823575/feed/live,https://www.mlb.com/official-information/scoring-changes,https://baseballsavant.mlb.com/sporty-videos?playId=5fd082ce-1696-34b7-ac68-4b992db3abf2
2026-09-30T04:08:46Z,823575,2026-09-14,BAL @ NYM,4,top,28,5fd082ce-1696-34b7-ac68-4b992db3abf2,Christian Encarnacion-Strand,overturned,0,1,2026-09-30T00:49:27Z,scored,0,2026-09-30T00:49:27Z,,,,,,,,0,0,,1,1,MJ,https://statsapi.mlb.com/api/v1.1/game/823575/feed/live,https://www.mlb.com/official-information/scoring-changes,https://baseballsavant.mlb.com/sporty-videos?playId=5fd082ce-1696-34b7-ac68-4b992db3abf2
2026-09-30T04:08:46Z,823575,2026-09-14,BAL @ NYM,4,top,28,5fd082ce-1696-34b7-ac68-4b992db3abf2,Christian Encarnacion-Strand,review_type,,MJ,2026-09-30T00:49:27Z,scored,0,2026-09-30T00:49:27Z,,,,,,,,0,0,,1,1,MJ,https://statsapi.mlb.com/api/v1.1/game/823575/feed/live,https://www.mlb.com/official-information/scoring-changes,https://baseballsavant.mlb.com/sporty-videos?playId=5fd082ce-1696-34b7-ac68-4b992db3abf2
2026-09-30T04:08:46Z,823575,2026-09-14,BAL @ NYM,4,bottom,30,6a592aad-ae28-311a-931f-8942d8b03fed,Marcus Semien,reviewed,0,1,2026-09-30T00:49:27Z,scored,0,2026-09-30T00:49:27Z,,,,,,,,0,0,,1,1,MJ,https://statsapi.mlb.com/api/v1.1/game/823575/feed/live,https://www.mlb.com/official-information/scoring-changes,https://baseballsavant.mlb.com/sporty-videos?playId=6a592aad-ae28-311a-931f-8942d8b03fed
2026-09-30T04:08:46Z,823575,2026-09-14,BAL @ NYM,4,bottom,30,6a592aad-ae28-311a-931f-8942d8b03fed,Marcus Semien,overturned,0,1,2026-09-30T00:49:27Z,scored,0,2026-09-30T00:49:27Z,,,,,,,,0,0,,1,1,MJ,https://statsapi.mlb.com/api/v1.1/game/823575/feed/live,https://www.mlb.com/official-information/scoring-changes,https://baseballsavant.mlb.com/sporty-videos?playId=6a592aad-ae28-311a-931f-8942d8b03fed
2026-09-30T04:08:46Z,823575,2026-09-14,BAL @ NYM,4,bottom,30,6a592aad-ae28-311a-931f-8942d8b03fed,Marcus Semien,review_type,,MJ,2026-09-30T00:49:27Z,scored,0,2026-09-30T00:49:27Z,,,,,,,,0,0,,1,1,MJ,https://statsapi.mlb.com/api/v1.1/game/823575/feed/live,https://www.mlb.com/official-information/scoring-changes,https://baseballsavant.mlb.com/sporty-videos?playId=6a592aad-ae28-311a-931f-8942d8b03fed
2026-09-30T04:08:46Z,824629,2026-09-14,ATL @ CHC,1,top,1,48cace05-1401-3a8f-9c54-f6fd9afc4f43,Drake Baldwin,reviewed,0,1,2026-09-30T00:49:27Z,scored,0,2026-09-30T00:49:27Z,,,,,,,,0,0,,1,1,MJ,https://statsapi.mlb.com/api/v1.1/game/824629/feed/live,https://www.mlb.com/official-information/scoring-changes,https://baseballsavant.mlb.com/sporty-videos?playId=48cace05-1401-3a8f-9c54-f6fd9afc4f43
2026-09-30T04:08:46Z,824629,2026-09-14,ATL @ CHC,1,top,1,48cace05-1401-3a8f-9c54-f6fd9afc4f43,Drake Baldwin,overturned,0,1,2026-09-30T00:49:27Z,scored,0,2026-09-30T00:49:27Z,,,,,,,,0,0,,1,1,MJ,https://statsapi.mlb.com/api/v1.1/game/824629/feed/live,https://www.mlb.com/official-information/scoring-changes,https://baseballsavant.mlb.com/sporty-videos?playId=48cace05-1401-3a8f-9c54-f6fd9afc4f43
2026-09-30T04:08:46Z,824629,2026-09-14,ATL @ CHC,1,top,1,48cace05-1401-3a8f-9c54-f6fd9afc4f43,Drake Baldwin,review_type,,MJ,2026-09-30T00:49:27Z,scored,0,2026-09-30T00:49:27Z,,,,,,,,0,0,,1,1,MJ,https://statsapi.mlb.com/api/v1.1/game/824629/feed/live,https://www.mlb.com/official-information/scoring-changes,https://baseballsavant.mlb.com/sporty-videos?playId=48cace05-1401-3a8f-9c54-f6fd9afc4f43
2026-09-30T04:08:46Z,824629,2026-09-14,ATL @ CHC,1,bottom,5,a9166f77-0215-3042-8e64-e09a3a7b31ca,Seiya Suzuki,reviewed,0,1,2026-09-30T00:49:27Z,scored,0,2026-09-30T00:49:27Z,,,,,,,,0,0,,1,1,MJ,https://statsapi.mlb.com/api/v1.1/game/824629/feed/live,https://www.mlb.com/official-information/scoring-changes,https://baseballsavant.mlb.com/sporty-videos?playId=a9166f77-0215-3042-8e64-e09a3a7b31ca
2026-09-30T04:08:46Z,824629,2026-09-14,ATL @ CHC,1,bottom,5,a9166f77-0215-3042-8e64-e09a3a7b31ca,Seiya Suzuki,overturned,0,1,2026-09-30T00:49:27Z,scored,0,2026-09-30T00:49:27Z,,,,,,,,0,0,,1,1,MJ,https://statsapi.mlb.com/api/v1.1/game/824629/feed/live,https://www.mlb.com/official-information/scoring-changes,https://baseballsavant.mlb.com/sporty-videos?playId=a9166f77-0215-3042-8e64-e09a3a7b31ca
2026-09-30T04:08:46Z,824629,2026-09-14,ATL @ CHC,1,bottom,5,a9166f77-0215-3042-8e64-e09a3a7b31ca,Seiya Suzuki,review_type,,MJ,2026-09-30T00:49:27Z,scored,0,2026-09-30T00:49:27Z,,,,,,,,0,0,,1,1,MJ,https://statsapi.mlb.com/api/v1.1/game/824629/feed/live,https://www.mlb.com/official-information/scoring-changes,https://baseballsavant.mlb.com/sporty-videos?playId=a9166f77-0215-3042-8e64-e09a3a7b31ca
2026-09-30T04:08:46Z,824629,2026-09-14,ATL @ CHC,2,bottom,16,1ece5112-5395-3f24-8809-f9460fe23556,Pete Crow-Armstrong,reviewed,0,1,2026-09-30T00:49:27Z,scored,0,2026-09-30T00:49:27Z,,,,,,,,2,2,,1,1,MJ,https://statsapi.mlb.com/api/v1.1/game/824629/feed/live,https://www.mlb.com/official-information/scoring-changes,https://baseballsavant.mlb.com/sporty-videos?playId=1ece5112-5395-3f24-8809-f9460fe23556
2026-09-30T04:08:46Z,824629,2026-09-14,ATL @ CHC,2,bottom,16,1ece5112-5395-3f24-8809-f9460fe23556,Pete Crow-Armstrong,overturned,0,1,2026-09-30T00:49:27Z,scored,0,2026-09-30T00:49:27Z,,,,,,,,2,2,,1,1,MJ,https://statsapi.mlb.com/api/v1.1/game/824629/feed/live,https://www.mlb.com/official-information/scoring-changes,https://baseballsavant.mlb.com/sporty-videos?playId=1ece5112-5395-3f24-8809-f9460fe23556
2026-09-30T04:08:46Z,824629,2026-09-14,ATL @ CHC,2,bottom,16,1ece5112-5395-3f24-8809-f9460fe23556,Pete Crow-Armstrong,review_type,,MJ,2026-09-30T00:49:27Z,scored,0,2026-09-30T00:49:27Z,,,,,,,,2,2,,1,1,MJ,https://statsapi.mlb.com/api/v1.1/game/824629/feed/live,https://www.mlb.com/official-information/scoring-changes,https://baseballsavant.mlb.com/sporty-videos?playId=1ece5112-5395-3f24-8809-f9460fe23556
2026-09-30T04:08:46Z,824629,2026-09-14,ATL @ CHC,7,bottom,60,131323a6-dd9e-3493-8a5f-3b4b515007ba,Nico Hoerner,reviewed,0,1,2026-09-30T00:49:27Z,scored,0,2026-09-30T00:49:27Z,,,,,,,,0,0,,1,0,MJ,https://statsapi.mlb.com/api/v1.1/game/824629/feed/live,https://www.mlb.com/official-information/scoring-changes,https://baseballsavant.mlb.com/sporty-videos?playId=131323a6-dd9e-3493-8a5f-3b4b515007ba
2026-09-30T04:08:46Z,824629,2026-09-14,ATL @ CHC,7,bottom,60,131323a6-dd9e-3493-8a5f-3b4b515007ba,Nico Hoerner,review_type,,MJ,2026-09-30T00:49:27Z,scored,0,2026-09-30T00:49:27Z,,,,,,,,0,0,,1,0,MJ,https://statsapi.mlb.com/api/v1.1/game/824629/feed/live,https://www.mlb.com/official-information/scoring-changes,https://baseballsavant.mlb.com/sporty-videos?playId=131323a6-dd9e-3493-8a5f-3b4b515007ba
2026-09-30T04:08:46Z,823656,2026-09-14,NYY @ MIN,6,top,37,600da644-186c-3ae7-afdf-b109e5ce7f43,Ben Rice,reviewed,0,1,2026-09-30T00:49:27Z,scored,0,2026-09-30T00:49:27Z,,,,,,,,0,0,,1,0,MJ,https://statsapi.mlb.com/api/v1.1/game/823656/feed/live,https://www.mlb.com/official-information/scoring-changes,https://baseballsavant.mlb.com/sporty-videos?playId=600da644-186c-3ae7-afdf-b109e5ce7f43
2026-09-30T04:08:46Z,823656,2026-09-14,NYY @ MIN,6,top,37,600da644-186c-3ae7-afdf-b109e5ce7f43,Ben Rice,review_type,,MJ,2026-09-30T00:49:27Z,scored,0,2026-09-30T00:49:27Z,,,,,,,,0,0,,1,0,MJ,https://statsapi.mlb.com/api/v1.1/game/823656/feed/live,https://www.mlb.com/official-information/scoring-changes,https://baseballsavant.mlb.com/sporty-videos?playId=600da644-186c-3ae7-afdf-b109e5ce7f43
2026-09-30T04:08:46Z,823656,2026-09-14,NYY @ MIN,8,bottom,61,9a5a8643-6701-3995-a61d-2eaa5b667477,Kody Clemens,reviewed,0,1,2026-09-30T00:49:27Z,scored,0,2026-09-30T00:49:27Z,,,,,,,,0,0,,1,1,MJ,https://statsapi.mlb.com/api/v1.1/game/823656/feed/live,https://www.mlb.com/official-information/scoring-changes,https://baseballsavant.mlb.com/sporty-videos?playId=9a5a8643-6701-3995-a61d-2eaa5b667477
2026-09-30T04:08:46Z,823656,2026-09-14,NYY @ MIN,8,bottom,61,9a5a8643-6701-3995-a61d-2eaa5b667477,Kody Clemens,overturned,0,1,2026-09-30T00:49:27Z,scored,0,2026-09-30T00:49:27Z,,,,,,,,0,0,,1,1,MJ,https://statsapi.mlb.com/api/v1.1/game/823656/feed/live,https://www.mlb.com/official-information/scoring-changes,https://baseballsavant.mlb.com/sporty-videos?playId=9a5a8643-6701-3995-a61d-2eaa5b667477
2026-09-30T04:08:46Z,823656,2026-09-14,NYY @ MIN,8,bottom,61,9a5a8643-6701-3995-a61d-2eaa5b667477,Kody Clemens,review_type,,MJ,2026-09-30T00:49:27Z,scored,0,2026-09-30T00:49:27Z,,,,,,,,0,0,,1,1,MJ,https://statsapi.mlb.com/api/v1.1/game/823656/feed/live,https://www.mlb.com/official-information/scoring-changes,https://baseballsavant.mlb.com/sporty-videos?playId=9a5a8643-6701-3995-a61d-2eaa5b667477
2026-09-30T04:08:46Z,823006,2026-09-14,SF @ STL,6,bottom,46,687c3615-ccc7-3456-8fcf-c03a1ed5535c,Nathan Church,reviewed,0,1,2026-09-30T00:49:27Z,scored,0,2026-09-30T00:49:27Z,,,,,,,,0,0,,1,1,MJ,https://statsapi.mlb.com/api/v1.1/game/823006/feed/live,https://www.mlb.com/official-information/scoring-changes,https://baseballsavant.mlb.com/sporty-videos?playId=687c3615-ccc7-3456-8fcf-c03a1ed5535c
2026-09-30T04:08:46Z,823006,2026-09-14,SF @ STL,6,bottom,46,687c3615-ccc7-3456-8fcf-c03a1ed5535c,Nathan Church,overturned,0,1,2026-09-30T00:49:27Z,scored,0,2026-09-30T00:49:27Z,,,,,,,,0,0,,1,1,MJ,https://statsapi.mlb.com/api/v1.1/game/823006/feed/live,https://www.mlb.com/official-information/scoring-changes,https://baseballsavant.mlb.com/sporty-videos?playId=687c3615-ccc7-3456-8fcf-c03a1ed5535c
2026-09-30T04:08:46Z,823006,2026-09-14,SF @ STL,6,bottom,46,687c3615-ccc7-3456-8fcf-c03a1ed5535c,Nathan Church,review_type,,MJ,2026-09-30T00:49:27Z,scored,0,2026-09-30T00:49:27Z,,,,,,,,0,0,,1,1,MJ,https://statsapi.mlb.com/api/v1.1/game/823006/feed/live,https://www.mlb.com/official-information/scoring-changes,https://baseballsavant.mlb.com/sporty-videos?playId=687c3615-ccc7-3456-8fcf-c03a1ed5535c
2026-09-30T04:08:46Z,823006,2026-09-14,SF @ STL,7,top,51,73be3990-dd55-3ca5-a47b-343dea07a7d8,Jung Hoo Lee,reviewed,0,1,2026-09-30T00:49:27Z,scored,0,2026-09-30T00:49:27Z,,,,,,,,0,0,,1,1,MJ,https://statsapi.mlb.com/api/v1.1/game/823006/feed/live,https://www.mlb.com/official-information/scoring-changes,https://baseballsavant.mlb.com/sporty-videos?playId=73be3990-dd55-3ca5-a47b-343dea07a7d8
2026-09-30T04:08:46Z,823006,2026-09-14,SF @ STL,7,top,51,73be3990-dd55-3ca5-a47b-343dea07a7d8,Jung Hoo Lee,overturned,0,1,2026-09-30T00:49:27Z,scored,0,2026-09-30T00:49:27Z,,,,,,,,0,0,,1,1,MJ,https://statsapi.mlb.com/api/v1.1/game/823006/feed/live,https://www.mlb.com/official-information/scoring-changes,https://baseballsavant.mlb.com/sporty-videos?playId=73be3990-dd55-3ca5-a47b-343dea07a7d8
2026-09-30T04:08:46Z,823006,2026-09-14,SF @ STL,7,top,51,73be3990-dd55-3ca5-a47b-343dea07a7d8,Jung Hoo Lee,review_type,,MJ,2026-09-30T00:49:27Z,scored,0,2026-09-30T00:49:27Z,,,,,,,,0,0,,1,1,MJ,https://statsapi.mlb.com/api/v1.1/game/823006/feed/live,https://www.mlb.com/official-information/scoring-changes,https://baseballsavant.mlb.com/sporty-videos?playId=73be3990-dd55-3ca5-a47b-343dea07a7d8
2026-09-30T04:08:46Z,823981,2026-09-14,SEA @ LAA,5,bottom,39,3e3aa36e-beda-3128-9923-ec3b2d10d558,Zach Neto,reviewed,0,1,2026-09-30T00:49:27Z,scored,0,2026-09-30T00:49:27Z,,,,,,,,0,0,,1,1,MJ,https://statsapi.mlb.com/api/v1.1/game/823981/feed/live,https://www.mlb.com/official-information/scoring-changes,https://baseballsavant.mlb.com/sporty-videos?playId=3e3aa36e-beda-3128-9923-ec3b2d10d558
2026-09-30T04:08:46Z,823981,2026-09-14,SEA @ LAA,5,bottom,39,3e3aa36e-beda-3128-9923-ec3b2d10d558,Zach Neto,overturned,0,1,2026-09-30T00:49:27Z,scored,0,2026-09-30T00:49:27Z,,,,,,,,0,0,,1,1,MJ,https://statsapi.mlb.com/api/v1.1/game/823981/feed/live,https://www.mlb.com/official-information/scoring-changes,https://baseballsavant.mlb.com/sporty-videos?playId=3e3aa36e-beda-3128-9923-ec3b2d10d558
2026-09-30T04:08:46Z,823981,2026-09-14,SEA @ LAA,5,bottom,39,3e3aa36e-beda-3128-9923-ec3b2d10d558,Zach Neto,review_type,,MJ,2026-09-30T00:49:27Z,scored,0,2026-09-30T00:49:27Z,,,,,,,,0,0,,1,1,MJ,https://statsapi.mlb.com/api/v1.1/game/823981/feed/live,https://www.mlb.com/official-information/scoring-changes,https://baseballsavant.mlb.com/sporty-videos?playId=3e3aa36e-beda-3128-9923-ec3b2d10d558
2026-09-30T04:08:46Z,825034,2026-09-14,MIA @ AZ,6,bottom,52,efdd4bdb-b59f-3643-acf5-e0a6320dbf71,Lars Nootbaar,reviewed,0,1,2026-09-30T00:49:27Z,scored,0,2026-09-30T00:49:27Z,,,,,,,,0,0,,1,1,MJ,https://statsapi.mlb.com/api/v1.1/game/825034/feed/live,https://www.mlb.com/official-information/scoring-changes,https://baseballsavant.mlb.com/sporty-videos?playId=efdd4bdb-b59f-3643-acf5-e0a6320dbf71
2026-09-30T04:08:46Z,825034,2026-09-14,MIA @ AZ,6,bottom,52,efdd4bdb-b59f-3643-acf5-e0a6320dbf71,Lars Nootbaar,overturned,0,1,2026-09-30T00:49:27Z,scored,0,2026-09-30T00:49:27Z,,,,,,,,0,0,,1,1,MJ,https://statsapi.mlb.com/api/v1.1/game/825034/feed/live,https://www.mlb.com/official-information/scoring-changes,https://baseballsavant.mlb.com/sporty-videos?playId=efdd4bdb-b59f-3643-acf5-e0a6320dbf71
2026-09-30T04:08:46Z,825034,2026-09-14,MIA @ AZ,6,bottom,52,efdd4bdb-b59f-3643-acf5-e0a6320dbf71,Lars Nootbaar,review_type,,MJ,2026-09-30T00:49:27Z,scored,0,2026-09-30T00:49:27Z,,,,,,,,0,0,,1,1,MJ,https://statsapi.mlb.com/api/v1.1/game/825034/feed/live,https://www.mlb.com/official-information/scoring-changes,https://baseballsavant.mlb.com/sporty-videos?playId=efdd4bdb-b59f-3643-acf5-e0a6320dbf71
2026-09-30T04:08:46Z,825034,2026-09-14,MIA @ AZ,7,top,55,3d76f1b6-4066-3368-a928-b9aff7f3e520,Kyle Stowers,reviewed,0,1,2026-09-30T00:49:27Z,scored,0,2026-09-30T00:49:27Z,,,,,,,,1,1,,1,1,MJ,https://statsapi.mlb.com/api/v1.1/game/825034/feed/live,https://www.mlb.com/official-information/scoring-changes,https://baseballsavant.mlb.com/sporty-videos?playId=3d76f1b6-4066-3368-a928-b9aff7f3e520
2026-09-30T04:08:46Z,825034,2026-09-14,MIA @ AZ,7,top,55,3d76f1b6-4066-3368-a928-b9aff7f3e520,Kyle Stowers,overturned,0,1,2026-09-30T00:49:27Z,scored,0,2026-09-30T00:49:27Z,,,,,,,,1,1,,1,1,MJ,https://statsapi.mlb.com/api/v1.1/game/825034/feed/live,https://www.mlb.com/official-information/scoring-changes,https://baseballsavant.mlb.com/sporty-videos?playId=3d76f1b6-4066-3368-a928-b9aff7f3e520
2026-09-30T04:08:46Z,825034,2026-09-14,MIA @ AZ,7,top,55,3d76f1b6-4066-3368-a928-b9aff7f3e520,Kyle Stowers,review_type,,MJ,2026-09-30T00:49:27Z,scored,0,2026-09-30T00:49:27Z,,,,,,,,1,1,,1,1,MJ,https://statsapi.mlb.com/api/v1.1/game/825034/feed/live,https://www.mlb.com/official-information/scoring-changes,https://baseballsavant.mlb.com/sporty-videos?playId=3d76f1b6-4066-3368-a928-b9aff7f3e520
2026-09-30T04:08:46Z,824466,2026-09-15,LAD @ CIN,4,top,30,f155699f-351c-3da0-a929-22d1cbb8a35f,Josue De Paula,reviewed,0,1,2026-09-30T00:49:27Z,scored,0,2026-09-30T00:49:27Z,,,,,,,,0,0,,1,0,MJ,https://statsapi.mlb.com/api/v1.1/game/824466/feed/live,https://www.mlb.com/official-information/scoring-changes,https://baseballsavant.mlb.com/sporty-videos?playId=f155699f-351c-3da0-a929-22d1cbb8a35f
2026-09-30T04:08:46Z,824466,2026-09-15,LAD @ CIN,4,top,30,f155699f-351c-3da0-a929-22d1cbb8a35f,Josue De Paula,review_type,,MJ,2026-09-30T00:49:27Z,scored,0,2026-09-30T00:49:27Z,,,,,,,,0,0,,1,0,MJ,https://statsapi.mlb.com/api/v1.1/game/824466/feed/live,https://www.mlb.com/official-information/scoring-changes,https://baseballsavant.mlb.com/sporty-videos?playId=f155699f-351c-3da0-a929-22d1cbb8a35f
2026-09-30T04:08:46Z,824384,2026-09-15,CWS @ CLE,1,top,0,8cbf4393-039d-3ee5-91b4-3cc9d999997b,Chase Meidroth,reviewed,0,1,2026-09-30T00:49:27Z,scored,0,2026-09-30T00:49:27Z,,,,,,,,0,0,,1,1,MJ,https://statsapi.mlb.com/api/v1.1/game/824384/feed/live,https://www.mlb.com/official-information/scoring-changes,https://baseballsavant.mlb.com/sporty-videos?playId=8cbf4393-039d-3ee5-91b4-3cc9d999997b
2026-09-30T04:08:46Z,824384,2026-09-15,CWS @ CLE,1,top,0,8cbf4393-039d-3ee5-91b4-3cc9d999997b,Chase Meidroth,overturned,0,1,2026-09-30T00:49:27Z,scored,0,2026-09-30T00:49:27Z,,,,,,,,0,0,,1,1,MJ,https://statsapi.mlb.com/api/v1.1/game/824384/feed/live,https://www.mlb.com/official-information/scoring-changes,https://baseballsavant.mlb.com/sporty-videos?playId=8cbf4393-039d-3ee5-91b4-3cc9d999997b
2026-09-30T04:08:46Z,824384,2026-09-15,CWS @ CLE,1,top,0,8cbf4393-039d-3ee5-91b4-3cc9d999997b,Chase Meidroth,review_type,,MJ,2026-09-30T00:49:27Z,scored,0,2026-09-30T00:49:27Z,,,,,,,,0,0,,1,1,MJ,https://statsapi.mlb.com/api/v1.1/game/824384/feed/live,https://www.mlb.com/official-information/scoring-changes,https://baseballsavant.mlb.com/sporty-videos?playId=8cbf4393-039d-3ee5-91b4-3cc9d999997b
2026-09-30T04:08:46Z,824384,2026-09-15,CWS @ CLE,1,bottom,7,04a5adbc-89fc-3ff8-b228-93b06f1b79eb,Travis Bazzana,reviewed,0,1,2026-09-30T00:49:27Z,scored,0,2026-09-30T00:49:27Z,,,,,,,,1,1,,1,1,MJ,https://statsapi.mlb.com/api/v1.1/game/824384/feed/live,https://www.mlb.com/official-information/scoring-changes,https://baseballsavant.mlb.com/sporty-videos?playId=04a5adbc-89fc-3ff8-b228-93b06f1b79eb
2026-09-30T04:08:46Z,824384,2026-09-15,CWS @ CLE,1,bottom,7,04a5adbc-89fc-3ff8-b228-93b06f1b79eb,Travis Bazzana,overturned,0,1,2026-09-30T00:49:27Z,scored,0,2026-09-30T00:49:27Z,,,,,,,,1,1,,1,1,MJ,https://statsapi.mlb.com/api/v1.1/game/824384/feed/live,https://www.mlb.com/official-information/scoring-changes,https://baseballsavant.mlb.com/sporty-videos?playId=04a5adbc-89fc-3ff8-b228-93b06f1b79eb
2026-09-30T04:08:46Z,824384,2026-09-15,CWS @ CLE,1,bottom,7,04a5adbc-89fc-3ff8-b228-93b06f1b79eb,Travis Bazzana,review_type,,MJ,2026-09-30T00:49:27Z,scored,0,2026-09-30T00:49:27Z,,,,,,,,1,1,,1,1,MJ,https://statsapi.mlb.com/api/v1.1/game/824384/feed/live,https://www.mlb.com/official-information/scoring-changes,https://baseballsavant.mlb.com/sporty-videos?playId=04a5adbc-89fc-3ff8-b228-93b06f1b79eb
2026-09-30T04:08:46Z,824384,2026-09-15,CWS @ CLE,5,top,35,a206cc1c-70be-3f5f-8f9e-f9391e9d80b5,Chase Meidroth,reviewed,0,1,2026-09-30T00:49:27Z,scored,0,2026-09-30T00:49:27Z,,,,,,,,0,0,,1,1,MJ,https://statsapi.mlb.com/api/v1.1/game/824384/feed/live,https://www.mlb.com/official-information/scoring-changes,https://baseballsavant.mlb.com/sporty-videos?playId=a206cc1c-70be-3f5f-8f9e-f9391e9d80b5
2026-09-30T04:08:46Z,824384,2026-09-15,CWS @ CLE,5,top,35,a206cc1c-70be-3f5f-8f9e-f9391e9d80b5,Chase Meidroth,overturned,0,1,2026-09-30T00:49:27Z,scored,0,2026-09-30T00:49:27Z,,,,,,,,0,0,,1,1,MJ,https://statsapi.mlb.com/api/v1.1/game/824384/feed/live,https://www.mlb.com/official-information/scoring-changes,https://baseballsavant.mlb.com/sporty-videos?playId=a206cc1c-70be-3f5f-8f9e-f9391e9d80b5
2026-09-30T04:08:46Z,824384,2026-09-15,CWS @ CLE,5,top,35,a206cc1c-70be-3f5f-8f9e-f9391e9d80b5,Chase Meidroth,review_type,,MJ,2026-09-30T00:49:27Z,scored,0,2026-09-30T00:49:27Z,,,,,,,,0,0,,1,1,MJ,https://statsapi.mlb.com/api/v1.1/game/824384/feed/live,https://www.mlb.com/official-information/scoring-changes,https://baseballsavant.mlb.com/sporty-videos?playId=a206cc1c-70be-3f5f-8f9e-f9391e9d80b5
2026-09-30T04:08:46Z,824384,2026-09-15,CWS @ CLE,5,bottom,40,ba99e202-da52-3a44-a0f7-bfc5a948638b,Brayan Rocchio,reviewed,0,1,2026-09-30T00:49:27Z,scored,0,2026-09-30T00:49:27Z,,,,,,,,0,0,,1,1,MJ,https://statsapi.mlb.com/api/v1.1/game/824384/feed/live,https://www.mlb.com/official-information/scoring-changes,https://baseballsavant.mlb.com/sporty-videos?playId=ba99e202-da52-3a44-a0f7-bfc5a948638b
2026-09-30T04:08:46Z,824384,2026-09-15,CWS @ CLE,5,bottom,40,ba99e202-da52-3a44-a0f7-bfc5a948638b,Brayan Rocchio,overturned,0,1,2026-09-30T00:49:27Z,scored,0,2026-09-30T00:49:27Z,,,,,,,,0,0,,1,1,MJ,https://statsapi.mlb.com/api/v1.1/game/824384/feed/live,https://www.mlb.com/official-information/scoring-changes,https://baseballsavant.mlb.com/sporty-videos?playId=ba99e202-da52-3a44-a0f7-bfc5a948638b
2026-09-30T04:08:46Z,824384,2026-09-15,CWS @ CLE,5,bottom,40,ba99e202-da52-3a44-a0f7-bfc5a948638b,Brayan Rocchio,review_type,,MJ,2026-09-30T00:49:27Z,scored,0,2026-09-30T00:49:27Z,,,,,,,,0,0,,1,1,MJ,https://statsapi.mlb.com/api/v1.1/game/824384/feed/live,https://www.mlb.com/official-information/scoring-changes,https://baseballsavant.mlb.com/sporty-videos?playId=ba99e202-da52-3a44-a0f7-bfc5a948638b
2026-09-30T04:08:46Z,824384,2026-09-15,CWS @ CLE,9,top,71,14dcefaf-dc3d-3e5d-b5f1-ffddf85ccf6e,Braden Montgomery,reviewed,0,1,2026-09-30T00:49:27Z,scored,0,2026-09-30T00:49:27Z,,,,,,,,0,0,,1,0,MJ,https://statsapi.mlb.com/api/v1.1/game/824384/feed/live,https://www.mlb.com/official-information/scoring-changes,https://baseballsavant.mlb.com/sporty-videos?playId=14dcefaf-dc3d-3e5d-b5f1-ffddf85ccf6e
2026-09-30T04:08:46Z,824384,2026-09-15,CWS @ CLE,9,top,71,14dcefaf-dc3d-3e5d-b5f1-ffddf85ccf6e,Braden Montgomery,review_type,,MJ,2026-09-30T00:49:27Z,scored,0,2026-09-30T00:49:27Z,,,,,,,,0,0,,1,0,MJ,https://statsapi.mlb.com/api/v1.1/game/824384/feed/live,https://www.mlb.com/official-information/scoring-changes,https://baseballsavant.mlb.com/sporty-videos?playId=14dcefaf-dc3d-3e5d-b5f1-ffddf85ccf6e
2026-09-30T04:08:46Z,822683,2026-09-15,PHI @ WSH,1,top,1,9bfa6a16-9315-3466-b3fb-77ff8f73b44d,Trea Turner,reviewed,0,1,2026-09-30T00:49:27Z,scored,0,2026-09-30T00:49:27Z,,,,,,,,0,0,,1,1,MJ,https://statsapi.mlb.com/api/v1.1/game/822683/feed/live,https://www.mlb.com/official-information/scoring-changes,https://baseballsavant.mlb.com/sporty-videos?playId=9bfa6a16-9315-3466-b3fb-77ff8f73b44d
2026-09-30T04:08:46Z,822683,2026-09-15,PHI @ WSH,1,top,1,9bfa6a16-9315-3466-b3fb-77ff8f73b44d,Trea Turner,overturned,0,1,2026-09-30T00:49:27Z,scored,0,2026-09-30T00:49:27Z,,,,,,,,0,0,,1,1,MJ,https://statsapi.mlb.com/api/v1.1/game/822683/feed/live,https://www.mlb.com/official-information/scoring-changes,https://baseballsavant.mlb.com/sporty-videos?playId=9bfa6a16-9315-3466-b3fb-77ff8f73b44d
2026-09-30T04:08:46Z,822683,2026-09-15,PHI @ WSH,1,top,1,9bfa6a16-9315-3466-b3fb-77ff8f73b44d,Trea Turner,review_type,,MJ,2026-09-30T00:49:27Z,scored,0,2026-09-30T00:49:27Z,,,,,,,,0,0,,1,1,MJ,https://statsapi.mlb.com/api/v1.1/game/822683/feed/live,https://www.mlb.com/official-information/scoring-changes,https://baseballsavant.mlb.com/sporty-videos?playId=9bfa6a16-9315-3466-b3fb-77ff8f73b44d
2026-09-30T04:08:46Z,822683,2026-09-15,PHI @ WSH,2,top,14,1c3a5222-9e31-3815-ac22-9db03a916e10,J.T. Realmuto,reviewed,0,1,2026-09-30T00:49:27Z,scored,0,2026-09-30T00:49:27Z,,,,,,,,0,0,,1,1,MJ,https://statsapi.mlb.com/api/v1.1/game/822683/feed/live,https://www.mlb.com/official-information/scoring-changes,https://baseballsavant.mlb.com/sporty-videos?playId=1c3a5222-9e31-3815-ac22-9db03a916e10
2026-09-30T04:08:46Z,822683,2026-09-15,PHI @ WSH,2,top,14,1c3a5222-9e31-3815-ac22-9db03a916e10,J.T. Realmuto,overturned,0,1,2026-09-30T00:49:27Z,scored,0,2026-09-30T00:49:27Z,,,,,,,,0,0,,1,1,MJ,https://statsapi.mlb.com/api/v1.1/game/822683/feed/live,https://www.mlb.com/official-information/scoring-changes,https://baseballsavant.mlb.com/sporty-videos?playId=1c3a5222-9e31-3815-ac22-9db03a916e10
2026-09-30T04:08:46Z,822683,2026-09-15,PHI @ WSH,2,top,14,1c3a5222-9e31-3815-ac22-9db03a916e10,J.T. Realmuto,review_type,,MJ,2026-09-30T00:49:27Z,scored,0,2026-09-30T00:49:27Z,,,,,,,,0,0,,1,1,MJ,https://statsapi.mlb.com/api/v1.1/game/822683/feed/live,https://www.mlb.com/official-information/scoring-changes,https://baseballsavant.mlb.com/sporty-videos?playId=1c3a5222-9e31-3815-ac22-9db03a916e10
2026-09-30T04:08:46Z,822683,2026-09-15,PHI @ WSH,5,bottom,40,91ecba6e-34ef-3688-b20e-7f5e2d14a940,Dylan Crews,reviewed,0,1,2026-09-30T00:49:27Z,scored,0,2026-09-30T00:49:27Z,,,,,,,,0,0,,1,1,MA,https://statsapi.mlb.com/api/v1.1/game/822683/feed/live,https://www.mlb.com/official-information/scoring-changes,https://baseballsavant.mlb.com/sporty-videos?playId=91ecba6e-34ef-3688-b20e-7f5e2d14a940
2026-09-30T04:08:46Z,822683,2026-09-15,PHI @ WSH,5,bottom,40,91ecba6e-34ef-3688-b20e-7f5e2d14a940,Dylan Crews,overturned,0,1,2026-09-30T00:49:27Z,scored,0,2026-09-30T00:49:27Z,,,,,,,,0,0,,1,1,MA,https://statsapi.mlb.com/api/v1.1/game/822683/feed/live,https://www.mlb.com/official-information/scoring-changes,https://baseballsavant.mlb.com/sporty-videos?playId=91ecba6e-34ef-3688-b20e-7f5e2d14a940
2026-09-30T04:08:46Z,822683,2026-09-15,PHI @ WSH,5,bottom,40,91ecba6e-34ef-3688-b20e-7f5e2d14a940,Dylan Crews,review_type,,MA,2026-09-30T00:49:27Z,scored,0,2026-09-30T00:49:27Z,,,,,,,,0,0,,1,1,MA,https://statsapi.mlb.com/api/v1.1/game/822683/feed/live,https://www.mlb.com/official-information/scoring-changes,https://baseballsavant.mlb.com/sporty-videos?playId=91ecba6e-34ef-3688-b20e-7f5e2d14a940
2026-09-30T04:08:46Z,822683,2026-09-15,PHI @ WSH,9,top,67,3bd248c8-6be9-3189-9c09-87591c9aa7e3,J.T. Realmuto,reviewed,0,1,2026-09-30T00:49:27Z,scored,0,2026-09-30T00:49:27Z,,,,,,,,0,0,,1,1,MJ,https://statsapi.mlb.com/api/v1.1/game/822683/feed/live,https://www.mlb.com/official-information/scoring-changes,https://baseballsavant.mlb.com/sporty-videos?playId=3bd248c8-6be9-3189-9c09-87591c9aa7e3
2026-09-30T04:08:46Z,822683,2026-09-15,PHI @ WSH,9,top,67,3bd248c8-6be9-3189-9c09-87591c9aa7e3,J.T. Realmuto,overturned,0,1,2026-09-30T00:49:27Z,scored,0,2026-09-30T00:49:27Z,,,,,,,,0,0,,1,1,MJ,https://statsapi.mlb.com/api/v1.1/game/822683/feed/live,https://www.mlb.com/official-information/scoring-changes,https://baseballsavant.mlb.com/sporty-videos?playId=3bd248c8-6be9-3189-9c09-87591c9aa7e3
2026-09-30T04:08:46Z,822683,2026-09-15,PHI @ WSH,9,top,67,3bd248c8-6be9-3189-9c09-87591c9aa7e3,J.T. Realmuto,review_type,,MJ,2026-09-30T00:49:27Z,scored,0,2026-09-30T00:49:27Z,,,,,,,,0,0,,1,1,MJ,https://statsapi.mlb.com/api/v1.1/game/822683/feed/live,https://www.mlb.com/official-information/scoring-changes,https://baseballsavant.mlb.com/sporty-videos?playId=3bd248c8-6be9-3189-9c09-87591c9aa7e3
2026-09-30T04:08:46Z,822762,2026-09-15,DET @ TOR,5,bottom,39,837cc625-4792-3d06-b164-3383f9719940,Josh Smith,reviewed,0,1,2026-09-30T00:49:27Z,scored,0,2026-09-30T00:49:27Z,,,,,,,,0,0,,1,1,MJ,https://statsapi.mlb.com/api/v1.1/game/822762/feed/live,https://www.mlb.com/official-information/scoring-changes,https://baseballsavant.mlb.com/sporty-videos?playId=837cc625-4792-3d06-b164-3383f9719940
2026-09-30T04:08:46Z,822762,2026-09-15,DET @ TOR,5,bottom,39,837cc625-4792-3d06-b164-3383f9719940,Josh Smith,overturned,0,1,2026-09-30T00:49:27Z,scored,0,2026-09-30T00:49:27Z,,,,,,,,0,0,,1,1,MJ,https://statsapi.mlb.com/api/v1.1/game/822762/feed/live,https://www.mlb.com/official-information/scoring-changes,https://baseballsavant.mlb.com/sporty-videos?playId=837cc625-4792-3d06-b164-3383f9719940
2026-09-30T04:08:46Z,822762,2026-09-15,DET @ TOR,5,bottom,39,837cc625-4792-3d06-b164-3383f9719940,Josh Smith,review_type,,MJ,2026-09-30T00:49:27Z,scored,0,2026-09-30T00:49:27Z,,,,,,,,0,0,,1,1,MJ,https://statsapi.mlb.com/api/v1.1/game/822762/feed/live,https://www.mlb.com/official-information/scoring-changes,https://baseballsavant.mlb.com/sporty-videos?playId=837cc625-4792-3d06-b164-3383f9719940
2026-09-30T04:08:46Z,823574,2026-09-15,BAL @ NYM,1,bottom,5,57d8fcbe-9de7-310f-b96a-f71669c582c5,Bo Bichette,reviewed,0,1,2026-09-30T00:49:27Z,scored,0,2026-09-30T00:49:27Z,,,,,,,,0,0,,1,1,MJ,https://statsapi.mlb.com/api/v1.1/game/823574/feed/live,https://www.mlb.com/official-information/scoring-changes,https://baseballsavant.mlb.com/sporty-videos?playId=57d8fcbe-9de7-310f-b96a-f71669c582c5
2026-09-30T04:08:46Z,823574,2026-09-15,BAL @ NYM,1,bottom,5,57d8fcbe-9de7-310f-b96a-f71669c582c5,Bo Bichette,overturned,0,1,2026-09-30T00:49:27Z,scored,0,2026-09-30T00:49:27Z,,,,,,,,0,0,,1,1,MJ,https://statsapi.mlb.com/api/v1.1/game/823574/feed/live,https://www.mlb.com/official-information/scoring-changes,https://baseballsavant.mlb.com/sporty-videos?playId=57d8fcbe-9de7-310f-b96a-f71669c582c5
2026-09-30T04:08:46Z,823574,2026-09-15,BAL @ NYM,1,bottom,5,57d8fcbe-9de7-310f-b96a-f71669c582c5,Bo Bichette,review_type,,MJ,2026-09-30T00:49:27Z,scored,0,2026-09-30T00:49:27Z,,,,,,,,0,0,,1,1,MJ,https://statsapi.mlb.com/api/v1.1/game/823574/feed/live,https://www.mlb.com/official-information/scoring-changes,https://baseballsavant.mlb.com/sporty-videos?playId=57d8fcbe-9de7-310f-b96a-f71669c582c5
2026-09-30T04:08:46Z,823574,2026-09-15,BAL @ NYM,2,top,9,4e6ad070-b019-38ac-a908-013978425f3f,Christian Encarnacion-Strand,reviewed,0,1,2026-09-30T00:49:27Z,scored,0,2026-09-30T00:49:27Z,,,,,,,,1,1,,1,0,MJ,https://statsapi.mlb.com/api/v1.1/game/823574/feed/live,https://www.mlb.com/official-information/scoring-changes,https://baseballsavant.mlb.com/sporty-videos?playId=4e6ad070-b019-38ac-a908-013978425f3f
2026-09-30T04:08:46Z,823574,2026-09-15,BAL @ NYM,2,top,9,4e6ad070-b019-38ac-a908-013978425f3f,Christian Encarnacion-Strand,review_type,,MJ,2026-09-30T00:49:27Z,scored,0,2026-09-30T00:49:27Z,,,,,,,,1,1,,1,0,MJ,https://statsapi.mlb.com/api/v1.1/game/823574/feed/live,https://www.mlb.com/official-information/scoring-changes,https://baseballsavant.mlb.com/sporty-videos?playId=4e6ad070-b019-38ac-a908-013978425f3f
2026-09-30T04:08:46Z,824627,2026-09-15,ATL @ CHC,8,bottom,65,06964aa3-dc0a-3093-b72c-f531acd90f7e,Michael Busch,reviewed,0,1,2026-09-30T00:49:27Z,scored,0,2026-09-30T00:49:27Z,,,,,,,,0,0,,1,0,MJ,https://statsapi.mlb.com/api/v1.1/game/824627/feed/live,https://www.mlb.com/official-information/scoring-changes,https://baseballsavant.mlb.com/sporty-videos?playId=06964aa3-dc0a-3093-b72c-f531acd90f7e
2026-09-30T04:08:46Z,824627,2026-09-15,ATL @ CHC,8,bottom,65,06964aa3-dc0a-3093-b72c-f531acd90f7e,Michael Busch,review_type,,MJ,2026-09-30T00:49:27Z,scored,0,2026-09-30T00:49:27Z,,,,,,,,0,0,,1,0,MJ,https://statsapi.mlb.com/api/v1.1/game/824627/feed/live,https://www.mlb.com/official-information/scoring-changes,https://baseballsavant.mlb.com/sporty-videos?playId=06964aa3-dc0a-3093-b72c-f531acd90f7e
2026-09-30T04:08:46Z,824627,2026-09-15,ATL @ CHC,9,top,70,5179b21d-553c-37c7-aeeb-45d71a019acc,Drake Baldwin,reviewed,0,1,2026-09-30T00:49:27Z,scored,0,2026-09-30T00:49:27Z,,,,,,,,2,2,,1,1,MA,https://statsapi.mlb.com/api/v1.1/game/824627/feed/live,https://www.mlb.com/official-information/scoring-changes,https://baseballsavant.mlb.com/sporty-videos?playId=5179b21d-553c-37c7-aeeb-45d71a019acc
2026-09-30T04:08:46Z,824627,2026-09-15,ATL @ CHC,9,top,70,5179b21d-553c-37c7-aeeb-45d71a019acc,Drake Baldwin,overturned,0,1,2026-09-30T00:49:27Z,scored,0,2026-09-30T00:49:27Z,,,,,,,,2,2,,1,1,MA,https://statsapi.mlb.com/api/v1.1/game/824627/feed/live,https://www.mlb.com/official-information/scoring-changes,https://baseballsavant.mlb.com/sporty-videos?playId=5179b21d-553c-37c7-aeeb-45d71a019acc
2026-09-30T04:08:46Z,824627,2026-09-15,ATL @ CHC,9,top,70,5179b21d-553c-37c7-aeeb-45d71a019acc,Drake Baldwin,review_type,,MA,2026-09-30T00:49:27Z,scored,0,2026-09-30T00:49:27Z,,,,,,,,2,2,,1,1,MA,https://statsapi.mlb.com/api/v1.1/game/824627/feed/live,https://www.mlb.com/official-information/scoring-changes,https://baseballsavant.mlb.com/sporty-videos?playId=5179b21d-553c-37c7-aeeb-45d71a019acc
2026-09-30T04:08:46Z,823654,2026-09-15,NYY @ MIN,6,top,50,6b2d1699-f09f-38b3-a535-3af601602514,Spencer Jones,reviewed,0,1,2026-09-30T00:49:27Z,scored,0,2026-09-30T00:49:27Z,,,,,,,,3,3,,1,0,MJ,https://statsapi.mlb.com/api/v1.1/game/823654/feed/live,https://www.mlb.com/official-information/scoring-changes,https://baseballsavant.mlb.com/sporty-videos?playId=6b2d1699-f09f-38b3-a535-3af601602514
2026-09-30T04:08:46Z,823654,2026-09-15,NYY @ MIN,6,top,50,6b2d1699-f09f-38b3-a535-3af601602514,Spencer Jones,review_type,,MJ,2026-09-30T00:49:27Z,scored,0,2026-09-30T00:49:27Z,,,,,,,,3,3,,1,0,MJ,https://statsapi.mlb.com/api/v1.1/game/823654/feed/live,https://www.mlb.com/official-information/scoring-changes,https://baseballsavant.mlb.com/sporty-videos?playId=6b2d1699-f09f-38b3-a535-3af601602514
2026-09-30T04:08:46Z,823654,2026-09-15,NYY @ MIN,6,bottom,54,a50bbbc6-c13d-39f5-ba3f-4958e444fc60,Josh Bell,reviewed,0,1,2026-09-30T00:49:27Z,scored,0,2026-09-30T00:49:27Z,,,,,,,,0,0,,1,1,MJ,https://statsapi.mlb.com/api/v1.1/game/823654/feed/live,https://www.mlb.com/official-information/scoring-changes,https://baseballsavant.mlb.com/sporty-videos?playId=a50bbbc6-c13d-39f5-ba3f-4958e444fc60
2026-09-30T04:08:46Z,823654,2026-09-15,NYY @ MIN,6,bottom,54,a50bbbc6-c13d-39f5-ba3f-4958e444fc60,Josh Bell,overturned,0,1,2026-09-30T00:49:27Z,scored,0,2026-09-30T00:49:27Z,,,,,,,,0,0,,1,1,MJ,https://statsapi.mlb.com/api/v1.1/game/823654/feed/live,https://www.mlb.com/official-information/scoring-changes,https://baseballsavant.mlb.com/sporty-videos?playId=a50bbbc6-c13d-39f5-ba3f-4958e444fc60
2026-09-30T04:08:46Z,823654,2026-09-15,NYY @ MIN,6,bottom,54,a50bbbc6-c13d-39f5-ba3f-4958e444fc60,Josh Bell,review_type,,MJ,2026-09-30T00:49:27Z,scored,0,2026-09-30T00:49:27Z,,,,,,,,0,0,,1,1,MJ,https://statsapi.mlb.com/api/v1.1/game/823654/feed/live,https://www.mlb.com/official-information/scoring-changes,https://baseballsavant.mlb.com/sporty-videos?playId=a50bbbc6-c13d-39f5-ba3f-4958e444fc60
2026-09-30T04:08:46Z,823654,2026-09-15,NYY @ MIN,8,bottom,67,22482b16-ce99-3086-bda4-2c27956158d8,Emmanuel Rodriguez,reviewed,0,1,2026-09-30T00:49:27Z,scored,0,2026-09-30T00:49:27Z,,,,,,,,0,0,,1,0,NH,https://statsapi.mlb.com/api/v1.1/game/823654/feed/live,https://www.mlb.com/official-information/scoring-changes,https://baseballsavant.mlb.com/sporty-videos?playId=22482b16-ce99-3086-bda4-2c27956158d8
2026-09-30T04:08:46Z,823654,2026-09-15,NYY @ MIN,8,bottom,67,22482b16-ce99-3086-bda4-2c27956158d8,Emmanuel Rodriguez,review_type,,NH,2026-09-30T00:49:27Z,scored,0,2026-09-30T00:49:27Z,,,,,,,,0,0,,1,0,NH,https://statsapi.mlb.com/api/v1.1/game/823654/feed/live,https://www.mlb.com/official-information/scoring-changes,https://baseballsavant.mlb.com/sporty-videos?playId=22482b16-ce99-3086-bda4-2c27956158d8
2026-09-30T04:08:46Z,823654,2026-09-15,NYY @ MIN,9,top,75,49224bb9-96e8-36d1-ac40-353640952df3,Ben Rice,reviewed,0,1,2026-09-30T00:49:27Z,scored,0,2026-09-30T00:49:27Z,,,,,,,,0,0,,1,0,MJ,https://statsapi.mlb.com/api/v1.1/game/823654/feed/live,https://www.mlb.com/official-information/scoring-changes,https://baseballsavant.mlb.com/sporty-videos?playId=49224bb9-96e8-36d1-ac40-353640952df3
2026-09-30T04:08:46Z,823654,2026-09-15,NYY @ MIN,9,top,75,49224bb9-96e8-36d1-ac40-353640952df3,Ben Rice,review_type,,MJ,2026-09-30T00:49:27Z,scored,0,2026-09-30T00:49:27Z,,,,,,,,0,0,,1,0,MJ,https://statsapi.mlb.com/api/v1.1/game/823654/feed/live,https://www.mlb.com/official-information/scoring-changes,https://baseballsavant.mlb.com/sporty-videos?playId=49224bb9-96e8-36d1-ac40-353640952df3
2026-09-30T04:08:46Z,823007,2026-09-15,SF @ STL,3,top,23,3ccbea33-51ac-3851-839a-87ddc402b495,Grant McCray,reviewed,0,1,2026-09-30T00:49:27Z,scored,0,2026-09-30T00:49:27Z,,,,,,,,1,1,,1,1,MJ,https://statsapi.mlb.com/api/v1.1/game/823007/feed/live,https://www.mlb.com/official-information/scoring-changes,https://baseballsavant.mlb.com/sporty-videos?playId=3ccbea33-51ac-3851-839a-87ddc402b495
2026-09-30T04:08:46Z,823007,2026-09-15,SF @ STL,3,top,23,3ccbea33-51ac-3851-839a-87ddc402b495,Grant McCray,overturned,0,1,2026-09-30T00:49:27Z,scored,0,2026-09-30T00:49:27Z,,,,,,,,1,1,,1,1,MJ,https://statsapi.mlb.com/api/v1.1/game/823007/feed/live,https://www.mlb.com/official-information/scoring-changes,https://baseballsavant.mlb.com/sporty-videos?playId=3ccbea33-51ac-3851-839a-87ddc402b495
2026-09-30T04:08:46Z,823007,2026-09-15,SF @ STL,3,top,23,3ccbea33-51ac-3851-839a-87ddc402b495,Grant McCray,review_type,,MJ,2026-09-30T00:49:27Z,scored,0,2026-09-30T00:49:27Z,,,,,,,,1,1,,1,1,MJ,https://statsapi.mlb.com/api/v1.1/game/823007/feed/live,https://www.mlb.com/official-information/scoring-changes,https://baseballsavant.mlb.com/sporty-videos?playId=3ccbea33-51ac-3851-839a-87ddc402b495
2026-09-30T04:08:46Z,823007,2026-09-15,SF @ STL,8,top,61,3fdf7085-ca84-3eb5-8224-3dcbbd3c5130,Christian Koss,reviewed,0,1,2026-09-30T00:49:27Z,scored,0,2026-09-30T00:49:27Z,,,,,,,,0,0,,1,0,MJ,https://statsapi.mlb.com/api/v1.1/game/823007/feed/live,https://www.mlb.com/official-information/scoring-changes,https://baseballsavant.mlb.com/sporty-videos?playId=3fdf7085-ca84-3eb5-8224-3dcbbd3c5130
2026-09-30T04:08:46Z,823007,2026-09-15,SF @ STL,8,top,61,3fdf7085-ca84-3eb5-8224-3dcbbd3c5130,Christian Koss,review_type,,MJ,2026-09-30T00:49:27Z,scored,0,2026-09-30T00:49:27Z,,,,,,,,0,0,,1,0,MJ,https://statsapi.mlb.com/api/v1.1/game/823007/feed/live,https://www.mlb.com/official-information/scoring-changes,https://baseballsavant.mlb.com/sporty-videos?playId=3fdf7085-ca84-3eb5-8224-3dcbbd3c5130
2026-09-30T04:08:46Z,824307,2026-09-15,SD @ COL,3,bottom,30,3a2aed26-2d88-3d64-8c01-b7177184899f,Kyle Karros,reviewed,0,1,2026-09-30T00:49:27Z,scored,0,2026-09-30T00:49:27Z,,,,,,,,0,0,,1,0,MJ,https://statsapi.mlb.com/api/v1.1/game/824307/feed/live,https://www.mlb.com/official-information/scoring-changes,https://baseballsavant.mlb.com/sporty-videos?playId=3a2aed26-2d88-3d64-8c01-b7177184899f
2026-09-30T04:08:46Z,824307,2026-09-15,SD @ COL,3,bottom,30,3a2aed26-2d88-3d64-8c01-b7177184899f,Kyle Karros,review_type,,MJ,2026-09-30T00:49:27Z,scored,0,2026-09-30T00:49:27Z,,,,,,,,0,0,,1,0,MJ,https://statsapi.mlb.com/api/v1.1/game/824307/feed/live,https://www.mlb.com/official-information/scoring-changes,https://baseballsavant.mlb.com/sporty-videos?playId=3a2aed26-2d88-3d64-8c01-b7177184899f
2026-09-30T04:08:46Z,823980,2026-09-15,SEA @ LAA,6,bottom,49,7a6ec7ba-e8ce-30f7-9551-72c49d23fa56,Josh Lowe,reviewed,0,1,2026-09-30T00:49:27Z,scored,0,2026-09-30T00:49:27Z,,,,,,,,1,1,,1,1,MJ,https://statsapi.mlb.com/api/v1.1/game/823980/feed/live,https://www.mlb.com/official-information/scoring-changes,https://baseballsavant.mlb.com/sporty-videos?playId=7a6ec7ba-e8ce-30f7-9551-72c49d23fa56
2026-09-30T04:08:46Z,823980,2026-09-15,SEA @ LAA,6,bottom,49,7a6ec7ba-e8ce-30f7-9551-72c49d23fa56,Josh Lowe,overturned,0,1,2026-09-30T00:49:27Z,scored,0,2026-09-30T00:49:27Z,,,,,,,,1,1,,1,1,MJ,https://statsapi.mlb.com/api/v1.1/game/823980/feed/live,https://www.mlb.com/official-information/scoring-changes,https://baseballsavant.mlb.com/sporty-videos?playId=7a6ec7ba-e8ce-30f7-9551-72c49d23fa56
2026-09-30T04:08:46Z,823980,2026-09-15,SEA @ LAA,6,bottom,49,7a6ec7ba-e8ce-30f7-9551-72c49d23fa56,Josh Lowe,review_type,,MJ,2026-09-30T00:49:27Z,scored,0,2026-09-30T00:49:27Z,,,,,,,,1,1,,1,1,MJ,https://statsapi.mlb.com/api/v1.1/game/823980/feed/live,https://www.mlb.com/official-information/scoring-changes,https://baseballsavant.mlb.com/sporty-videos?playId=7a6ec7ba-e8ce-30f7-9551-72c49d23fa56
2026-09-30T04:08:46Z,823980,2026-09-15,SEA @ LAA,9,top,66,46b66c78-aa6e-3dc4-bfaf-346cd26c9c52,Josh Naylor,reviewed,0,1,2026-09-30T00:49:27Z,scored,0,2026-09-30T00:49:27Z,,,,,,,,0,0,,1,1,MJ,https://statsapi.mlb.com/api/v1.1/game/823980/feed/live,https://www.mlb.com/official-information/scoring-changes,https://baseballsavant.mlb.com/sporty-videos?playId=46b66c78-aa6e-3dc4-bfaf-346cd26c9c52
2026-09-30T04:08:46Z,823980,2026-09-15,SEA @ LAA,9,top,66,46b66c78-aa6e-3dc4-bfaf-346cd26c9c52,Josh Naylor,overturned,0,1,2026-09-30T00:49:27Z,scored,0,2026-09-30T00:49:27Z,,,,,,,,0,0,,1,1,MJ,https://statsapi.mlb.com/api/v1.1/game/823980/feed/live,https://www.mlb.com/official-information/scoring-changes,https://baseballsavant.mlb.com/sporty-videos?playId=46b66c78-aa6e-3dc4-bfaf-346cd26c9c52
2026-09-30T04:08:46Z,823980,2026-09-15,SEA @ LAA,9,top,66,46b66c78-aa6e-3dc4-bfaf-346cd26c9c52,Josh Naylor,review_type,,MJ,2026-09-30T00:49:27Z,scored,0,2026-09-30T00:49:27Z,,,,,,,,0,0,,1,1,MJ,https://statsapi.mlb.com/api/v1.1/game/823980/feed/live,https://www.mlb.com/official-information/scoring-changes,https://baseballsavant.mlb.com/sporty-videos?playId=46b66c78-aa6e-3dc4-bfaf-346cd26c9c52
2026-09-30T04:08:46Z,823004,2026-09-16,SF @ STL,9,top,70,956f431e-b2d6-3361-b7be-02fc1da91978,Bryce Eldridge,reviewed,0,1,2026-09-30T00:49:27Z,scored,0,2026-09-30T00:49:27Z,,,,,,,,0,0,,1,1,MA,https://statsapi.mlb.com/api/v1.1/game/823004/feed/live,https://www.mlb.com/official-information/scoring-changes,https://baseballsavant.mlb.com/sporty-videos?playId=956f431e-b2d6-3361-b7be-02fc1da91978
2026-09-30T04:08:46Z,823004,2026-09-16,SF @ STL,9,top,70,956f431e-b2d6-3361-b7be-02fc1da91978,Bryce Eldridge,overturned,0,1,2026-09-30T00:49:27Z,scored,0,2026-09-30T00:49:27Z,,,,,,,,0,0,,1,1,MA,https://statsapi.mlb.com/api/v1.1/game/823004/feed/live,https://www.mlb.com/official-information/scoring-changes,https://baseballsavant.mlb.com/sporty-videos?playId=956f431e-b2d6-3361-b7be-02fc1da91978
2026-09-30T04:08:46Z,823004,2026-09-16,SF @ STL,9,top,70,956f431e-b2d6-3361-b7be-02fc1da91978,Bryce Eldridge,review_type,,MA,2026-09-30T00:49:27Z,scored,0,2026-09-30T00:49:27Z,,,,,,,,0,0,,1,1,MA,https://statsapi.mlb.com/api/v1.1/game/823004/feed/live,https://www.mlb.com/official-information/scoring-changes,https://baseballsavant.mlb.com/sporty-videos?playId=956f431e-b2d6-3361-b7be-02fc1da91978
2026-09-30T04:08:46Z,823004,2026-09-16,SF @ STL,9,bottom,76,21aec2ce-e66a-3b54-a7f1-e230c6fb90ad,Leo Bernal,reviewed,0,1,2026-09-30T00:49:27Z,scored,0,2026-09-30T00:49:27Z,,,,,,,,1,1,,1,0,MJ,https://statsapi.mlb.com/api/v1.1/game/823004/feed/live,https://www.mlb.com/official-information/scoring-changes,https://baseballsavant.mlb.com/sporty-videos?playId=21aec2ce-e66a-3b54-a7f1-e230c6fb90ad
2026-09-30T04:08:46Z,823004,2026-09-16,SF @ STL,9,bottom,76,21aec2ce-e66a-3b54-a7f1-e230c6fb90ad,Leo Bernal,review_type,,MJ,2026-09-30T00:49:27Z,scored,0,2026-09-30T00:49:27Z,,,,,,,,1,1,,1,0,MJ,https://statsapi.mlb.com/api/v1.1/game/823004/feed/live,https://www.mlb.com/official-information/scoring-changes,https://baseballsavant.mlb.com/sporty-videos?playId=21aec2ce-e66a-3b54-a7f1-e230c6fb90ad
2026-09-30T04:08:46Z,823004,2026-09-16,SF @ STL,10,bottom,87,b975169a-f85c-3b40-9963-d7272cd9a3c7,Nathan Church,reviewed,0,1,2026-09-30T00:49:27Z,scored,0,2026-09-30T00:49:27Z,,,,,,,,0,0,,1,0,MJ,https://statsapi.mlb.com/api/v1.1/game/823004/feed/live,https://www.mlb.com/official-information/scoring-changes,https://baseballsavant.mlb.com/sporty-videos?playId=b975169a-f85c-3b40-9963-d7272cd9a3c7
2026-09-30T04:08:46Z,823004,2026-09-16,SF @ STL,10,bottom,87,b975169a-f85c-3b40-9963-d7272cd9a3c7,Nathan Church,review_type,,MJ,2026-09-30T00:49:27Z,scored,0,2026-09-30T00:49:27Z,,,,,,,,0,0,,1,0,MJ,https://statsapi.mlb.com/api/v1.1/game/823004/feed/live,https://www.mlb.com/official-information/scoring-changes,https://baseballsavant.mlb.com/sporty-videos?playId=b975169a-f85c-3b40-9963-d7272cd9a3c7
2026-09-30T04:08:46Z,823655,2026-09-16,NYY @ MIN,10,top,77,a8d3a343-6c80-32c2-9673-71948165a238,George Lombard Jr.,reviewed,0,1,2026-09-30T00:49:27Z,scored,0,2026-09-30T00:49:27Z,,,,,,,,0,0,,1,1,MJ,https://statsapi.mlb.com/api/v1.1/game/823655/feed/live,https://www.mlb.com/official-information/scoring-changes,https://baseballsavant.mlb.com/sporty-videos?playId=a8d3a343-6c80-32c2-9673-71948165a238
2026-09-30T04:08:46Z,823655,2026-09-16,NYY @ MIN,10,top,77,a8d3a343-6c80-32c2-9673-71948165a238,George Lombard Jr.,overturned,0,1,2026-09-30T00:49:27Z,scored,0,2026-09-30T00:49:27Z,,,,,,,,0,0,,1,1,MJ,https://statsapi.mlb.com/api/v1.1/game/823655/feed/live,https://www.mlb.com/official-information/scoring-changes,https://baseballsavant.mlb.com/sporty-videos?playId=a8d3a343-6c80-32c2-9673-71948165a238
2026-09-30T04:08:46Z,823655,2026-09-16,NYY @ MIN,10,top,77,a8d3a343-6c80-32c2-9673-71948165a238,George Lombard Jr.,review_type,,MJ,2026-09-30T00:49:27Z,scored,0,2026-09-30T00:49:27Z,,,,,,,,0,0,,1,1,MJ,https://statsapi.mlb.com/api/v1.1/game/823655/feed/live,https://www.mlb.com/official-information/scoring-changes,https://baseballsavant.mlb.com/sporty-videos?playId=a8d3a343-6c80-32c2-9673-71948165a238
2026-09-30T04:08:46Z,823655,2026-09-16,NYY @ MIN,10,bottom,78,5fb68e6a-d5e9-3b8a-9ede-3587867a94e2,Luke Keaschall,reviewed,0,1,2026-09-30T00:49:27Z,scored,0,2026-09-30T00:49:27Z,,,,,,,,1,1,,1,0,MJ,https://statsapi.mlb.com/api/v1.1/game/823655/feed/live,https://www.mlb.com/official-information/scoring-changes,https://baseballsavant.mlb.com/sporty-videos?playId=5fb68e6a-d5e9-3b8a-9ede-3587867a94e2
2026-09-30T04:08:46Z,823655,2026-09-16,NYY @ MIN,10,bottom,78,5fb68e6a-d5e9-3b8a-9ede-3587867a94e2,Luke Keaschall,review_type,,MJ,2026-09-30T00:49:27Z,scored,0,2026-09-30T00:49:27Z,,,,,,,,1,1,,1,0,MJ,https://statsapi.mlb.com/api/v1.1/game/823655/feed/live,https://www.mlb.com/official-information/scoring-changes,https://baseballsavant.mlb.com/sporty-videos?playId=5fb68e6a-d5e9-3b8a-9ede-3587867a94e2
2026-09-30T04:08:46Z,822763,2026-09-16,DET @ TOR,1,top,2,1a5010e6-c52c-3cef-b625-66d061871cb7,Colt Keith,reviewed,0,1,2026-09-30T00:49:27Z,scored,0,2026-09-30T00:49:27Z,,,,,,,,0,0,,1,0,MJ,https://statsapi.mlb.com/api/v1.1/game/822763/feed/live,https://www.mlb.com/official-information/scoring-changes,https://baseballsavant.mlb.com/sporty-videos?playId=1a5010e6-c52c-3cef-b625-66d061871cb7
2026-09-30T04:08:46Z,822763,2026-09-16,DET @ TOR,1,top,2,1a5010e6-c52c-3cef-b625-66d061871cb7,Colt Keith,review_type,,MJ,2026-09-30T00:49:27Z,scored,0,2026-09-30T00:49:27Z,,,,,,,,0,0,,1,0,MJ,https://statsapi.mlb.com/api/v1.1/game/822763/feed/live,https://www.mlb.com/official-information/scoring-changes,https://baseballsavant.mlb.com/sporty-videos?playId=1a5010e6-c52c-3cef-b625-66d061871cb7
2026-09-30T04:08:46Z,822763,2026-09-16,DET @ TOR,3,top,19,afe2a9e3-ac53-3dc2-9b36-a2d7c8fa975f,Kevin McGonigle,reviewed,0,1,2026-09-30T00:49:27Z,scored,0,2026-09-30T00:49:27Z,,,,,,,,0,0,,1,1,MJ,https://statsapi.mlb.com/api/v1.1/game/822763/feed/live,https://www.mlb.com/official-information/scoring-changes,https://baseballsavant.mlb.com/sporty-videos?playId=afe2a9e3-ac53-3dc2-9b36-a2d7c8fa975f
2026-09-30T04:08:46Z,822763,2026-09-16,DET @ TOR,3,top,19,afe2a9e3-ac53-3dc2-9b36-a2d7c8fa975f,Kevin McGonigle,overturned,0,1,2026-09-30T00:49:27Z,scored,0,2026-09-30T00:49:27Z,,,,,,,,0,0,,1,1,MJ,https://statsapi.mlb.com/api/v1.1/game/822763/feed/live,https://www.mlb.com/official-information/scoring-changes,https://baseballsavant.mlb.com/sporty-videos?playId=afe2a9e3-ac53-3dc2-9b36-a2d7c8fa975f
2026-09-30T04:08:46Z,822763,2026-09-16,DET @ TOR,3,top,19,afe2a9e3-ac53-3dc2-9b36-a2d7c8fa975f,Kevin McGonigle,review_type,,MJ,2026-09-30T00:49:27Z,scored,0,2026-09-30T00:49:27Z,,,,,,,,0,0,,1,1,MJ,https://statsapi.mlb.com/api/v1.1/game/822763/feed/live,https://www.mlb.com/official-information/scoring-changes,https://baseballsavant.mlb.com/sporty-videos?playId=afe2a9e3-ac53-3dc2-9b36-a2d7c8fa975f
2026-09-30T04:08:46Z,824467,2026-09-16,LAD @ CIN,1,top,1,9de3d65e-c5bb-3d4a-8c34-709dbc0b23d2,Mookie Betts,reviewed,0,1,2026-09-30T00:49:27Z,scored,0,2026-09-30T00:49:27Z,,,,,,,,0,0,,1,1,MJ,https://statsapi.mlb.com/api/v1.1/game/824467/feed/live,https://www.mlb.com/official-information/scoring-changes,https://baseballsavant.mlb.com/sporty-videos?playId=9de3d65e-c5bb-3d4a-8c34-709dbc0b23d2
2026-09-30T04:08:46Z,824467,2026-09-16,LAD @ CIN,1,top,1,9de3d65e-c5bb-3d4a-8c34-709dbc0b23d2,Mookie Betts,overturned,0,1,2026-09-30T00:49:27Z,scored,0,2026-09-30T00:49:27Z,,,,,,,,0,0,,1,1,MJ,https://statsapi.mlb.com/api/v1.1/game/824467/feed/live,https://www.mlb.com/official-information/scoring-changes,https://baseballsavant.mlb.com/sporty-videos?playId=9de3d65e-c5bb-3d4a-8c34-709dbc0b23d2
2026-09-30T04:08:46Z,824467,2026-09-16,LAD @ CIN,1,top,1,9de3d65e-c5bb-3d4a-8c34-709dbc0b23d2,Mookie Betts,review_type,,MJ,2026-09-30T00:49:27Z,scored,0,2026-09-30T00:49:27Z,,,,,,,,0,0,,1,1,MJ,https://statsapi.mlb.com/api/v1.1/game/824467/feed/live,https://www.mlb.com/official-information/scoring-changes,https://baseballsavant.mlb.com/sporty-videos?playId=9de3d65e-c5bb-3d4a-8c34-709dbc0b23d2
2026-09-30T04:08:46Z,824467,2026-09-16,LAD @ CIN,4,top,28,3491a5b3-71f3-3cd6-82da-d7eb99670deb,Kyle Tucker,reviewed,0,1,2026-09-30T00:49:27Z,scored,0,2026-09-30T00:49:27Z,,,,,,,,0,0,,1,0,MJ,https://statsapi.mlb.com/api/v1.1/game/824467/feed/live,https://www.mlb.com/official-information/scoring-changes,https://baseballsavant.mlb.com/sporty-videos?playId=3491a5b3-71f3-3cd6-82da-d7eb99670deb
2026-09-30T04:08:46Z,824467,2026-09-16,LAD @ CIN,4,top,28,3491a5b3-71f3-3cd6-82da-d7eb99670deb,Kyle Tucker,review_type,,MJ,2026-09-30T00:49:27Z,scored,0,2026-09-30T00:49:27Z,,,,,,,,0,0,,1,0,MJ,https://statsapi.mlb.com/api/v1.1/game/824467/feed/live,https://www.mlb.com/official-information/scoring-changes,https://baseballsavant.mlb.com/sporty-videos?playId=3491a5b3-71f3-3cd6-82da-d7eb99670deb
2026-09-30T04:08:46Z,822680,2026-09-16,PHI @ WSH,4,bottom,32,e5de1ce2-c49a-3c8f-a80b-8ec0d77ac77c,CJ Abrams,reviewed,0,1,2026-09-30T00:49:27Z,scored,0,2026-09-30T00:49:27Z,,,,,,,,0,0,,1,0,MJ,https://statsapi.mlb.com/api/v1.1/game/822680/feed/live,https://www.mlb.com/official-information/scoring-changes,https://baseballsavant.mlb.com/sporty-videos?playId=e5de1ce2-c49a-3c8f-a80b-8ec0d77ac77c
2026-09-30T04:08:46Z,822680,2026-09-16,PHI @ WSH,4,bottom,32,e5de1ce2-c49a-3c8f-a80b-8ec0d77ac77c,CJ Abrams,review_type,,MJ,2026-09-30T00:49:27Z,scored,0,2026-09-30T00:49:27Z,,,,,,,,0,0,,1,0,MJ,https://statsapi.mlb.com/api/v1.1/game/822680/feed/live,https://www.mlb.com/official-information/scoring-changes,https://baseballsavant.mlb.com/sporty-videos?playId=e5de1ce2-c49a-3c8f-a80b-8ec0d77ac77c
2026-09-30T04:08:46Z,823576,2026-09-16,BAL @ NYM,2,top,8,d044ed45-30e5-33ba-9731-aa8d43e93347,Christian Encarnacion-Strand,reviewed,0,1,2026-09-30T00:49:27Z,scored,0,2026-09-30T00:49:27Z,,,,,,,,0,0,,1,1,MJ,https://statsapi.mlb.com/api/v1.1/game/823576/feed/live,https://www.mlb.com/official-information/scoring-changes,https://baseballsavant.mlb.com/sporty-videos?playId=d044ed45-30e5-33ba-9731-aa8d43e93347
2026-09-30T04:08:46Z,823576,2026-09-16,BAL @ NYM,2,top,8,d044ed45-30e5-33ba-9731-aa8d43e93347,Christian Encarnacion-Strand,overturned,0,1,2026-09-30T00:49:27Z,scored,0,2026-09-30T00:49:27Z,,,,,,,,0,0,,1,1,MJ,https://statsapi.mlb.com/api/v1.1/game/823576/feed/live,https://www.mlb.com/official-information/scoring-changes,https://baseballsavant.mlb.com/sporty-videos?playId=d044ed45-30e5-33ba-9731-aa8d43e93347
2026-09-30T04:08:46Z,823576,2026-09-16,BAL @ NYM,2,top,8,d044ed45-30e5-33ba-9731-aa8d43e93347,Christian Encarnacion-Strand,review_type,,MJ,2026-09-30T00:49:27Z,scored,0,2026-09-30T00:49:27Z,,,,,,,,0,0,,1,1,MJ,https://statsapi.mlb.com/api/v1.1/game/823576/feed/live,https://www.mlb.com/official-information/scoring-changes,https://baseballsavant.mlb.com/sporty-videos?playId=d044ed45-30e5-33ba-9731-aa8d43e93347
2026-09-30T04:08:46Z,823576,2026-09-16,BAL @ NYM,6,bottom,46,05e00134-a5a4-3aa7-918d-805f8435b29a,Carson Benge,reviewed,0,1,2026-09-30T00:49:27Z,scored,0,2026-09-30T00:49:27Z,,,,,,,,0,0,,1,1,MJ,https://statsapi.mlb.com/api/v1.1/game/823576/feed/live,https://www.mlb.com/official-information/scoring-changes,https://baseballsavant.mlb.com/sporty-videos?playId=05e00134-a5a4-3aa7-918d-805f8435b29a
2026-09-30T04:08:46Z,823576,2026-09-16,BAL @ NYM,6,bottom,46,05e00134-a5a4-3aa7-918d-805f8435b29a,Carson Benge,overturned,0,1,2026-09-30T00:49:27Z,scored,0,2026-09-30T00:49:27Z,,,,,,,,0,0,,1,1,MJ,https://statsapi.mlb.com/api/v1.1/game/823576/feed/live,https://www.mlb.com/official-information/scoring-changes,https://baseballsavant.mlb.com/sporty-videos?playId=05e00134-a5a4-3aa7-918d-805f8435b29a
2026-09-30T04:08:46Z,823576,2026-09-16,BAL @ NYM,6,bottom,46,05e00134-a5a4-3aa7-918d-805f8435b29a,Carson Benge,review_type,,MJ,2026-09-30T00:49:27Z,scored,0,2026-09-30T00:49:27Z,,,,,,,,0,0,,1,1,MJ,https://statsapi.mlb.com/api/v1.1/game/823576/feed/live,https://www.mlb.com/official-information/scoring-changes,https://baseballsavant.mlb.com/sporty-videos?playId=05e00134-a5a4-3aa7-918d-805f8435b29a
2026-09-30T04:08:46Z,823576,2026-09-16,BAL @ NYM,9,bottom,71,1ddf6373-86ab-337e-856e-3c87a3329e2f,Brett Baty,reviewed,0,1,2026-09-30T00:49:27Z,scored,0,2026-09-30T00:49:27Z,,,,,,,,0,0,,1,1,MJ,https://statsapi.mlb.com/api/v1.1/game/823576/feed/live,https://www.mlb.com/official-information/scoring-changes,https://baseballsavant.mlb.com/sporty-videos?playId=1ddf6373-86ab-337e-856e-3c87a3329e2f
2026-09-30T04:08:46Z,823576,2026-09-16,BAL @ NYM,9,bottom,71,1ddf6373-86ab-337e-856e-3c87a3329e2f,Brett Baty,overturned,0,1,2026-09-30T00:49:27Z,scored,0,2026-09-30T00:49:27Z,,,,,,,,0,0,,1,1,MJ,https://statsapi.mlb.com/api/v1.1/game/823576/feed/live,https://www.mlb.com/official-information/scoring-changes,https://baseballsavant.mlb.com/sporty-videos?playId=1ddf6373-86ab-337e-856e-3c87a3329e2f
2026-09-30T04:08:46Z,823576,2026-09-16,BAL @ NYM,9,bottom,71,1ddf6373-86ab-337e-856e-3c87a3329e2f,Brett Baty,review_type,,MJ,2026-09-30T00:49:27Z,scored,0,2026-09-30T00:49:27Z,,,,,,,,0,0,,1,1,MJ,https://statsapi.mlb.com/api/v1.1/game/823576/feed/live,https://www.mlb.com/official-information/scoring-changes,https://baseballsavant.mlb.com/sporty-videos?playId=1ddf6373-86ab-337e-856e-3c87a3329e2f
2026-09-30T04:08:46Z,824626,2026-09-16,ATL @ CHC,1,top,4,1006fbb0-49dd-3ca7-895d-475b98f29c09,Michael Harris II,reviewed,0,1,2026-09-30T00:49:27Z,scored,0,2026-09-30T00:49:27Z,,,,,,,,0,0,,1,1,MJ,https://statsapi.mlb.com/api/v1.1/game/824626/feed/live,https://www.mlb.com/official-information/scoring-changes,https://baseballsavant.mlb.com/sporty-videos?playId=1006fbb0-49dd-3ca7-895d-475b98f29c09
2026-09-30T04:08:46Z,824626,2026-09-16,ATL @ CHC,1,top,4,1006fbb0-49dd-3ca7-895d-475b98f29c09,Michael Harris II,overturned,0,1,2026-09-30T00:49:27Z,scored,0,2026-09-30T00:49:27Z,,,,,,,,0,0,,1,1,MJ,https://statsapi.mlb.com/api/v1.1/game/824626/feed/live,https://www.mlb.com/official-information/scoring-changes,https://baseballsavant.mlb.com/sporty-videos?playId=1006fbb0-49dd-3ca7-895d-475b98f29c09
2026-09-30T04:08:46Z,824626,2026-09-16,ATL @ CHC,1,top,4,1006fbb0-49dd-3ca7-895d-475b98f29c09,Michael Harris II,review_type,,MJ,2026-09-30T00:49:27Z,scored,0,2026-09-30T00:49:27Z,,,,,,,,0,0,,1,1,MJ,https://statsapi.mlb.com/api/v1.1/game/824626/feed/live,https://www.mlb.com/official-information/scoring-changes,https://baseballsavant.mlb.com/sporty-videos?playId=1006fbb0-49dd-3ca7-895d-475b98f29c09
2026-09-30T04:08:46Z,824626,2026-09-16,ATL @ CHC,2,top,9,04d81a85-1928-34c6-b0b1-222d71f2d7df,Mauricio Dubón,reviewed,0,1,2026-09-30T00:49:27Z,scored,0,2026-09-30T00:49:27Z,,,,,,,,0,0,,1,1,MJ,https://statsapi.mlb.com/api/v1.1/game/824626/feed/live,https://www.mlb.com/official-information/scoring-changes,https://baseballsavant.mlb.com/sporty-videos?playId=04d81a85-1928-34c6-b0b1-222d71f2d7df
2026-09-30T04:08:46Z,824626,2026-09-16,ATL @ CHC,2,top,9,04d81a85-1928-34c6-b0b1-222d71f2d7df,Mauricio Dubón,overturned,0,1,2026-09-30T00:49:27Z,scored,0,2026-09-30T00:49:27Z,,,,,,,,0,0,,1,1,MJ,https://statsapi.mlb.com/api/v1.1/game/824626/feed/live,https://www.mlb.com/official-information/scoring-changes,https://baseballsavant.mlb.com/sporty-videos?playId=04d81a85-1928-34c6-b0b1-222d71f2d7df
2026-09-30T04:08:46Z,824626,2026-09-16,ATL @ CHC,2,top,9,04d81a85-1928-34c6-b0b1-222d71f2d7df,Mauricio Dubón,review_type,,MJ,2026-09-30T00:49:27Z,scored,0,2026-09-30T00:49:27Z,,,,,,,,0,0,,1,1,MJ,https://statsapi.mlb.com/api/v1.1/game/824626/feed/live,https://www.mlb.com/official-information/scoring-changes,https://baseballsavant.mlb.com/sporty-videos?playId=04d81a85-1928-34c6-b0b1-222d71f2d7df
2026-09-30T04:08:46Z,822846,2026-09-16,BOS @ TEX,1,top,3,73f2e54f-1ab6-3078-89ab-c8313c64110b,Willson Contreras,reviewed,0,1,2026-09-30T00:49:27Z,scored,0,2026-09-30T00:49:27Z,,,,,,,,2,2,,1,1,MJ,https://statsapi.mlb.com/api/v1.1/game/822846/feed/live,https://www.mlb.com/official-information/scoring-changes,https://baseballsavant.mlb.com/sporty-videos?playId=73f2e54f-1ab6-3078-89ab-c8313c64110b
2026-09-30T04:08:46Z,822846,2026-09-16,BOS @ TEX,1,top,3,73f2e54f-1ab6-3078-89ab-c8313c64110b,Willson Contreras,overturned,0,1,2026-09-30T00:49:27Z,scored,0,2026-09-30T00:49:27Z,,,,,,,,2,2,,1,1,MJ,https://statsapi.mlb.com/api/v1.1/game/822846/feed/live,https://www.mlb.com/official-information/scoring-changes,https://baseballsavant.mlb.com/sporty-videos?playId=73f2e54f-1ab6-3078-89ab-c8313c64110b
2026-09-30T04:08:46Z,822846,2026-09-16,BOS @ TEX,1,top,3,73f2e54f-1ab6-3078-89ab-c8313c64110b,Willson Contreras,review_type,,MJ,2026-09-30T00:49:27Z,scored,0,2026-09-30T00:49:27Z,,,,,,,,2,2,,1,1,MJ,https://statsapi.mlb.com/api/v1.1/game/822846/feed/live,https://www.mlb.com/official-information/scoring-changes,https://baseballsavant.mlb.com/sporty-videos?playId=73f2e54f-1ab6-3078-89ab-c8313c64110b
2026-09-30T04:08:46Z,822846,2026-09-16,BOS @ TEX,3,bottom,23,7993147f-3b0e-3810-8737-498ef3627ff0,Jake Burger,reviewed,0,1,2026-09-30T00:49:27Z,scored,0,2026-09-30T00:49:27Z,,,,,,,,0,0,,1,1,MJ,https://statsapi.mlb.com/api/v1.1/game/822846/feed/live,https://www.mlb.com/official-information/scoring-changes,https://baseballsavant.mlb.com/sporty-videos?playId=7993147f-3b0e-3810-8737-498ef3627ff0
2026-09-30T04:08:46Z,822846,2026-09-16,BOS @ TEX,3,bottom,23,7993147f-3b0e-3810-8737-498ef3627ff0,Jake Burger,overturned,0,1,2026-09-30T00:49:27Z,scored,0,2026-09-30T00:49:27Z,,,,,,,,0,0,,1,1,MJ,https://statsapi.mlb.com/api/v1.1/game/822846/feed/live,https://www.mlb.com/official-information/scoring-changes,https://baseballsavant.mlb.com/sporty-videos?playId=7993147f-3b0e-3810-8737-498ef3627ff0
2026-09-30T04:08:46Z,822846,2026-09-16,BOS @ TEX,3,bottom,23,7993147f-3b0e-3810-8737-498ef3627ff0,Jake Burger,review_type,,MJ,2026-09-30T00:49:27Z,scored,0,2026-09-30T00:49:27Z,,,,,,,,0,0,,1,1,MJ,https://statsapi.mlb.com/api/v1.1/game/822846/feed/live,https://www.mlb.com/official-information/scoring-changes,https://baseballsavant.mlb.com/sporty-videos?playId=7993147f-3b0e-3810-8737-498ef3627ff0
2026-09-30T04:08:46Z,822846,2026-09-16,BOS @ TEX,6,top,44,08d96335-e4b5-3a94-9509-ee76d049c946,Nick Sogard,reviewed,0,1,2026-09-30T00:49:27Z,scored,0,2026-09-30T00:49:27Z,,,,,,,,0,0,,1,1,MJ,https://statsapi.mlb.com/api/v1.1/game/822846/feed/live,https://www.mlb.com/official-information/scoring-changes,https://baseballsavant.mlb.com/sporty-videos?playId=08d96335-e4b5-3a94-9509-ee76d049c946
2026-09-30T04:08:46Z,822846,2026-09-16,BOS @ TEX,6,top,44,08d96335-e4b5-3a94-9509-ee76d049c946,Nick Sogard,overturned,0,1,2026-09-30T00:49:27Z,scored,0,2026-09-30T00:49:27Z,,,,,,,,0,0,,1,1,MJ,https://statsapi.mlb.com/api/v1.1/game/822846/feed/live,https://www.mlb.com/official-information/scoring-changes,https://baseballsavant.mlb.com/sporty-videos?playId=08d96335-e4b5-3a94-9509-ee76d049c946
2026-09-30T04:08:46Z,822846,2026-09-16,BOS @ TEX,6,top,44,08d96335-e4b5-3a94-9509-ee76d049c946,Nick Sogard,review_type,,MJ,2026-09-30T00:49:27Z,scored,0,2026-09-30T00:49:27Z,,,,,,,,0,0,,1,1,MJ,https://statsapi.mlb.com/api/v1.1/game/822846/feed/live,https://www.mlb.com/official-information/scoring-changes,https://baseballsavant.mlb.com/sporty-videos?playId=08d96335-e4b5-3a94-9509-ee76d049c946
2026-09-30T04:08:46Z,822846,2026-09-16,BOS @ TEX,8,bottom,65,bfad7d26-c415-372f-8788-6086522d3a59,Elias Díaz,reviewed,0,1,2026-09-30T00:49:27Z,scored,0,2026-09-30T00:49:27Z,,,,,,,,0,0,,1,1,MJ,https://statsapi.mlb.com/api/v1.1/game/822846/feed/live,https://www.mlb.com/official-information/scoring-changes,https://baseballsavant.mlb.com/sporty-videos?playId=bfad7d26-c415-372f-8788-6086522d3a59
2026-09-30T04:08:46Z,822846,2026-09-16,BOS @ TEX,8,bottom,65,bfad7d26-c415-372f-8788-6086522d3a59,Elias Díaz,overturned,0,1,2026-09-30T00:49:27Z,scored,0,2026-09-30T00:49:27Z,,,,,,,,0,0,,1,1,MJ,https://statsapi.mlb.com/api/v1.1/game/822846/feed/live,https://www.mlb.com/official-information/scoring-changes,https://baseballsavant.mlb.com/sporty-videos?playId=bfad7d26-c415-372f-8788-6086522d3a59
2026-09-30T04:08:46Z,822846,2026-09-16,BOS @ TEX,8,bottom,65,bfad7d26-c415-372f-8788-6086522d3a59,Elias Díaz,review_type,,MJ,2026-09-30T00:49:27Z,scored,0,2026-09-30T00:49:27Z,,,,,,,,0,0,,1,1,MJ,https://statsapi.mlb.com/api/v1.1/game/822846/feed/live,https://www.mlb.com/official-information/scoring-changes,https://baseballsavant.mlb.com/sporty-videos?playId=bfad7d26-c415-372f-8788-6086522d3a59
2026-09-30T04:08:46Z,824140,2026-09-16,KC @ HOU,1,bottom,5,5fc186fd-9d5a-3fe5-9538-c5c9918e192d,Jeremy Peña,reviewed,0,1,2026-09-30T00:49:27Z,scored,0,2026-09-30T00:49:27Z,,,,,,,,0,0,,1,1,MJ,https://statsapi.mlb.com/api/v1.1/game/824140/feed/live,https://www.mlb.com/official-information/scoring-changes,https://baseballsavant.mlb.com/sporty-videos?playId=5fc186fd-9d5a-3fe5-9538-c5c9918e192d
2026-09-30T04:08:46Z,824140,2026-09-16,KC @ HOU,1,bottom,5,5fc186fd-9d5a-3fe5-9538-c5c9918e192d,Jeremy Peña,overturned,0,1,2026-09-30T00:49:27Z,scored,0,2026-09-30T00:49:27Z,,,,,,,,0,0,,1,1,MJ,https://statsapi.mlb.com/api/v1.1/game/824140/feed/live,https://www.mlb.com/official-information/scoring-changes,https://baseballsavant.mlb.com/sporty-videos?playId=5fc186fd-9d5a-3fe5-9538-c5c9918e192d
2026-09-30T04:08:46Z,824140,2026-09-16,KC @ HOU,1,bottom,5,5fc186fd-9d5a-3fe5-9538-c5c9918e192d,Jeremy Peña,review_type,,MJ,2026-09-30T00:49:27Z,scored,0,2026-09-30T00:49:27Z,,,,,,,,0,0,,1,1,MJ,https://statsapi.mlb.com/api/v1.1/game/824140/feed/live,https://www.mlb.com/official-information/scoring-changes,https://baseballsavant.mlb.com/sporty-videos?playId=5fc186fd-9d5a-3fe5-9538-c5c9918e192d
2026-09-30T04:08:46Z,824140,2026-09-16,KC @ HOU,4,top,27,d94cb475-5a9e-3801-bb9c-47c9be0c3517,Josh Rojas,reviewed,0,1,2026-09-30T00:49:27Z,scored,0,2026-09-30T00:49:27Z,,,,,,,,0,0,,1,1,MJ,https://statsapi.mlb.com/api/v1.1/game/824140/feed/live,https://www.mlb.com/official-information/scoring-changes,https://baseballsavant.mlb.com/sporty-videos?playId=d94cb475-5a9e-3801-bb9c-47c9be0c3517
2026-09-30T04:08:46Z,824140,2026-09-16,KC @ HOU,4,top,27,d94cb475-5a9e-3801-bb9c-47c9be0c3517,Josh Rojas,overturned,0,1,2026-09-30T00:49:27Z,scored,0,2026-09-30T00:49:27Z,,,,,,,,0,0,,1,1,MJ,https://statsapi.mlb.com/api/v1.1/game/824140/feed/live,https://www.mlb.com/official-information/scoring-changes,https://baseballsavant.mlb.com/sporty-videos?playId=d94cb475-5a9e-3801-bb9c-47c9be0c3517
2026-09-30T04:08:46Z,824140,2026-09-16,KC @ HOU,4,top,27,d94cb475-5a9e-3801-bb9c-47c9be0c3517,Josh Rojas,review_type,,MJ,2026-09-30T00:49:27Z,scored,0,2026-09-30T00:49:27Z,,,,,,,,0,0,,1,1,MJ,https://statsapi.mlb.com/api/v1.1/game/824140/feed/live,https://www.mlb.com/official-information/scoring-changes,https://baseballsavant.mlb.com/sporty-videos?playId=d94cb475-5a9e-3801-bb9c-47c9be0c3517
2026-09-30T04:08:46Z,824306,2026-09-16,SD @ COL,1,top,2,24fef364-e181-3fe4-884b-c2fc89d7cf10,Manny Machado,reviewed,0,1,2026-09-30T00:49:27Z,scored,0,2026-09-30T00:49:27Z,,,,,,,,0,0,,1,1,MJ,https://statsapi.mlb.com/api/v1.1/game/824306/feed/live,https://www.mlb.com/official-information/scoring-changes,https://baseballsavant.mlb.com/sporty-videos?playId=24fef364-e181-3fe4-884b-c2fc89d7cf10
2026-09-30T04:08:46Z,824306,2026-09-16,SD @ COL,1,top,2,24fef364-e181-3fe4-884b-c2fc89d7cf10,Manny Machado,overturned,0,1,2026-09-30T00:49:27Z,scored,0,2026-09-30T00:49:27Z,,,,,,,,0,0,,1,1,MJ,https://statsapi.mlb.com/api/v1.1/game/824306/feed/live,https://www.mlb.com/official-information/scoring-changes,https://baseballsavant.mlb.com/sporty-videos?playId=24fef364-e181-3fe4-884b-c2fc89d7cf10
2026-09-30T04:08:46Z,824306,2026-09-16,SD @ COL,1,top,2,24fef364-e181-3fe4-884b-c2fc89d7cf10,Manny Machado,review_type,,MJ,2026-09-30T00:49:27Z,scored,0,2026-09-30T00:49:27Z,,,,,,,,0,0,,1,1,MJ,https://statsapi.mlb.com/api/v1.1/game/824306/feed/live,https://www.mlb.com/official-information/scoring-changes,https://baseballsavant.mlb.com/sporty-videos?playId=24fef364-e181-3fe4-884b-c2fc89d7cf10
2026-09-30T04:08:46Z,824306,2026-09-16,SD @ COL,4,top,30,6a4a1485-f12d-3b6d-87ad-63b68aed912c,Ethan Salas,reviewed,0,1,2026-09-30T00:49:27Z,scored,0,2026-09-30T00:49:27Z,,,,,,,,0,0,,1,1,MJ,https://statsapi.mlb.com/api/v1.1/game/824306/feed/live,https://www.mlb.com/official-information/scoring-changes,https://baseballsavant.mlb.com/sporty-videos?playId=6a4a1485-f12d-3b6d-87ad-63b68aed912c
2026-09-30T04:08:46Z,824306,2026-09-16,SD @ COL,4,top,30,6a4a1485-f12d-3b6d-87ad-63b68aed912c,Ethan Salas,overturned,0,1,2026-09-30T00:49:27Z,scored,0,2026-09-30T00:49:27Z,,,,,,,,0,0,,1,1,MJ,https://statsapi.mlb.com/api/v1.1/game/824306/feed/live,https://www.mlb.com/official-information/scoring-changes,https://baseballsavant.mlb.com/sporty-videos?playId=6a4a1485-f12d-3b6d-87ad-63b68aed912c
2026-09-30T04:08:46Z,824306,2026-09-16,SD @ COL,4,top,30,6a4a1485-f12d-3b6d-87ad-63b68aed912c,Ethan Salas,review_type,,MJ,2026-09-30T00:49:27Z,scored,0,2026-09-30T00:49:27Z,,,,,,,,0,0,,1,1,MJ,https://statsapi.mlb.com/api/v1.1/game/824306/feed/live,https://www.mlb.com/official-information/scoring-changes,https://baseballsavant.mlb.com/sporty-videos?playId=6a4a1485-f12d-3b6d-87ad-63b68aed912c
2026-09-30T04:08:46Z,823979,2026-09-16,SEA @ LAA,6,bottom,61,7b764107-347d-37e7-900a-dd5b686b447d,Wade Meckler,reviewed,0,1,2026-09-30T00:49:27Z,scored,0,2026-09-30T00:49:27Z,,,,,,,,0,0,,1,1,MJ,https://statsapi.mlb.com/api/v1.1/game/823979/feed/live,https://www.mlb.com/official-information/scoring-changes,https://baseballsavant.mlb.com/sporty-videos?playId=7b764107-347d-37e7-900a-dd5b686b447d
2026-09-30T04:08:46Z,823979,2026-09-16,SEA @ LAA,6,bottom,61,7b764107-347d-37e7-900a-dd5b686b447d,Wade Meckler,overturned,0,1,2026-09-30T00:49:27Z,scored,0,2026-09-30T00:49:27Z,,,,,,,,0,0,,1,1,MJ,https://statsapi.mlb.com/api/v1.1/game/823979/feed/live,https://www.mlb.com/official-information/scoring-changes,https://baseballsavant.mlb.com/sporty-videos?playId=7b764107-347d-37e7-900a-dd5b686b447d
2026-09-30T04:08:46Z,823979,2026-09-16,SEA @ LAA,6,bottom,61,7b764107-347d-37e7-900a-dd5b686b447d,Wade Meckler,review_type,,MJ,2026-09-30T00:49:27Z,scored,0,2026-09-30T00:49:27Z,,,,,,,,0,0,,1,1,MJ,https://statsapi.mlb.com/api/v1.1/game/823979/feed/live,https://www.mlb.com/official-information/scoring-changes,https://baseballsavant.mlb.com/sporty-videos?playId=7b764107-347d-37e7-900a-dd5b686b447d
2026-09-30T04:08:46Z,825031,2026-09-16,MIA @ AZ,2,top,14,69fcac62-917b-323b-8526-312ca488a99d,Esteury Ruiz,reviewed,0,1,2026-09-30T00:49:27Z,scored,0,2026-09-30T00:49:27Z,,,,,,,,0,0,,1,1,MJ,https://statsapi.mlb.com/api/v1.1/game/825031/feed/live,https://www.mlb.com/official-information/scoring-changes,https://baseballsavant.mlb.com/sporty-videos?playId=69fcac62-917b-323b-8526-312ca488a99d
2026-09-30T04:08:46Z,825031,2026-09-16,MIA @ AZ,2,top,14,69fcac62-917b-323b-8526-312ca488a99d,Esteury Ruiz,overturned,0,1,2026-09-30T00:49:27Z,scored,0,2026-09-30T00:49:27Z,,,,,,,,0,0,,1,1,MJ,https://statsapi.mlb.com/api/v1.1/game/825031/feed/live,https://www.mlb.com/official-information/scoring-changes,https://baseballsavant.mlb.com/sporty-videos?playId=69fcac62-917b-323b-8526-312ca488a99d
2026-09-30T04:08:46Z,825031,2026-09-16,MIA @ AZ,2,top,14,69fcac62-917b-323b-8526-312ca488a99d,Esteury Ruiz,review_type,,MJ,2026-09-30T00:49:27Z,scored,0,2026-09-30T00:49:27Z,,,,,,,,0,0,,1,1,MJ,https://statsapi.mlb.com/api/v1.1/game/825031/feed/live,https://www.mlb.com/official-information/scoring-changes,https://baseballsavant.mlb.com/sporty-videos?playId=69fcac62-917b-323b-8526-312ca488a99d
2026-09-30T04:08:46Z,825031,2026-09-16,MIA @ AZ,2,bottom,20,431e1c1a-99e2-332d-bc73-4311b5581307,Tim Tawa,reviewed,0,1,2026-09-30T00:49:27Z,scored,0,2026-09-30T00:49:27Z,,,,,,,,0,0,,1,1,MJ,https://statsapi.mlb.com/api/v1.1/game/825031/feed/live,https://www.mlb.com/official-information/scoring-changes,https://baseballsavant.mlb.com/sporty-videos?playId=431e1c1a-99e2-332d-bc73-4311b5581307
2026-09-30T04:08:46Z,825031,2026-09-16,MIA @ AZ,2,bottom,20,431e1c1a-99e2-332d-bc73-4311b5581307,Tim Tawa,overturned,0,1,2026-09-30T00:49:27Z,scored,0,2026-09-30T00:49:27Z,,,,,,,,0,0,,1,1,MJ,https://statsapi.mlb.com/api/v1.1/game/825031/feed/live,https://www.mlb.com/official-information/scoring-changes,https://baseballsavant.mlb.com/sporty-videos?playId=431e1c1a-99e2-332d-bc73-4311b5581307
2026-09-30T04:08:46Z,825031,2026-09-16,MIA @ AZ,2,bottom,20,431e1c1a-99e2-332d-bc73-4311b5581307,Tim Tawa,review_type,,MJ,2026-09-30T00:49:27Z,scored,0,2026-09-30T00:49:27Z,,,,,,,,0,0,,1,1,MJ,https://statsapi.mlb.com/api/v1.1/game/825031/feed/live,https://www.mlb.com/official-information/scoring-changes,https://baseballsavant.mlb.com/sporty-videos?playId=431e1c1a-99e2-332d-bc73-4311b5581307
2026-09-30T04:08:46Z,825031,2026-09-16,MIA @ AZ,2,bottom,21,24f0c4ab-7ea7-3683-94d5-bc86cf147bda,Lars Nootbaar,reviewed,0,1,2026-09-30T00:49:27Z,scored,0,2026-09-30T00:49:27Z,,,,,,,,0,0,,1,1,MJ,https://statsapi.mlb.com/api/v1.1/game/825031/feed/live,https://www.mlb.com/official-information/scoring-changes,https://baseballsavant.mlb.com/sporty-videos?playId=24f0c4ab-7ea7-3683-94d5-bc86cf147bda
2026-09-30T04:08:46Z,825031,2026-09-16,MIA @ AZ,2,bottom,21,24f0c4ab-7ea7-3683-94d5-bc86cf147bda,Lars Nootbaar,overturned,0,1,2026-09-30T00:49:27Z,scored,0,2026-09-30T00:49:27Z,,,,,,,,0,0,,1,1,MJ,https://statsapi.mlb.com/api/v1.1/game/825031/feed/live,https://www.mlb.com/official-information/scoring-changes,https://baseballsavant.mlb.com/sporty-videos?playId=24f0c4ab-7ea7-3683-94d5-bc86cf147bda
2026-09-30T04:08:46Z,825031,2026-09-16,MIA @ AZ,2,bottom,21,24f0c4ab-7ea7-3683-94d5-bc86cf147bda,Lars Nootbaar,review_type,,MJ,2026-09-30T00:49:27Z,scored,0,2026-09-30T00:49:27Z,,,,,,,,0,0,,1,1,MJ,https://statsapi.mlb.com/api/v1.1/game/825031/feed/live,https://www.mlb.com/official-information/scoring-changes,https://baseballsavant.mlb.com/sporty-videos?playId=24f0c4ab-7ea7-3683-94d5-bc86cf147bda
2026-09-30T04:08:46Z,825031,2026-09-16,MIA @ AZ,7,bottom,62,5f8b2a1f-07cc-3f03-8003-03bfb1e2995f,Gabriel Moreno,reviewed,0,1,2026-09-30T00:49:27Z,scored,0,2026-09-30T00:49:27Z,,,,,,,,0,0,,1,1,MJ,https://statsapi.mlb.com/api/v1.1/game/825031/feed/live,https://www.mlb.com/official-information/scoring-changes,https://baseballsavant.mlb.com/sporty-videos?playId=5f8b2a1f-07cc-3f03-8003-03bfb1e2995f
2026-09-30T04:08:46Z,825031,2026-09-16,MIA @ AZ,7,bottom,62,5f8b2a1f-07cc-3f03-8003-03bfb1e2995f,Gabriel Moreno,overturned,0,1,2026-09-30T00:49:27Z,scored,0,2026-09-30T00:49:27Z,,,,,,,,0,0,,1,1,MJ,https://statsapi.mlb.com/api/v1.1/game/825031/feed/live,https://www.mlb.com/official-information/scoring-changes,https://baseballsavant.mlb.com/sporty-videos?playId=5f8b2a1f-07cc-3f03-8003-03bfb1e2995f
2026-09-30T04:08:46Z,825031,2026-09-16,MIA @ AZ,7,bottom,62,5f8b2a1f-07cc-3f03-8003-03bfb1e2995f,Gabriel Moreno,review_type,,MJ,2026-09-30T00:49:27Z,scored,0,2026-09-30T00:49:27Z,,,,,,,,0,0,,1,1,MJ,https://statsapi.mlb.com/api/v1.1/game/825031/feed/live,https://www.mlb.com/official-information/scoring-changes,https://baseballsavant.mlb.com/sporty-videos?playId=5f8b2a1f-07cc-3f03-8003-03bfb1e2995f
2026-09-30T04:08:46Z,823334,2026-09-17,MIL @ PIT,2,bottom,19,045e3fd5-a07d-3351-a3d1-8f5a818fd928,Konnor Griffin,reviewed,0,1,2026-09-30T00:49:27Z,scored,0,2026-09-30T00:49:27Z,,,,,,,,2,2,,1,1,MJ,https://statsapi.mlb.com/api/v1.1/game/823334/feed/live,https://www.mlb.com/official-information/scoring-changes,https://baseballsavant.mlb.com/sporty-videos?playId=045e3fd5-a07d-3351-a3d1-8f5a818fd928
2026-09-30T04:08:46Z,823334,2026-09-17,MIL @ PIT,2,bottom,19,045e3fd5-a07d-3351-a3d1-8f5a818fd928,Konnor Griffin,overturned,0,1,2026-09-30T00:49:27Z,scored,0,2026-09-30T00:49:27Z,,,,,,,,2,2,,1,1,MJ,https://statsapi.mlb.com/api/v1.1/game/823334/feed/live,https://www.mlb.com/official-information/scoring-changes,https://baseballsavant.mlb.com/sporty-videos?playId=045e3fd5-a07d-3351-a3d1-8f5a818fd928
2026-09-30T04:08:46Z,823334,2026-09-17,MIL @ PIT,2,bottom,19,045e3fd5-a07d-3351-a3d1-8f5a818fd928,Konnor Griffin,review_type,,MJ,2026-09-30T00:49:27Z,scored,0,2026-09-30T00:49:27Z,,,,,,,,2,2,,1,1,MJ,https://statsapi.mlb.com/api/v1.1/game/823334/feed/live,https://www.mlb.com/official-information/scoring-changes,https://baseballsavant.mlb.com/sporty-videos?playId=045e3fd5-a07d-3351-a3d1-8f5a818fd928
2026-09-30T04:08:46Z,823334,2026-09-17,MIL @ PIT,6,top,50,17725b14-5767-3afa-8d77-d435ce29fe2c,Sal Frelick,reviewed,0,1,2026-09-30T00:49:27Z,scored,0,2026-09-30T00:49:27Z,,,,,,,,0,0,,1,1,MJ,https://statsapi.mlb.com/api/v1.1/game/823334/feed/live,https://www.mlb.com/official-information/scoring-changes,https://baseballsavant.mlb.com/sporty-videos?playId=17725b14-5767-3afa-8d77-d435ce29fe2c
2026-09-30T04:08:46Z,823334,2026-09-17,MIL @ PIT,6,top,50,17725b14-5767-3afa-8d77-d435ce29fe2c,Sal Frelick,overturned,0,1,2026-09-30T00:49:27Z,scored,0,2026-09-30T00:49:27Z,,,,,,,,0,0,,1,1,MJ,https://statsapi.mlb.com/api/v1.1/game/823334/feed/live,https://www.mlb.com/official-information/scoring-changes,https://baseballsavant.mlb.com/sporty-videos?playId=17725b14-5767-3afa-8d77-d435ce29fe2c
2026-09-30T04:08:46Z,823334,2026-09-17,MIL @ PIT,6,top,50,17725b14-5767-3afa-8d77-d435ce29fe2c,Sal Frelick,review_type,,MJ,2026-09-30T00:49:27Z,scored,0,2026-09-30T00:49:27Z,,,,,,,,0,0,,1,1,MJ,https://statsapi.mlb.com/api/v1.1/game/823334/feed/live,https://www.mlb.com/official-information/scoring-changes,https://baseballsavant.mlb.com/sporty-videos?playId=17725b14-5767-3afa-8d77-d435ce29fe2c
2026-09-30T04:08:46Z,823334,2026-09-17,MIL @ PIT,6,top,52,bbc58832-74b0-367e-947e-1ce26cb4a3f5,Cooper Pratt,reviewed,0,1,2026-09-30T00:49:27Z,scored,0,2026-09-30T00:49:27Z,,,,,,,,0,0,,1,1,MJ,https://statsapi.mlb.com/api/v1.1/game/823334/feed/live,https://www.mlb.com/official-information/scoring-changes,https://baseballsavant.mlb.com/sporty-videos?playId=bbc58832-74b0-367e-947e-1ce26cb4a3f5
2026-09-30T04:08:46Z,823334,2026-09-17,MIL @ PIT,6,top,52,bbc58832-74b0-367e-947e-1ce26cb4a3f5,Cooper Pratt,overturned,0,1,2026-09-30T00:49:27Z,scored,0,2026-09-30T00:49:27Z,,,,,,,,0,0,,1,1,MJ,https://statsapi.mlb.com/api/v1.1/game/823334/feed/live,https://www.mlb.com/official-information/scoring-changes,https://baseballsavant.mlb.com/sporty-videos?playId=bbc58832-74b0-367e-947e-1ce26cb4a3f5
2026-09-30T04:08:46Z,823334,2026-09-17,MIL @ PIT,6,top,52,bbc58832-74b0-367e-947e-1ce26cb4a3f5,Cooper Pratt,review_type,,MJ,2026-09-30T00:49:27Z,scored,0,2026-09-30T00:49:27Z,,,,,,,,0,0,,1,1,MJ,https://statsapi.mlb.com/api/v1.1/game/823334/feed/live,https://www.mlb.com/official-information/scoring-changes,https://baseballsavant.mlb.com/sporty-videos?playId=bbc58832-74b0-367e-947e-1ce26cb4a3f5
2026-09-30T04:08:46Z,823334,2026-09-17,MIL @ PIT,8,bottom,71,2ea6a620-993f-3b4e-8edd-ec9aed5d5d1e,Ronny Simon,reviewed,0,1,2026-09-30T00:49:27Z,scored,0,2026-09-30T00:49:27Z,,,,,,,,0,0,,1,1,MJ,https://statsapi.mlb.com/api/v1.1/game/823334/feed/live,https://www.mlb.com/official-information/scoring-changes,https://baseballsavant.mlb.com/sporty-videos?playId=2ea6a620-993f-3b4e-8edd-ec9aed5d5d1e
2026-09-30T04:08:46Z,823334,2026-09-17,MIL @ PIT,8,bottom,71,2ea6a620-993f-3b4e-8edd-ec9aed5d5d1e,Ronny Simon,overturned,0,1,2026-09-30T00:49:27Z,scored,0,2026-09-30T00:49:27Z,,,,,,,,0,0,,1,1,MJ,https://statsapi.mlb.com/api/v1.1/game/823334/feed/live,https://www.mlb.com/official-information/scoring-changes,https://baseballsavant.mlb.com/sporty-videos?playId=2ea6a620-993f-3b4e-8edd-ec9aed5d5d1e
2026-09-30T04:08:46Z,823334,2026-09-17,MIL @ PIT,8,bottom,71,2ea6a620-993f-3b4e-8edd-ec9aed5d5d1e,Ronny Simon,review_type,,MJ,2026-09-30T00:49:27Z,scored,0,2026-09-30T00:49:27Z,,,,,,,,0,0,,1,1,MJ,https://statsapi.mlb.com/api/v1.1/game/823334/feed/live,https://www.mlb.com/official-information/scoring-changes,https://baseballsavant.mlb.com/sporty-videos?playId=2ea6a620-993f-3b4e-8edd-ec9aed5d5d1e
2026-09-30T04:08:46Z,824464,2026-09-17,LAD @ CIN,1,top,5,ab5d2e97-73d4-3ae8-940e-0e3116e158f8,Josue De Paula,reviewed,0,1,2026-09-30T00:49:27Z,scored,0,2026-09-30T00:49:27Z,,,,,,,,0,0,,1,1,MJ,https://statsapi.mlb.com/api/v1.1/game/824464/feed/live,https://www.mlb.com/official-information/scoring-changes,https://baseballsavant.mlb.com/sporty-videos?playId=ab5d2e97-73d4-3ae8-940e-0e3116e158f8
2026-09-30T04:08:46Z,824464,2026-09-17,LAD @ CIN,1,top,5,ab5d2e97-73d4-3ae8-940e-0e3116e158f8,Josue De Paula,overturned,0,1,2026-09-30T00:49:27Z,scored,0,2026-09-30T00:49:27Z,,,,,,,,0,0,,1,1,MJ,https://statsapi.mlb.com/api/v1.1/game/824464/feed/live,https://www.mlb.com/official-information/scoring-changes,https://baseballsavant.mlb.com/sporty-videos?playId=ab5d2e97-73d4-3ae8-940e-0e3116e158f8
2026-09-30T04:08:46Z,824464,2026-09-17,LAD @ CIN,1,top,5,ab5d2e97-73d4-3ae8-940e-0e3116e158f8,Josue De Paula,review_type,,MJ,2026-09-30T00:49:27Z,scored,0,2026-09-30T00:49:27Z,,,,,,,,0,0,,1,1,MJ,https://statsapi.mlb.com/api/v1.1/game/824464/feed/live,https://www.mlb.com/official-information/scoring-changes,https://baseballsavant.mlb.com/sporty-videos?playId=ab5d2e97-73d4-3ae8-940e-0e3116e158f8
2026-09-30T04:08:46Z,824464,2026-09-17,LAD @ CIN,2,top,14,92205568-c50b-3651-815e-a8bc4205fc14,Kyle Tucker,reviewed,0,1,2026-09-30T00:49:27Z,scored,0,2026-09-30T00:49:27Z,,,,,,,,1,1,,1,0,MJ,https://statsapi.mlb.com/api/v1.1/game/824464/feed/live,https://www.mlb.com/official-information/scoring-changes,https://baseballsavant.mlb.com/sporty-videos?playId=92205568-c50b-3651-815e-a8bc4205fc14
2026-09-30T04:08:46Z,824464,2026-09-17,LAD @ CIN,2,top,14,92205568-c50b-3651-815e-a8bc4205fc14,Kyle Tucker,review_type,,MJ,2026-09-30T00:49:27Z,scored,0,2026-09-30T00:49:27Z,,,,,,,,1,1,,1,0,MJ,https://statsapi.mlb.com/api/v1.1/game/824464/feed/live,https://www.mlb.com/official-information/scoring-changes,https://baseballsavant.mlb.com/sporty-videos?playId=92205568-c50b-3651-815e-a8bc4205fc14
2026-09-30T04:08:46Z,822924,2026-09-17,ATH @ TB,8,top,64,5bb1f5e5-9082-3060-8a3a-c1d396dbdab2,Zack Gelof,reviewed,0,1,2026-09-30T00:49:27Z,scored,0,2026-09-30T00:49:27Z,,,,,,,,0,0,,1,1,MJ,https://statsapi.mlb.com/api/v1.1/game/822924/feed/live,https://www.mlb.com/official-information/scoring-changes,https://baseballsavant.mlb.com/sporty-videos?playId=5bb1f5e5-9082-3060-8a3a-c1d396dbdab2
2026-09-30T04:08:46Z,822924,2026-09-17,ATH @ TB,8,top,64,5bb1f5e5-9082-3060-8a3a-c1d396dbdab2,Zack Gelof,overturned,0,1,2026-09-30T00:49:27Z,scored,0,2026-09-30T00:49:27Z,,,,,,,,0,0,,1,1,MJ,https://statsapi.mlb.com/api/v1.1/game/822924/feed/live,https://www.mlb.com/official-information/scoring-changes,https://baseballsavant.mlb.com/sporty-videos?playId=5bb1f5e5-9082-3060-8a3a-c1d396dbdab2
2026-09-30T04:08:46Z,822924,2026-09-17,ATH @ TB,8,top,64,5bb1f5e5-9082-3060-8a3a-c1d396dbdab2,Zack Gelof,review_type,,MJ,2026-09-30T00:49:27Z,scored,0,2026-09-30T00:49:27Z,,,,,,,,0,0,,1,1,MJ,https://statsapi.mlb.com/api/v1.1/game/822924/feed/live,https://www.mlb.com/official-information/scoring-changes,https://baseballsavant.mlb.com/sporty-videos?playId=5bb1f5e5-9082-3060-8a3a-c1d396dbdab2
2026-09-30T04:08:46Z,824141,2026-09-17,KC @ HOU,6,bottom,47,c0337f54-364d-3613-88f3-8db540671c3c,LaMonte Wade Jr.,reviewed,0,1,2026-09-30T00:49:27Z,scored,0,2026-09-30T00:49:27Z,,,,,,,,0,0,,1,0,MJ,https://statsapi.mlb.com/api/v1.1/game/824141/feed/live,https://www.mlb.com/official-information/scoring-changes,https://baseballsavant.mlb.com/sporty-videos?playId=c0337f54-364d-3613-88f3-8db540671c3c
2026-09-30T04:08:46Z,824141,2026-09-17,KC @ HOU,6,bottom,47,c0337f54-364d-3613-88f3-8db540671c3c,LaMonte Wade Jr.,review_type,,MJ,2026-09-30T00:49:27Z,scored,0,2026-09-30T00:49:27Z,,,,,,,,0,0,,1,0,MJ,https://statsapi.mlb.com/api/v1.1/game/824141/feed/live,https://www.mlb.com/official-information/scoring-changes,https://baseballsavant.mlb.com/sporty-videos?playId=c0337f54-364d-3613-88f3-8db540671c3c
2026-09-30T04:08:46Z,823573,2026-09-17,PHI @ NYM,7,top,50,1a06dd90-a29f-3973-bb08-a7719b5cfd8a,Alec Bohm,reviewed,0,1,2026-09-30T00:49:27Z,scored,0,2026-09-30T00:49:27Z,,,,,,,,0,0,,1,0,MJ,https://statsapi.mlb.com/api/v1.1/game/823573/feed/live,https://www.mlb.com/official-information/scoring-changes,https://baseballsavant.mlb.com/sporty-videos?playId=1a06dd90-a29f-3973-bb08-a7719b5cfd8a
2026-09-30T04:08:46Z,823573,2026-09-17,PHI @ NYM,7,top,50,1a06dd90-a29f-3973-bb08-a7719b5cfd8a,Alec Bohm,review_type,,MJ,2026-09-30T00:49:27Z,scored,0,2026-09-30T00:49:27Z,,,,,,,,0,0,,1,0,MJ,https://statsapi.mlb.com/api/v1.1/game/823573/feed/live,https://www.mlb.com/official-information/scoring-changes,https://baseballsavant.mlb.com/sporty-videos?playId=1a06dd90-a29f-3973-bb08-a7719b5cfd8a
2026-09-30T04:08:46Z,822845,2026-09-17,BOS @ TEX,7,top,51,2b6b2b0c-bb99-3cd8-b83e-bdc400d1845d,Mickey Gasper,reviewed,0,1,2026-09-30T00:49:27Z,scored,0,2026-09-30T00:49:27Z,,,,,,,,0,0,,1,1,MJ,https://statsapi.mlb.com/api/v1.1/game/822845/feed/live,https://www.mlb.com/official-information/scoring-changes,https://baseballsavant.mlb.com/sporty-videos?playId=2b6b2b0c-bb99-3cd8-b83e-bdc400d1845d
2026-09-30T04:08:46Z,822845,2026-09-17,BOS @ TEX,7,top,51,2b6b2b0c-bb99-3cd8-b83e-bdc400d1845d,Mickey Gasper,overturned,0,1,2026-09-30T00:49:27Z,scored,0,2026-09-30T00:49:27Z,,,,,,,,0,0,,1,1,MJ,https://statsapi.mlb.com/api/v1.1/game/822845/feed/live,https://www.mlb.com/official-information/scoring-changes,https://baseballsavant.mlb.com/sporty-videos?playId=2b6b2b0c-bb99-3cd8-b83e-bdc400d1845d
2026-09-30T04:08:46Z,822845,2026-09-17,BOS @ TEX,7,top,51,2b6b2b0c-bb99-3cd8-b83e-bdc400d1845d,Mickey Gasper,review_type,,MJ,2026-09-30T00:49:27Z,scored,0,2026-09-30T00:49:27Z,,,,,,,,0,0,,1,1,MJ,https://statsapi.mlb.com/api/v1.1/game/822845/feed/live,https://www.mlb.com/official-information/scoring-changes,https://baseballsavant.mlb.com/sporty-videos?playId=2b6b2b0c-bb99-3cd8-b83e-bdc400d1845d
2026-09-30T04:08:46Z,823978,2026-09-17,MIN @ LAA,4,top,26,7cca7d8e-fadc-3126-8f5d-b81636f8e5f1,Josh Bell,reviewed,0,1,2026-09-30T00:49:27Z,scored,0,2026-09-30T00:49:27Z,,,,,,,,0,0,,1,0,MJ,https://statsapi.mlb.com/api/v1.1/game/823978/feed/live,https://www.mlb.com/official-information/scoring-changes,https://baseballsavant.mlb.com/sporty-videos?playId=7cca7d8e-fadc-3126-8f5d-b81636f8e5f1
2026-09-30T04:08:46Z,823978,2026-09-17,MIN @ LAA,4,top,26,7cca7d8e-fadc-3126-8f5d-b81636f8e5f1,Josh Bell,review_type,,MJ,2026-09-30T00:49:27Z,scored,0,2026-09-30T00:49:27Z,,,,,,,,0,0,,1,0,MJ,https://statsapi.mlb.com/api/v1.1/game/823978/feed/live,https://www.mlb.com/official-information/scoring-changes,https://baseballsavant.mlb.com/sporty-videos?playId=7cca7d8e-fadc-3126-8f5d-b81636f8e5f1
2026-09-30T04:08:46Z,823978,2026-09-17,MIN @ LAA,10,top,72,3170ea18-07f3-32ba-b98b-16591d44e319,Brooks Lee,reviewed,0,1,2026-09-30T00:49:27Z,scored,0,2026-09-30T00:49:27Z,,,,,,,,1,1,,1,1,MJ,https://statsapi.mlb.com/api/v1.1/game/823978/feed/live,https://www.mlb.com/official-information/scoring-changes,https://baseballsavant.mlb.com/sporty-videos?playId=3170ea18-07f3-32ba-b98b-16591d44e319
2026-09-30T04:08:46Z,823978,2026-09-17,MIN @ LAA,10,top,72,3170ea18-07f3-32ba-b98b-16591d44e319,Brooks Lee,overturned,0,1,2026-09-30T00:49:27Z,scored,0,2026-09-30T00:49:27Z,,,,,,,,1,1,,1,1,MJ,https://statsapi.mlb.com/api/v1.1/game/823978/feed/live,https://www.mlb.com/official-information/scoring-changes,https://baseballsavant.mlb.com/sporty-videos?playId=3170ea18-07f3-32ba-b98b-16591d44e319
2026-09-30T04:08:46Z,823978,2026-09-17,MIN @ LAA,10,top,72,3170ea18-07f3-32ba-b98b-16591d44e319,Brooks Lee,review_type,,MJ,2026-09-30T00:49:27Z,scored,0,2026-09-30T00:49:27Z,,,,,,,,1,1,,1,1,MJ,https://statsapi.mlb.com/api/v1.1/game/823978/feed/live,https://www.mlb.com/official-information/scoring-changes,https://baseballsavant.mlb.com/sporty-videos?playId=3170ea18-07f3-32ba-b98b-16591d44e319
2026-09-30T04:08:46Z,823978,2026-09-17,MIN @ LAA,10,bottom,79,0575e01a-ad2a-37b9-8df8-2419de883d6a,Mike Trout,reviewed,0,1,2026-09-30T00:49:27Z,scored,0,2026-09-30T00:49:27Z,,,,,,,,1,1,,1,1,MJ,https://statsapi.mlb.com/api/v1.1/game/823978/feed/live,https://www.mlb.com/official-information/scoring-changes,https://baseballsavant.mlb.com/sporty-videos?playId=0575e01a-ad2a-37b9-8df8-2419de883d6a
2026-09-30T04:08:46Z,823978,2026-09-17,MIN @ LAA,10,bottom,79,0575e01a-ad2a-37b9-8df8-2419de883d6a,Mike Trout,overturned,0,1,2026-09-30T00:49:27Z,scored,0,2026-09-30T00:49:27Z,,,,,,,,1,1,,1,1,MJ,https://statsapi.mlb.com/api/v1.1/game/823978/feed/live,https://www.mlb.com/official-information/scoring-changes,https://baseballsavant.mlb.com/sporty-videos?playId=0575e01a-ad2a-37b9-8df8-2419de883d6a
2026-09-30T04:08:46Z,823978,2026-09-17,MIN @ LAA,10,bottom,79,0575e01a-ad2a-37b9-8df8-2419de883d6a,Mike Trout,review_type,,MJ,2026-09-30T00:49:27Z,scored,0,2026-09-30T00:49:27Z,,,,,,,,1,1,,1,1,MJ,https://statsapi.mlb.com/api/v1.1/game/823978/feed/live,https://www.mlb.com/official-information/scoring-changes,https://baseballsavant.mlb.com/sporty-videos?playId=0575e01a-ad2a-37b9-8df8-2419de883d6a
2026-09-30T04:08:46Z,824463,2026-09-18,CHC @ CIN,3,bottom,25,5a5a7447-dc5e-3c2a-9ad8-cb0d144a8c36,Elly De La Cruz,reviewed,0,1,2026-09-30T00:49:27Z,scored,0,2026-09-30T00:49:27Z,,,,,,,,0,0,,1,1,MJ,https://statsapi.mlb.com/api/v1.1/game/824463/feed/live,https://www.mlb.com/official-information/scoring-changes,https://baseballsavant.mlb.com/sporty-videos?playId=5a5a7447-dc5e-3c2a-9ad8-cb0d144a8c36
2026-09-30T04:08:46Z,824463,2026-09-18,CHC @ CIN,3,bottom,25,5a5a7447-dc5e-3c2a-9ad8-cb0d144a8c36,Elly De La Cruz,overturned,0,1,2026-09-30T00:49:27Z,scored,0,2026-09-30T00:49:27Z,,,,,,,,0,0,,1,1,MJ,https://statsapi.mlb.com/api/v1.1/game/824463/feed/live,https://www.mlb.com/official-information/scoring-changes,https://baseballsavant.mlb.com/sporty-videos?playId=5a5a7447-dc5e-3c2a-9ad8-cb0d144a8c36
2026-09-30T04:08:46Z,824463,2026-09-18,CHC @ CIN,3,bottom,25,5a5a7447-dc5e-3c2a-9ad8-cb0d144a8c36,Elly De La Cruz,review_type,,MJ,2026-09-30T00:49:27Z,scored,0,2026-09-30T00:49:27Z,,,,,,,,0,0,,1,1,MJ,https://statsapi.mlb.com/api/v1.1/game/824463/feed/live,https://www.mlb.com/official-information/scoring-changes,https://baseballsavant.mlb.com/sporty-videos?playId=5a5a7447-dc5e-3c2a-9ad8-cb0d144a8c36
2026-09-30T04:08:46Z,824463,2026-09-18,CHC @ CIN,6,bottom,52,ec779557-22d9-332e-81f6-c9eec9d9c812,Eugenio Suárez,reviewed,0,1,2026-09-30T00:49:27Z,scored,0,2026-09-30T00:49:27Z,,,,,,,,1,1,,1,1,MJ,https://statsapi.mlb.com/api/v1.1/game/824463/feed/live,https://www.mlb.com/official-information/scoring-changes,https://baseballsavant.mlb.com/sporty-videos?playId=ec779557-22d9-332e-81f6-c9eec9d9c812
2026-09-30T04:08:46Z,824463,2026-09-18,CHC @ CIN,6,bottom,52,ec779557-22d9-332e-81f6-c9eec9d9c812,Eugenio Suárez,overturned,0,1,2026-09-30T00:49:27Z,scored,0,2026-09-30T00:49:27Z,,,,,,,,1,1,,1,1,MJ,https://statsapi.mlb.com/api/v1.1/game/824463/feed/live,https://www.mlb.com/official-information/scoring-changes,https://baseballsavant.mlb.com/sporty-videos?playId=ec779557-22d9-332e-81f6-c9eec9d9c812
2026-09-30T04:08:46Z,824463,2026-09-18,CHC @ CIN,6,bottom,52,ec779557-22d9-332e-81f6-c9eec9d9c812,Eugenio Suárez,review_type,,MJ,2026-09-30T00:49:27Z,scored,0,2026-09-30T00:49:27Z,,,,,,,,1,1,,1,1,MJ,https://statsapi.mlb.com/api/v1.1/game/824463/feed/live,https://www.mlb.com/official-information/scoring-changes,https://baseballsavant.mlb.com/sporty-videos?playId=ec779557-22d9-332e-81f6-c9eec9d9c812
2026-09-30T04:08:46Z,823331,2026-09-18,KC @ PIT,1,bottom,6,34d1afa9-0fd5-3166-b2e6-63f5856e9e08,Bryan Reynolds,reviewed,0,1,2026-09-30T00:49:27Z,scored,0,2026-09-30T00:49:27Z,,,,,,,,0,0,,1,1,MJ,https://statsapi.mlb.com/api/v1.1/game/823331/feed/live,https://www.mlb.com/official-information/scoring-changes,https://baseballsavant.mlb.com/sporty-videos?playId=34d1afa9-0fd5-3166-b2e6-63f5856e9e08
2026-09-30T04:08:46Z,823331,2026-09-18,KC @ PIT,1,bottom,6,34d1afa9-0fd5-3166-b2e6-63f5856e9e08,Bryan Reynolds,overturned,0,1,2026-09-30T00:49:27Z,scored,0,2026-09-30T00:49:27Z,,,,,,,,0,0,,1,1,MJ,https://statsapi.mlb.com/api/v1.1/game/823331/feed/live,https://www.mlb.com/official-information/scoring-changes,https://baseballsavant.mlb.com/sporty-videos?playId=34d1afa9-0fd5-3166-b2e6-63f5856e9e08
2026-09-30T04:08:46Z,823331,2026-09-18,KC @ PIT,1,bottom,6,34d1afa9-0fd5-3166-b2e6-63f5856e9e08,Bryan Reynolds,review_type,,MJ,2026-09-30T00:49:27Z,scored,0,2026-09-30T00:49:27Z,,,,,,,,0,0,,1,1,MJ,https://statsapi.mlb.com/api/v1.1/game/823331/feed/live,https://www.mlb.com/official-information/scoring-changes,https://baseballsavant.mlb.com/sporty-videos?playId=34d1afa9-0fd5-3166-b2e6-63f5856e9e08
2026-09-30T04:08:46Z,823331,2026-09-18,KC @ PIT,3,top,18,496fbedb-eaa8-3bb5-a8e7-263a0fc3d40e,Carter Jensen,reviewed,0,1,2026-09-30T00:49:27Z,scored,0,2026-09-30T00:49:27Z,,,,,,,,0,0,,1,0,MF,https://statsapi.mlb.com/api/v1.1/game/823331/feed/live,https://www.mlb.com/official-information/scoring-changes,https://baseballsavant.mlb.com/sporty-videos?playId=496fbedb-eaa8-3bb5-a8e7-263a0fc3d40e
2026-09-30T04:08:46Z,823331,2026-09-18,KC @ PIT,3,top,18,496fbedb-eaa8-3bb5-a8e7-263a0fc3d40e,Carter Jensen,review_type,,MF,2026-09-30T00:49:27Z,scored,0,2026-09-30T00:49:27Z,,,,,,,,0,0,,1,0,MF,https://statsapi.mlb.com/api/v1.1/game/823331/feed/live,https://www.mlb.com/official-information/scoring-changes,https://baseballsavant.mlb.com/sporty-videos?playId=496fbedb-eaa8-3bb5-a8e7-263a0fc3d40e
2026-09-30T04:08:46Z,823331,2026-09-18,KC @ PIT,7,top,58,d224ffbb-c541-3da9-a630-8a6baa9d7aee,Bobby Witt Jr.,reviewed,0,1,2026-09-30T00:49:27Z,scored,0,2026-09-30T00:49:27Z,,,,,,,,0,0,,1,0,MJ,https://statsapi.mlb.com/api/v1.1/game/823331/feed/live,https://www.mlb.com/official-information/scoring-changes,https://baseballsavant.mlb.com/sporty-videos?playId=d224ffbb-c541-3da9-a630-8a6baa9d7aee
2026-09-30T04:08:46Z,823331,2026-09-18,KC @ PIT,7,top,58,d224ffbb-c541-3da9-a630-8a6baa9d7aee,Bobby Witt Jr.,review_type,,MJ,2026-09-30T00:49:27Z,scored,0,2026-09-30T00:49:27Z,,,,,,,,0,0,,1,0,MJ,https://statsapi.mlb.com/api/v1.1/game/823331/feed/live,https://www.mlb.com/official-information/scoring-changes,https://baseballsavant.mlb.com/sporty-videos?playId=d224ffbb-c541-3da9-a630-8a6baa9d7aee
2026-09-30T04:08:46Z,823331,2026-09-18,KC @ PIT,7,bottom,63,080ad9f4-1744-37ba-94a4-4f207ac15c51,Spencer Horwitz,reviewed,0,1,2026-09-30T00:49:27Z,scored,0,2026-09-30T00:49:27Z,,,,,,,,2,2,,1,1,MJ,https://statsapi.mlb.com/api/v1.1/game/823331/feed/live,https://www.mlb.com/official-information/scoring-changes,https://baseballsavant.mlb.com/sporty-videos?playId=080ad9f4-1744-37ba-94a4-4f207ac15c51
2026-09-30T04:08:46Z,823331,2026-09-18,KC @ PIT,7,bottom,63,080ad9f4-1744-37ba-94a4-4f207ac15c51,Spencer Horwitz,overturned,0,1,2026-09-30T00:49:27Z,scored,0,2026-09-30T00:49:27Z,,,,,,,,2,2,,1,1,MJ,https://statsapi.mlb.com/api/v1.1/game/823331/feed/live,https://www.mlb.com/official-information/scoring-changes,https://baseballsavant.mlb.com/sporty-videos?playId=080ad9f4-1744-37ba-94a4-4f207ac15c51
2026-09-30T04:08:46Z,823331,2026-09-18,KC @ PIT,7,bottom,63,080ad9f4-1744-37ba-94a4-4f207ac15c51,Spencer Horwitz,review_type,,MJ,2026-09-30T00:49:27Z,scored,0,2026-09-30T00:49:27Z,,,,,,,,2,2,,1,1,MJ,https://statsapi.mlb.com/api/v1.1/game/823331/feed/live,https://www.mlb.com/official-information/scoring-changes,https://baseballsavant.mlb.com/sporty-videos?playId=080ad9f4-1744-37ba-94a4-4f207ac15c51
2026-09-30T04:08:46Z,824790,2026-09-18,MIL @ BAL,1,bottom,8,bb7b2381-7b3b-3f70-a342-d0473ad327be,Coby Mayo,reviewed,0,1,2026-09-30T00:49:27Z,scored,0,2026-09-30T00:49:27Z,,,,,,,,0,0,,1,0,MJ,https://statsapi.mlb.com/api/v1.1/game/824790/feed/live,https://www.mlb.com/official-information/scoring-changes,https://baseballsavant.mlb.com/sporty-videos?playId=bb7b2381-7b3b-3f70-a342-d0473ad327be
2026-09-30T04:08:46Z,824790,2026-09-18,MIL @ BAL,1,bottom,8,bb7b2381-7b3b-3f70-a342-d0473ad327be,Coby Mayo,review_type,,MJ,2026-09-30T00:49:27Z,scored,0,2026-09-30T00:49:27Z,,,,,,,,0,0,,1,0,MJ,https://statsapi.mlb.com/api/v1.1/game/824790/feed/live,https://www.mlb.com/official-information/scoring-changes,https://baseballsavant.mlb.com/sporty-videos?playId=bb7b2381-7b3b-3f70-a342-d0473ad327be
2026-09-30T04:08:46Z,824383,2026-09-18,ATH @ CLE,1,top,3,5a13d7b3-ec91-3f4f-b439-4e3ff35fbc83,Zack Gelof,reviewed,0,1,2026-09-30T00:49:27Z,scored,0,2026-09-30T00:49:27Z,,,,,,,,3,3,,1,1,MJ,https://statsapi.mlb.com/api/v1.1/game/824383/feed/live,https://www.mlb.com/official-information/scoring-changes,https://baseballsavant.mlb.com/sporty-videos?playId=5a13d7b3-ec91-3f4f-b439-4e3ff35fbc83
2026-09-30T04:08:46Z,824383,2026-09-18,ATH @ CLE,1,top,3,5a13d7b3-ec91-3f4f-b439-4e3ff35fbc83,Zack Gelof,overturned,0,1,2026-09-30T00:49:27Z,scored,0,2026-09-30T00:49:27Z,,,,,,,,3,3,,1,1,MJ,https://statsapi.mlb.com/api/v1.1/game/824383/feed/live,https://www.mlb.com/official-information/scoring-changes,https://baseballsavant.mlb.com/sporty-videos?playId=5a13d7b3-ec91-3f4f-b439-4e3ff35fbc83
2026-09-30T04:08:46Z,824383,2026-09-18,ATH @ CLE,1,top,3,5a13d7b3-ec91-3f4f-b439-4e3ff35fbc83,Zack Gelof,review_type,,MJ,2026-09-30T00:49:27Z,scored,0,2026-09-30T00:49:27Z,,,,,,,,3,3,,1,1,MJ,https://statsapi.mlb.com/api/v1.1/game/824383/feed/live,https://www.mlb.com/official-information/scoring-changes,https://baseballsavant.mlb.com/sporty-videos?playId=5a13d7b3-ec91-3f4f-b439-4e3ff35fbc83
2026-09-30T04:08:46Z,824383,2026-09-18,ATH @ CLE,6,bottom,49,a938532f-17d2-3eca-b592-e53f8f134068,Brayan Rocchio,reviewed,0,1,2026-09-30T00:49:27Z,scored,0,2026-09-30T00:49:27Z,,,,,,,,0,0,,1,1,MJ,https://statsapi.mlb.com/api/v1.1/game/824383/feed/live,https://www.mlb.com/official-information/scoring-changes,https://baseballsavant.mlb.com/sporty-videos?playId=a938532f-17d2-3eca-b592-e53f8f134068
2026-09-30T04:08:46Z,824383,2026-09-18,ATH @ CLE,6,bottom,49,a938532f-17d2-3eca-b592-e53f8f134068,Brayan Rocchio,overturned,0,1,2026-09-30T00:49:27Z,scored,0,2026-09-30T00:49:27Z,,,,,,,,0,0,,1,1,MJ,https://statsapi.mlb.com/api/v1.1/game/824383/feed/live,https://www.mlb.com/official-information/scoring-changes,https://baseballsavant.mlb.com/sporty-videos?playId=a938532f-17d2-3eca-b592-e53f8f134068
2026-09-30T04:08:46Z,824383,2026-09-18,ATH @ CLE,6,bottom,49,a938532f-17d2-3eca-b592-e53f8f134068,Brayan Rocchio,review_type,,MJ,2026-09-30T00:49:27Z,scored,0,2026-09-30T00:49:27Z,,,,,,,,0,0,,1,1,MJ,https://statsapi.mlb.com/api/v1.1/game/824383/feed/live,https://www.mlb.com/official-information/scoring-changes,https://baseballsavant.mlb.com/sporty-videos?playId=a938532f-17d2-3eca-b592-e53f8f134068
2026-09-30T04:08:46Z,822923,2026-09-18,BOS @ TB,9,bottom,74,129caedc-189f-3cc2-a333-1228f8c2d490,Victor Mesa Jr.,reviewed,0,1,2026-09-30T00:49:27Z,scored,0,2026-09-30T00:49:27Z,,,,,,,,0,0,,1,0,MJ,https://statsapi.mlb.com/api/v1.1/game/822923/feed/live,https://www.mlb.com/official-information/scoring-changes,https://baseballsavant.mlb.com/sporty-videos?playId=129caedc-189f-3cc2-a333-1228f8c2d490
2026-09-30T04:08:46Z,822923,2026-09-18,BOS @ TB,9,bottom,74,129caedc-189f-3cc2-a333-1228f8c2d490,Victor Mesa Jr.,review_type,,MJ,2026-09-30T00:49:27Z,scored,0,2026-09-30T00:49:27Z,,,,,,,,0,0,,1,0,MJ,https://statsapi.mlb.com/api/v1.1/game/822923/feed/live,https://www.mlb.com/official-information/scoring-changes,https://baseballsavant.mlb.com/sporty-videos?playId=129caedc-189f-3cc2-a333-1228f8c2d490
2026-09-30T04:08:46Z,823572,2026-09-18,PHI @ NYM,5,bottom,43,75cac405-e235-3ee5-9a19-5a12a031d1a8,Mark Vientos,reviewed,0,1,2026-09-30T00:49:27Z,scored,0,2026-09-30T00:49:27Z,,,,,,,,0,0,,1,1,MJ,https://statsapi.mlb.com/api/v1.1/game/823572/feed/live,https://www.mlb.com/official-information/scoring-changes,https://baseballsavant.mlb.com/sporty-videos?playId=75cac405-e235-3ee5-9a19-5a12a031d1a8
2026-09-30T04:08:46Z,823572,2026-09-18,PHI @ NYM,5,bottom,43,75cac405-e235-3ee5-9a19-5a12a031d1a8,Mark Vientos,overturned,0,1,2026-09-30T00:49:27Z,scored,0,2026-09-30T00:49:27Z,,,,,,,,0,0,,1,1,MJ,https://statsapi.mlb.com/api/v1.1/game/823572/feed/live,https://www.mlb.com/official-information/scoring-changes,https://baseballsavant.mlb.com/sporty-videos?playId=75cac405-e235-3ee5-9a19-5a12a031d1a8
2026-09-30T04:08:46Z,823572,2026-09-18,PHI @ NYM,5,bottom,43,75cac405-e235-3ee5-9a19-5a12a031d1a8,Mark Vientos,review_type,,MJ,2026-09-30T00:49:27Z,scored,0,2026-09-30T00:49:27Z,,,,,,,,0,0,,1,1,MJ,https://statsapi.mlb.com/api/v1.1/game/823572/feed/live,https://www.mlb.com/official-information/scoring-changes,https://baseballsavant.mlb.com/sporty-videos?playId=75cac405-e235-3ee5-9a19-5a12a031d1a8
2026-09-30T04:08:46Z,824547,2026-09-18,DET @ CWS,3,top,23,4f1b1bf3-9ab0-3ce4-a4a3-6b68926bf11a,Hao-Yu Lee,reviewed,0,1,2026-09-30T00:49:27Z,scored,0,2026-09-30T00:49:27Z,,,,,,,,0,0,,1,0,MJ,https://statsapi.mlb.com/api/v1.1/game/824547/feed/live,https://www.mlb.com/official-information/scoring-changes,https://baseballsavant.mlb.com/sporty-videos?playId=4f1b1bf3-9ab0-3ce4-a4a3-6b68926bf11a
2026-09-30T04:08:46Z,824547,2026-09-18,DET @ CWS,3,top,23,4f1b1bf3-9ab0-3ce4-a4a3-6b68926bf11a,Hao-Yu Lee,review_type,,MJ,2026-09-30T00:49:27Z,scored,0,2026-09-30T00:49:27Z,,,,,,,,0,0,,1,0,MJ,https://statsapi.mlb.com/api/v1.1/game/824547/feed/live,https://www.mlb.com/official-information/scoring-changes,https://baseballsavant.mlb.com/sporty-videos?playId=4f1b1bf3-9ab0-3ce4-a4a3-6b68926bf11a
2026-09-30T04:08:46Z,824547,2026-09-18,DET @ CWS,3,bottom,26,7473acc4-d8ba-3528-9842-d68d1e9c0906,Brenton Doyle,reviewed,0,1,2026-09-30T00:49:27Z,scored,0,2026-09-30T00:49:27Z,,,,,,,,0,0,,1,1,MJ,https://statsapi.mlb.com/api/v1.1/game/824547/feed/live,https://www.mlb.com/official-information/scoring-changes,https://baseballsavant.mlb.com/sporty-videos?playId=7473acc4-d8ba-3528-9842-d68d1e9c0906
2026-09-30T04:08:46Z,824547,2026-09-18,DET @ CWS,3,bottom,26,7473acc4-d8ba-3528-9842-d68d1e9c0906,Brenton Doyle,overturned,0,1,2026-09-30T00:49:27Z,scored,0,2026-09-30T00:49:27Z,,,,,,,,0,0,,1,1,MJ,https://statsapi.mlb.com/api/v1.1/game/824547/feed/live,https://www.mlb.com/official-information/scoring-changes,https://baseballsavant.mlb.com/sporty-videos?playId=7473acc4-d8ba-3528-9842-d68d1e9c0906
2026-09-30T04:08:46Z,824547,2026-09-18,DET @ CWS,3,bottom,26,7473acc4-d8ba-3528-9842-d68d1e9c0906,Brenton Doyle,review_type,,MJ,2026-09-30T00:49:27Z,scored,0,2026-09-30T00:49:27Z,,,,,,,,0,0,,1,1,MJ,https://statsapi.mlb.com/api/v1.1/game/824547/feed/live,https://www.mlb.com/official-information/scoring-changes,https://baseballsavant.mlb.com/sporty-videos?playId=7473acc4-d8ba-3528-9842-d68d1e9c0906
2026-09-30T04:08:46Z,824547,2026-09-18,DET @ CWS,8,top,71,e2015fe0-a97e-32ca-9274-863a0cf1cf15,Gleyber Torres,reviewed,0,1,2026-09-30T00:49:27Z,scored,0,2026-09-30T00:49:27Z,,,,,,,,0,0,,1,0,MJ,https://statsapi.mlb.com/api/v1.1/game/824547/feed/live,https://www.mlb.com/official-information/scoring-changes,https://baseballsavant.mlb.com/sporty-videos?playId=e2015fe0-a97e-32ca-9274-863a0cf1cf15
2026-09-30T04:08:46Z,824547,2026-09-18,DET @ CWS,8,top,71,e2015fe0-a97e-32ca-9274-863a0cf1cf15,Gleyber Torres,review_type,,MJ,2026-09-30T00:49:27Z,scored,0,2026-09-30T00:49:27Z,,,,,,,,0,0,,1,0,MJ,https://statsapi.mlb.com/api/v1.1/game/824547/feed/live,https://www.mlb.com/official-information/scoring-changes,https://baseballsavant.mlb.com/sporty-videos?playId=e2015fe0-a97e-32ca-9274-863a0cf1cf15
2026-09-30T04:08:46Z,822847,2026-09-18,TOR @ TEX,5,top,40,776e2d91-48ae-393f-9185-424e20f49a0b,Davis Schneider,reviewed,0,1,2026-09-30T00:49:27Z,scored,0,2026-09-30T00:49:27Z,,,,,,,,0,0,,1,1,MJ,https://statsapi.mlb.com/api/v1.1/game/822847/feed/live,https://www.mlb.com/official-information/scoring-changes,https://baseballsavant.mlb.com/sporty-videos?playId=776e2d91-48ae-393f-9185-424e20f49a0b
2026-09-30T04:08:46Z,822847,2026-09-18,TOR @ TEX,5,top,40,776e2d91-48ae-393f-9185-424e20f49a0b,Davis Schneider,overturned,0,1,2026-09-30T00:49:27Z,scored,0,2026-09-30T00:49:27Z,,,,,,,,0,0,,1,1,MJ,https://statsapi.mlb.com/api/v1.1/game/822847/feed/live,https://www.mlb.com/official-information/scoring-changes,https://baseballsavant.mlb.com/sporty-videos?playId=776e2d91-48ae-393f-9185-424e20f49a0b
2026-09-30T04:08:46Z,822847,2026-09-18,TOR @ TEX,5,top,40,776e2d91-48ae-393f-9185-424e20f49a0b,Davis Schneider,review_type,,MJ,2026-09-30T00:49:27Z,scored,0,2026-09-30T00:49:27Z,,,,,,,,0,0,,1,1,MJ,https://statsapi.mlb.com/api/v1.1/game/822847/feed/live,https://www.mlb.com/official-information/scoring-changes,https://baseballsavant.mlb.com/sporty-videos?playId=776e2d91-48ae-393f-9185-424e20f49a0b
2026-09-30T04:08:46Z,824303,2026-09-18,SEA @ COL,3,bottom,27,755dd649-9080-3ccb-9ed9-4e284024da49,Kyle Karros,reviewed,0,1,2026-09-30T00:49:27Z,scored,0,2026-09-30T00:49:27Z,,,,,,,,0,0,,1,1,MJ,https://statsapi.mlb.com/api/v1.1/game/824303/feed/live,https://www.mlb.com/official-information/scoring-changes,https://baseballsavant.mlb.com/sporty-videos?playId=755dd649-9080-3ccb-9ed9-4e284024da49
2026-09-30T04:08:46Z,824303,2026-09-18,SEA @ COL,3,bottom,27,755dd649-9080-3ccb-9ed9-4e284024da49,Kyle Karros,overturned,0,1,2026-09-30T00:49:27Z,scored,0,2026-09-30T00:49:27Z,,,,,,,,0,0,,1,1,MJ,https://statsapi.mlb.com/api/v1.1/game/824303/feed/live,https://www.mlb.com/official-information/scoring-changes,https://baseballsavant.mlb.com/sporty-videos?playId=755dd649-9080-3ccb-9ed9-4e284024da49
2026-09-30T04:08:46Z,824303,2026-09-18,SEA @ COL,3,bottom,27,755dd649-9080-3ccb-9ed9-4e284024da49,Kyle Karros,review_type,,MJ,2026-09-30T00:49:27Z,scored,0,2026-09-30T00:49:27Z,,,,,,,,0,0,,1,1,MJ,https://statsapi.mlb.com/api/v1.1/game/824303/feed/live,https://www.mlb.com/official-information/scoring-changes,https://baseballsavant.mlb.com/sporty-videos?playId=755dd649-9080-3ccb-9ed9-4e284024da49
2026-09-30T04:08:46Z,824303,2026-09-18,SEA @ COL,5,bottom,43,396a378b-e120-3ff8-a954-fef396260b45,Hunter Goodman,reviewed,0,1,2026-09-30T00:49:27Z,scored,0,2026-09-30T00:49:27Z,,,,,,,,0,0,,1,1,MJ,https://statsapi.mlb.com/api/v1.1/game/824303/feed/live,https://www.mlb.com/official-information/scoring-changes,https://baseballsavant.mlb.com/sporty-videos?playId=396a378b-e120-3ff8-a954-fef396260b45
2026-09-30T04:08:46Z,824303,2026-09-18,SEA @ COL,5,bottom,43,396a378b-e120-3ff8-a954-fef396260b45,Hunter Goodman,overturned,0,1,2026-09-30T00:49:27Z,scored,0,2026-09-30T00:49:27Z,,,,,,,,0,0,,1,1,MJ,https://statsapi.mlb.com/api/v1.1/game/824303/feed/live,https://www.mlb.com/official-information/scoring-changes,https://baseballsavant.mlb.com/sporty-videos?playId=396a378b-e120-3ff8-a954-fef396260b45
2026-09-30T04:08:46Z,824303,2026-09-18,SEA @ COL,5,bottom,43,396a378b-e120-3ff8-a954-fef396260b45,Hunter Goodman,review_type,,MJ,2026-09-30T00:49:27Z,scored,0,2026-09-30T00:49:27Z,,,,,,,,0,0,,1,1,MJ,https://statsapi.mlb.com/api/v1.1/game/824303/feed/live,https://www.mlb.com/official-information/scoring-changes,https://baseballsavant.mlb.com/sporty-videos?playId=396a378b-e120-3ff8-a954-fef396260b45
2026-09-30T04:08:46Z,824138,2026-09-18,ATL @ HOU,7,top,52,b4a307aa-009f-39b0-b29f-948960f70f65,Michael Harris II,reviewed,0,1,2026-09-30T00:49:27Z,scored,0,2026-09-30T00:49:27Z,,,,,,,,0,0,,1,1,MJ,https://statsapi.mlb.com/api/v1.1/game/824138/feed/live,https://www.mlb.com/official-information/scoring-changes,https://baseballsavant.mlb.com/sporty-videos?playId=b4a307aa-009f-39b0-b29f-948960f70f65
2026-09-30T04:08:46Z,824138,2026-09-18,ATL @ HOU,7,top,52,b4a307aa-009f-39b0-b29f-948960f70f65,Michael Harris II,overturned,0,1,2026-09-30T00:49:27Z,scored,0,2026-09-30T00:49:27Z,,,,,,,,0,0,,1,1,MJ,https://statsapi.mlb.com/api/v1.1/game/824138/feed/live,https://www.mlb.com/official-information/scoring-changes,https://baseballsavant.mlb.com/sporty-videos?playId=b4a307aa-009f-39b0-b29f-948960f70f65
2026-09-30T04:08:46Z,824138,2026-09-18,ATL @ HOU,7,top,52,b4a307aa-009f-39b0-b29f-948960f70f65,Michael Harris II,review_type,,MJ,2026-09-30T00:49:27Z,scored,0,2026-09-30T00:49:27Z,,,,,,,,0,0,,1,1,MJ,https://statsapi.mlb.com/api/v1.1/game/824138/feed/live,https://www.mlb.com/official-information/scoring-changes,https://baseballsavant.mlb.com/sporty-videos?playId=b4a307aa-009f-39b0-b29f-948960f70f65
2026-09-30T04:08:46Z,823005,2026-09-18,WSH @ STL,3,bottom,27,f5267fe9-640b-33a3-8a31-176e9cf51ced,Iván Herrera,reviewed,0,1,2026-09-30T00:49:27Z,scored,0,2026-09-30T00:49:27Z,,,,,,,,0,0,,1,1,MJ,https://statsapi.mlb.com/api/v1.1/game/823005/feed/live,https://www.mlb.com/official-information/scoring-changes,https://baseballsavant.mlb.com/sporty-videos?playId=f5267fe9-640b-33a3-8a31-176e9cf51ced
2026-09-30T04:08:46Z,823005,2026-09-18,WSH @ STL,3,bottom,27,f5267fe9-640b-33a3-8a31-176e9cf51ced,Iván Herrera,overturned,0,1,2026-09-30T00:49:27Z,scored,0,2026-09-30T00:49:27Z,,,,,,,,0,0,,1,1,MJ,https://statsapi.mlb.com/api/v1.1/game/823005/feed/live,https://www.mlb.com/official-information/scoring-changes,https://baseballsavant.mlb.com/sporty-videos?playId=f5267fe9-640b-33a3-8a31-176e9cf51ced
2026-09-30T04:08:46Z,823005,2026-09-18,WSH @ STL,3,bottom,27,f5267fe9-640b-33a3-8a31-176e9cf51ced,Iván Herrera,review_type,,MJ,2026-09-30T00:49:27Z,scored,0,2026-09-30T00:49:27Z,,,,,,,,0,0,,1,1,MJ,https://statsapi.mlb.com/api/v1.1/game/823005/feed/live,https://www.mlb.com/official-information/scoring-changes,https://baseballsavant.mlb.com/sporty-videos?playId=f5267fe9-640b-33a3-8a31-176e9cf51ced
2026-09-30T04:08:46Z,823005,2026-09-18,WSH @ STL,5,top,37,0fd2a7cb-7799-3d30-8925-f9c87eb36f42,CJ Abrams,reviewed,0,1,2026-09-30T00:49:27Z,scored,0,2026-09-30T00:49:27Z,,,,,,,,0,0,,1,0,MJ,https://statsapi.mlb.com/api/v1.1/game/823005/feed/live,https://www.mlb.com/official-information/scoring-changes,https://baseballsavant.mlb.com/sporty-videos?playId=0fd2a7cb-7799-3d30-8925-f9c87eb36f42
2026-09-30T04:08:46Z,823005,2026-09-18,WSH @ STL,5,top,37,0fd2a7cb-7799-3d30-8925-f9c87eb36f42,CJ Abrams,review_type,,MJ,2026-09-30T00:49:27Z,scored,0,2026-09-30T00:49:27Z,,,,,,,,0,0,,1,0,MJ,https://statsapi.mlb.com/api/v1.1/game/823005/feed/live,https://www.mlb.com/official-information/scoring-changes,https://baseballsavant.mlb.com/sporty-videos?playId=0fd2a7cb-7799-3d30-8925-f9c87eb36f42
2026-09-30T04:08:46Z,823005,2026-09-18,WSH @ STL,9,top,69,a8cb0922-8e45-33ce-9527-9f64a39e735b,Dylan Crews,reviewed,0,1,2026-09-30T00:49:27Z,scored,0,2026-09-30T00:49:27Z,,,,,,,,0,0,,1,1,MJ,https://statsapi.mlb.com/api/v1.1/game/823005/feed/live,https://www.mlb.com/official-information/scoring-changes,https://baseballsavant.mlb.com/sporty-videos?playId=a8cb0922-8e45-33ce-9527-9f64a39e735b
2026-09-30T04:08:46Z,823005,2026-09-18,WSH @ STL,9,top,69,a8cb0922-8e45-33ce-9527-9f64a39e735b,Dylan Crews,overturned,0,1,2026-09-30T00:49:27Z,scored,0,2026-09-30T00:49:27Z,,,,,,,,0,0,,1,1,MJ,https://statsapi.mlb.com/api/v1.1/game/823005/feed/live,https://www.mlb.com/official-information/scoring-changes,https://baseballsavant.mlb.com/sporty-videos?playId=a8cb0922-8e45-33ce-9527-9f64a39e735b
2026-09-30T04:08:46Z,823005,2026-09-18,WSH @ STL,9,top,69,a8cb0922-8e45-33ce-9527-9f64a39e735b,Dylan Crews,review_type,,MJ,2026-09-30T00:49:27Z,scored,0,2026-09-30T00:49:27Z,,,,,,,,0,0,,1,1,MJ,https://statsapi.mlb.com/api/v1.1/game/823005/feed/live,https://www.mlb.com/official-information/scoring-changes,https://baseballsavant.mlb.com/sporty-videos?playId=a8cb0922-8e45-33ce-9527-9f64a39e735b
2026-09-30T04:08:46Z,823977,2026-09-18,MIN @ LAA,7,bottom,51,3135f55a-5309-3dbb-af33-6416703b6219,Denzer Guzman,reviewed,0,1,2026-09-30T00:49:27Z,scored,0,2026-09-30T00:49:27Z,,,,,,,,0,0,,1,1,MJ,https://statsapi.mlb.com/api/v1.1/game/823977/feed/live,https://www.mlb.com/official-information/scoring-changes,https://baseballsavant.mlb.com/sporty-videos?playId=3135f55a-5309-3dbb-af33-6416703b6219
2026-09-30T04:08:46Z,823977,2026-09-18,MIN @ LAA,7,bottom,51,3135f55a-5309-3dbb-af33-6416703b6219,Denzer Guzman,overturned,0,1,2026-09-30T00:49:27Z,scored,0,2026-09-30T00:49:27Z,,,,,,,,0,0,,1,1,MJ,https://statsapi.mlb.com/api/v1.1/game/823977/feed/live,https://www.mlb.com/official-information/scoring-changes,https://baseballsavant.mlb.com/sporty-videos?playId=3135f55a-5309-3dbb-af33-6416703b6219
2026-09-30T04:08:46Z,823977,2026-09-18,MIN @ LAA,7,bottom,51,3135f55a-5309-3dbb-af33-6416703b6219,Denzer Guzman,review_type,,MJ,2026-09-30T00:49:27Z,scored,0,2026-09-30T00:49:27Z,,,,,,,,0,0,,1,1,MJ,https://statsapi.mlb.com/api/v1.1/game/823977/feed/live,https://www.mlb.com/official-information/scoring-changes,https://baseballsavant.mlb.com/sporty-videos?playId=3135f55a-5309-3dbb-af33-6416703b6219
2026-09-30T04:08:46Z,823977,2026-09-18,MIN @ LAA,8,bottom,63,ef5abd93-3133-36af-bbff-980267d552ae,Vaughn Grissom,reviewed,0,1,2026-09-30T00:49:27Z,scored,0,2026-09-30T00:49:27Z,,,,,,,,0,0,,1,0,MJ,https://statsapi.mlb.com/api/v1.1/game/823977/feed/live,https://www.mlb.com/official-information/scoring-changes,https://baseballsavant.mlb.com/sporty-videos?playId=ef5abd93-3133-36af-bbff-980267d552ae
2026-09-30T04:08:46Z,823977,2026-09-18,MIN @ LAA,8,bottom,63,ef5abd93-3133-36af-bbff-980267d552ae,Vaughn Grissom,review_type,,MJ,2026-09-30T00:49:27Z,scored,0,2026-09-30T00:49:27Z,,,,,,,,0,0,,1,0,MJ,https://statsapi.mlb.com/api/v1.1/game/823977/feed/live,https://www.mlb.com/official-information/scoring-changes,https://baseballsavant.mlb.com/sporty-videos?playId=ef5abd93-3133-36af-bbff-980267d552ae
2026-09-30T04:08:46Z,823252,2026-09-18,MIA @ SD,3,top,17,7f503efb-b974-315e-9c6c-52738704b9fc,Heriberto Hernández,reviewed,0,1,2026-09-30T00:49:27Z,scored,0,2026-09-30T00:49:27Z,,,,,,,,0,0,,1,1,MJ,https://statsapi.mlb.com/api/v1.1/game/823252/feed/live,https://www.mlb.com/official-information/scoring-changes,https://baseballsavant.mlb.com/sporty-videos?playId=7f503efb-b974-315e-9c6c-52738704b9fc
2026-09-30T04:08:46Z,823252,2026-09-18,MIA @ SD,3,top,17,7f503efb-b974-315e-9c6c-52738704b9fc,Heriberto Hernández,overturned,0,1,2026-09-30T00:49:27Z,scored,0,2026-09-30T00:49:27Z,,,,,,,,0,0,,1,1,MJ,https://statsapi.mlb.com/api/v1.1/game/823252/feed/live,https://www.mlb.com/official-information/scoring-changes,https://baseballsavant.mlb.com/sporty-videos?playId=7f503efb-b974-315e-9c6c-52738704b9fc
2026-09-30T04:08:46Z,823252,2026-09-18,MIA @ SD,3,top,17,7f503efb-b974-315e-9c6c-52738704b9fc,Heriberto Hernández,review_type,,MJ,2026-09-30T00:49:27Z,scored,0,2026-09-30T00:49:27Z,,,,,,,,0,0,,1,1,MJ,https://statsapi.mlb.com/api/v1.1/game/823252/feed/live,https://www.mlb.com/official-information/scoring-changes,https://baseballsavant.mlb.com/sporty-videos?playId=7f503efb-b974-315e-9c6c-52738704b9fc
2026-09-30T04:08:46Z,823252,2026-09-18,MIA @ SD,4,top,25,1e3f3e48-8833-38e7-ac5c-ea8b403254e4,Xavier Edwards,reviewed,0,1,2026-09-30T00:49:27Z,scored,0,2026-09-30T00:49:27Z,,,,,,,,0,0,,1,1,MJ,https://statsapi.mlb.com/api/v1.1/game/823252/feed/live,https://www.mlb.com/official-information/scoring-changes,https://baseballsavant.mlb.com/sporty-videos?playId=1e3f3e48-8833-38e7-ac5c-ea8b403254e4
2026-09-30T04:08:46Z,823252,2026-09-18,MIA @ SD,4,top,25,1e3f3e48-8833-38e7-ac5c-ea8b403254e4,Xavier Edwards,overturned,0,1,2026-09-30T00:49:27Z,scored,0,2026-09-30T00:49:27Z,,,,,,,,0,0,,1,1,MJ,https://statsapi.mlb.com/api/v1.1/game/823252/feed/live,https://www.mlb.com/official-information/scoring-changes,https://baseballsavant.mlb.com/sporty-videos?playId=1e3f3e48-8833-38e7-ac5c-ea8b403254e4
2026-09-30T04:08:46Z,823252,2026-09-18,MIA @ SD,4,top,25,1e3f3e48-8833-38e7-ac5c-ea8b403254e4,Xavier Edwards,review_type,,MJ,2026-09-30T00:49:27Z,scored,0,2026-09-30T00:49:27Z,,,,,,,,0,0,,1,1,MJ,https://statsapi.mlb.com/api/v1.1/game/823252/feed/live,https://www.mlb.com/official-information/scoring-changes,https://baseballsavant.mlb.com/sporty-videos?playId=1e3f3e48-8833-38e7-ac5c-ea8b403254e4
2026-09-30T04:08:46Z,823252,2026-09-18,MIA @ SD,7,top,52,6b7300b3-a718-3ae3-aef9-7ed7024eea1d,Xavier Edwards,reviewed,0,1,2026-09-30T00:49:27Z,scored,0,2026-09-30T00:49:27Z,,,,,,,,0,0,,1,0,MJ,https://statsapi.mlb.com/api/v1.1/game/823252/feed/live,https://www.mlb.com/official-information/scoring-changes,https://baseballsavant.mlb.com/sporty-videos?playId=6b7300b3-a718-3ae3-aef9-7ed7024eea1d
2026-09-30T04:08:46Z,823252,2026-09-18,MIA @ SD,7,top,52,6b7300b3-a718-3ae3-aef9-7ed7024eea1d,Xavier Edwards,review_type,,MJ,2026-09-30T00:49:27Z,scored,0,2026-09-30T00:49:27Z,,,,,,,,0,0,,1,0,MJ,https://statsapi.mlb.com/api/v1.1/game/823252/feed/live,https://www.mlb.com/official-information/scoring-changes,https://baseballsavant.mlb.com/sporty-videos?playId=6b7300b3-a718-3ae3-aef9-7ed7024eea1d
2026-09-30T04:08:46Z,825032,2026-09-18,NYY @ AZ,2,bottom,18,b4e0278a-24c4-324a-b519-447674681ce6,Corbin Carroll,reviewed,0,1,2026-09-30T00:49:27Z,scored,0,2026-09-30T00:49:27Z,,,,,,,,2,2,,1,1,MJ,https://statsapi.mlb.com/api/v1.1/game/825032/feed/live,https://www.mlb.com/official-information/scoring-changes,https://baseballsavant.mlb.com/sporty-videos?playId=b4e0278a-24c4-324a-b519-447674681ce6
2026-09-30T04:08:46Z,825032,2026-09-18,NYY @ AZ,2,bottom,18,b4e0278a-24c4-324a-b519-447674681ce6,Corbin Carroll,overturned,0,1,2026-09-30T00:49:27Z,scored,0,2026-09-30T00:49:27Z,,,,,,,,2,2,,1,1,MJ,https://statsapi.mlb.com/api/v1.1/game/825032/feed/live,https://www.mlb.com/official-information/scoring-changes,https://baseballsavant.mlb.com/sporty-videos?playId=b4e0278a-24c4-324a-b519-447674681ce6
2026-09-30T04:08:46Z,825032,2026-09-18,NYY @ AZ,2,bottom,18,b4e0278a-24c4-324a-b519-447674681ce6,Corbin Carroll,review_type,,MJ,2026-09-30T00:49:27Z,scored,0,2026-09-30T00:49:27Z,,,,,,,,2,2,,1,1,MJ,https://statsapi.mlb.com/api/v1.1/game/825032/feed/live,https://www.mlb.com/official-information/scoring-changes,https://baseballsavant.mlb.com/sporty-videos?playId=b4e0278a-24c4-324a-b519-447674681ce6
2026-09-30T04:08:46Z,824545,2026-09-19,DET @ CWS,4,top,24,ea13b391-39b1-388b-acae-4202aaafa8f8,Riley Greene,reviewed,0,1,2026-09-30T00:49:27Z,scored,0,2026-09-30T00:49:27Z,,,,,,,,0,0,,1,1,MJ,https://statsapi.mlb.com/api/v1.1/game/824545/feed/live,https://www.mlb.com/official-information/scoring-changes,https://baseballsavant.mlb.com/sporty-videos?playId=ea13b391-39b1-388b-acae-4202aaafa8f8
2026-09-30T04:08:46Z,824545,2026-09-19,DET @ CWS,4,top,24,ea13b391-39b1-388b-acae-4202aaafa8f8,Riley Greene,overturned,0,1,2026-09-30T00:49:27Z,scored,0,2026-09-30T00:49:27Z,,,,,,,,0,0,,1,1,MJ,https://statsapi.mlb.com/api/v1.1/game/824545/feed/live,https://www.mlb.com/official-information/scoring-changes,https://baseballsavant.mlb.com/sporty-videos?playId=ea13b391-39b1-388b-acae-4202aaafa8f8
2026-09-30T04:08:46Z,824545,2026-09-19,DET @ CWS,4,top,24,ea13b391-39b1-388b-acae-4202aaafa8f8,Riley Greene,review_type,,MJ,2026-09-30T00:49:27Z,scored,0,2026-09-30T00:49:27Z,,,,,,,,0,0,,1,1,MJ,https://statsapi.mlb.com/api/v1.1/game/824545/feed/live,https://www.mlb.com/official-information/scoring-changes,https://baseballsavant.mlb.com/sporty-videos?playId=ea13b391-39b1-388b-acae-4202aaafa8f8
2026-09-30T04:08:46Z,824545,2026-09-19,DET @ CWS,5,bottom,36,45e610f9-db34-33a4-8568-d94d36a4dc86,Braden Montgomery,reviewed,0,1,2026-09-30T00:49:27Z,scored,0,2026-09-30T00:49:27Z,,,,,,,,0,0,,1,1,MJ,https://statsapi.mlb.com/api/v1.1/game/824545/feed/live,https://www.mlb.com/official-information/scoring-changes,https://baseballsavant.mlb.com/sporty-videos?playId=45e610f9-db34-33a4-8568-d94d36a4dc86
2026-09-30T04:08:46Z,824545,2026-09-19,DET @ CWS,5,bottom,36,45e610f9-db34-33a4-8568-d94d36a4dc86,Braden Montgomery,overturned,0,1,2026-09-30T00:49:27Z,scored,0,2026-09-30T00:49:27Z,,,,,,,,0,0,,1,1,MJ,https://statsapi.mlb.com/api/v1.1/game/824545/feed/live,https://www.mlb.com/official-information/scoring-changes,https://baseballsavant.mlb.com/sporty-videos?playId=45e610f9-db34-33a4-8568-d94d36a4dc86
2026-09-30T04:08:46Z,824545,2026-09-19,DET @ CWS,5,bottom,36,45e610f9-db34-33a4-8568-d94d36a4dc86,Braden Montgomery,review_type,,MJ,2026-09-30T00:49:27Z,scored,0,2026-09-30T00:49:27Z,,,,,,,,0,0,,1,1,MJ,https://statsapi.mlb.com/api/v1.1/game/824545/feed/live,https://www.mlb.com/official-information/scoring-changes,https://baseballsavant.mlb.com/sporty-videos?playId=45e610f9-db34-33a4-8568-d94d36a4dc86
2026-09-30T04:08:46Z,824545,2026-09-19,DET @ CWS,9,top,69,dc83a272-8525-3095-b4b9-61e9a222be87,Spencer Torkelson,reviewed,0,1,2026-09-30T00:49:27Z,scored,0,2026-09-30T00:49:27Z,,,,,,,,0,0,,1,0,MJ,https://statsapi.mlb.com/api/v1.1/game/824545/feed/live,https://www.mlb.com/official-information/scoring-changes,https://baseballsavant.mlb.com/sporty-videos?playId=dc83a272-8525-3095-b4b9-61e9a222be87
2026-09-30T04:08:46Z,824545,2026-09-19,DET @ CWS,9,top,69,dc83a272-8525-3095-b4b9-61e9a222be87,Spencer Torkelson,review_type,,MJ,2026-09-30T00:49:27Z,scored,0,2026-09-30T00:49:27Z,,,,,,,,0,0,,1,0,MJ,https://statsapi.mlb.com/api/v1.1/game/824545/feed/live,https://www.mlb.com/official-information/scoring-changes,https://baseballsavant.mlb.com/sporty-videos?playId=dc83a272-8525-3095-b4b9-61e9a222be87
2026-09-30T04:08:46Z,824788,2026-09-19,MIL @ BAL,2,top,7,b25f95cb-6ce0-31ca-857d-82f0adb8ed9f,Andrew Vaughn,reviewed,0,1,2026-09-30T00:49:27Z,scored,0,2026-09-30T00:49:27Z,,,,,,,,0,0,,1,0,MJ,https://statsapi.mlb.com/api/v1.1/game/824788/feed/live,https://www.mlb.com/official-information/scoring-changes,https://baseballsavant.mlb.com/sporty-videos?playId=b25f95cb-6ce0-31ca-857d-82f0adb8ed9f
2026-09-30T04:08:46Z,824788,2026-09-19,MIL @ BAL,2,top,7,b25f95cb-6ce0-31ca-857d-82f0adb8ed9f,Andrew Vaughn,review_type,,MJ,2026-09-30T00:49:27Z,scored,0,2026-09-30T00:49:27Z,,,,,,,,0,0,,1,0,MJ,https://statsapi.mlb.com/api/v1.1/game/824788/feed/live,https://www.mlb.com/official-information/scoring-changes,https://baseballsavant.mlb.com/sporty-videos?playId=b25f95cb-6ce0-31ca-857d-82f0adb8ed9f
2026-09-30T04:08:46Z,824788,2026-09-19,MIL @ BAL,9,bottom,60,efe9c0d3-a297-3682-8052-450e005450e2,Christian Encarnacion-Strand,reviewed,0,1,2026-09-30T00:49:27Z,scored,0,2026-09-30T00:49:27Z,,,,,,,,0,0,,1,0,MJ,https://statsapi.mlb.com/api/v1.1/game/824788/feed/live,https://www.mlb.com/official-information/scoring-changes,https://baseballsavant.mlb.com/sporty-videos?playId=efe9c0d3-a297-3682-8052-450e005450e2
2026-09-30T04:08:46Z,824788,2026-09-19,MIL @ BAL,9,bottom,60,efe9c0d3-a297-3682-8052-450e005450e2,Christian Encarnacion-Strand,review_type,,MJ,2026-09-30T00:49:27Z,scored,0,2026-09-30T00:49:27Z,,,,,,,,0,0,,1,0,MJ,https://statsapi.mlb.com/api/v1.1/game/824788/feed/live,https://www.mlb.com/official-information/scoring-changes,https://baseballsavant.mlb.com/sporty-videos?playId=efe9c0d3-a297-3682-8052-450e005450e2
2026-09-30T04:08:46Z,822921,2026-09-19,BOS @ TB,2,bottom,9,340b2438-9d43-324a-bfa4-fdd22a2f5e75,Liam Hicks,reviewed,0,1,2026-09-30T00:49:27Z,scored,0,2026-09-30T00:49:27Z,,,,,,,,0,0,,1,0,NH,https://statsapi.mlb.com/api/v1.1/game/822921/feed/live,https://www.mlb.com/official-information/scoring-changes,https://baseballsavant.mlb.com/sporty-videos?playId=340b2438-9d43-324a-bfa4-fdd22a2f5e75
2026-09-30T04:08:46Z,822921,2026-09-19,BOS @ TB,2,bottom,9,340b2438-9d43-324a-bfa4-fdd22a2f5e75,Liam Hicks,review_type,,NH,2026-09-30T00:49:27Z,scored,0,2026-09-30T00:49:27Z,,,,,,,,0,0,,1,0,NH,https://statsapi.mlb.com/api/v1.1/game/822921/feed/live,https://www.mlb.com/official-information/scoring-changes,https://baseballsavant.mlb.com/sporty-videos?playId=340b2438-9d43-324a-bfa4-fdd22a2f5e75
2026-09-30T04:08:46Z,822921,2026-09-19,BOS @ TB,9,bottom,67,c2961bc8-bcef-39c0-be79-e0d090d4c625,Chandler Simpson,reviewed,0,1,2026-09-30T00:49:27Z,scored,0,2026-09-30T00:49:27Z,,,,,,,,0,0,,1,1,MJ,https://statsapi.mlb.com/api/v1.1/game/822921/feed/live,https://www.mlb.com/official-information/scoring-changes,https://baseballsavant.mlb.com/sporty-videos?playId=c2961bc8-bcef-39c0-be79-e0d090d4c625
2026-09-30T04:08:46Z,822921,2026-09-19,BOS @ TB,9,bottom,67,c2961bc8-bcef-39c0-be79-e0d090d4c625,Chandler Simpson,overturned,0,1,2026-09-30T00:49:27Z,scored,0,2026-09-30T00:49:27Z,,,,,,,,0,0,,1,1,MJ,https://statsapi.mlb.com/api/v1.1/game/822921/feed/live,https://www.mlb.com/official-information/scoring-changes,https://baseballsavant.mlb.com/sporty-videos?playId=c2961bc8-bcef-39c0-be79-e0d090d4c625
2026-09-30T04:08:46Z,822921,2026-09-19,BOS @ TB,9,bottom,67,c2961bc8-bcef-39c0-be79-e0d090d4c625,Chandler Simpson,review_type,,MJ,2026-09-30T00:49:27Z,scored,0,2026-09-30T00:49:27Z,,,,,,,,0,0,,1,1,MJ,https://statsapi.mlb.com/api/v1.1/game/822921/feed/live,https://www.mlb.com/official-information/scoring-changes,https://baseballsavant.mlb.com/sporty-videos?playId=c2961bc8-bcef-39c0-be79-e0d090d4c625
2026-09-30T04:08:46Z,823571,2026-09-19,PHI @ NYM,5,top,33,52f9cd08-83ed-3120-ae35-171fd1a3312a,Trea Turner,reviewed,0,1,2026-09-30T00:49:27Z,scored,0,2026-09-30T00:49:27Z,,,,,,,,0,0,,1,0,MJ,https://statsapi.mlb.com/api/v1.1/game/823571/feed/live,https://www.mlb.com/official-information/scoring-changes,https://baseballsavant.mlb.com/sporty-videos?playId=52f9cd08-83ed-3120-ae35-171fd1a3312a
2026-09-30T04:08:46Z,823571,2026-09-19,PHI @ NYM,5,top,33,52f9cd08-83ed-3120-ae35-171fd1a3312a,Trea Turner,review_type,,MJ,2026-09-30T00:49:27Z,scored,0,2026-09-30T00:49:27Z,,,,,,,,0,0,,1,0,MJ,https://statsapi.mlb.com/api/v1.1/game/823571/feed/live,https://www.mlb.com/official-information/scoring-changes,https://baseballsavant.mlb.com/sporty-videos?playId=52f9cd08-83ed-3120-ae35-171fd1a3312a
2026-09-30T04:08:46Z,824380,2026-09-19,ATH @ CLE,5,top,48,49c3e752-def9-326b-8320-4279a777e561,Donovan Walton,reviewed,0,1,2026-09-30T00:49:27Z,scored,0,2026-09-30T00:49:27Z,,,,,,,,2,2,,1,1,MJ,https://statsapi.mlb.com/api/v1.1/game/824380/feed/live,https://www.mlb.com/official-information/scoring-changes,https://baseballsavant.mlb.com/sporty-videos?playId=49c3e752-def9-326b-8320-4279a777e561
2026-09-30T04:08:46Z,824380,2026-09-19,ATH @ CLE,5,top,48,49c3e752-def9-326b-8320-4279a777e561,Donovan Walton,overturned,0,1,2026-09-30T00:49:27Z,scored,0,2026-09-30T00:49:27Z,,,,,,,,2,2,,1,1,MJ,https://statsapi.mlb.com/api/v1.1/game/824380/feed/live,https://www.mlb.com/official-information/scoring-changes,https://baseballsavant.mlb.com/sporty-videos?playId=49c3e752-def9-326b-8320-4279a777e561
2026-09-30T04:08:46Z,824380,2026-09-19,ATH @ CLE,5,top,48,49c3e752-def9-326b-8320-4279a777e561,Donovan Walton,review_type,,MJ,2026-09-30T00:49:27Z,scored,0,2026-09-30T00:49:27Z,,,,,,,,2,2,,1,1,MJ,https://statsapi.mlb.com/api/v1.1/game/824380/feed/live,https://www.mlb.com/official-information/scoring-changes,https://baseballsavant.mlb.com/sporty-videos?playId=49c3e752-def9-326b-8320-4279a777e561
2026-09-30T04:08:46Z,824380,2026-09-19,ATH @ CLE,6,top,55,e74cf88c-7565-3b6d-9321-7dbda1f08bde,Henry Bolte,reviewed,0,1,2026-09-30T00:49:27Z,scored,0,2026-09-30T00:49:27Z,,,,,,,,0,0,,1,1,MJ,https://statsapi.mlb.com/api/v1.1/game/824380/feed/live,https://www.mlb.com/official-information/scoring-changes,https://baseballsavant.mlb.com/sporty-videos?playId=e74cf88c-7565-3b6d-9321-7dbda1f08bde
2026-09-30T04:08:46Z,824380,2026-09-19,ATH @ CLE,6,top,55,e74cf88c-7565-3b6d-9321-7dbda1f08bde,Henry Bolte,overturned,0,1,2026-09-30T00:49:27Z,scored,0,2026-09-30T00:49:27Z,,,,,,,,0,0,,1,1,MJ,https://statsapi.mlb.com/api/v1.1/game/824380/feed/live,https://www.mlb.com/official-information/scoring-changes,https://baseballsavant.mlb.com/sporty-videos?playId=e74cf88c-7565-3b6d-9321-7dbda1f08bde
2026-09-30T04:08:46Z,824380,2026-09-19,ATH @ CLE,6,top,55,e74cf88c-7565-3b6d-9321-7dbda1f08bde,Henry Bolte,review_type,,MJ,2026-09-30T00:49:27Z,scored,0,2026-09-30T00:49:27Z,,,,,,,,0,0,,1,1,MJ,https://statsapi.mlb.com/api/v1.1/game/824380/feed/live,https://www.mlb.com/official-information/scoring-changes,https://baseballsavant.mlb.com/sporty-videos?playId=e74cf88c-7565-3b6d-9321-7dbda1f08bde
2026-09-30T04:08:46Z,824380,2026-09-19,ATH @ CLE,6,top,56,3051fa20-87eb-3bfd-a30b-2943e06aa420,Jeff McNeil,reviewed,0,1,2026-09-30T00:49:27Z,scored,0,2026-09-30T00:49:27Z,,,,,,,,0,0,,1,1,MJ,https://statsapi.mlb.com/api/v1.1/game/824380/feed/live,https://www.mlb.com/official-information/scoring-changes,https://baseballsavant.mlb.com/sporty-videos?playId=3051fa20-87eb-3bfd-a30b-2943e06aa420
2026-09-30T04:08:46Z,824380,2026-09-19,ATH @ CLE,6,top,56,3051fa20-87eb-3bfd-a30b-2943e06aa420,Jeff McNeil,overturned,0,1,2026-09-30T00:49:27Z,scored,0,2026-09-30T00:49:27Z,,,,,,,,0,0,,1,1,MJ,https://statsapi.mlb.com/api/v1.1/game/824380/feed/live,https://www.mlb.com/official-information/scoring-changes,https://baseballsavant.mlb.com/sporty-videos?playId=3051fa20-87eb-3bfd-a30b-2943e06aa420
2026-09-30T04:08:46Z,824380,2026-09-19,ATH @ CLE,6,top,56,3051fa20-87eb-3bfd-a30b-2943e06aa420,Jeff McNeil,review_type,,MJ,2026-09-30T00:49:27Z,scored,0,2026-09-30T00:49:27Z,,,,,,,,0,0,,1,1,MJ,https://statsapi.mlb.com/api/v1.1/game/824380/feed/live,https://www.mlb.com/official-information/scoring-changes,https://baseballsavant.mlb.com/sporty-videos?playId=3051fa20-87eb-3bfd-a30b-2943e06aa420
2026-09-30T04:08:46Z,824461,2026-09-19,CHC @ CIN,2,bottom,13,92ee5d0a-605b-35de-8d3f-4ae22314f461,Eugenio Suárez,reviewed,0,1,2026-09-30T00:49:27Z,scored,0,2026-09-30T00:49:27Z,,,,,,,,0,0,,1,0,MJ,https://statsapi.mlb.com/api/v1.1/game/824461/feed/live,https://www.mlb.com/official-information/scoring-changes,https://baseballsavant.mlb.com/sporty-videos?playId=92ee5d0a-605b-35de-8d3f-4ae22314f461
2026-09-30T04:08:46Z,824461,2026-09-19,CHC @ CIN,2,bottom,13,92ee5d0a-605b-35de-8d3f-4ae22314f461,Eugenio Suárez,review_type,,MJ,2026-09-30T00:49:27Z,scored,0,2026-09-30T00:49:27Z,,,,,,,,0,0,,1,0,MJ,https://statsapi.mlb.com/api/v1.1/game/824461/feed/live,https://www.mlb.com/official-information/scoring-changes,https://baseballsavant.mlb.com/sporty-videos?playId=92ee5d0a-605b-35de-8d3f-4ae22314f461
2026-09-30T04:08:46Z,823330,2026-09-19,KC @ PIT,2,top,7,0c6cbf83-bef1-38c0-b846-aac659a8d32f,Vinnie Pasquantino,reviewed,0,1,2026-09-30T00:49:27Z,scored,0,2026-09-30T00:49:27Z,,,,,,,,0,0,,1,0,MJ,https://statsapi.mlb.com/api/v1.1/game/823330/feed/live,https://www.mlb.com/official-information/scoring-changes,https://baseballsavant.mlb.com/sporty-videos?playId=0c6cbf83-bef1-38c0-b846-aac659a8d32f
2026-09-30T04:08:46Z,823330,2026-09-19,KC @ PIT,2,top,7,0c6cbf83-bef1-38c0-b846-aac659a8d32f,Vinnie Pasquantino,review_type,,MJ,2026-09-30T00:49:27Z,scored,0,2026-09-30T00:49:27Z,,,,,,,,0,0,,1,0,MJ,https://statsapi.mlb.com/api/v1.1/game/823330/feed/live,https://www.mlb.com/official-information/scoring-changes,https://baseballsavant.mlb.com/sporty-videos?playId=0c6cbf83-bef1-38c0-b846-aac659a8d32f
2026-09-30T04:08:46Z,823330,2026-09-19,KC @ PIT,8,bottom,70,4bfd76b5-8323-3b5e-bbdb-6f8ffd0e84b8,Brandon Lowe,reviewed,0,1,2026-09-30T00:49:27Z,scored,0,2026-09-30T00:49:27Z,,,,,,,,2,2,,1,0,MJ,https://statsapi.mlb.com/api/v1.1/game/823330/feed/live,https://www.mlb.com/official-information/scoring-changes,https://baseballsavant.mlb.com/sporty-videos?playId=4bfd76b5-8323-3b5e-bbdb-6f8ffd0e84b8
2026-09-30T04:08:46Z,823330,2026-09-19,KC @ PIT,8,bottom,70,4bfd76b5-8323-3b5e-bbdb-6f8ffd0e84b8,Brandon Lowe,review_type,,MJ,2026-09-30T00:49:27Z,scored,0,2026-09-30T00:49:27Z,,,,,,,,2,2,,1,0,MJ,https://statsapi.mlb.com/api/v1.1/game/823330/feed/live,https://www.mlb.com/official-information/scoring-changes,https://baseballsavant.mlb.com/sporty-videos?playId=4bfd76b5-8323-3b5e-bbdb-6f8ffd0e84b8
2026-09-30T04:08:46Z,822843,2026-09-19,TOR @ TEX,1,top,2,50d274a3-69d7-31ee-ab29-b98f6970dd8f,Alejandro Kirk,reviewed,0,1,2026-09-30T00:49:27Z,scored,0,2026-09-30T00:49:27Z,,,,,,,,0,0,,1,1,MJ,https://statsapi.mlb.com/api/v1.1/game/822843/feed/live,https://www.mlb.com/official-information/scoring-changes,https://baseballsavant.mlb.com/sporty-videos?playId=50d274a3-69d7-31ee-ab29-b98f6970dd8f
2026-09-30T04:08:46Z,822843,2026-09-19,TOR @ TEX,1,top,2,50d274a3-69d7-31ee-ab29-b98f6970dd8f,Alejandro Kirk,overturned,0,1,2026-09-30T00:49:27Z,scored,0,2026-09-30T00:49:27Z,,,,,,,,0,0,,1,1,MJ,https://statsapi.mlb.com/api/v1.1/game/822843/feed/live,https://www.mlb.com/official-information/scoring-changes,https://baseballsavant.mlb.com/sporty-videos?playId=50d274a3-69d7-31ee-ab29-b98f6970dd8f
2026-09-30T04:08:46Z,822843,2026-09-19,TOR @ TEX,1,top,2,50d274a3-69d7-31ee-ab29-b98f6970dd8f,Alejandro Kirk,review_type,,MJ,2026-09-30T00:49:27Z,scored,0,2026-09-30T00:49:27Z,,,,,,,,0,0,,1,1,MJ,https://statsapi.mlb.com/api/v1.1/game/822843/feed/live,https://www.mlb.com/official-information/scoring-changes,https://baseballsavant.mlb.com/sporty-videos?playId=50d274a3-69d7-31ee-ab29-b98f6970dd8f
2026-09-30T04:08:46Z,824137,2026-09-19,ATL @ HOU,3,bottom,23,c0bbea68-e83b-3820-8083-32747b774c5c,Isaac Paredes,reviewed,0,1,2026-09-30T00:49:27Z,scored,0,2026-09-30T00:49:27Z,,,,,,,,1,1,,1,1,MJ,https://statsapi.mlb.com/api/v1.1/game/824137/feed/live,https://www.mlb.com/official-information/scoring-changes,https://baseballsavant.mlb.com/sporty-videos?playId=c0bbea68-e83b-3820-8083-32747b774c5c
2026-09-30T04:08:46Z,824137,2026-09-19,ATL @ HOU,3,bottom,23,c0bbea68-e83b-3820-8083-32747b774c5c,Isaac Paredes,overturned,0,1,2026-09-30T00:49:27Z,scored,0,2026-09-30T00:49:27Z,,,,,,,,1,1,,1,1,MJ,https://statsapi.mlb.com/api/v1.1/game/824137/feed/live,https://www.mlb.com/official-information/scoring-changes,https://baseballsavant.mlb.com/sporty-videos?playId=c0bbea68-e83b-3820-8083-32747b774c5c
2026-09-30T04:08:46Z,824137,2026-09-19,ATL @ HOU,3,bottom,23,c0bbea68-e83b-3820-8083-32747b774c5c,Isaac Paredes,review_type,,MJ,2026-09-30T00:49:27Z,scored,0,2026-09-30T00:49:27Z,,,,,,,,1,1,,1,1,MJ,https://statsapi.mlb.com/api/v1.1/game/824137/feed/live,https://www.mlb.com/official-information/scoring-changes,https://baseballsavant.mlb.com/sporty-videos?playId=c0bbea68-e83b-3820-8083-32747b774c5c
2026-09-30T04:08:46Z,824137,2026-09-19,ATL @ HOU,7,bottom,55,da9ad710-1be3-3e95-b886-fe822bbd76d4,Christian Walker,reviewed,0,1,2026-09-30T00:49:27Z,scored,0,2026-09-30T00:49:27Z,,,,,,,,0,0,,1,0,MJ,https://statsapi.mlb.com/api/v1.1/game/824137/feed/live,https://www.mlb.com/official-information/scoring-changes,https://baseballsavant.mlb.com/sporty-videos?playId=da9ad710-1be3-3e95-b886-fe822bbd76d4
2026-09-30T04:08:46Z,824137,2026-09-19,ATL @ HOU,7,bottom,55,da9ad710-1be3-3e95-b886-fe822bbd76d4,Christian Walker,review_type,,MJ,2026-09-30T00:49:27Z,scored,0,2026-09-30T00:49:27Z,,,,,,,,0,0,,1,0,MJ,https://statsapi.mlb.com/api/v1.1/game/824137/feed/live,https://www.mlb.com/official-information/scoring-changes,https://baseballsavant.mlb.com/sporty-videos?playId=da9ad710-1be3-3e95-b886-fe822bbd76d4
2026-09-30T04:08:46Z,824137,2026-09-19,ATL @ HOU,8,top,58,7a52be18-a6ac-3c12-85ec-708a77b4cc3e,Mauricio Dubón,reviewed,0,1,2026-09-30T00:49:27Z,scored,0,2026-09-30T00:49:27Z,,,,,,,,0,0,,1,0,MJ,https://statsapi.mlb.com/api/v1.1/game/824137/feed/live,https://www.mlb.com/official-information/scoring-changes,https://baseballsavant.mlb.com/sporty-videos?playId=7a52be18-a6ac-3c12-85ec-708a77b4cc3e
2026-09-30T04:08:46Z,824137,2026-09-19,ATL @ HOU,8,top,58,7a52be18-a6ac-3c12-85ec-708a77b4cc3e,Mauricio Dubón,review_type,,MJ,2026-09-30T00:49:27Z,scored,0,2026-09-30T00:49:27Z,,,,,,,,0,0,,1,0,MJ,https://statsapi.mlb.com/api/v1.1/game/824137/feed/live,https://www.mlb.com/official-information/scoring-changes,https://baseballsavant.mlb.com/sporty-videos?playId=7a52be18-a6ac-3c12-85ec-708a77b4cc3e
2026-09-30T04:08:46Z,823003,2026-09-19,WSH @ STL,3,bottom,25,6c1e1942-90b1-3c62-8c26-dd758036d051,Jordan Walker,reviewed,0,1,2026-09-30T00:49:27Z,scored,0,2026-09-30T00:49:27Z,,,,,,,,0,0,,1,1,MJ,https://statsapi.mlb.com/api/v1.1/game/823003/feed/live,https://www.mlb.com/official-information/scoring-changes,https://baseballsavant.mlb.com/sporty-videos?playId=6c1e1942-90b1-3c62-8c26-dd758036d051
2026-09-30T04:08:46Z,823003,2026-09-19,WSH @ STL,3,bottom,25,6c1e1942-90b1-3c62-8c26-dd758036d051,Jordan Walker,overturned,0,1,2026-09-30T00:49:27Z,scored,0,2026-09-30T00:49:27Z,,,,,,,,0,0,,1,1,MJ,https://statsapi.mlb.com/api/v1.1/game/823003/feed/live,https://www.mlb.com/official-information/scoring-changes,https://baseballsavant.mlb.com/sporty-videos?playId=6c1e1942-90b1-3c62-8c26-dd758036d051
2026-09-30T04:08:46Z,823003,2026-09-19,WSH @ STL,3,bottom,25,6c1e1942-90b1-3c62-8c26-dd758036d051,Jordan Walker,review_type,,MJ,2026-09-30T00:49:27Z,scored,0,2026-09-30T00:49:27Z,,,,,,,,0,0,,1,1,MJ,https://statsapi.mlb.com/api/v1.1/game/823003/feed/live,https://www.mlb.com/official-information/scoring-changes,https://baseballsavant.mlb.com/sporty-videos?playId=6c1e1942-90b1-3c62-8c26-dd758036d051
2026-09-30T04:08:46Z,823003,2026-09-19,WSH @ STL,4,top,31,dad37f0a-e67b-3fff-99a4-da27679b8d17,James Wood,reviewed,0,1,2026-09-30T00:49:27Z,scored,0,2026-09-30T00:49:27Z,,,,,,,,0,0,,1,1,MJ,https://statsapi.mlb.com/api/v1.1/game/823003/feed/live,https://www.mlb.com/official-information/scoring-changes,https://baseballsavant.mlb.com/sporty-videos?playId=dad37f0a-e67b-3fff-99a4-da27679b8d17
2026-09-30T04:08:46Z,823003,2026-09-19,WSH @ STL,4,top,31,dad37f0a-e67b-3fff-99a4-da27679b8d17,James Wood,overturned,0,1,2026-09-30T00:49:27Z,scored,0,2026-09-30T00:49:27Z,,,,,,,,0,0,,1,1,MJ,https://statsapi.mlb.com/api/v1.1/game/823003/feed/live,https://www.mlb.com/official-information/scoring-changes,https://baseballsavant.mlb.com/sporty-videos?playId=dad37f0a-e67b-3fff-99a4-da27679b8d17
2026-09-30T04:08:46Z,823003,2026-09-19,WSH @ STL,4,top,31,dad37f0a-e67b-3fff-99a4-da27679b8d17,James Wood,review_type,,MJ,2026-09-30T00:49:27Z,scored,0,2026-09-30T00:49:27Z,,,,,,,,0,0,,1,1,MJ,https://statsapi.mlb.com/api/v1.1/game/823003/feed/live,https://www.mlb.com/official-information/scoring-changes,https://baseballsavant.mlb.com/sporty-videos?playId=dad37f0a-e67b-3fff-99a4-da27679b8d17
2026-09-30T04:08:46Z,823003,2026-09-19,WSH @ STL,4,bottom,34,517777f3-4156-35d1-8bb5-4a1dc2058679,Nathan Church,reviewed,0,1,2026-09-30T00:49:27Z,scored,0,2026-09-30T00:49:27Z,,,,,,,,0,0,,1,1,MJ,https://statsapi.mlb.com/api/v1.1/game/823003/feed/live,https://www.mlb.com/official-information/scoring-changes,https://baseballsavant.mlb.com/sporty-videos?playId=517777f3-4156-35d1-8bb5-4a1dc2058679
2026-09-30T04:08:46Z,823003,2026-09-19,WSH @ STL,4,bottom,34,517777f3-4156-35d1-8bb5-4a1dc2058679,Nathan Church,overturned,0,1,2026-09-30T00:49:27Z,scored,0,2026-09-30T00:49:27Z,,,,,,,,0,0,,1,1,MJ,https://statsapi.mlb.com/api/v1.1/game/823003/feed/live,https://www.mlb.com/official-information/scoring-changes,https://baseballsavant.mlb.com/sporty-videos?playId=517777f3-4156-35d1-8bb5-4a1dc2058679
2026-09-30T04:08:46Z,823003,2026-09-19,WSH @ STL,4,bottom,34,517777f3-4156-35d1-8bb5-4a1dc2058679,Nathan Church,review_type,,MJ,2026-09-30T00:49:27Z,scored,0,2026-09-30T00:49:27Z,,,,,,,,0,0,,1,1,MJ,https://statsapi.mlb.com/api/v1.1/game/823003/feed/live,https://www.mlb.com/official-information/scoring-changes,https://baseballsavant.mlb.com/sporty-videos?playId=517777f3-4156-35d1-8bb5-4a1dc2058679
2026-09-30T04:08:46Z,823003,2026-09-19,WSH @ STL,9,top,71,4af6327c-c830-3cc2-9eb7-0320abae367d,José Tena,reviewed,0,1,2026-09-30T00:49:27Z,scored,0,2026-09-30T00:49:27Z,,,,,,,,0,0,,1,1,MJ,https://statsapi.mlb.com/api/v1.1/game/823003/feed/live,https://www.mlb.com/official-information/scoring-changes,https://baseballsavant.mlb.com/sporty-videos?playId=4af6327c-c830-3cc2-9eb7-0320abae367d
2026-09-30T04:08:46Z,823003,2026-09-19,WSH @ STL,9,top,71,4af6327c-c830-3cc2-9eb7-0320abae367d,José Tena,overturned,0,1,2026-09-30T00:49:27Z,scored,0,2026-09-30T00:49:27Z,,,,,,,,0,0,,1,1,MJ,https://statsapi.mlb.com/api/v1.1/game/823003/feed/live,https://www.mlb.com/official-information/scoring-changes,https://baseballsavant.mlb.com/sporty-videos?playId=4af6327c-c830-3cc2-9eb7-0320abae367d
2026-09-30T04:08:46Z,823003,2026-09-19,WSH @ STL,9,top,71,4af6327c-c830-3cc2-9eb7-0320abae367d,José Tena,review_type,,MJ,2026-09-30T00:49:27Z,scored,0,2026-09-30T00:49:27Z,,,,,,,,0,0,,1,1,MJ,https://statsapi.mlb.com/api/v1.1/game/823003/feed/live,https://www.mlb.com/official-information/scoring-changes,https://baseballsavant.mlb.com/sporty-videos?playId=4af6327c-c830-3cc2-9eb7-0320abae367d
2026-09-30T04:08:46Z,823003,2026-09-19,WSH @ STL,9,bottom,75,6c70b3d8-b3ba-3dcc-a768-74e73c5784f7,José Fermín,reviewed,0,1,2026-09-30T00:49:27Z,scored,0,2026-09-30T00:49:27Z,,,,,,,,0,0,,1,0,MJ,https://statsapi.mlb.com/api/v1.1/game/823003/feed/live,https://www.mlb.com/official-information/scoring-changes,https://baseballsavant.mlb.com/sporty-videos?playId=6c70b3d8-b3ba-3dcc-a768-74e73c5784f7
2026-09-30T04:08:46Z,823003,2026-09-19,WSH @ STL,9,bottom,75,6c70b3d8-b3ba-3dcc-a768-74e73c5784f7,José Fermín,review_type,,MJ,2026-09-30T00:49:27Z,scored,0,2026-09-30T00:49:27Z,,,,,,,,0,0,,1,0,MJ,https://statsapi.mlb.com/api/v1.1/game/823003/feed/live,https://www.mlb.com/official-information/scoring-changes,https://baseballsavant.mlb.com/sporty-videos?playId=6c70b3d8-b3ba-3dcc-a768-74e73c5784f7
2026-09-30T04:08:46Z,823003,2026-09-19,WSH @ STL,11,top,93,b80efee3-8562-3835-925a-c85e1106fbaa,Jorbit Vivas,reviewed,0,1,2026-09-30T00:49:27Z,scored,0,2026-09-30T00:49:27Z,,,,,,,,0,0,,1,1,MJ,https://statsapi.mlb.com/api/v1.1/game/823003/feed/live,https://www.mlb.com/official-information/scoring-changes,https://baseballsavant.mlb.com/sporty-videos?playId=b80efee3-8562-3835-925a-c85e1106fbaa
2026-09-30T04:08:46Z,823003,2026-09-19,WSH @ STL,11,top,93,b80efee3-8562-3835-925a-c85e1106fbaa,Jorbit Vivas,overturned,0,1,2026-09-30T00:49:27Z,scored,0,2026-09-30T00:49:27Z,,,,,,,,0,0,,1,1,MJ,https://statsapi.mlb.com/api/v1.1/game/823003/feed/live,https://www.mlb.com/official-information/scoring-changes,https://baseballsavant.mlb.com/sporty-videos?playId=b80efee3-8562-3835-925a-c85e1106fbaa
2026-09-30T04:08:46Z,823003,2026-09-19,WSH @ STL,11,top,93,b80efee3-8562-3835-925a-c85e1106fbaa,Jorbit Vivas,review_type,,MJ,2026-09-30T00:49:27Z,scored,0,2026-09-30T00:49:27Z,,,,,,,,0,0,,1,1,MJ,https://statsapi.mlb.com/api/v1.1/game/823003/feed/live,https://www.mlb.com/official-information/scoring-changes,https://baseballsavant.mlb.com/sporty-videos?playId=b80efee3-8562-3835-925a-c85e1106fbaa
2026-09-30T04:08:46Z,824304,2026-09-19,SEA @ COL,1,top,3,c16bf1a2-a2f3-3282-a8db-5444978f1420,Cal Raleigh,reviewed,0,1,2026-09-30T00:49:27Z,scored,0,2026-09-30T00:49:27Z,,,,,,,,2,2,,1,1,MJ,https://statsapi.mlb.com/api/v1.1/game/824304/feed/live,https://www.mlb.com/official-information/scoring-changes,https://baseballsavant.mlb.com/sporty-videos?playId=c16bf1a2-a2f3-3282-a8db-5444978f1420
2026-09-30T04:08:46Z,824304,2026-09-19,SEA @ COL,1,top,3,c16bf1a2-a2f3-3282-a8db-5444978f1420,Cal Raleigh,overturned,0,1,2026-09-30T00:49:27Z,scored,0,2026-09-30T00:49:27Z,,,,,,,,2,2,,1,1,MJ,https://statsapi.mlb.com/api/v1.1/game/824304/feed/live,https://www.mlb.com/official-information/scoring-changes,https://baseballsavant.mlb.com/sporty-videos?playId=c16bf1a2-a2f3-3282-a8db-5444978f1420
2026-09-30T04:08:46Z,824304,2026-09-19,SEA @ COL,1,top,3,c16bf1a2-a2f3-3282-a8db-5444978f1420,Cal Raleigh,review_type,,MJ,2026-09-30T00:49:27Z,scored,0,2026-09-30T00:49:27Z,,,,,,,,2,2,,1,1,MJ,https://statsapi.mlb.com/api/v1.1/game/824304/feed/live,https://www.mlb.com/official-information/scoring-changes,https://baseballsavant.mlb.com/sporty-videos?playId=c16bf1a2-a2f3-3282-a8db-5444978f1420
2026-09-30T04:08:46Z,825029,2026-09-19,NYY @ AZ,1,bottom,5,e59c54f1-435f-3a52-9a1e-1ae1c80c9d9e,Gabriel Moreno,reviewed,0,1,2026-09-30T00:49:27Z,scored,0,2026-09-30T00:49:27Z,,,,,,,,0,0,,1,1,MJ,https://statsapi.mlb.com/api/v1.1/game/825029/feed/live,https://www.mlb.com/official-information/scoring-changes,https://baseballsavant.mlb.com/sporty-videos?playId=e59c54f1-435f-3a52-9a1e-1ae1c80c9d9e
2026-09-30T04:08:46Z,825029,2026-09-19,NYY @ AZ,1,bottom,5,e59c54f1-435f-3a52-9a1e-1ae1c80c9d9e,Gabriel Moreno,overturned,0,1,2026-09-30T00:49:27Z,scored,0,2026-09-30T00:49:27Z,,,,,,,,0,0,,1,1,MJ,https://statsapi.mlb.com/api/v1.1/game/825029/feed/live,https://www.mlb.com/official-information/scoring-changes,https://baseballsavant.mlb.com/sporty-videos?playId=e59c54f1-435f-3a52-9a1e-1ae1c80c9d9e
2026-09-30T04:08:46Z,825029,2026-09-19,NYY @ AZ,1,bottom,5,e59c54f1-435f-3a52-9a1e-1ae1c80c9d9e,Gabriel Moreno,review_type,,MJ,2026-09-30T00:49:27Z,scored,0,2026-09-30T00:49:27Z,,,,,,,,0,0,,1,1,MJ,https://statsapi.mlb.com/api/v1.1/game/825029/feed/live,https://www.mlb.com/official-information/scoring-changes,https://baseballsavant.mlb.com/sporty-videos?playId=e59c54f1-435f-3a52-9a1e-1ae1c80c9d9e
2026-09-30T04:08:46Z,823249,2026-09-19,MIA @ SD,5,bottom,50,66510af1-e42a-3bd1-97a0-f8901dfb6da2,Luis Campusano,reviewed,0,1,2026-09-30T00:49:27Z,scored,0,2026-09-30T00:49:27Z,,,,,,,,0,0,,1,1,MJ,https://statsapi.mlb.com/api/v1.1/game/823249/feed/live,https://www.mlb.com/official-information/scoring-changes,https://baseballsavant.mlb.com/sporty-videos?playId=66510af1-e42a-3bd1-97a0-f8901dfb6da2
2026-09-30T04:08:46Z,823249,2026-09-19,MIA @ SD,5,bottom,50,66510af1-e42a-3bd1-97a0-f8901dfb6da2,Luis Campusano,overturned,0,1,2026-09-30T00:49:27Z,scored,0,2026-09-30T00:49:27Z,,,,,,,,0,0,,1,1,MJ,https://statsapi.mlb.com/api/v1.1/game/823249/feed/live,https://www.mlb.com/official-information/scoring-changes,https://baseballsavant.mlb.com/sporty-videos?playId=66510af1-e42a-3bd1-97a0-f8901dfb6da2
2026-09-30T04:08:46Z,823249,2026-09-19,MIA @ SD,5,bottom,50,66510af1-e42a-3bd1-97a0-f8901dfb6da2,Luis Campusano,review_type,,MJ,2026-09-30T00:49:27Z,scored,0,2026-09-30T00:49:27Z,,,,,,,,0,0,,1,1,MJ,https://statsapi.mlb.com/api/v1.1/game/823249/feed/live,https://www.mlb.com/official-information/scoring-changes,https://baseballsavant.mlb.com/sporty-videos?playId=66510af1-e42a-3bd1-97a0-f8901dfb6da2
2026-09-30T04:08:46Z,823249,2026-09-19,MIA @ SD,7,top,65,76960478-0fd4-3180-99ff-7455fbf1f971,Jakob Marsee,reviewed,0,1,2026-09-30T00:49:27Z,scored,0,2026-09-30T00:49:27Z,,,,,,,,0,0,,1,0,MJ,https://statsapi.mlb.com/api/v1.1/game/823249/feed/live,https://www.mlb.com/official-information/scoring-changes,https://baseballsavant.mlb.com/sporty-videos?playId=76960478-0fd4-3180-99ff-7455fbf1f971
2026-09-30T04:08:46Z,823249,2026-09-19,MIA @ SD,7,top,65,76960478-0fd4-3180-99ff-7455fbf1f971,Jakob Marsee,review_type,,MJ,2026-09-30T00:49:27Z,scored,0,2026-09-30T00:49:27Z,,,,,,,,0,0,,1,0,MJ,https://statsapi.mlb.com/api/v1.1/game/823249/feed/live,https://www.mlb.com/official-information/scoring-changes,https://baseballsavant.mlb.com/sporty-videos?playId=76960478-0fd4-3180-99ff-7455fbf1f971
2026-09-30T04:08:46Z,823249,2026-09-19,MIA @ SD,10,top,90,5b56d26b-a7ed-3aad-8cd9-7c27e4ce295f,Heriberto Hernández,reviewed,0,1,2026-09-30T00:49:27Z,scored,0,2026-09-30T00:49:27Z,,,,,,,,0,0,,1,0,MJ,https://statsapi.mlb.com/api/v1.1/game/823249/feed/live,https://www.mlb.com/official-information/scoring-changes,https://baseballsavant.mlb.com/sporty-videos?playId=5b56d26b-a7ed-3aad-8cd9-7c27e4ce295f
2026-09-30T04:08:46Z,823249,2026-09-19,MIA @ SD,10,top,90,5b56d26b-a7ed-3aad-8cd9-7c27e4ce295f,Heriberto Hernández,review_type,,MJ,2026-09-30T00:49:27Z,scored,0,2026-09-30T00:49:27Z,,,,,,,,0,0,,1,0,MJ,https://statsapi.mlb.com/api/v1.1/game/823249/feed/live,https://www.mlb.com/official-information/scoring-changes,https://baseballsavant.mlb.com/sporty-videos?playId=5b56d26b-a7ed-3aad-8cd9-7c27e4ce295f
2026-09-30T04:08:46Z,823899,2026-09-19,SF @ LAD,1,bottom,5,ac7b0ec7-87ba-334f-9711-dabd8c4b2557,Freddie Freeman,reviewed,0,1,2026-09-30T00:49:27Z,scored,0,2026-09-30T00:49:27Z,,,,,,,,0,0,,1,1,MJ,https://statsapi.mlb.com/api/v1.1/game/823899/feed/live,https://www.mlb.com/official-information/scoring-changes,https://baseballsavant.mlb.com/sporty-videos?playId=ac7b0ec7-87ba-334f-9711-dabd8c4b2557
2026-09-30T04:08:46Z,823899,2026-09-19,SF @ LAD,1,bottom,5,ac7b0ec7-87ba-334f-9711-dabd8c4b2557,Freddie Freeman,overturned,0,1,2026-09-30T00:49:27Z,scored,0,2026-09-30T00:49:27Z,,,,,,,,0,0,,1,1,MJ,https://statsapi.mlb.com/api/v1.1/game/823899/feed/live,https://www.mlb.com/official-information/scoring-changes,https://baseballsavant.mlb.com/sporty-videos?playId=ac7b0ec7-87ba-334f-9711-dabd8c4b2557
2026-09-30T04:08:46Z,823899,2026-09-19,SF @ LAD,1,bottom,5,ac7b0ec7-87ba-334f-9711-dabd8c4b2557,Freddie Freeman,review_type,,MJ,2026-09-30T00:49:27Z,scored,0,2026-09-30T00:49:27Z,,,,,,,,0,0,,1,1,MJ,https://statsapi.mlb.com/api/v1.1/game/823899/feed/live,https://www.mlb.com/official-information/scoring-changes,https://baseballsavant.mlb.com/sporty-videos?playId=ac7b0ec7-87ba-334f-9711-dabd8c4b2557
2026-09-30T04:08:46Z,823899,2026-09-19,SF @ LAD,5,bottom,50,e8fe2a8e-79c4-386a-ac6f-83947d37ffc9,Tommy Edman,reviewed,0,1,2026-09-30T00:49:27Z,scored,0,2026-09-30T00:49:27Z,,,,,,,,2,2,,1,1,MJ,https://statsapi.mlb.com/api/v1.1/game/823899/feed/live,https://www.mlb.com/official-information/scoring-changes,https://baseballsavant.mlb.com/sporty-videos?playId=e8fe2a8e-79c4-386a-ac6f-83947d37ffc9
2026-09-30T04:08:46Z,823899,2026-09-19,SF @ LAD,5,bottom,50,e8fe2a8e-79c4-386a-ac6f-83947d37ffc9,Tommy Edman,overturned,0,1,2026-09-30T00:49:27Z,scored,0,2026-09-30T00:49:27Z,,,,,,,,2,2,,1,1,MJ,https://statsapi.mlb.com/api/v1.1/game/823899/feed/live,https://www.mlb.com/official-information/scoring-changes,https://baseballsavant.mlb.com/sporty-videos?playId=e8fe2a8e-79c4-386a-ac6f-83947d37ffc9
2026-09-30T04:08:46Z,823899,2026-09-19,SF @ LAD,5,bottom,50,e8fe2a8e-79c4-386a-ac6f-83947d37ffc9,Tommy Edman,review_type,,MJ,2026-09-30T00:49:27Z,scored,0,2026-09-30T00:49:27Z,,,,,,,,2,2,,1,1,MJ,https://statsapi.mlb.com/api/v1.1/game/823899/feed/live,https://www.mlb.com/official-information/scoring-changes,https://baseballsavant.mlb.com/sporty-videos?playId=e8fe2a8e-79c4-386a-ac6f-83947d37ffc9
2026-09-30T04:08:46Z,823976,2026-09-19,MIN @ LAA,2,top,10,08ec6c26-2fc7-36d6-be1e-b8c9b14c3381,Royce Lewis,reviewed,0,1,2026-09-30T00:49:27Z,scored,0,2026-09-30T00:49:27Z,,,,,,,,0,0,,1,0,MJ,https://statsapi.mlb.com/api/v1.1/game/823976/feed/live,https://www.mlb.com/official-information/scoring-changes,https://baseballsavant.mlb.com/sporty-videos?playId=08ec6c26-2fc7-36d6-be1e-b8c9b14c3381
2026-09-30T04:08:46Z,823976,2026-09-19,MIN @ LAA,2,top,10,08ec6c26-2fc7-36d6-be1e-b8c9b14c3381,Royce Lewis,review_type,,MJ,2026-09-30T00:49:27Z,scored,0,2026-09-30T00:49:27Z,,,,,,,,0,0,,1,0,MJ,https://statsapi.mlb.com/api/v1.1/game/823976/feed/live,https://www.mlb.com/official-information/scoring-changes,https://baseballsavant.mlb.com/sporty-videos?playId=08ec6c26-2fc7-36d6-be1e-b8c9b14c3381
2026-09-30T04:08:46Z,823976,2026-09-19,MIN @ LAA,2,bottom,14,328a7337-b375-346a-99c2-f703499c7c75,Jose Siri,reviewed,0,1,2026-09-30T00:49:27Z,scored,0,2026-09-30T00:49:27Z,,,,,,,,0,0,,1,0,MJ,https://statsapi.mlb.com/api/v1.1/game/823976/feed/live,https://www.mlb.com/official-information/scoring-changes,https://baseballsavant.mlb.com/sporty-videos?playId=328a7337-b375-346a-99c2-f703499c7c75
2026-09-30T04:08:46Z,823976,2026-09-19,MIN @ LAA,2,bottom,14,328a7337-b375-346a-99c2-f703499c7c75,Jose Siri,review_type,,MJ,2026-09-30T00:49:27Z,scored,0,2026-09-30T00:49:27Z,,,,,,,,0,0,,1,0,MJ,https://statsapi.mlb.com/api/v1.1/game/823976/feed/live,https://www.mlb.com/official-information/scoring-changes,https://baseballsavant.mlb.com/sporty-videos?playId=328a7337-b375-346a-99c2-f703499c7c75
2026-09-30T04:08:46Z,823976,2026-09-19,MIN @ LAA,11,top,89,d6214766-c8b0-373f-b052-b468c5ae862a,Walker Jenkins,reviewed,0,1,2026-09-30T00:49:27Z,scored,0,2026-09-30T00:49:27Z,,,,,,,,0,0,,1,0,MA,https://statsapi.mlb.com/api/v1.1/game/823976/feed/live,https://www.mlb.com/official-information/scoring-changes,https://baseballsavant.mlb.com/sporty-videos?playId=d6214766-c8b0-373f-b052-b468c5ae862a
2026-09-30T04:08:46Z,823976,2026-09-19,MIN @ LAA,11,top,89,d6214766-c8b0-373f-b052-b468c5ae862a,Walker Jenkins,review_type,,MA,2026-09-30T00:49:27Z,scored,0,2026-09-30T00:49:27Z,,,,,,,,0,0,,1,0,MA,https://statsapi.mlb.com/api/v1.1/game/823976/feed/live,https://www.mlb.com/official-information/scoring-changes,https://baseballsavant.mlb.com/sporty-videos?playId=d6214766-c8b0-373f-b052-b468c5ae862a
2026-09-30T04:08:46Z,823570,2026-09-20,PHI @ NYM,9,top,73,d3936cca-9135-3940-bcf1-e302c58cc92e,Alec Bohm,reviewed,0,1,2026-09-30T00:49:27Z,scored,0,2026-09-30T00:49:27Z,,,,,,,,0,0,,1,0,MJ,https://statsapi.mlb.com/api/v1.1/game/823570/feed/live,https://www.mlb.com/official-information/scoring-changes,https://baseballsavant.mlb.com/sporty-videos?playId=d3936cca-9135-3940-bcf1-e302c58cc92e
2026-09-30T04:08:46Z,823570,2026-09-20,PHI @ NYM,9,top,73,d3936cca-9135-3940-bcf1-e302c58cc92e,Alec Bohm,review_type,,MJ,2026-09-30T00:49:27Z,scored,0,2026-09-30T00:49:27Z,,,,,,,,0,0,,1,0,MJ,https://statsapi.mlb.com/api/v1.1/game/823570/feed/live,https://www.mlb.com/official-information/scoring-changes,https://baseballsavant.mlb.com/sporty-videos?playId=d3936cca-9135-3940-bcf1-e302c58cc92e
2026-09-30T04:08:46Z,823570,2026-09-20,PHI @ NYM,9,bottom,77,fe40d028-6d2a-3441-854e-69f1da99c0fe,Christopher Morel,reviewed,0,1,2026-09-30T00:49:27Z,scored,0,2026-09-30T00:49:27Z,,,,,,,,0,0,,1,1,MJ,https://statsapi.mlb.com/api/v1.1/game/823570/feed/live,https://www.mlb.com/official-information/scoring-changes,https://baseballsavant.mlb.com/sporty-videos?playId=fe40d028-6d2a-3441-854e-69f1da99c0fe
2026-09-30T04:08:46Z,823570,2026-09-20,PHI @ NYM,9,bottom,77,fe40d028-6d2a-3441-854e-69f1da99c0fe,Christopher Morel,overturned,0,1,2026-09-30T00:49:27Z,scored,0,2026-09-30T00:49:27Z,,,,,,,,0,0,,1,1,MJ,https://statsapi.mlb.com/api/v1.1/game/823570/feed/live,https://www.mlb.com/official-information/scoring-changes,https://baseballsavant.mlb.com/sporty-videos?playId=fe40d028-6d2a-3441-854e-69f1da99c0fe
2026-09-30T04:08:46Z,823570,2026-09-20,PHI @ NYM,9,bottom,77,fe40d028-6d2a-3441-854e-69f1da99c0fe,Christopher Morel,review_type,,MJ,2026-09-30T00:49:27Z,scored,0,2026-09-30T00:49:27Z,,,,,,,,0,0,,1,1,MJ,https://statsapi.mlb.com/api/v1.1/game/823570/feed/live,https://www.mlb.com/official-information/scoring-changes,https://baseballsavant.mlb.com/sporty-videos?playId=fe40d028-6d2a-3441-854e-69f1da99c0fe
2026-09-30T04:08:46Z,823329,2026-09-20,KC @ PIT,4,top,27,f9a79b19-6dd3-3cb0-8151-4074ec4fa71a,John Rave,reviewed,0,1,2026-09-30T00:49:27Z,scored,0,2026-09-30T00:49:27Z,,,,,,,,0,0,,1,0,MJ,https://statsapi.mlb.com/api/v1.1/game/823329/feed/live,https://www.mlb.com/official-information/scoring-changes,https://baseballsavant.mlb.com/sporty-videos?playId=f9a79b19-6dd3-3cb0-8151-4074ec4fa71a
2026-09-30T04:08:46Z,823329,2026-09-20,KC @ PIT,4,top,27,f9a79b19-6dd3-3cb0-8151-4074ec4fa71a,John Rave,review_type,,MJ,2026-09-30T00:49:27Z,scored,0,2026-09-30T00:49:27Z,,,,,,,,0,0,,1,0,MJ,https://statsapi.mlb.com/api/v1.1/game/823329/feed/live,https://www.mlb.com/official-information/scoring-changes,https://baseballsavant.mlb.com/sporty-videos?playId=f9a79b19-6dd3-3cb0-8151-4074ec4fa71a
2026-09-30T04:08:46Z,823329,2026-09-20,KC @ PIT,7,top,50,e2ecc8b4-0595-3524-aec4-bf5ae13a541f,Nick Loftin,reviewed,0,1,2026-09-30T00:49:27Z,scored,0,2026-09-30T00:49:27Z,,,,,,,,0,0,,1,0,MJ,https://statsapi.mlb.com/api/v1.1/game/823329/feed/live,https://www.mlb.com/official-information/scoring-changes,https://baseballsavant.mlb.com/sporty-videos?playId=e2ecc8b4-0595-3524-aec4-bf5ae13a541f
2026-09-30T04:08:46Z,823329,2026-09-20,KC @ PIT,7,top,50,e2ecc8b4-0595-3524-aec4-bf5ae13a541f,Nick Loftin,review_type,,MJ,2026-09-30T00:49:27Z,scored,0,2026-09-30T00:49:27Z,,,,,,,,0,0,,1,0,MJ,https://statsapi.mlb.com/api/v1.1/game/823329/feed/live,https://www.mlb.com/official-information/scoring-changes,https://baseballsavant.mlb.com/sporty-videos?playId=e2ecc8b4-0595-3524-aec4-bf5ae13a541f
2026-09-30T04:08:46Z,824381,2026-09-20,ATH @ CLE,6,bottom,37,9e5cac01-1c51-3f27-8c29-3619ad8ec895,Angel Genao,reviewed,0,1,2026-09-30T00:49:27Z,scored,0,2026-09-30T00:49:27Z,,,,,,,,0,0,,1,0,MJ,https://statsapi.mlb.com/api/v1.1/game/824381/feed/live,https://www.mlb.com/official-information/scoring-changes,https://baseballsavant.mlb.com/sporty-videos?playId=9e5cac01-1c51-3f27-8c29-3619ad8ec895
2026-09-30T04:08:46Z,824381,2026-09-20,ATH @ CLE,6,bottom,37,9e5cac01-1c51-3f27-8c29-3619ad8ec895,Angel Genao,review_type,,MJ,2026-09-30T00:49:27Z,scored,0,2026-09-30T00:49:27Z,,,,,,,,0,0,,1,0,MJ,https://statsapi.mlb.com/api/v1.1/game/824381/feed/live,https://www.mlb.com/official-information/scoring-changes,https://baseballsavant.mlb.com/sporty-videos?playId=9e5cac01-1c51-3f27-8c29-3619ad8ec895
2026-09-30T04:08:46Z,824381,2026-09-20,ATH @ CLE,9,top,61,101c9f70-e1cf-38d8-b683-9b6bd49ce19d,Lawrence Butler,reviewed,0,1,2026-09-30T00:49:27Z,scored,0,2026-09-30T00:49:27Z,,,,,,,,0,0,,1,0,MJ,https://statsapi.mlb.com/api/v1.1/game/824381/feed/live,https://www.mlb.com/official-information/scoring-changes,https://baseballsavant.mlb.com/sporty-videos?playId=101c9f70-e1cf-38d8-b683-9b6bd49ce19d
2026-09-30T04:08:46Z,824381,2026-09-20,ATH @ CLE,9,top,61,101c9f70-e1cf-38d8-b683-9b6bd49ce19d,Lawrence Butler,review_type,,MJ,2026-09-30T00:49:27Z,scored,0,2026-09-30T00:49:27Z,,,,,,,,0,0,,1,0,MJ,https://statsapi.mlb.com/api/v1.1/game/824381/feed/live,https://www.mlb.com/official-information/scoring-changes,https://baseballsavant.mlb.com/sporty-videos?playId=101c9f70-e1cf-38d8-b683-9b6bd49ce19d
2026-09-30T04:08:46Z,822922,2026-09-20,BOS @ TB,1,top,2,da458fe7-0ffa-3150-bd29-fe2f31e81310,Adley Rutschman,reviewed,0,1,2026-09-30T00:49:27Z,scored,0,2026-09-30T00:49:27Z,,,,,,,,0,0,,1,0,MJ,https://statsapi.mlb.com/api/v1.1/game/822922/feed/live,https://www.mlb.com/official-information/scoring-changes,https://baseballsavant.mlb.com/sporty-videos?playId=da458fe7-0ffa-3150-bd29-fe2f31e81310
2026-09-30T04:08:46Z,822922,2026-09-20,BOS @ TB,1,top,2,da458fe7-0ffa-3150-bd29-fe2f31e81310,Adley Rutschman,review_type,,MJ,2026-09-30T00:49:27Z,scored,0,2026-09-30T00:49:27Z,,,,,,,,0,0,,1,0,MJ,https://statsapi.mlb.com/api/v1.1/game/822922/feed/live,https://www.mlb.com/official-information/scoring-changes,https://baseballsavant.mlb.com/sporty-videos?playId=da458fe7-0ffa-3150-bd29-fe2f31e81310
2026-09-30T04:08:46Z,822922,2026-09-20,BOS @ TB,9,top,63,5d50a9c7-2650-30e2-b58f-b125cd79352e,Caleb Durbin,reviewed,0,1,2026-09-30T00:49:27Z,scored,0,2026-09-30T00:49:27Z,,,,,,,,0,0,,1,1,MJ,https://statsapi.mlb.com/api/v1.1/game/822922/feed/live,https://www.mlb.com/official-information/scoring-changes,https://baseballsavant.mlb.com/sporty-videos?playId=5d50a9c7-2650-30e2-b58f-b125cd79352e
2026-09-30T04:08:46Z,822922,2026-09-20,BOS @ TB,9,top,63,5d50a9c7-2650-30e2-b58f-b125cd79352e,Caleb Durbin,overturned,0,1,2026-09-30T00:49:27Z,scored,0,2026-09-30T00:49:27Z,,,,,,,,0,0,,1,1,MJ,https://statsapi.mlb.com/api/v1.1/game/822922/feed/live,https://www.mlb.com/official-information/scoring-changes,https://baseballsavant.mlb.com/sporty-videos?playId=5d50a9c7-2650-30e2-b58f-b125cd79352e
2026-09-30T04:08:46Z,822922,2026-09-20,BOS @ TB,9,top,63,5d50a9c7-2650-30e2-b58f-b125cd79352e,Caleb Durbin,review_type,,MJ,2026-09-30T00:49:27Z,scored,0,2026-09-30T00:49:27Z,,,,,,,,0,0,,1,1,MJ,https://statsapi.mlb.com/api/v1.1/game/822922/feed/live,https://www.mlb.com/official-information/scoring-changes,https://baseballsavant.mlb.com/sporty-videos?playId=5d50a9c7-2650-30e2-b58f-b125cd79352e
2026-09-30T04:08:46Z,824546,2026-09-20,DET @ CWS,1,bottom,3,a644c96a-f089-37b4-b189-9f536291d90e,Sam Antonacci,reviewed,0,1,2026-09-30T00:49:27Z,scored,0,2026-09-30T00:49:27Z,,,,,,,,0,0,,1,0,MJ,https://statsapi.mlb.com/api/v1.1/game/824546/feed/live,https://www.mlb.com/official-information/scoring-changes,https://baseballsavant.mlb.com/sporty-videos?playId=a644c96a-f089-37b4-b189-9f536291d90e
2026-09-30T04:08:46Z,824546,2026-09-20,DET @ CWS,1,bottom,3,a644c96a-f089-37b4-b189-9f536291d90e,Sam Antonacci,review_type,,MJ,2026-09-30T00:49:27Z,scored,0,2026-09-30T00:49:27Z,,,,,,,,0,0,,1,0,MJ,https://statsapi.mlb.com/api/v1.1/game/824546/feed/live,https://www.mlb.com/official-information/scoring-changes,https://baseballsavant.mlb.com/sporty-videos?playId=a644c96a-f089-37b4-b189-9f536291d90e
2026-09-30T04:08:46Z,823001,2026-09-20,WSH @ STL,4,bottom,33,bf76a307-015b-3aac-b34d-338454ec5cda,Bryan Torres,reviewed,0,1,2026-09-30T00:49:27Z,scored,0,2026-09-30T00:49:27Z,,,,,,,,0,0,,1,0,MJ,https://statsapi.mlb.com/api/v1.1/game/823001/feed/live,https://www.mlb.com/official-information/scoring-changes,https://baseballsavant.mlb.com/sporty-videos?playId=bf76a307-015b-3aac-b34d-338454ec5cda
2026-09-30T04:08:46Z,823001,2026-09-20,WSH @ STL,4,bottom,33,bf76a307-015b-3aac-b34d-338454ec5cda,Bryan Torres,review_type,,MJ,2026-09-30T00:49:27Z,scored,0,2026-09-30T00:49:27Z,,,,,,,,0,0,,1,0,MJ,https://statsapi.mlb.com/api/v1.1/game/823001/feed/live,https://www.mlb.com/official-information/scoring-changes,https://baseballsavant.mlb.com/sporty-videos?playId=bf76a307-015b-3aac-b34d-338454ec5cda
2026-09-30T04:08:46Z,822844,2026-09-20,TOR @ TEX,5,bottom,41,2d72c409-ce26-3878-ba56-19f655b8a7ff,Evan Carter,reviewed,0,1,2026-09-30T00:49:27Z,scored,0,2026-09-30T00:49:27Z,,,,,,,,0,0,,1,1,MJ,https://statsapi.mlb.com/api/v1.1/game/822844/feed/live,https://www.mlb.com/official-information/scoring-changes,https://baseballsavant.mlb.com/sporty-videos?playId=2d72c409-ce26-3878-ba56-19f655b8a7ff
2026-09-30T04:08:46Z,822844,2026-09-20,TOR @ TEX,5,bottom,41,2d72c409-ce26-3878-ba56-19f655b8a7ff,Evan Carter,overturned,0,1,2026-09-30T00:49:27Z,scored,0,2026-09-30T00:49:27Z,,,,,,,,0,0,,1,1,MJ,https://statsapi.mlb.com/api/v1.1/game/822844/feed/live,https://www.mlb.com/official-information/scoring-changes,https://baseballsavant.mlb.com/sporty-videos?playId=2d72c409-ce26-3878-ba56-19f655b8a7ff
2026-09-30T04:08:46Z,822844,2026-09-20,TOR @ TEX,5,bottom,41,2d72c409-ce26-3878-ba56-19f655b8a7ff,Evan Carter,review_type,,MJ,2026-09-30T00:49:27Z,scored,0,2026-09-30T00:49:27Z,,,,,,,,0,0,,1,1,MJ,https://statsapi.mlb.com/api/v1.1/game/822844/feed/live,https://www.mlb.com/official-information/scoring-changes,https://baseballsavant.mlb.com/sporty-videos?playId=2d72c409-ce26-3878-ba56-19f655b8a7ff
2026-09-30T04:08:46Z,824300,2026-09-20,SEA @ COL,5,bottom,32,ffedf962-a327-35ca-beb8-e553167fe5fb,Brett Sullivan,reviewed,0,1,2026-09-30T00:49:27Z,scored,0,2026-09-30T00:49:27Z,,,,,,,,0,0,,1,0,MJ,https://statsapi.mlb.com/api/v1.1/game/824300/feed/live,https://www.mlb.com/official-information/scoring-changes,https://baseballsavant.mlb.com/sporty-videos?playId=ffedf962-a327-35ca-beb8-e553167fe5fb
2026-09-30T04:08:46Z,824300,2026-09-20,SEA @ COL,5,bottom,32,ffedf962-a327-35ca-beb8-e553167fe5fb,Brett Sullivan,review_type,,MJ,2026-09-30T00:49:27Z,scored,0,2026-09-30T00:49:27Z,,,,,,,,0,0,,1,0,MJ,https://statsapi.mlb.com/api/v1.1/game/824300/feed/live,https://www.mlb.com/official-information/scoring-changes,https://baseballsavant.mlb.com/sporty-videos?playId=ffedf962-a327-35ca-beb8-e553167fe5fb
2026-09-30T04:08:46Z,824300,2026-09-20,SEA @ COL,9,top,60,4df7b823-8119-4617-a8e9-744331fdb371,Josh Naylor,reviewed,0,1,2026-09-30T00:49:27Z,scored,0,2026-09-30T00:49:27Z,,,,,,,,0,0,,1,1,MJ,https://statsapi.mlb.com/api/v1.1/game/824300/feed/live,https://www.mlb.com/official-information/scoring-changes,https://baseballsavant.mlb.com/sporty-videos?playId=4df7b823-8119-4617-a8e9-744331fdb371
2026-09-30T04:08:46Z,824300,2026-09-20,SEA @ COL,9,top,60,4df7b823-8119-4617-a8e9-744331fdb371,Josh Naylor,overturned,0,1,2026-09-30T00:49:27Z,scored,0,2026-09-30T00:49:27Z,,,,,,,,0,0,,1,1,MJ,https://statsapi.mlb.com/api/v1.1/game/824300/feed/live,https://www.mlb.com/official-information/scoring-changes,https://baseballsavant.mlb.com/sporty-videos?playId=4df7b823-8119-4617-a8e9-744331fdb371
2026-09-30T04:08:46Z,824300,2026-09-20,SEA @ COL,9,top,60,4df7b823-8119-4617-a8e9-744331fdb371,Josh Naylor,review_type,,MJ,2026-09-30T00:49:27Z,scored,0,2026-09-30T00:49:27Z,,,,,,,,0,0,,1,1,MJ,https://statsapi.mlb.com/api/v1.1/game/824300/feed/live,https://www.mlb.com/official-information/scoring-changes,https://baseballsavant.mlb.com/sporty-videos?playId=4df7b823-8119-4617-a8e9-744331fdb371
2026-09-30T04:08:46Z,823975,2026-09-20,MIN @ LAA,1,top,2,913c4d96-b1c0-3902-80dd-64ce3e0de4ed,Kody Clemens,reviewed,0,1,2026-09-30T00:49:27Z,scored,0,2026-09-30T00:49:27Z,,,,,,,,0,0,,1,1,MJ,https://statsapi.mlb.com/api/v1.1/game/823975/feed/live,https://www.mlb.com/official-information/scoring-changes,https://baseballsavant.mlb.com/sporty-videos?playId=913c4d96-b1c0-3902-80dd-64ce3e0de4ed
2026-09-30T04:08:46Z,823975,2026-09-20,MIN @ LAA,1,top,2,913c4d96-b1c0-3902-80dd-64ce3e0de4ed,Kody Clemens,overturned,0,1,2026-09-30T00:49:27Z,scored,0,2026-09-30T00:49:27Z,,,,,,,,0,0,,1,1,MJ,https://statsapi.mlb.com/api/v1.1/game/823975/feed/live,https://www.mlb.com/official-information/scoring-changes,https://baseballsavant.mlb.com/sporty-videos?playId=913c4d96-b1c0-3902-80dd-64ce3e0de4ed
2026-09-30T04:08:46Z,823975,2026-09-20,MIN @ LAA,1,top,2,913c4d96-b1c0-3902-80dd-64ce3e0de4ed,Kody Clemens,review_type,,MJ,2026-09-30T00:49:27Z,scored,0,2026-09-30T00:49:27Z,,,,,,,,0,0,,1,1,MJ,https://statsapi.mlb.com/api/v1.1/game/823975/feed/live,https://www.mlb.com/official-information/scoring-changes,https://baseballsavant.mlb.com/sporty-videos?playId=913c4d96-b1c0-3902-80dd-64ce3e0de4ed
2026-09-30T04:08:46Z,823975,2026-09-20,MIN @ LAA,1,bottom,6,011da245-219f-3bf4-9524-68d7fefb3c26,Vaughn Grissom,reviewed,0,1,2026-09-30T00:49:27Z,scored,0,2026-09-30T00:49:27Z,,,,,,,,0,0,,1,1,MJ,https://statsapi.mlb.com/api/v1.1/game/823975/feed/live,https://www.mlb.com/official-information/scoring-changes,https://baseballsavant.mlb.com/sporty-videos?playId=011da245-219f-3bf4-9524-68d7fefb3c26
2026-09-30T04:08:46Z,823975,2026-09-20,MIN @ LAA,1,bottom,6,011da245-219f-3bf4-9524-68d7fefb3c26,Vaughn Grissom,overturned,0,1,2026-09-30T00:49:27Z,scored,0,2026-09-30T00:49:27Z,,,,,,,,0,0,,1,1,MJ,https://statsapi.mlb.com/api/v1.1/game/823975/feed/live,https://www.mlb.com/official-information/scoring-changes,https://baseballsavant.mlb.com/sporty-videos?playId=011da245-219f-3bf4-9524-68d7fefb3c26
2026-09-30T04:08:46Z,823975,2026-09-20,MIN @ LAA,1,bottom,6,011da245-219f-3bf4-9524-68d7fefb3c26,Vaughn Grissom,review_type,,MJ,2026-09-30T00:49:27Z,scored,0,2026-09-30T00:49:27Z,,,,,,,,0,0,,1,1,MJ,https://statsapi.mlb.com/api/v1.1/game/823975/feed/live,https://www.mlb.com/official-information/scoring-changes,https://baseballsavant.mlb.com/sporty-videos?playId=011da245-219f-3bf4-9524-68d7fefb3c26
2026-09-30T04:08:46Z,823896,2026-09-20,SF @ LAD,2,bottom,12,b1d4f304-843f-383a-bb54-40f308b28221,Miguel Rojas,reviewed,0,1,2026-09-30T00:49:27Z,scored,0,2026-09-30T00:49:27Z,,,,,,,,0,0,,1,0,MJ,https://statsapi.mlb.com/api/v1.1/game/823896/feed/live,https://www.mlb.com/official-information/scoring-changes,https://baseballsavant.mlb.com/sporty-videos?playId=b1d4f304-843f-383a-bb54-40f308b28221
2026-09-30T04:08:46Z,823896,2026-09-20,SF @ LAD,2,bottom,12,b1d4f304-843f-383a-bb54-40f308b28221,Miguel Rojas,review_type,,MJ,2026-09-30T00:49:27Z,scored,0,2026-09-30T00:49:27Z,,,,,,,,0,0,,1,0,MJ,https://statsapi.mlb.com/api/v1.1/game/823896/feed/live,https://www.mlb.com/official-information/scoring-changes,https://baseballsavant.mlb.com/sporty-videos?playId=b1d4f304-843f-383a-bb54-40f308b28221
2026-09-30T04:08:46Z,823896,2026-09-20,SF @ LAD,8,bottom,59,0ec0e69b-5a5a-3c46-960c-5013a34c0353,Freddie Freeman,reviewed,0,1,2026-09-30T00:49:27Z,scored,0,2026-09-30T00:49:27Z,,,,,,,,0,0,,1,1,MJ,https://statsapi.mlb.com/api/v1.1/game/823896/feed/live,https://www.mlb.com/official-information/scoring-changes,https://baseballsavant.mlb.com/sporty-videos?playId=0ec0e69b-5a5a-3c46-960c-5013a34c0353
2026-09-30T04:08:46Z,823896,2026-09-20,SF @ LAD,8,bottom,59,0ec0e69b-5a5a-3c46-960c-5013a34c0353,Freddie Freeman,overturned,0,1,2026-09-30T00:49:27Z,scored,0,2026-09-30T00:49:27Z,,,,,,,,0,0,,1,1,MJ,https://statsapi.mlb.com/api/v1.1/game/823896/feed/live,https://www.mlb.com/official-information/scoring-changes,https://baseballsavant.mlb.com/sporty-videos?playId=0ec0e69b-5a5a-3c46-960c-5013a34c0353
2026-09-30T04:08:46Z,823896,2026-09-20,SF @ LAD,8,bottom,59,0ec0e69b-5a5a-3c46-960c-5013a34c0353,Freddie Freeman,review_type,,MJ,2026-09-30T00:49:27Z,scored,0,2026-09-30T00:49:27Z,,,,,,,,0,0,,1,1,MJ,https://statsapi.mlb.com/api/v1.1/game/823896/feed/live,https://www.mlb.com/official-information/scoring-changes,https://baseballsavant.mlb.com/sporty-videos?playId=0ec0e69b-5a5a-3c46-960c-5013a34c0353
2026-09-30T04:08:46Z,823247,2026-09-20,MIA @ SD,7,top,46,7158a105-1932-3837-b442-3923cd2eaeba,Otto Lopez,reviewed,0,1,2026-09-30T00:49:27Z,scored,0,2026-09-30T00:49:27Z,,,,,,,,0,0,,1,1,MJ,https://statsapi.mlb.com/api/v1.1/game/823247/feed/live,https://www.mlb.com/official-information/scoring-changes,https://baseballsavant.mlb.com/sporty-videos?playId=7158a105-1932-3837-b442-3923cd2eaeba
2026-09-30T04:08:46Z,823247,2026-09-20,MIA @ SD,7,top,46,7158a105-1932-3837-b442-3923cd2eaeba,Otto Lopez,overturned,0,1,2026-09-30T00:49:27Z,scored,0,2026-09-30T00:49:27Z,,,,,,,,0,0,,1,1,MJ,https://statsapi.mlb.com/api/v1.1/game/823247/feed/live,https://www.mlb.com/official-information/scoring-changes,https://baseballsavant.mlb.com/sporty-videos?playId=7158a105-1932-3837-b442-3923cd2eaeba
2026-09-30T04:08:46Z,823247,2026-09-20,MIA @ SD,7,top,46,7158a105-1932-3837-b442-3923cd2eaeba,Otto Lopez,review_type,,MJ,2026-09-30T00:49:27Z,scored,0,2026-09-30T00:49:27Z,,,,,,,,0,0,,1,1,MJ,https://statsapi.mlb.com/api/v1.1/game/823247/feed/live,https://www.mlb.com/official-information/scoring-changes,https://baseballsavant.mlb.com/sporty-videos?playId=7158a105-1932-3837-b442-3923cd2eaeba
2026-09-30T04:08:46Z,823247,2026-09-20,MIA @ SD,8,top,57,141eac36-33ce-3344-b8b1-5c94fbc3f8dd,Deyvison De Los Santos,reviewed,0,1,2026-09-30T00:49:27Z,scored,0,2026-09-30T00:49:27Z,,,,,,,,0,0,,1,0,MJ,https://statsapi.mlb.com/api/v1.1/game/823247/feed/live,https://www.mlb.com/official-information/scoring-changes,https://baseballsavant.mlb.com/sporty-videos?playId=141eac36-33ce-3344-b8b1-5c94fbc3f8dd
2026-09-30T04:08:46Z,823247,2026-09-20,MIA @ SD,8,top,57,141eac36-33ce-3344-b8b1-5c94fbc3f8dd,Deyvison De Los Santos,review_type,,MJ,2026-09-30T00:49:27Z,scored,0,2026-09-30T00:49:27Z,,,,,,,,0,0,,1,0,MJ,https://statsapi.mlb.com/api/v1.1/game/823247/feed/live,https://www.mlb.com/official-information/scoring-changes,https://baseballsavant.mlb.com/sporty-videos?playId=141eac36-33ce-3344-b8b1-5c94fbc3f8dd
2026-09-30T04:08:46Z,824789,2026-09-20,MIL @ BAL,6,top,38,0adbd06c-05d0-3bae-b904-4a5ebd34798a,Brice Turang,reviewed,0,1,2026-09-30T00:49:27Z,scored,0,2026-09-30T00:49:27Z,,,,,,,,0,0,,1,1,MJ,https://statsapi.mlb.com/api/v1.1/game/824789/feed/live,https://www.mlb.com/official-information/scoring-changes,https://baseballsavant.mlb.com/sporty-videos?playId=0adbd06c-05d0-3bae-b904-4a5ebd34798a
2026-09-30T04:08:46Z,824789,2026-09-20,MIL @ BAL,6,top,38,0adbd06c-05d0-3bae-b904-4a5ebd34798a,Brice Turang,overturned,0,1,2026-09-30T00:49:27Z,scored,0,2026-09-30T00:49:27Z,,,,,,,,0,0,,1,1,MJ,https://statsapi.mlb.com/api/v1.1/game/824789/feed/live,https://www.mlb.com/official-information/scoring-changes,https://baseballsavant.mlb.com/sporty-videos?playId=0adbd06c-05d0-3bae-b904-4a5ebd34798a
2026-09-30T04:08:46Z,824789,2026-09-20,MIL @ BAL,6,top,38,0adbd06c-05d0-3bae-b904-4a5ebd34798a,Brice Turang,review_type,,MJ,2026-09-30T00:49:27Z,scored,0,2026-09-30T00:49:27Z,,,,,,,,0,0,,1,1,MJ,https://statsapi.mlb.com/api/v1.1/game/824789/feed/live,https://www.mlb.com/official-information/scoring-changes,https://baseballsavant.mlb.com/sporty-videos?playId=0adbd06c-05d0-3bae-b904-4a5ebd34798a
2026-09-30T04:08:46Z,824789,2026-09-20,MIL @ BAL,6,top,39,a5d22195-f94d-3dcf-92a9-0d682e223511,William Contreras,reviewed,0,1,2026-09-30T00:49:27Z,scored,0,2026-09-30T00:49:27Z,,,,,,,,0,0,,1,1,MA,https://statsapi.mlb.com/api/v1.1/game/824789/feed/live,https://www.mlb.com/official-information/scoring-changes,https://baseballsavant.mlb.com/sporty-videos?playId=a5d22195-f94d-3dcf-92a9-0d682e223511
2026-09-30T04:08:46Z,824789,2026-09-20,MIL @ BAL,6,top,39,a5d22195-f94d-3dcf-92a9-0d682e223511,William Contreras,overturned,0,1,2026-09-30T00:49:27Z,scored,0,2026-09-30T00:49:27Z,,,,,,,,0,0,,1,1,MA,https://statsapi.mlb.com/api/v1.1/game/824789/feed/live,https://www.mlb.com/official-information/scoring-changes,https://baseballsavant.mlb.com/sporty-videos?playId=a5d22195-f94d-3dcf-92a9-0d682e223511
2026-09-30T04:08:46Z,824789,2026-09-20,MIL @ BAL,6,top,39,a5d22195-f94d-3dcf-92a9-0d682e223511,William Contreras,review_type,,MA,2026-09-30T00:49:27Z,scored,0,2026-09-30T00:49:27Z,,,,,,,,0,0,,1,1,MA,https://statsapi.mlb.com/api/v1.1/game/824789/feed/live,https://www.mlb.com/official-information/scoring-changes,https://baseballsavant.mlb.com/sporty-videos?playId=a5d22195-f94d-3dcf-92a9-0d682e223511
2026-09-30T04:08:46Z,824787,2026-09-21,TOR @ BAL,8,top,53,ec7cf0cd-73a9-391b-825a-fc4d54f9a20f,Alejandro Kirk,reviewed,0,1,2026-09-30T00:49:27Z,scored,0,2026-09-30T00:49:27Z,,,,,,,,0,0,,1,0,MJ,https://statsapi.mlb.com/api/v1.1/game/824787/feed/live,https://www.mlb.com/official-information/scoring-changes,https://baseballsavant.mlb.com/sporty-videos?playId=ec7cf0cd-73a9-391b-825a-fc4d54f9a20f
2026-09-30T04:08:46Z,824787,2026-09-21,TOR @ BAL,8,top,53,ec7cf0cd-73a9-391b-825a-fc4d54f9a20f,Alejandro Kirk,review_type,,MJ,2026-09-30T00:49:27Z,scored,0,2026-09-30T00:49:27Z,,,,,,,,0,0,,1,0,MJ,https://statsapi.mlb.com/api/v1.1/game/824787/feed/live,https://www.mlb.com/official-information/scoring-changes,https://baseballsavant.mlb.com/sporty-videos?playId=ec7cf0cd-73a9-391b-825a-fc4d54f9a20f
2026-09-30T04:08:46Z,824787,2026-09-21,TOR @ BAL,9,top,64,9c7c7142-15f4-31dc-8643-54a6703c53dc,Josh Smith,reviewed,0,1,2026-09-30T00:49:27Z,scored,0,2026-09-30T00:49:27Z,,,,,,,,0,0,,1,0,MJ,https://statsapi.mlb.com/api/v1.1/game/824787/feed/live,https://www.mlb.com/official-information/scoring-changes,https://baseballsavant.mlb.com/sporty-videos?playId=9c7c7142-15f4-31dc-8643-54a6703c53dc
2026-09-30T04:08:46Z,824787,2026-09-21,TOR @ BAL,9,top,64,9c7c7142-15f4-31dc-8643-54a6703c53dc,Josh Smith,review_type,,MJ,2026-09-30T00:49:27Z,scored,0,2026-09-30T00:49:27Z,,,,,,,,0,0,,1,0,MJ,https://statsapi.mlb.com/api/v1.1/game/824787/feed/live,https://www.mlb.com/official-information/scoring-changes,https://baseballsavant.mlb.com/sporty-videos?playId=9c7c7142-15f4-31dc-8643-54a6703c53dc
2026-09-30T04:08:46Z,824221,2026-09-21,WSH @ DET,2,bottom,17,4126f1fe-f629-31ec-87db-ed5fd7cb3676,Gleyber Torres,reviewed,0,1,2026-09-30T00:49:27Z,scored,0,2026-09-30T00:49:27Z,,,,,,,,0,0,,1,1,MJ,https://statsapi.mlb.com/api/v1.1/game/824221/feed/live,https://www.mlb.com/official-information/scoring-changes,https://baseballsavant.mlb.com/sporty-videos?playId=4126f1fe-f629-31ec-87db-ed5fd7cb3676
2026-09-30T04:08:46Z,824221,2026-09-21,WSH @ DET,2,bottom,17,4126f1fe-f629-31ec-87db-ed5fd7cb3676,Gleyber Torres,overturned,0,1,2026-09-30T00:49:27Z,scored,0,2026-09-30T00:49:27Z,,,,,,,,0,0,,1,1,MJ,https://statsapi.mlb.com/api/v1.1/game/824221/feed/live,https://www.mlb.com/official-information/scoring-changes,https://baseballsavant.mlb.com/sporty-videos?playId=4126f1fe-f629-31ec-87db-ed5fd7cb3676
2026-09-30T04:08:46Z,824221,2026-09-21,WSH @ DET,2,bottom,17,4126f1fe-f629-31ec-87db-ed5fd7cb3676,Gleyber Torres,review_type,,MJ,2026-09-30T00:49:27Z,scored,0,2026-09-30T00:49:27Z,,,,,,,,0,0,,1,1,MJ,https://statsapi.mlb.com/api/v1.1/game/824221/feed/live,https://www.mlb.com/official-information/scoring-changes,https://baseballsavant.mlb.com/sporty-videos?playId=4126f1fe-f629-31ec-87db-ed5fd7cb3676
2026-09-30T04:08:46Z,824221,2026-09-21,WSH @ DET,5,bottom,44,be88736b-481f-3cbb-b87c-cdcbd8103537,Spencer Torkelson,reviewed,0,1,2026-09-30T00:49:27Z,scored,0,2026-09-30T00:49:27Z,,,,,,,,2,2,,1,0,MJ,https://statsapi.mlb.com/api/v1.1/game/824221/feed/live,https://www.mlb.com/official-information/scoring-changes,https://baseballsavant.mlb.com/sporty-videos?playId=be88736b-481f-3cbb-b87c-cdcbd8103537
2026-09-30T04:08:46Z,824221,2026-09-21,WSH @ DET,5,bottom,44,be88736b-481f-3cbb-b87c-cdcbd8103537,Spencer Torkelson,review_type,,MJ,2026-09-30T00:49:27Z,scored,0,2026-09-30T00:49:27Z,,,,,,,,2,2,,1,0,MJ,https://statsapi.mlb.com/api/v1.1/game/824221/feed/live,https://www.mlb.com/official-information/scoring-changes,https://baseballsavant.mlb.com/sporty-videos?playId=be88736b-481f-3cbb-b87c-cdcbd8103537
2026-09-30T04:08:46Z,823169,2026-09-21,MIN @ SF,2,top,11,2ab10714-2c96-3d60-b55f-921e081fe667,Alan Roden,reviewed,0,1,2026-09-30T00:49:27Z,scored,0,2026-09-30T00:49:27Z,,,,,,,,0,0,,1,0,NO,https://statsapi.mlb.com/api/v1.1/game/823169/feed/live,https://www.mlb.com/official-information/scoring-changes,https://baseballsavant.mlb.com/sporty-videos?playId=2ab10714-2c96-3d60-b55f-921e081fe667
2026-09-30T04:08:46Z,823169,2026-09-21,MIN @ SF,2,top,11,2ab10714-2c96-3d60-b55f-921e081fe667,Alan Roden,review_type,,NO,2026-09-30T00:49:27Z,scored,0,2026-09-30T00:49:27Z,,,,,,,,0,0,,1,0,NO,https://statsapi.mlb.com/api/v1.1/game/823169/feed/live,https://www.mlb.com/official-information/scoring-changes,https://baseballsavant.mlb.com/sporty-videos?playId=2ab10714-2c96-3d60-b55f-921e081fe667
2026-09-30T04:08:46Z,823169,2026-09-21,MIN @ SF,3,bottom,25,a9cd26e9-f04b-3bac-a29b-68ef4a6800e6,Drew Cavanaugh,reviewed,0,1,2026-09-30T00:49:27Z,scored,0,2026-09-30T00:49:27Z,,,,,,,,0,0,,1,1,MJ,https://statsapi.mlb.com/api/v1.1/game/823169/feed/live,https://www.mlb.com/official-information/scoring-changes,https://baseballsavant.mlb.com/sporty-videos?playId=a9cd26e9-f04b-3bac-a29b-68ef4a6800e6
2026-09-30T04:08:46Z,823169,2026-09-21,MIN @ SF,3,bottom,25,a9cd26e9-f04b-3bac-a29b-68ef4a6800e6,Drew Cavanaugh,overturned,0,1,2026-09-30T00:49:27Z,scored,0,2026-09-30T00:49:27Z,,,,,,,,0,0,,1,1,MJ,https://statsapi.mlb.com/api/v1.1/game/823169/feed/live,https://www.mlb.com/official-information/scoring-changes,https://baseballsavant.mlb.com/sporty-videos?playId=a9cd26e9-f04b-3bac-a29b-68ef4a6800e6
2026-09-30T04:08:46Z,823169,2026-09-21,MIN @ SF,3,bottom,25,a9cd26e9-f04b-3bac-a29b-68ef4a6800e6,Drew Cavanaugh,review_type,,MJ,2026-09-30T00:49:27Z,scored,0,2026-09-30T00:49:27Z,,,,,,,,0,0,,1,1,MJ,https://statsapi.mlb.com/api/v1.1/game/823169/feed/live,https://www.mlb.com/official-information/scoring-changes,https://baseballsavant.mlb.com/sporty-videos?playId=a9cd26e9-f04b-3bac-a29b-68ef4a6800e6
2026-09-30T04:08:46Z,823169,2026-09-21,MIN @ SF,6,bottom,47,fb0b0b89-1c4c-3282-92a5-68db5ecfe99f,Christian Koss,reviewed,0,1,2026-09-30T00:49:27Z,scored,0,2026-09-30T00:49:27Z,,,,,,,,0,0,,1,1,MJ,https://statsapi.mlb.com/api/v1.1/game/823169/feed/live,https://www.mlb.com/official-information/scoring-changes,https://baseballsavant.mlb.com/sporty-videos?playId=fb0b0b89-1c4c-3282-92a5-68db5ecfe99f
2026-09-30T04:08:46Z,823169,2026-09-21,MIN @ SF,6,bottom,47,fb0b0b89-1c4c-3282-92a5-68db5ecfe99f,Christian Koss,overturned,0,1,2026-09-30T00:49:27Z,scored,0,2026-09-30T00:49:27Z,,,,,,,,0,0,,1,1,MJ,https://statsapi.mlb.com/api/v1.1/game/823169/feed/live,https://www.mlb.com/official-information/scoring-changes,https://baseballsavant.mlb.com/sporty-videos?playId=fb0b0b89-1c4c-3282-92a5-68db5ecfe99f
2026-09-30T04:08:46Z,823169,2026-09-21,MIN @ SF,6,bottom,47,fb0b0b89-1c4c-3282-92a5-68db5ecfe99f,Christian Koss,review_type,,MJ,2026-09-30T00:49:27Z,scored,0,2026-09-30T00:49:27Z,,,,,,,,0,0,,1,1,MJ,https://statsapi.mlb.com/api/v1.1/game/823169/feed/live,https://www.mlb.com/official-information/scoring-changes,https://baseballsavant.mlb.com/sporty-videos?playId=fb0b0b89-1c4c-3282-92a5-68db5ecfe99f
2026-09-30T04:08:46Z,823169,2026-09-21,MIN @ SF,8,top,58,5aaf6e0e-4481-33b0-aed8-3a2304cebd8e,Luke Keaschall,reviewed,0,1,2026-09-30T00:49:27Z,scored,0,2026-09-30T00:49:27Z,,,,,,,,0,0,,1,0,MJ,https://statsapi.mlb.com/api/v1.1/game/823169/feed/live,https://www.mlb.com/official-information/scoring-changes,https://baseballsavant.mlb.com/sporty-videos?playId=5aaf6e0e-4481-33b0-aed8-3a2304cebd8e
2026-09-30T04:08:46Z,823169,2026-09-21,MIN @ SF,8,top,58,5aaf6e0e-4481-33b0-aed8-3a2304cebd8e,Luke Keaschall,review_type,,MJ,2026-09-30T00:49:27Z,scored,0,2026-09-30T00:49:27Z,,,,,,,,0,0,,1,0,MJ,https://statsapi.mlb.com/api/v1.1/game/823169/feed/live,https://www.mlb.com/official-information/scoring-changes,https://baseballsavant.mlb.com/sporty-videos?playId=5aaf6e0e-4481-33b0-aed8-3a2304cebd8e
2026-09-30T04:08:46Z,823169,2026-09-21,MIN @ SF,9,top,62,3f8d0794-5799-3f2f-95aa-a226f55388fd,Brooks Lee,reviewed,0,1,2026-09-30T00:49:27Z,scored,0,2026-09-30T00:49:27Z,,,,,,,,0,0,,1,0,MJ,https://statsapi.mlb.com/api/v1.1/game/823169/feed/live,https://www.mlb.com/official-information/scoring-changes,https://baseballsavant.mlb.com/sporty-videos?playId=3f8d0794-5799-3f2f-95aa-a226f55388fd
2026-09-30T04:08:46Z,823169,2026-09-21,MIN @ SF,9,top,62,3f8d0794-5799-3f2f-95aa-a226f55388fd,Brooks Lee,review_type,,MJ,2026-09-30T00:49:27Z,scored,0,2026-09-30T00:49:27Z,,,,,,,,0,0,,1,0,MJ,https://statsapi.mlb.com/api/v1.1/game/823169/feed/live,https://www.mlb.com/official-information/scoring-changes,https://baseballsavant.mlb.com/sporty-videos?playId=3f8d0794-5799-3f2f-95aa-a226f55388fd
2026-09-30T04:08:46Z,823543,2026-09-22,TB @ NYY,1,top,2,2347f68d-a9c6-36ca-8a49-6b18c4cd2d1f,Junior Caminero,reviewed,0,1,2026-09-30T00:49:27Z,scored,0,2026-09-30T00:49:27Z,,,,,,,,0,0,,1,0,MJ,https://statsapi.mlb.com/api/v1.1/game/823543/feed/live,https://www.mlb.com/official-information/scoring-changes,https://baseballsavant.mlb.com/sporty-videos?playId=2347f68d-a9c6-36ca-8a49-6b18c4cd2d1f
2026-09-30T04:08:46Z,823543,2026-09-22,TB @ NYY,1,top,2,2347f68d-a9c6-36ca-8a49-6b18c4cd2d1f,Junior Caminero,review_type,,MJ,2026-09-30T00:49:27Z,scored,0,2026-09-30T00:49:27Z,,,,,,,,0,0,,1,0,MJ,https://statsapi.mlb.com/api/v1.1/game/823543/feed/live,https://www.mlb.com/official-information/scoring-changes,https://baseballsavant.mlb.com/sporty-videos?playId=2347f68d-a9c6-36ca-8a49-6b18c4cd2d1f
2026-09-30T04:08:46Z,823543,2026-09-22,TB @ NYY,1,bottom,5,1ab2b2a4-56ef-3017-b6fb-bafc0c0b5705,Heliot Ramos,reviewed,0,1,2026-09-30T00:49:27Z,scored,0,2026-09-30T00:49:27Z,,,,,,,,0,0,,1,0,MJ,https://statsapi.mlb.com/api/v1.1/game/823543/feed/live,https://www.mlb.com/official-information/scoring-changes,https://baseballsavant.mlb.com/sporty-videos?playId=1ab2b2a4-56ef-3017-b6fb-bafc0c0b5705
2026-09-30T04:08:46Z,823543,2026-09-22,TB @ NYY,1,bottom,5,1ab2b2a4-56ef-3017-b6fb-bafc0c0b5705,Heliot Ramos,review_type,,MJ,2026-09-30T00:49:27Z,scored,0,2026-09-30T00:49:27Z,,,,,,,,0,0,,1,0,MJ,https://statsapi.mlb.com/api/v1.1/game/823543/feed/live,https://www.mlb.com/official-information/scoring-changes,https://baseballsavant.mlb.com/sporty-videos?playId=1ab2b2a4-56ef-3017-b6fb-bafc0c0b5705
2026-09-30T04:08:46Z,823543,2026-09-22,TB @ NYY,6,bottom,39,ae5e4c5f-d719-3fe7-97f6-be5f8b1c0158,Luis García Jr.,reviewed,0,1,2026-09-30T00:49:27Z,scored,0,2026-09-30T00:49:27Z,,,,,,,,0,0,,1,1,MJ,https://statsapi.mlb.com/api/v1.1/game/823543/feed/live,https://www.mlb.com/official-information/scoring-changes,https://baseballsavant.mlb.com/sporty-videos?playId=ae5e4c5f-d719-3fe7-97f6-be5f8b1c0158
2026-09-30T04:08:46Z,823543,2026-09-22,TB @ NYY,6,bottom,39,ae5e4c5f-d719-3fe7-97f6-be5f8b1c0158,Luis García Jr.,overturned,0,1,2026-09-30T00:49:27Z,scored,0,2026-09-30T00:49:27Z,,,,,,,,0,0,,1,1,MJ,https://statsapi.mlb.com/api/v1.1/game/823543/feed/live,https://www.mlb.com/official-information/scoring-changes,https://baseballsavant.mlb.com/sporty-videos?playId=ae5e4c5f-d719-3fe7-97f6-be5f8b1c0158
2026-09-30T04:08:46Z,823543,2026-09-22,TB @ NYY,6,bottom,39,ae5e4c5f-d719-3fe7-97f6-be5f8b1c0158,Luis García Jr.,review_type,,MJ,2026-09-30T00:49:27Z,scored,0,2026-09-30T00:49:27Z,,,,,,,,0,0,,1,1,MJ,https://statsapi.mlb.com/api/v1.1/game/823543/feed/live,https://www.mlb.com/official-information/scoring-changes,https://baseballsavant.mlb.com/sporty-videos?playId=ae5e4c5f-d719-3fe7-97f6-be5f8b1c0158
2026-09-30T04:08:46Z,823494,2026-09-22,TB @ NYY,3,top,13,61db6193-6ded-3d68-9995-b741351823cd,Taylor Walls,reviewed,0,1,2026-09-30T00:49:27Z,scored,0,2026-09-30T00:49:27Z,,,,,,,,0,0,,1,1,MJ,https://statsapi.mlb.com/api/v1.1/game/823494/feed/live,https://www.mlb.com/official-information/scoring-changes,https://baseballsavant.mlb.com/sporty-videos?playId=61db6193-6ded-3d68-9995-b741351823cd
2026-09-30T04:08:46Z,823494,2026-09-22,TB @ NYY,3,top,13,61db6193-6ded-3d68-9995-b741351823cd,Taylor Walls,overturned,0,1,2026-09-30T00:49:27Z,scored,0,2026-09-30T00:49:27Z,,,,,,,,0,0,,1,1,MJ,https://statsapi.mlb.com/api/v1.1/game/823494/feed/live,https://www.mlb.com/official-information/scoring-changes,https://baseballsavant.mlb.com/sporty-videos?playId=61db6193-6ded-3d68-9995-b741351823cd
2026-09-30T04:08:46Z,823494,2026-09-22,TB @ NYY,3,top,13,61db6193-6ded-3d68-9995-b741351823cd,Taylor Walls,review_type,,MJ,2026-09-30T00:49:27Z,scored,0,2026-09-30T00:49:27Z,,,,,,,,0,0,,1,1,MJ,https://statsapi.mlb.com/api/v1.1/game/823494/feed/live,https://www.mlb.com/official-information/scoring-changes,https://baseballsavant.mlb.com/sporty-videos?playId=61db6193-6ded-3d68-9995-b741351823cd
2026-09-30T04:08:46Z,823494,2026-09-22,TB @ NYY,3,top,17,30d683c6-cbdb-369d-b30c-203fe09e2465,Junior Caminero,reviewed,0,1,2026-09-30T00:49:27Z,scored,0,2026-09-30T00:49:27Z,,,,,,,,0,0,,1,0,MJ,https://statsapi.mlb.com/api/v1.1/game/823494/feed/live,https://www.mlb.com/official-information/scoring-changes,https://baseballsavant.mlb.com/sporty-videos?playId=30d683c6-cbdb-369d-b30c-203fe09e2465
2026-09-30T04:08:46Z,823494,2026-09-22,TB @ NYY,3,top,17,30d683c6-cbdb-369d-b30c-203fe09e2465,Junior Caminero,review_type,,MJ,2026-09-30T00:49:27Z,scored,0,2026-09-30T00:49:27Z,,,,,,,,0,0,,1,0,MJ,https://statsapi.mlb.com/api/v1.1/game/823494/feed/live,https://www.mlb.com/official-information/scoring-changes,https://baseballsavant.mlb.com/sporty-videos?playId=30d683c6-cbdb-369d-b30c-203fe09e2465
2026-09-30T04:08:46Z,823494,2026-09-22,TB @ NYY,7,bottom,54,3c62f0a5-a191-31f5-ba16-9ba4711f3908,Austin Wells,reviewed,0,1,2026-09-30T00:49:27Z,scored,0,2026-09-30T00:49:27Z,,,,,,,,0,0,,1,0,MJ,https://statsapi.mlb.com/api/v1.1/game/823494/feed/live,https://www.mlb.com/official-information/scoring-changes,https://baseballsavant.mlb.com/sporty-videos?playId=3c62f0a5-a191-31f5-ba16-9ba4711f3908
2026-09-30T04:08:46Z,823494,2026-09-22,TB @ NYY,7,bottom,54,3c62f0a5-a191-31f5-ba16-9ba4711f3908,Austin Wells,review_type,,MJ,2026-09-30T00:49:27Z,scored,0,2026-09-30T00:49:27Z,,,,,,,,0,0,,1,0,MJ,https://statsapi.mlb.com/api/v1.1/game/823494/feed/live,https://www.mlb.com/official-information/scoring-changes,https://baseballsavant.mlb.com/sporty-videos?playId=3c62f0a5-a191-31f5-ba16-9ba4711f3908
2026-09-30T04:08:46Z,823494,2026-09-22,TB @ NYY,9,top,64,8c20390a-7a9b-3298-9851-1066c9fb6e42,Cedric Mullins,reviewed,0,1,2026-09-30T00:49:27Z,scored,0,2026-09-30T00:49:27Z,,,,,,,,0,0,,1,1,MJ,https://statsapi.mlb.com/api/v1.1/game/823494/feed/live,https://www.mlb.com/official-information/scoring-changes,https://baseballsavant.mlb.com/sporty-videos?playId=8c20390a-7a9b-3298-9851-1066c9fb6e42
2026-09-30T04:08:46Z,823494,2026-09-22,TB @ NYY,9,top,64,8c20390a-7a9b-3298-9851-1066c9fb6e42,Cedric Mullins,overturned,0,1,2026-09-30T00:49:27Z,scored,0,2026-09-30T00:49:27Z,,,,,,,,0,0,,1,1,MJ,https://statsapi.mlb.com/api/v1.1/game/823494/feed/live,https://www.mlb.com/official-information/scoring-changes,https://baseballsavant.mlb.com/sporty-videos?playId=8c20390a-7a9b-3298-9851-1066c9fb6e42
2026-09-30T04:08:46Z,823494,2026-09-22,TB @ NYY,9,top,64,8c20390a-7a9b-3298-9851-1066c9fb6e42,Cedric Mullins,review_type,,MJ,2026-09-30T00:49:27Z,scored,0,2026-09-30T00:49:27Z,,,,,,,,0,0,,1,1,MJ,https://statsapi.mlb.com/api/v1.1/game/823494/feed/live,https://www.mlb.com/official-information/scoring-changes,https://baseballsavant.mlb.com/sporty-videos?playId=8c20390a-7a9b-3298-9851-1066c9fb6e42
2026-09-30T04:08:46Z,824222,2026-09-22,WSH @ DET,5,bottom,34,27a1ac35-c3e7-38d7-9f89-db778348f2c3,Gleyber Torres,reviewed,0,1,2026-09-30T00:49:27Z,scored,0,2026-09-30T00:49:27Z,,,,,,,,0,0,,1,0,MJ,https://statsapi.mlb.com/api/v1.1/game/824222/feed/live,https://www.mlb.com/official-information/scoring-changes,https://baseballsavant.mlb.com/sporty-videos?playId=27a1ac35-c3e7-38d7-9f89-db778348f2c3
2026-09-30T04:08:46Z,824222,2026-09-22,WSH @ DET,5,bottom,34,27a1ac35-c3e7-38d7-9f89-db778348f2c3,Gleyber Torres,review_type,,MJ,2026-09-30T00:49:27Z,scored,0,2026-09-30T00:49:27Z,,,,,,,,0,0,,1,0,MJ,https://statsapi.mlb.com/api/v1.1/game/824222/feed/live,https://www.mlb.com/official-information/scoring-changes,https://baseballsavant.mlb.com/sporty-videos?playId=27a1ac35-c3e7-38d7-9f89-db778348f2c3
2026-09-30T04:08:46Z,823328,2026-09-22,STL @ PIT,5,bottom,34,e925c14c-2759-37a5-9d61-2f15074cf804,Brandon Lowe,reviewed,0,1,2026-09-30T00:49:27Z,scored,0,2026-09-30T00:49:27Z,,,,,,,,0,0,,1,1,MJ,https://statsapi.mlb.com/api/v1.1/game/823328/feed/live,https://www.mlb.com/official-information/scoring-changes,https://baseballsavant.mlb.com/sporty-videos?playId=e925c14c-2759-37a5-9d61-2f15074cf804
2026-09-30T04:08:46Z,823328,2026-09-22,STL @ PIT,5,bottom,34,e925c14c-2759-37a5-9d61-2f15074cf804,Brandon Lowe,overturned,0,1,2026-09-30T00:49:27Z,scored,0,2026-09-30T00:49:27Z,,,,,,,,0,0,,1,1,MJ,https://statsapi.mlb.com/api/v1.1/game/823328/feed/live,https://www.mlb.com/official-information/scoring-changes,https://baseballsavant.mlb.com/sporty-videos?playId=e925c14c-2759-37a5-9d61-2f15074cf804
2026-09-30T04:08:46Z,823328,2026-09-22,STL @ PIT,5,bottom,34,e925c14c-2759-37a5-9d61-2f15074cf804,Brandon Lowe,review_type,,MJ,2026-09-30T00:49:27Z,scored,0,2026-09-30T00:49:27Z,,,,,,,,0,0,,1,1,MJ,https://statsapi.mlb.com/api/v1.1/game/823328/feed/live,https://www.mlb.com/official-information/scoring-changes,https://baseballsavant.mlb.com/sporty-videos?playId=e925c14c-2759-37a5-9d61-2f15074cf804
2026-09-30T04:08:46Z,823328,2026-09-22,STL @ PIT,8,bottom,57,01c60575-f516-3cbb-bd78-c34c1c041376,Oneil Cruz,reviewed,0,1,2026-09-30T00:49:27Z,scored,0,2026-09-30T00:49:27Z,,,,,,,,0,0,,1,0,MJ,https://statsapi.mlb.com/api/v1.1/game/823328/feed/live,https://www.mlb.com/official-information/scoring-changes,https://baseballsavant.mlb.com/sporty-videos?playId=01c60575-f516-3cbb-bd78-c34c1c041376
2026-09-30T04:08:46Z,823328,2026-09-22,STL @ PIT,8,bottom,57,01c60575-f516-3cbb-bd78-c34c1c041376,Oneil Cruz,review_type,,MJ,2026-09-30T00:49:27Z,scored,0,2026-09-30T00:49:27Z,,,,,,,,0,0,,1,0,MJ,https://statsapi.mlb.com/api/v1.1/game/823328/feed/live,https://www.mlb.com/official-information/scoring-changes,https://baseballsavant.mlb.com/sporty-videos?playId=01c60575-f516-3cbb-bd78-c34c1c041376
2026-09-30T04:08:46Z,823412,2026-09-22,MIL @ PHI,2,bottom,12,4397be16-78c4-309d-839d-c21c1c6a2c4e,Brandon Marsh,reviewed,0,1,2026-09-30T00:49:27Z,scored,0,2026-09-30T00:49:27Z,,,,,,,,2,2,,1,1,MA,https://statsapi.mlb.com/api/v1.1/game/823412/feed/live,https://www.mlb.com/official-information/scoring-changes,https://baseballsavant.mlb.com/sporty-videos?playId=4397be16-78c4-309d-839d-c21c1c6a2c4e
2026-09-30T04:08:46Z,823412,2026-09-22,MIL @ PHI,2,bottom,12,4397be16-78c4-309d-839d-c21c1c6a2c4e,Brandon Marsh,overturned,0,1,2026-09-30T00:49:27Z,scored,0,2026-09-30T00:49:27Z,,,,,,,,2,2,,1,1,MA,https://statsapi.mlb.com/api/v1.1/game/823412/feed/live,https://www.mlb.com/official-information/scoring-changes,https://baseballsavant.mlb.com/sporty-videos?playId=4397be16-78c4-309d-839d-c21c1c6a2c4e
2026-09-30T04:08:46Z,823412,2026-09-22,MIL @ PHI,2,bottom,12,4397be16-78c4-309d-839d-c21c1c6a2c4e,Brandon Marsh,review_type,,MA,2026-09-30T00:49:27Z,scored,0,2026-09-30T00:49:27Z,,,,,,,,2,2,,1,1,MA,https://statsapi.mlb.com/api/v1.1/game/823412/feed/live,https://www.mlb.com/official-information/scoring-changes,https://baseballsavant.mlb.com/sporty-videos?playId=4397be16-78c4-309d-839d-c21c1c6a2c4e
2026-09-30T04:08:46Z,823412,2026-09-22,MIL @ PHI,5,bottom,38,1511a2cd-27fd-33ff-8fa1-2723cd417a26,Luis Arraez,reviewed,0,1,2026-09-30T00:49:27Z,scored,0,2026-09-30T00:49:27Z,,,,,,,,0,0,,1,1,MJ,https://statsapi.mlb.com/api/v1.1/game/823412/feed/live,https://www.mlb.com/official-information/scoring-changes,https://baseballsavant.mlb.com/sporty-videos?playId=1511a2cd-27fd-33ff-8fa1-2723cd417a26
2026-09-30T04:08:46Z,823412,2026-09-22,MIL @ PHI,5,bottom,38,1511a2cd-27fd-33ff-8fa1-2723cd417a26,Luis Arraez,overturned,0,1,2026-09-30T00:49:27Z,scored,0,2026-09-30T00:49:27Z,,,,,,,,0,0,,1,1,MJ,https://statsapi.mlb.com/api/v1.1/game/823412/feed/live,https://www.mlb.com/official-information/scoring-changes,https://baseballsavant.mlb.com/sporty-videos?playId=1511a2cd-27fd-33ff-8fa1-2723cd417a26
2026-09-30T04:08:46Z,823412,2026-09-22,MIL @ PHI,5,bottom,38,1511a2cd-27fd-33ff-8fa1-2723cd417a26,Luis Arraez,review_type,,MJ,2026-09-30T00:49:27Z,scored,0,2026-09-30T00:49:27Z,,,,,,,,0,0,,1,1,MJ,https://statsapi.mlb.com/api/v1.1/game/823412/feed/live,https://www.mlb.com/official-information/scoring-changes,https://baseballsavant.mlb.com/sporty-videos?playId=1511a2cd-27fd-33ff-8fa1-2723cd417a26
2026-09-30T04:08:46Z,823412,2026-09-22,MIL @ PHI,6,top,44,d4448b16-8c3b-33ff-9e0e-90d393d69e3d,Jake Bauers,reviewed,0,1,2026-09-30T00:49:27Z,scored,0,2026-09-30T00:49:27Z,,,,,,,,0,0,,1,1,MJ,https://statsapi.mlb.com/api/v1.1/game/823412/feed/live,https://www.mlb.com/official-information/scoring-changes,https://baseballsavant.mlb.com/sporty-videos?playId=d4448b16-8c3b-33ff-9e0e-90d393d69e3d
2026-09-30T04:08:46Z,823412,2026-09-22,MIL @ PHI,6,top,44,d4448b16-8c3b-33ff-9e0e-90d393d69e3d,Jake Bauers,overturned,0,1,2026-09-30T00:49:27Z,scored,0,2026-09-30T00:49:27Z,,,,,,,,0,0,,1,1,MJ,https://statsapi.mlb.com/api/v1.1/game/823412/feed/live,https://www.mlb.com/official-information/scoring-changes,https://baseballsavant.mlb.com/sporty-videos?playId=d4448b16-8c3b-33ff-9e0e-90d393d69e3d
2026-09-30T04:08:46Z,823412,2026-09-22,MIL @ PHI,6,top,44,d4448b16-8c3b-33ff-9e0e-90d393d69e3d,Jake Bauers,review_type,,MJ,2026-09-30T00:49:27Z,scored,0,2026-09-30T00:49:27Z,,,,,,,,0,0,,1,1,MJ,https://statsapi.mlb.com/api/v1.1/game/823412/feed/live,https://www.mlb.com/official-information/scoring-changes,https://baseballsavant.mlb.com/sporty-videos?playId=d4448b16-8c3b-33ff-9e0e-90d393d69e3d
2026-09-30T04:08:46Z,824709,2026-09-22,CLE @ BOS,3,bottom,26,f79b040a-a41d-3f35-b30d-c670d3e3542a,Nick Sogard,reviewed,0,1,2026-09-30T00:49:27Z,scored,0,2026-09-30T00:49:27Z,,,,,,,,0,0,,1,1,MJ,https://statsapi.mlb.com/api/v1.1/game/824709/feed/live,https://www.mlb.com/official-information/scoring-changes,https://baseballsavant.mlb.com/sporty-videos?playId=f79b040a-a41d-3f35-b30d-c670d3e3542a
2026-09-30T04:08:46Z,824709,2026-09-22,CLE @ BOS,3,bottom,26,f79b040a-a41d-3f35-b30d-c670d3e3542a,Nick Sogard,overturned,0,1,2026-09-30T00:49:27Z,scored,0,2026-09-30T00:49:27Z,,,,,,,,0,0,,1,1,MJ,https://statsapi.mlb.com/api/v1.1/game/824709/feed/live,https://www.mlb.com/official-information/scoring-changes,https://baseballsavant.mlb.com/sporty-videos?playId=f79b040a-a41d-3f35-b30d-c670d3e3542a
2026-09-30T04:08:46Z,824709,2026-09-22,CLE @ BOS,3,bottom,26,f79b040a-a41d-3f35-b30d-c670d3e3542a,Nick Sogard,review_type,,MJ,2026-09-30T00:49:27Z,scored,0,2026-09-30T00:49:27Z,,,,,,,,0,0,,1,1,MJ,https://statsapi.mlb.com/api/v1.1/game/824709/feed/live,https://www.mlb.com/official-information/scoring-changes,https://baseballsavant.mlb.com/sporty-videos?playId=f79b040a-a41d-3f35-b30d-c670d3e3542a
2026-09-30T04:08:46Z,824709,2026-09-22,CLE @ BOS,6,bottom,51,7b15948a-c7f0-3793-8085-a583617525ab,Adley Rutschman,reviewed,0,1,2026-09-30T00:49:27Z,scored,0,2026-09-30T00:49:27Z,,,,,,,,0,0,,1,0,MJ,https://statsapi.mlb.com/api/v1.1/game/824709/feed/live,https://www.mlb.com/official-information/scoring-changes,https://baseballsavant.mlb.com/sporty-videos?playId=7b15948a-c7f0-3793-8085-a583617525ab
2026-09-30T04:08:46Z,824709,2026-09-22,CLE @ BOS,6,bottom,51,7b15948a-c7f0-3793-8085-a583617525ab,Adley Rutschman,review_type,,MJ,2026-09-30T00:49:27Z,scored,0,2026-09-30T00:49:27Z,,,,,,,,0,0,,1,0,MJ,https://statsapi.mlb.com/api/v1.1/game/824709/feed/live,https://www.mlb.com/official-information/scoring-changes,https://baseballsavant.mlb.com/sporty-videos?playId=7b15948a-c7f0-3793-8085-a583617525ab
2026-09-30T04:08:46Z,824709,2026-09-22,CLE @ BOS,9,top,75,b6733431-9da2-3dc1-80ae-6496dfb55532,Petey Halpin,reviewed,0,1,2026-09-30T00:49:27Z,scored,0,2026-09-30T00:49:27Z,,,,,,,,0,0,,1,1,MJ,https://statsapi.mlb.com/api/v1.1/game/824709/feed/live,https://www.mlb.com/official-information/scoring-changes,https://baseballsavant.mlb.com/sporty-videos?playId=b6733431-9da2-3dc1-80ae-6496dfb55532
2026-09-30T04:08:46Z,824709,2026-09-22,CLE @ BOS,9,top,75,b6733431-9da2-3dc1-80ae-6496dfb55532,Petey Halpin,overturned,0,1,2026-09-30T00:49:27Z,scored,0,2026-09-30T00:49:27Z,,,,,,,,0,0,,1,1,MJ,https://statsapi.mlb.com/api/v1.1/game/824709/feed/live,https://www.mlb.com/official-information/scoring-changes,https://baseballsavant.mlb.com/sporty-videos?playId=b6733431-9da2-3dc1-80ae-6496dfb55532
2026-09-30T04:08:46Z,824709,2026-09-22,CLE @ BOS,9,top,75,b6733431-9da2-3dc1-80ae-6496dfb55532,Petey Halpin,review_type,,MJ,2026-09-30T00:49:27Z,scored,0,2026-09-30T00:49:27Z,,,,,,,,0,0,,1,1,MJ,https://statsapi.mlb.com/api/v1.1/game/824709/feed/live,https://www.mlb.com/official-information/scoring-changes,https://baseballsavant.mlb.com/sporty-videos?playId=b6733431-9da2-3dc1-80ae-6496dfb55532
2026-09-30T04:08:46Z,824867,2026-09-22,CIN @ ATL,7,bottom,52,e0cd2dd8-d951-331d-8c86-e9568d0a356b,Matt Olson,reviewed,0,1,2026-09-30T00:49:27Z,scored,0,2026-09-30T00:49:27Z,,,,,,,,0,0,,1,1,MJ,https://statsapi.mlb.com/api/v1.1/game/824867/feed/live,https://www.mlb.com/official-information/scoring-changes,https://baseballsavant.mlb.com/sporty-videos?playId=e0cd2dd8-d951-331d-8c86-e9568d0a356b
2026-09-30T04:08:46Z,824867,2026-09-22,CIN @ ATL,7,bottom,52,e0cd2dd8-d951-331d-8c86-e9568d0a356b,Matt Olson,overturned,0,1,2026-09-30T00:49:27Z,scored,0,2026-09-30T00:49:27Z,,,,,,,,0,0,,1,1,MJ,https://statsapi.mlb.com/api/v1.1/game/824867/feed/live,https://www.mlb.com/official-information/scoring-changes,https://baseballsavant.mlb.com/sporty-videos?playId=e0cd2dd8-d951-331d-8c86-e9568d0a356b
2026-09-30T04:08:46Z,824867,2026-09-22,CIN @ ATL,7,bottom,52,e0cd2dd8-d951-331d-8c86-e9568d0a356b,Matt Olson,review_type,,MJ,2026-09-30T00:49:27Z,scored,0,2026-09-30T00:49:27Z,,,,,,,,0,0,,1,1,MJ,https://statsapi.mlb.com/api/v1.1/game/824867/feed/live,https://www.mlb.com/official-information/scoring-changes,https://baseballsavant.mlb.com/sporty-videos?playId=e0cd2dd8-d951-331d-8c86-e9568d0a356b
2026-09-30T04:08:46Z,824061,2026-09-22,CWS @ KC,3,top,21,e1e68cfe-de28-396a-9e8a-27226b7bcb41,Kyle Teel,reviewed,0,1,2026-09-30T00:49:27Z,scored,0,2026-09-30T00:49:27Z,,,,,,,,0,0,,1,0,MJ,https://statsapi.mlb.com/api/v1.1/game/824061/feed/live,https://www.mlb.com/official-information/scoring-changes,https://baseballsavant.mlb.com/sporty-videos?playId=e1e68cfe-de28-396a-9e8a-27226b7bcb41
2026-09-30T04:08:46Z,824061,2026-09-22,CWS @ KC,3,top,21,e1e68cfe-de28-396a-9e8a-27226b7bcb41,Kyle Teel,review_type,,MJ,2026-09-30T00:49:27Z,scored,0,2026-09-30T00:49:27Z,,,,,,,,0,0,,1,0,MJ,https://statsapi.mlb.com/api/v1.1/game/824061/feed/live,https://www.mlb.com/official-information/scoring-changes,https://baseballsavant.mlb.com/sporty-videos?playId=e1e68cfe-de28-396a-9e8a-27226b7bcb41
2026-09-30T04:08:46Z,824061,2026-09-22,CWS @ KC,3,bottom,23,c935de3c-f2fd-343b-bddd-f3d57642cb26,Nick Loftin,reviewed,0,1,2026-09-30T00:49:27Z,scored,0,2026-09-30T00:49:27Z,,,,,,,,1,1,,1,1,MJ,https://statsapi.mlb.com/api/v1.1/game/824061/feed/live,https://www.mlb.com/official-information/scoring-changes,https://baseballsavant.mlb.com/sporty-videos?playId=c935de3c-f2fd-343b-bddd-f3d57642cb26
2026-09-30T04:08:46Z,824061,2026-09-22,CWS @ KC,3,bottom,23,c935de3c-f2fd-343b-bddd-f3d57642cb26,Nick Loftin,overturned,0,1,2026-09-30T00:49:27Z,scored,0,2026-09-30T00:49:27Z,,,,,,,,1,1,,1,1,MJ,https://statsapi.mlb.com/api/v1.1/game/824061/feed/live,https://www.mlb.com/official-information/scoring-changes,https://baseballsavant.mlb.com/sporty-videos?playId=c935de3c-f2fd-343b-bddd-f3d57642cb26
2026-09-30T04:08:46Z,824061,2026-09-22,CWS @ KC,3,bottom,23,c935de3c-f2fd-343b-bddd-f3d57642cb26,Nick Loftin,review_type,,MJ,2026-09-30T00:49:27Z,scored,0,2026-09-30T00:49:27Z,,,,,,,,1,1,,1,1,MJ,https://statsapi.mlb.com/api/v1.1/game/824061/feed/live,https://www.mlb.com/official-information/scoring-changes,https://baseballsavant.mlb.com/sporty-videos?playId=c935de3c-f2fd-343b-bddd-f3d57642cb26
2026-09-30T04:08:46Z,824624,2026-09-22,MIA @ CHC,4,top,24,97a01fa6-5132-3e85-bbe5-baa7109335e7,Javier Sanoja,reviewed,0,1,2026-09-30T00:49:27Z,scored,0,2026-09-30T00:49:27Z,,,,,,,,0,0,,1,0,MJ,https://statsapi.mlb.com/api/v1.1/game/824624/feed/live,https://www.mlb.com/official-information/scoring-changes,https://baseballsavant.mlb.com/sporty-videos?playId=97a01fa6-5132-3e85-bbe5-baa7109335e7
2026-09-30T04:08:46Z,824624,2026-09-22,MIA @ CHC,4,top,24,97a01fa6-5132-3e85-bbe5-baa7109335e7,Javier Sanoja,review_type,,MJ,2026-09-30T00:49:27Z,scored,0,2026-09-30T00:49:27Z,,,,,,,,0,0,,1,0,MJ,https://statsapi.mlb.com/api/v1.1/game/824624/feed/live,https://www.mlb.com/official-information/scoring-changes,https://baseballsavant.mlb.com/sporty-videos?playId=97a01fa6-5132-3e85-bbe5-baa7109335e7
2026-09-30T04:08:46Z,824624,2026-09-22,MIA @ CHC,9,bottom,69,a3a1915d-ca16-3a69-be4f-b7162003dda7,Carson Kelly,reviewed,0,1,2026-09-30T00:49:27Z,scored,0,2026-09-30T00:49:27Z,,,,,,,,0,0,,1,0,MJ,https://statsapi.mlb.com/api/v1.1/game/824624/feed/live,https://www.mlb.com/official-information/scoring-changes,https://baseballsavant.mlb.com/sporty-videos?playId=a3a1915d-ca16-3a69-be4f-b7162003dda7
2026-09-30T04:08:46Z,824624,2026-09-22,MIA @ CHC,9,bottom,69,a3a1915d-ca16-3a69-be4f-b7162003dda7,Carson Kelly,review_type,,MJ,2026-09-30T00:49:27Z,scored,0,2026-09-30T00:49:27Z,,,,,,,,0,0,,1,0,MJ,https://statsapi.mlb.com/api/v1.1/game/824624/feed/live,https://www.mlb.com/official-information/scoring-changes,https://baseballsavant.mlb.com/sporty-videos?playId=a3a1915d-ca16-3a69-be4f-b7162003dda7
2026-09-30T04:08:46Z,824624,2026-09-22,MIA @ CHC,10,top,75,e542a008-80c8-39bb-a6cd-d28ac7db290c,Heriberto Hernández,reviewed,0,1,2026-09-30T00:49:27Z,scored,0,2026-09-30T00:49:27Z,,,,,,,,0,0,,1,1,MJ,https://statsapi.mlb.com/api/v1.1/game/824624/feed/live,https://www.mlb.com/official-information/scoring-changes,https://baseballsavant.mlb.com/sporty-videos?playId=e542a008-80c8-39bb-a6cd-d28ac7db290c
2026-09-30T04:08:46Z,824624,2026-09-22,MIA @ CHC,10,top,75,e542a008-80c8-39bb-a6cd-d28ac7db290c,Heriberto Hernández,overturned,0,1,2026-09-30T00:49:27Z,scored,0,2026-09-30T00:49:27Z,,,,,,,,0,0,,1,1,MJ,https://statsapi.mlb.com/api/v1.1/game/824624/feed/live,https://www.mlb.com/official-information/scoring-changes,https://baseballsavant.mlb.com/sporty-videos?playId=e542a008-80c8-39bb-a6cd-d28ac7db290c
2026-09-30T04:08:46Z,824624,2026-09-22,MIA @ CHC,10,top,75,e542a008-80c8-39bb-a6cd-d28ac7db290c,Heriberto Hernández,review_type,,MJ,2026-09-30T00:49:27Z,scored,0,2026-09-30T00:49:27Z,,,,,,,,0,0,,1,1,MJ,https://statsapi.mlb.com/api/v1.1/game/824624/feed/live,https://www.mlb.com/official-information/scoring-changes,https://baseballsavant.mlb.com/sporty-videos?playId=e542a008-80c8-39bb-a6cd-d28ac7db290c
2026-09-30T04:08:46Z,822840,2026-09-22,NYM @ TEX,6,top,47,bdbcaab6-3f97-3718-828a-0caab673bb48,Francisco Alvarez,reviewed,0,1,2026-09-30T00:49:27Z,scored,0,2026-09-30T00:49:27Z,,,,,,,,2,2,,1,0,MJ,https://statsapi.mlb.com/api/v1.1/game/822840/feed/live,https://www.mlb.com/official-information/scoring-changes,https://baseballsavant.mlb.com/sporty-videos?playId=bdbcaab6-3f97-3718-828a-0caab673bb48
2026-09-30T04:08:46Z,822840,2026-09-22,NYM @ TEX,6,top,47,bdbcaab6-3f97-3718-828a-0caab673bb48,Francisco Alvarez,review_type,,MJ,2026-09-30T00:49:27Z,scored,0,2026-09-30T00:49:27Z,,,,,,,,2,2,,1,0,MJ,https://statsapi.mlb.com/api/v1.1/game/822840/feed/live,https://www.mlb.com/official-information/scoring-changes,https://baseballsavant.mlb.com/sporty-videos?playId=bdbcaab6-3f97-3718-828a-0caab673bb48
2026-09-30T04:08:46Z,822840,2026-09-22,NYM @ TEX,8,top,64,ccfc602d-f6da-36a8-9e49-7e5edf111a4e,Luis Torrens,reviewed,0,1,2026-09-30T00:49:27Z,scored,0,2026-09-30T00:49:27Z,,,,,,,,0,0,,1,0,MA,https://statsapi.mlb.com/api/v1.1/game/822840/feed/live,https://www.mlb.com/official-information/scoring-changes,https://baseballsavant.mlb.com/sporty-videos?playId=ccfc602d-f6da-36a8-9e49-7e5edf111a4e
2026-09-30T04:08:46Z,822840,2026-09-22,NYM @ TEX,8,top,64,ccfc602d-f6da-36a8-9e49-7e5edf111a4e,Luis Torrens,review_type,,MA,2026-09-30T00:49:27Z,scored,0,2026-09-30T00:49:27Z,,,,,,,,0,0,,1,0,MA,https://statsapi.mlb.com/api/v1.1/game/822840/feed/live,https://www.mlb.com/official-information/scoring-changes,https://baseballsavant.mlb.com/sporty-videos?playId=ccfc602d-f6da-36a8-9e49-7e5edf111a4e
2026-09-30T04:08:46Z,824953,2026-09-22,LAA @ ATH,2,bottom,15,9c9a6e36-0620-3430-8f8a-5eedf62cc231,Jonah Heim,reviewed,0,1,2026-09-30T00:49:27Z,scored,0,2026-09-30T00:49:27Z,,,,,,,,0,0,,1,0,MJ,https://statsapi.mlb.com/api/v1.1/game/824953/feed/live,https://www.mlb.com/official-information/scoring-changes,https://baseballsavant.mlb.com/sporty-videos?playId=9c9a6e36-0620-3430-8f8a-5eedf62cc231
2026-09-30T04:08:46Z,824953,2026-09-22,LAA @ ATH,2,bottom,15,9c9a6e36-0620-3430-8f8a-5eedf62cc231,Jonah Heim,review_type,,MJ,2026-09-30T00:49:27Z,scored,0,2026-09-30T00:49:27Z,,,,,,,,0,0,,1,0,MJ,https://statsapi.mlb.com/api/v1.1/game/824953/feed/live,https://www.mlb.com/official-information/scoring-changes,https://baseballsavant.mlb.com/sporty-videos?playId=9c9a6e36-0620-3430-8f8a-5eedf62cc231
2026-09-30T04:08:46Z,824953,2026-09-22,LAA @ ATH,7,bottom,66,123dfbc0-ad9b-31e1-a4ae-8ee5c2a21b21,Michael Stefanic,reviewed,0,1,2026-09-30T00:49:27Z,scored,0,2026-09-30T00:49:27Z,,,,,,,,0,0,,1,1,MJ,https://statsapi.mlb.com/api/v1.1/game/824953/feed/live,https://www.mlb.com/official-information/scoring-changes,https://baseballsavant.mlb.com/sporty-videos?playId=123dfbc0-ad9b-31e1-a4ae-8ee5c2a21b21
2026-09-30T04:08:46Z,824953,2026-09-22,LAA @ ATH,7,bottom,66,123dfbc0-ad9b-31e1-a4ae-8ee5c2a21b21,Michael Stefanic,overturned,0,1,2026-09-30T00:49:27Z,scored,0,2026-09-30T00:49:27Z,,,,,,,,0,0,,1,1,MJ,https://statsapi.mlb.com/api/v1.1/game/824953/feed/live,https://www.mlb.com/official-information/scoring-changes,https://baseballsavant.mlb.com/sporty-videos?playId=123dfbc0-ad9b-31e1-a4ae-8ee5c2a21b21
2026-09-30T04:08:46Z,824953,2026-09-22,LAA @ ATH,7,bottom,66,123dfbc0-ad9b-31e1-a4ae-8ee5c2a21b21,Michael Stefanic,review_type,,MJ,2026-09-30T00:49:27Z,scored,0,2026-09-30T00:49:27Z,,,,,,,,0,0,,1,1,MJ,https://statsapi.mlb.com/api/v1.1/game/824953/feed/live,https://www.mlb.com/official-information/scoring-changes,https://baseballsavant.mlb.com/sporty-videos?playId=123dfbc0-ad9b-31e1-a4ae-8ee5c2a21b21
2026-09-30T04:08:46Z,823089,2026-09-22,HOU @ SEA,6,bottom,53,91df6e48-34d2-3d3e-a9c4-a27bead09db2,Julio Rodríguez,reviewed,0,1,2026-09-30T00:49:27Z,scored,0,2026-09-30T00:49:27Z,,,,,,,,0,0,,1,0,MJ,https://statsapi.mlb.com/api/v1.1/game/823089/feed/live,https://www.mlb.com/official-information/scoring-changes,https://baseballsavant.mlb.com/sporty-videos?playId=91df6e48-34d2-3d3e-a9c4-a27bead09db2
2026-09-30T04:08:46Z,823089,2026-09-22,HOU @ SEA,6,bottom,53,91df6e48-34d2-3d3e-a9c4-a27bead09db2,Julio Rodríguez,review_type,,MJ,2026-09-30T00:49:27Z,scored,0,2026-09-30T00:49:27Z,,,,,,,,0,0,,1,0,MJ,https://statsapi.mlb.com/api/v1.1/game/823089/feed/live,https://www.mlb.com/official-information/scoring-changes,https://baseballsavant.mlb.com/sporty-videos?playId=91df6e48-34d2-3d3e-a9c4-a27bead09db2
2026-09-30T04:08:46Z,823089,2026-09-22,HOU @ SEA,7,top,58,df8be68e-2f0d-36ed-bff3-04b48df63ab5,Christian Walker,reviewed,0,1,2026-09-30T00:49:27Z,scored,0,2026-09-30T00:49:27Z,,,,,,,,0,0,,1,0,MJ,https://statsapi.mlb.com/api/v1.1/game/823089/feed/live,https://www.mlb.com/official-information/scoring-changes,https://baseballsavant.mlb.com/sporty-videos?playId=df8be68e-2f0d-36ed-bff3-04b48df63ab5
2026-09-30T04:08:46Z,823089,2026-09-22,HOU @ SEA,7,top,58,df8be68e-2f0d-36ed-bff3-04b48df63ab5,Christian Walker,review_type,,MJ,2026-09-30T00:49:27Z,scored,0,2026-09-30T00:49:27Z,,,,,,,,0,0,,1,0,MJ,https://statsapi.mlb.com/api/v1.1/game/823089/feed/live,https://www.mlb.com/official-information/scoring-changes,https://baseballsavant.mlb.com/sporty-videos?playId=df8be68e-2f0d-36ed-bff3-04b48df63ab5
2026-09-30T04:08:46Z,823166,2026-09-22,MIN @ SF,8,top,54,8b5d4ee4-bd82-3af1-a658-f0b88be01726,Ryan Kreidler,reviewed,0,1,2026-09-30T00:49:27Z,scored,0,2026-09-30T00:49:27Z,,,,,,,,0,0,,1,1,MJ,https://statsapi.mlb.com/api/v1.1/game/823166/feed/live,https://www.mlb.com/official-information/scoring-changes,https://baseballsavant.mlb.com/sporty-videos?playId=8b5d4ee4-bd82-3af1-a658-f0b88be01726
2026-09-30T04:08:46Z,823166,2026-09-22,MIN @ SF,8,top,54,8b5d4ee4-bd82-3af1-a658-f0b88be01726,Ryan Kreidler,overturned,0,1,2026-09-30T00:49:27Z,scored,0,2026-09-30T00:49:27Z,,,,,,,,0,0,,1,1,MJ,https://statsapi.mlb.com/api/v1.1/game/823166/feed/live,https://www.mlb.com/official-information/scoring-changes,https://baseballsavant.mlb.com/sporty-videos?playId=8b5d4ee4-bd82-3af1-a658-f0b88be01726
2026-09-30T04:08:46Z,823166,2026-09-22,MIN @ SF,8,top,54,8b5d4ee4-bd82-3af1-a658-f0b88be01726,Ryan Kreidler,review_type,,MJ,2026-09-30T00:49:27Z,scored,0,2026-09-30T00:49:27Z,,,,,,,,0,0,,1,1,MJ,https://statsapi.mlb.com/api/v1.1/game/823166/feed/live,https://www.mlb.com/official-information/scoring-changes,https://baseballsavant.mlb.com/sporty-videos?playId=8b5d4ee4-bd82-3af1-a658-f0b88be01726
2026-09-30T04:08:46Z,823897,2026-09-22,SD @ LAD,7,bottom,58,e028f23b-9b7b-3e38-a832-5892144f2249,Max Muncy,reviewed,0,1,2026-09-30T00:49:27Z,scored,0,2026-09-30T00:49:27Z,,,,,,,,0,0,,1,1,MJ,https://statsapi.mlb.com/api/v1.1/game/823897/feed/live,https://www.mlb.com/official-information/scoring-changes,https://baseballsavant.mlb.com/sporty-videos?playId=e028f23b-9b7b-3e38-a832-5892144f2249
2026-09-30T04:08:46Z,823897,2026-09-22,SD @ LAD,7,bottom,58,e028f23b-9b7b-3e38-a832-5892144f2249,Max Muncy,overturned,0,1,2026-09-30T00:49:27Z,scored,0,2026-09-30T00:49:27Z,,,,,,,,0,0,,1,1,MJ,https://statsapi.mlb.com/api/v1.1/game/823897/feed/live,https://www.mlb.com/official-information/scoring-changes,https://baseballsavant.mlb.com/sporty-videos?playId=e028f23b-9b7b-3e38-a832-5892144f2249
2026-09-30T04:08:46Z,823897,2026-09-22,SD @ LAD,7,bottom,58,e028f23b-9b7b-3e38-a832-5892144f2249,Max Muncy,review_type,,MJ,2026-09-30T00:49:27Z,scored,0,2026-09-30T00:49:27Z,,,,,,,,0,0,,1,1,MJ,https://statsapi.mlb.com/api/v1.1/game/823897/feed/live,https://www.mlb.com/official-information/scoring-changes,https://baseballsavant.mlb.com/sporty-videos?playId=e028f23b-9b7b-3e38-a832-5892144f2249
2026-09-30T04:08:46Z,824223,2026-09-23,WSH @ DET,4,bottom,28,b9674b29-e672-3614-a8d8-214f4d9d7afd,Max Clark,reviewed,0,1,2026-09-30T00:49:27Z,scored,0,2026-09-30T00:49:27Z,,,,,,,,0,0,,1,1,MJ,https://statsapi.mlb.com/api/v1.1/game/824223/feed/live,https://www.mlb.com/official-information/scoring-changes,https://baseballsavant.mlb.com/sporty-videos?playId=b9674b29-e672-3614-a8d8-214f4d9d7afd
2026-09-30T04:08:46Z,824223,2026-09-23,WSH @ DET,4,bottom,28,b9674b29-e672-3614-a8d8-214f4d9d7afd,Max Clark,overturned,0,1,2026-09-30T00:49:27Z,scored,0,2026-09-30T00:49:27Z,,,,,,,,0,0,,1,1,MJ,https://statsapi.mlb.com/api/v1.1/game/824223/feed/live,https://www.mlb.com/official-information/scoring-changes,https://baseballsavant.mlb.com/sporty-videos?playId=b9674b29-e672-3614-a8d8-214f4d9d7afd
2026-09-30T04:08:46Z,824223,2026-09-23,WSH @ DET,4,bottom,28,b9674b29-e672-3614-a8d8-214f4d9d7afd,Max Clark,review_type,,MJ,2026-09-30T00:49:27Z,scored,0,2026-09-30T00:49:27Z,,,,,,,,0,0,,1,1,MJ,https://statsapi.mlb.com/api/v1.1/game/824223/feed/live,https://www.mlb.com/official-information/scoring-changes,https://baseballsavant.mlb.com/sporty-videos?playId=b9674b29-e672-3614-a8d8-214f4d9d7afd
2026-09-30T04:08:46Z,824784,2026-09-23,TOR @ BAL,5,bottom,35,a86222c3-0029-3332-9684-e0aedad2551b,Dylan Beavers,reviewed,0,1,2026-09-30T00:49:27Z,scored,0,2026-09-30T00:49:27Z,,,,,,,,0,0,,1,1,MJ,https://statsapi.mlb.com/api/v1.1/game/824784/feed/live,https://www.mlb.com/official-information/scoring-changes,https://baseballsavant.mlb.com/sporty-videos?playId=a86222c3-0029-3332-9684-e0aedad2551b
2026-09-30T04:08:46Z,824784,2026-09-23,TOR @ BAL,5,bottom,35,a86222c3-0029-3332-9684-e0aedad2551b,Dylan Beavers,overturned,0,1,2026-09-30T00:49:27Z,scored,0,2026-09-30T00:49:27Z,,,,,,,,0,0,,1,1,MJ,https://statsapi.mlb.com/api/v1.1/game/824784/feed/live,https://www.mlb.com/official-information/scoring-changes,https://baseballsavant.mlb.com/sporty-videos?playId=a86222c3-0029-3332-9684-e0aedad2551b
2026-09-30T04:08:46Z,824784,2026-09-23,TOR @ BAL,5,bottom,35,a86222c3-0029-3332-9684-e0aedad2551b,Dylan Beavers,review_type,,MJ,2026-09-30T00:49:27Z,scored,0,2026-09-30T00:49:27Z,,,,,,,,0,0,,1,1,MJ,https://statsapi.mlb.com/api/v1.1/game/824784/feed/live,https://www.mlb.com/official-information/scoring-changes,https://baseballsavant.mlb.com/sporty-videos?playId=a86222c3-0029-3332-9684-e0aedad2551b
2026-09-30T04:08:46Z,824784,2026-09-23,TOR @ BAL,5,bottom,36,19e81bfa-6a77-3641-bce8-7e8a6f716b66,Pete Alonso,reviewed,0,1,2026-09-30T00:49:27Z,scored,0,2026-09-30T00:49:27Z,,,,,,,,0,0,,1,0,NH,https://statsapi.mlb.com/api/v1.1/game/824784/feed/live,https://www.mlb.com/official-information/scoring-changes,https://baseballsavant.mlb.com/sporty-videos?playId=19e81bfa-6a77-3641-bce8-7e8a6f716b66
2026-09-30T04:08:46Z,824784,2026-09-23,TOR @ BAL,5,bottom,36,19e81bfa-6a77-3641-bce8-7e8a6f716b66,Pete Alonso,review_type,,NH,2026-09-30T00:49:27Z,scored,0,2026-09-30T00:49:27Z,,,,,,,,0,0,,1,0,NH,https://statsapi.mlb.com/api/v1.1/game/824784/feed/live,https://www.mlb.com/official-information/scoring-changes,https://baseballsavant.mlb.com/sporty-videos?playId=19e81bfa-6a77-3641-bce8-7e8a6f716b66
2026-09-30T04:08:46Z,824784,2026-09-23,TOR @ BAL,8,top,55,6bad2774-0a57-314e-9bdf-17dcac73c515,Alejandro Kirk,reviewed,0,1,2026-09-30T00:49:27Z,scored,0,2026-09-30T00:49:27Z,,,,,,,,0,0,,1,0,MJ,https://statsapi.mlb.com/api/v1.1/game/824784/feed/live,https://www.mlb.com/official-information/scoring-changes,https://baseballsavant.mlb.com/sporty-videos?playId=6bad2774-0a57-314e-9bdf-17dcac73c515
2026-09-30T04:08:46Z,824784,2026-09-23,TOR @ BAL,8,top,55,6bad2774-0a57-314e-9bdf-17dcac73c515,Alejandro Kirk,review_type,,MJ,2026-09-30T00:49:27Z,scored,0,2026-09-30T00:49:27Z,,,,,,,,0,0,,1,0,MJ,https://statsapi.mlb.com/api/v1.1/game/824784/feed/live,https://www.mlb.com/official-information/scoring-changes,https://baseballsavant.mlb.com/sporty-videos?playId=6bad2774-0a57-314e-9bdf-17dcac73c515
2026-09-30T04:08:46Z,823168,2026-09-23,MIN @ SF,1,top,2,fdcb8671-7f8a-337a-b1a3-50a4a138068a,Josh Bell,reviewed,0,1,2026-09-30T00:49:27Z,scored,0,2026-09-30T00:49:27Z,,,,,,,,0,0,,1,1,MJ,https://statsapi.mlb.com/api/v1.1/game/823168/feed/live,https://www.mlb.com/official-information/scoring-changes,https://baseballsavant.mlb.com/sporty-videos?playId=fdcb8671-7f8a-337a-b1a3-50a4a138068a
2026-09-30T04:08:46Z,823168,2026-09-23,MIN @ SF,1,top,2,fdcb8671-7f8a-337a-b1a3-50a4a138068a,Josh Bell,overturned,0,1,2026-09-30T00:49:27Z,scored,0,2026-09-30T00:49:27Z,,,,,,,,0,0,,1,1,MJ,https://statsapi.mlb.com/api/v1.1/game/823168/feed/live,https://www.mlb.com/official-information/scoring-changes,https://baseballsavant.mlb.com/sporty-videos?playId=fdcb8671-7f8a-337a-b1a3-50a4a138068a
2026-09-30T04:08:46Z,823168,2026-09-23,MIN @ SF,1,top,2,fdcb8671-7f8a-337a-b1a3-50a4a138068a,Josh Bell,review_type,,MJ,2026-09-30T00:49:27Z,scored,0,2026-09-30T00:49:27Z,,,,,,,,0,0,,1,1,MJ,https://statsapi.mlb.com/api/v1.1/game/823168/feed/live,https://www.mlb.com/official-information/scoring-changes,https://baseballsavant.mlb.com/sporty-videos?playId=fdcb8671-7f8a-337a-b1a3-50a4a138068a
2026-09-30T04:08:46Z,823410,2026-09-23,MIL @ PHI,3,bottom,26,a4846adc-4c3d-3381-8435-4e12ab1458fe,Luis Arraez,reviewed,0,1,2026-09-30T00:49:27Z,scored,0,2026-09-30T00:49:27Z,,,,,,,,0,0,,1,0,MJ,https://statsapi.mlb.com/api/v1.1/game/823410/feed/live,https://www.mlb.com/official-information/scoring-changes,https://baseballsavant.mlb.com/sporty-videos?playId=a4846adc-4c3d-3381-8435-4e12ab1458fe
2026-09-30T04:08:46Z,823410,2026-09-23,MIL @ PHI,3,bottom,26,a4846adc-4c3d-3381-8435-4e12ab1458fe,Luis Arraez,review_type,,MJ,2026-09-30T00:49:27Z,scored,0,2026-09-30T00:49:27Z,,,,,,,,0,0,,1,0,MJ,https://statsapi.mlb.com/api/v1.1/game/823410/feed/live,https://www.mlb.com/official-information/scoring-changes,https://baseballsavant.mlb.com/sporty-videos?playId=a4846adc-4c3d-3381-8435-4e12ab1458fe
2026-09-30T04:08:46Z,823410,2026-09-23,MIL @ PHI,6,top,44,16a9e7ea-9d3b-32e7-a035-620e370725c8,Jake Bauers,reviewed,0,1,2026-09-30T00:49:27Z,scored,0,2026-09-30T00:49:27Z,,,,,,,,0,0,,1,1,MJ,https://statsapi.mlb.com/api/v1.1/game/823410/feed/live,https://www.mlb.com/official-information/scoring-changes,https://baseballsavant.mlb.com/sporty-videos?playId=16a9e7ea-9d3b-32e7-a035-620e370725c8
2026-09-30T04:08:46Z,823410,2026-09-23,MIL @ PHI,6,top,44,16a9e7ea-9d3b-32e7-a035-620e370725c8,Jake Bauers,overturned,0,1,2026-09-30T00:49:27Z,scored,0,2026-09-30T00:49:27Z,,,,,,,,0,0,,1,1,MJ,https://statsapi.mlb.com/api/v1.1/game/823410/feed/live,https://www.mlb.com/official-information/scoring-changes,https://baseballsavant.mlb.com/sporty-videos?playId=16a9e7ea-9d3b-32e7-a035-620e370725c8
2026-09-30T04:08:46Z,823410,2026-09-23,MIL @ PHI,6,top,44,16a9e7ea-9d3b-32e7-a035-620e370725c8,Jake Bauers,review_type,,MJ,2026-09-30T00:49:27Z,scored,0,2026-09-30T00:49:27Z,,,,,,,,0,0,,1,1,MJ,https://statsapi.mlb.com/api/v1.1/game/823410/feed/live,https://www.mlb.com/official-information/scoring-changes,https://baseballsavant.mlb.com/sporty-videos?playId=16a9e7ea-9d3b-32e7-a035-620e370725c8
2026-09-30T04:08:46Z,823492,2026-09-23,TB @ NYY,3,bottom,25,194ae48a-2f88-3157-b6ce-b80e2736ba9b,Jazz Chisholm Jr.,reviewed,0,1,2026-09-30T00:49:27Z,scored,0,2026-09-30T00:49:27Z,,,,,,,,0,0,,1,0,MJ,https://statsapi.mlb.com/api/v1.1/game/823492/feed/live,https://www.mlb.com/official-information/scoring-changes,https://baseballsavant.mlb.com/sporty-videos?playId=194ae48a-2f88-3157-b6ce-b80e2736ba9b
2026-09-30T04:08:46Z,823492,2026-09-23,TB @ NYY,3,bottom,25,194ae48a-2f88-3157-b6ce-b80e2736ba9b,Jazz Chisholm Jr.,review_type,,MJ,2026-09-30T00:49:27Z,scored,0,2026-09-30T00:49:27Z,,,,,,,,0,0,,1,0,MJ,https://statsapi.mlb.com/api/v1.1/game/823492/feed/live,https://www.mlb.com/official-information/scoring-changes,https://baseballsavant.mlb.com/sporty-videos?playId=194ae48a-2f88-3157-b6ce-b80e2736ba9b
2026-09-30T04:08:46Z,823492,2026-09-23,TB @ NYY,8,top,65,1bee980b-d349-3164-8a8e-1a4417c02b01,Nick Fortes,reviewed,0,1,2026-09-30T00:49:27Z,scored,0,2026-09-30T00:49:27Z,,,,,,,,0,0,,1,0,MJ,https://statsapi.mlb.com/api/v1.1/game/823492/feed/live,https://www.mlb.com/official-information/scoring-changes,https://baseballsavant.mlb.com/sporty-videos?playId=1bee980b-d349-3164-8a8e-1a4417c02b01
2026-09-30T04:08:46Z,823492,2026-09-23,TB @ NYY,8,top,65,1bee980b-d349-3164-8a8e-1a4417c02b01,Nick Fortes,review_type,,MJ,2026-09-30T00:49:27Z,scored,0,2026-09-30T00:49:27Z,,,,,,,,0,0,,1,0,MJ,https://statsapi.mlb.com/api/v1.1/game/823492/feed/live,https://www.mlb.com/official-information/scoring-changes,https://baseballsavant.mlb.com/sporty-videos?playId=1bee980b-d349-3164-8a8e-1a4417c02b01
2026-09-30T04:08:46Z,824710,2026-09-23,CLE @ BOS,6,bottom,46,0ee5ef59-1a2d-3976-b8c8-661fa67231ea,Caleb Durbin,reviewed,0,1,2026-09-30T00:49:27Z,scored,0,2026-09-30T00:49:27Z,,,,,,,,0,0,,1,1,MJ,https://statsapi.mlb.com/api/v1.1/game/824710/feed/live,https://www.mlb.com/official-information/scoring-changes,https://baseballsavant.mlb.com/sporty-videos?playId=0ee5ef59-1a2d-3976-b8c8-661fa67231ea
2026-09-30T04:08:46Z,824710,2026-09-23,CLE @ BOS,6,bottom,46,0ee5ef59-1a2d-3976-b8c8-661fa67231ea,Caleb Durbin,overturned,0,1,2026-09-30T00:49:27Z,scored,0,2026-09-30T00:49:27Z,,,,,,,,0,0,,1,1,MJ,https://statsapi.mlb.com/api/v1.1/game/824710/feed/live,https://www.mlb.com/official-information/scoring-changes,https://baseballsavant.mlb.com/sporty-videos?playId=0ee5ef59-1a2d-3976-b8c8-661fa67231ea
2026-09-30T04:08:46Z,824710,2026-09-23,CLE @ BOS,6,bottom,46,0ee5ef59-1a2d-3976-b8c8-661fa67231ea,Caleb Durbin,review_type,,MJ,2026-09-30T00:49:27Z,scored,0,2026-09-30T00:49:27Z,,,,,,,,0,0,,1,1,MJ,https://statsapi.mlb.com/api/v1.1/game/824710/feed/live,https://www.mlb.com/official-information/scoring-changes,https://baseballsavant.mlb.com/sporty-videos?playId=0ee5ef59-1a2d-3976-b8c8-661fa67231ea
2026-09-30T04:08:46Z,824710,2026-09-23,CLE @ BOS,8,top,58,ed20ccd4-5c68-3e31-ac88-fd750fb3f36d,Brayan Rocchio,reviewed,0,1,2026-09-30T00:49:27Z,scored,0,2026-09-30T00:49:27Z,,,,,,,,0,0,,1,0,MJ,https://statsapi.mlb.com/api/v1.1/game/824710/feed/live,https://www.mlb.com/official-information/scoring-changes,https://baseballsavant.mlb.com/sporty-videos?playId=ed20ccd4-5c68-3e31-ac88-fd750fb3f36d
2026-09-30T04:08:46Z,824710,2026-09-23,CLE @ BOS,8,top,58,ed20ccd4-5c68-3e31-ac88-fd750fb3f36d,Brayan Rocchio,review_type,,MJ,2026-09-30T00:49:27Z,scored,0,2026-09-30T00:49:27Z,,,,,,,,0,0,,1,0,MJ,https://statsapi.mlb.com/api/v1.1/game/824710/feed/live,https://www.mlb.com/official-information/scoring-changes,https://baseballsavant.mlb.com/sporty-videos?playId=ed20ccd4-5c68-3e31-ac88-fd750fb3f36d
2026-09-30T04:08:46Z,824868,2026-09-23,CIN @ ATL,3,top,15,46ef124f-fead-386c-8bf1-f061c35a4220,Will Banfield,reviewed,0,1,2026-09-30T00:49:27Z,scored,0,2026-09-30T00:49:27Z,,,,,,,,0,0,,1,0,MJ,https://statsapi.mlb.com/api/v1.1/game/824868/feed/live,https://www.mlb.com/official-information/scoring-changes,https://baseballsavant.mlb.com/sporty-videos?playId=46ef124f-fead-386c-8bf1-f061c35a4220
2026-09-30T04:08:46Z,824868,2026-09-23,CIN @ ATL,3,top,15,46ef124f-fead-386c-8bf1-f061c35a4220,Will Banfield,review_type,,MJ,2026-09-30T00:49:27Z,scored,0,2026-09-30T00:49:27Z,,,,,,,,0,0,,1,0,MJ,https://statsapi.mlb.com/api/v1.1/game/824868/feed/live,https://www.mlb.com/official-information/scoring-changes,https://baseballsavant.mlb.com/sporty-videos?playId=46ef124f-fead-386c-8bf1-f061c35a4220
2026-09-30T04:08:46Z,824060,2026-09-23,CWS @ KC,1,bottom,4,9cf2d941-d6b3-3021-8cd7-ef6816457c2e,Bobby Witt Jr.,reviewed,0,1,2026-09-30T00:49:27Z,scored,0,2026-09-30T00:49:27Z,,,,,,,,0,0,,1,0,MJ,https://statsapi.mlb.com/api/v1.1/game/824060/feed/live,https://www.mlb.com/official-information/scoring-changes,https://baseballsavant.mlb.com/sporty-videos?playId=9cf2d941-d6b3-3021-8cd7-ef6816457c2e
2026-09-30T04:08:46Z,824060,2026-09-23,CWS @ KC,1,bottom,4,9cf2d941-d6b3-3021-8cd7-ef6816457c2e,Bobby Witt Jr.,review_type,,MJ,2026-09-30T00:49:27Z,scored,0,2026-09-30T00:49:27Z,,,,,,,,0,0,,1,0,MJ,https://statsapi.mlb.com/api/v1.1/game/824060/feed/live,https://www.mlb.com/official-information/scoring-changes,https://baseballsavant.mlb.com/sporty-videos?playId=9cf2d941-d6b3-3021-8cd7-ef6816457c2e
2026-09-30T04:08:46Z,824060,2026-09-23,CWS @ KC,7,bottom,60,ee951eed-9e70-3542-9bd7-c3d1f006f537,Maikel Garcia,reviewed,0,1,2026-09-30T00:49:27Z,scored,0,2026-09-30T00:49:27Z,,,,,,,,1,1,,1,0,MJ,https://statsapi.mlb.com/api/v1.1/game/824060/feed/live,https://www.mlb.com/official-information/scoring-changes,https://baseballsavant.mlb.com/sporty-videos?playId=ee951eed-9e70-3542-9bd7-c3d1f006f537
2026-09-30T04:08:46Z,824060,2026-09-23,CWS @ KC,7,bottom,60,ee951eed-9e70-3542-9bd7-c3d1f006f537,Maikel Garcia,review_type,,MJ,2026-09-30T00:49:27Z,scored,0,2026-09-30T00:49:27Z,,,,,,,,1,1,,1,0,MJ,https://statsapi.mlb.com/api/v1.1/game/824060/feed/live,https://www.mlb.com/official-information/scoring-changes,https://baseballsavant.mlb.com/sporty-videos?playId=ee951eed-9e70-3542-9bd7-c3d1f006f537
2026-09-30T04:08:46Z,824625,2026-09-23,MIA @ CHC,4,bottom,27,c8ebf5dd-30f1-329c-8959-7e3bc072207d,Ian Happ,reviewed,0,1,2026-09-30T00:49:27Z,scored,0,2026-09-30T00:49:27Z,,,,,,,,0,0,,1,1,MJ,https://statsapi.mlb.com/api/v1.1/game/824625/feed/live,https://www.mlb.com/official-information/scoring-changes,https://baseballsavant.mlb.com/sporty-videos?playId=c8ebf5dd-30f1-329c-8959-7e3bc072207d
2026-09-30T04:08:46Z,824625,2026-09-23,MIA @ CHC,4,bottom,27,c8ebf5dd-30f1-329c-8959-7e3bc072207d,Ian Happ,overturned,0,1,2026-09-30T00:49:27Z,scored,0,2026-09-30T00:49:27Z,,,,,,,,0,0,,1,1,MJ,https://statsapi.mlb.com/api/v1.1/game/824625/feed/live,https://www.mlb.com/official-information/scoring-changes,https://baseballsavant.mlb.com/sporty-videos?playId=c8ebf5dd-30f1-329c-8959-7e3bc072207d
2026-09-30T04:08:46Z,824625,2026-09-23,MIA @ CHC,4,bottom,27,c8ebf5dd-30f1-329c-8959-7e3bc072207d,Ian Happ,review_type,,MJ,2026-09-30T00:49:27Z,scored,0,2026-09-30T00:49:27Z,,,,,,,,0,0,,1,1,MJ,https://statsapi.mlb.com/api/v1.1/game/824625/feed/live,https://www.mlb.com/official-information/scoring-changes,https://baseballsavant.mlb.com/sporty-videos?playId=c8ebf5dd-30f1-329c-8959-7e3bc072207d
2026-09-30T04:08:46Z,824625,2026-09-23,MIA @ CHC,5,bottom,34,c103e3a6-7e55-36fe-a68e-e03581d8e0a5,Dansby Swanson,reviewed,0,1,2026-09-30T00:49:27Z,scored,0,2026-09-30T00:49:27Z,,,,,,,,0,0,,1,1,MJ,https://statsapi.mlb.com/api/v1.1/game/824625/feed/live,https://www.mlb.com/official-information/scoring-changes,https://baseballsavant.mlb.com/sporty-videos?playId=c103e3a6-7e55-36fe-a68e-e03581d8e0a5
2026-09-30T04:08:46Z,824625,2026-09-23,MIA @ CHC,5,bottom,34,c103e3a6-7e55-36fe-a68e-e03581d8e0a5,Dansby Swanson,overturned,0,1,2026-09-30T00:49:27Z,scored,0,2026-09-30T00:49:27Z,,,,,,,,0,0,,1,1,MJ,https://statsapi.mlb.com/api/v1.1/game/824625/feed/live,https://www.mlb.com/official-information/scoring-changes,https://baseballsavant.mlb.com/sporty-videos?playId=c103e3a6-7e55-36fe-a68e-e03581d8e0a5
2026-09-30T04:08:46Z,824625,2026-09-23,MIA @ CHC,5,bottom,34,c103e3a6-7e55-36fe-a68e-e03581d8e0a5,Dansby Swanson,review_type,,MJ,2026-09-30T00:49:27Z,scored,0,2026-09-30T00:49:27Z,,,,,,,,0,0,,1,1,MJ,https://statsapi.mlb.com/api/v1.1/game/824625/feed/live,https://www.mlb.com/official-information/scoring-changes,https://baseballsavant.mlb.com/sporty-videos?playId=c103e3a6-7e55-36fe-a68e-e03581d8e0a5
2026-09-30T04:08:46Z,824625,2026-09-23,MIA @ CHC,7,top,55,d648ae9b-3732-3cb6-bee9-47b662b62407,Otto Lopez,reviewed,0,1,2026-09-30T00:49:27Z,scored,0,2026-09-30T00:49:27Z,,,,,,,,0,0,,1,1,MJ,https://statsapi.mlb.com/api/v1.1/game/824625/feed/live,https://www.mlb.com/official-information/scoring-changes,https://baseballsavant.mlb.com/sporty-videos?playId=d648ae9b-3732-3cb6-bee9-47b662b62407
2026-09-30T04:08:46Z,824625,2026-09-23,MIA @ CHC,7,top,55,d648ae9b-3732-3cb6-bee9-47b662b62407,Otto Lopez,overturned,0,1,2026-09-30T00:49:27Z,scored,0,2026-09-30T00:49:27Z,,,,,,,,0,0,,1,1,MJ,https://statsapi.mlb.com/api/v1.1/game/824625/feed/live,https://www.mlb.com/official-information/scoring-changes,https://baseballsavant.mlb.com/sporty-videos?playId=d648ae9b-3732-3cb6-bee9-47b662b62407
2026-09-30T04:08:46Z,824625,2026-09-23,MIA @ CHC,7,top,55,d648ae9b-3732-3cb6-bee9-47b662b62407,Otto Lopez,review_type,,MJ,2026-09-30T00:49:27Z,scored,0,2026-09-30T00:49:27Z,,,,,,,,0,0,,1,1,MJ,https://statsapi.mlb.com/api/v1.1/game/824625/feed/live,https://www.mlb.com/official-information/scoring-changes,https://baseballsavant.mlb.com/sporty-videos?playId=d648ae9b-3732-3cb6-bee9-47b662b62407
2026-09-30T04:08:46Z,824625,2026-09-23,MIA @ CHC,7,bottom,56,1393f039-526a-3f5c-a2d5-f518d3f7109c,Pete Crow-Armstrong,reviewed,0,1,2026-09-30T00:49:27Z,scored,0,2026-09-30T00:49:27Z,,,,,,,,0,0,,1,1,MJ,https://statsapi.mlb.com/api/v1.1/game/824625/feed/live,https://www.mlb.com/official-information/scoring-changes,https://baseballsavant.mlb.com/sporty-videos?playId=1393f039-526a-3f5c-a2d5-f518d3f7109c
2026-09-30T04:08:46Z,824625,2026-09-23,MIA @ CHC,7,bottom,56,1393f039-526a-3f5c-a2d5-f518d3f7109c,Pete Crow-Armstrong,overturned,0,1,2026-09-30T00:49:27Z,scored,0,2026-09-30T00:49:27Z,,,,,,,,0,0,,1,1,MJ,https://statsapi.mlb.com/api/v1.1/game/824625/feed/live,https://www.mlb.com/official-information/scoring-changes,https://baseballsavant.mlb.com/sporty-videos?playId=1393f039-526a-3f5c-a2d5-f518d3f7109c
2026-09-30T04:08:46Z,824625,2026-09-23,MIA @ CHC,7,bottom,56,1393f039-526a-3f5c-a2d5-f518d3f7109c,Pete Crow-Armstrong,review_type,,MJ,2026-09-30T00:49:27Z,scored,0,2026-09-30T00:49:27Z,,,,,,,,0,0,,1,1,MJ,https://statsapi.mlb.com/api/v1.1/game/824625/feed/live,https://www.mlb.com/official-information/scoring-changes,https://baseballsavant.mlb.com/sporty-videos?playId=1393f039-526a-3f5c-a2d5-f518d3f7109c
2026-09-30T04:08:46Z,822841,2026-09-23,NYM @ TEX,8,bottom,59,04afa31a-f70b-3f46-82f8-1beb88c7e0ca,Danny Jansen,reviewed,0,1,2026-09-30T00:49:27Z,scored,0,2026-09-30T00:49:27Z,,,,,,,,0,0,,1,0,MJ,https://statsapi.mlb.com/api/v1.1/game/822841/feed/live,https://www.mlb.com/official-information/scoring-changes,https://baseballsavant.mlb.com/sporty-videos?playId=04afa31a-f70b-3f46-82f8-1beb88c7e0ca
2026-09-30T04:08:46Z,822841,2026-09-23,NYM @ TEX,8,bottom,59,04afa31a-f70b-3f46-82f8-1beb88c7e0ca,Danny Jansen,review_type,,MJ,2026-09-30T00:49:27Z,scored,0,2026-09-30T00:49:27Z,,,,,,,,0,0,,1,0,MJ,https://statsapi.mlb.com/api/v1.1/game/822841/feed/live,https://www.mlb.com/official-information/scoring-changes,https://baseballsavant.mlb.com/sporty-videos?playId=04afa31a-f70b-3f46-82f8-1beb88c7e0ca
2026-09-30T04:08:46Z,824301,2026-09-23,AZ @ COL,7,top,47,9ef47597-9d82-38a9-86d5-c66d201afc6c,Corbin Carroll,reviewed,0,1,2026-09-30T00:49:27Z,scored,0,2026-09-30T00:49:27Z,,,,,,,,0,0,,1,1,MJ,https://statsapi.mlb.com/api/v1.1/game/824301/feed/live,https://www.mlb.com/official-information/scoring-changes,https://baseballsavant.mlb.com/sporty-videos?playId=9ef47597-9d82-38a9-86d5-c66d201afc6c
2026-09-30T04:08:46Z,824301,2026-09-23,AZ @ COL,7,top,47,9ef47597-9d82-38a9-86d5-c66d201afc6c,Corbin Carroll,overturned,0,1,2026-09-30T00:49:27Z,scored,0,2026-09-30T00:49:27Z,,,,,,,,0,0,,1,1,MJ,https://statsapi.mlb.com/api/v1.1/game/824301/feed/live,https://www.mlb.com/official-information/scoring-changes,https://baseballsavant.mlb.com/sporty-videos?playId=9ef47597-9d82-38a9-86d5-c66d201afc6c
2026-09-30T04:08:46Z,824301,2026-09-23,AZ @ COL,7,top,47,9ef47597-9d82-38a9-86d5-c66d201afc6c,Corbin Carroll,review_type,,MJ,2026-09-30T00:49:27Z,scored,0,2026-09-30T00:49:27Z,,,,,,,,0,0,,1,1,MJ,https://statsapi.mlb.com/api/v1.1/game/824301/feed/live,https://www.mlb.com/official-information/scoring-changes,https://baseballsavant.mlb.com/sporty-videos?playId=9ef47597-9d82-38a9-86d5-c66d201afc6c
2026-09-30T04:08:46Z,824951,2026-09-23,LAA @ ATH,7,top,60,69c4a699-29e1-318c-9e92-52b1273bd343,Vaughn Grissom,reviewed,0,1,2026-09-30T00:49:27Z,scored,0,2026-09-30T00:49:27Z,,,,,,,,0,0,,1,0,MJ,https://statsapi.mlb.com/api/v1.1/game/824951/feed/live,https://www.mlb.com/official-information/scoring-changes,https://baseballsavant.mlb.com/sporty-videos?playId=69c4a699-29e1-318c-9e92-52b1273bd343
2026-09-30T04:08:46Z,824951,2026-09-23,LAA @ ATH,7,top,60,69c4a699-29e1-318c-9e92-52b1273bd343,Vaughn Grissom,review_type,,MJ,2026-09-30T00:49:27Z,scored,0,2026-09-30T00:49:27Z,,,,,,,,0,0,,1,0,MJ,https://statsapi.mlb.com/api/v1.1/game/824951/feed/live,https://www.mlb.com/official-information/scoring-changes,https://baseballsavant.mlb.com/sporty-videos?playId=69c4a699-29e1-318c-9e92-52b1273bd343
2026-09-30T04:08:46Z,824951,2026-09-23,LAA @ ATH,8,bottom,72,30ce399b-d122-3ae9-a9fd-42023f4fadc2,Jeff McNeil,reviewed,0,1,2026-09-30T00:49:27Z,scored,0,2026-09-30T00:49:27Z,,,,,,,,0,0,,1,0,MA,https://statsapi.mlb.com/api/v1.1/game/824951/feed/live,https://www.mlb.com/official-information/scoring-changes,https://baseballsavant.mlb.com/sporty-videos?playId=30ce399b-d122-3ae9-a9fd-42023f4fadc2
2026-09-30T04:08:46Z,824951,2026-09-23,LAA @ ATH,8,bottom,72,30ce399b-d122-3ae9-a9fd-42023f4fadc2,Jeff McNeil,review_type,,MA,2026-09-30T00:49:27Z,scored,0,2026-09-30T00:49:27Z,,,,,,,,0,0,,1,0,MA,https://statsapi.mlb.com/api/v1.1/game/824951/feed/live,https://www.mlb.com/official-information/scoring-changes,https://baseballsavant.mlb.com/sporty-videos?playId=30ce399b-d122-3ae9-a9fd-42023f4fadc2
2026-09-30T04:08:46Z,823894,2026-09-23,SD @ LAD,6,bottom,50,f8c1125b-5b98-3285-ac39-b1b30a9f132a,Andy Pages,reviewed,0,1,2026-09-30T00:49:27Z,scored,0,2026-09-30T00:49:27Z,,,,,,,,0,0,,1,1,MJ,https://statsapi.mlb.com/api/v1.1/game/823894/feed/live,https://www.mlb.com/official-information/scoring-changes,https://baseballsavant.mlb.com/sporty-videos?playId=f8c1125b-5b98-3285-ac39-b1b30a9f132a
2026-09-30T04:08:46Z,823894,2026-09-23,SD @ LAD,6,bottom,50,f8c1125b-5b98-3285-ac39-b1b30a9f132a,Andy Pages,overturned,0,1,2026-09-30T00:49:27Z,scored,0,2026-09-30T00:49:27Z,,,,,,,,0,0,,1,1,MJ,https://statsapi.mlb.com/api/v1.1/game/823894/feed/live,https://www.mlb.com/official-information/scoring-changes,https://baseballsavant.mlb.com/sporty-videos?playId=f8c1125b-5b98-3285-ac39-b1b30a9f132a
2026-09-30T04:08:46Z,823894,2026-09-23,SD @ LAD,6,bottom,50,f8c1125b-5b98-3285-ac39-b1b30a9f132a,Andy Pages,review_type,,MJ,2026-09-30T00:49:27Z,scored,0,2026-09-30T00:49:27Z,,,,,,,,0,0,,1,1,MJ,https://statsapi.mlb.com/api/v1.1/game/823894/feed/live,https://www.mlb.com/official-information/scoring-changes,https://baseballsavant.mlb.com/sporty-videos?playId=f8c1125b-5b98-3285-ac39-b1b30a9f132a
2026-09-30T04:08:46Z,823894,2026-09-23,SD @ LAD,6,bottom,53,1417c96d-5652-3cc6-b3d7-838c28376e52,Mookie Betts,reviewed,0,1,2026-09-30T00:49:27Z,scored,0,2026-09-30T00:49:27Z,,,,,,,,0,0,,1,1,MJ,https://statsapi.mlb.com/api/v1.1/game/823894/feed/live,https://www.mlb.com/official-information/scoring-changes,https://baseballsavant.mlb.com/sporty-videos?playId=1417c96d-5652-3cc6-b3d7-838c28376e52
2026-09-30T04:08:46Z,823894,2026-09-23,SD @ LAD,6,bottom,53,1417c96d-5652-3cc6-b3d7-838c28376e52,Mookie Betts,overturned,0,1,2026-09-30T00:49:27Z,scored,0,2026-09-30T00:49:27Z,,,,,,,,0,0,,1,1,MJ,https://statsapi.mlb.com/api/v1.1/game/823894/feed/live,https://www.mlb.com/official-information/scoring-changes,https://baseballsavant.mlb.com/sporty-videos?playId=1417c96d-5652-3cc6-b3d7-838c28376e52
2026-09-30T04:08:46Z,823894,2026-09-23,SD @ LAD,6,bottom,53,1417c96d-5652-3cc6-b3d7-838c28376e52,Mookie Betts,review_type,,MJ,2026-09-30T00:49:27Z,scored,0,2026-09-30T00:49:27Z,,,,,,,,0,0,,1,1,MJ,https://statsapi.mlb.com/api/v1.1/game/823894/feed/live,https://www.mlb.com/official-information/scoring-changes,https://baseballsavant.mlb.com/sporty-videos?playId=1417c96d-5652-3cc6-b3d7-838c28376e52
2026-09-30T04:08:46Z,823894,2026-09-23,SD @ LAD,7,bottom,60,9dc49fb3-c80a-3b5b-a342-5d2e4038156e,Freddie Freeman,reviewed,0,1,2026-09-30T00:49:27Z,scored,0,2026-09-30T00:49:27Z,,,,,,,,0,0,,1,0,MJ,https://statsapi.mlb.com/api/v1.1/game/823894/feed/live,https://www.mlb.com/official-information/scoring-changes,https://baseballsavant.mlb.com/sporty-videos?playId=9dc49fb3-c80a-3b5b-a342-5d2e4038156e
2026-09-30T04:08:46Z,823894,2026-09-23,SD @ LAD,7,bottom,60,9dc49fb3-c80a-3b5b-a342-5d2e4038156e,Freddie Freeman,review_type,,MJ,2026-09-30T00:49:27Z,scored,0,2026-09-30T00:49:27Z,,,,,,,,0,0,,1,0,MJ,https://statsapi.mlb.com/api/v1.1/game/823894/feed/live,https://www.mlb.com/official-information/scoring-changes,https://baseballsavant.mlb.com/sporty-videos?playId=9dc49fb3-c80a-3b5b-a342-5d2e4038156e
2026-09-30T04:08:46Z,823086,2026-09-23,HOU @ SEA,8,bottom,63,7961f623-3a55-32e7-ae7a-ef9d8e26c6df,Dominic Canzone,reviewed,0,1,2026-09-30T00:49:27Z,scored,0,2026-09-30T00:49:27Z,,,,,,,,0,0,,1,0,MJ,https://statsapi.mlb.com/api/v1.1/game/823086/feed/live,https://www.mlb.com/official-information/scoring-changes,https://baseballsavant.mlb.com/sporty-videos?playId=7961f623-3a55-32e7-ae7a-ef9d8e26c6df
2026-09-30T04:08:46Z,823086,2026-09-23,HOU @ SEA,8,bottom,63,7961f623-3a55-32e7-ae7a-ef9d8e26c6df,Dominic Canzone,review_type,,MJ,2026-09-30T00:49:27Z,scored,0,2026-09-30T00:49:27Z,,,,,,,,0,0,,1,0,MJ,https://statsapi.mlb.com/api/v1.1/game/823086/feed/live,https://www.mlb.com/official-information/scoring-changes,https://baseballsavant.mlb.com/sporty-videos?playId=7961f623-3a55-32e7-ae7a-ef9d8e26c6df
2026-09-30T04:08:46Z,823326,2026-09-24,STL @ PIT,6,bottom,45,556ce384-5f9a-386a-8111-634ace18ddf1,Ronny Simon,reviewed,0,1,2026-09-30T00:49:27Z,scored,0,2026-09-30T00:49:27Z,,,,,,,,0,0,,1,0,MJ,https://statsapi.mlb.com/api/v1.1/game/823326/feed/live,https://www.mlb.com/official-information/scoring-changes,https://baseballsavant.mlb.com/sporty-videos?playId=556ce384-5f9a-386a-8111-634ace18ddf1
2026-09-30T04:08:46Z,823326,2026-09-24,STL @ PIT,6,bottom,45,556ce384-5f9a-386a-8111-634ace18ddf1,Ronny Simon,review_type,,MJ,2026-09-30T00:49:27Z,scored,0,2026-09-30T00:49:27Z,,,,,,,,0,0,,1,0,MJ,https://statsapi.mlb.com/api/v1.1/game/823326/feed/live,https://www.mlb.com/official-information/scoring-changes,https://baseballsavant.mlb.com/sporty-videos?playId=556ce384-5f9a-386a-8111-634ace18ddf1
2026-09-30T04:08:46Z,824059,2026-09-24,CWS @ KC,2,top,18,2b64decc-d409-37ed-bd21-764814c6c46c,Tristan Peters,reviewed,0,1,2026-09-30T00:49:27Z,scored,0,2026-09-30T00:49:27Z,,,,,,,,0,0,,1,1,MJ,https://statsapi.mlb.com/api/v1.1/game/824059/feed/live,https://www.mlb.com/official-information/scoring-changes,https://baseballsavant.mlb.com/sporty-videos?playId=2b64decc-d409-37ed-bd21-764814c6c46c
2026-09-30T04:08:46Z,824059,2026-09-24,CWS @ KC,2,top,18,2b64decc-d409-37ed-bd21-764814c6c46c,Tristan Peters,overturned,0,1,2026-09-30T00:49:27Z,scored,0,2026-09-30T00:49:27Z,,,,,,,,0,0,,1,1,MJ,https://statsapi.mlb.com/api/v1.1/game/824059/feed/live,https://www.mlb.com/official-information/scoring-changes,https://baseballsavant.mlb.com/sporty-videos?playId=2b64decc-d409-37ed-bd21-764814c6c46c
2026-09-30T04:08:46Z,824059,2026-09-24,CWS @ KC,2,top,18,2b64decc-d409-37ed-bd21-764814c6c46c,Tristan Peters,review_type,,MJ,2026-09-30T00:49:27Z,scored,0,2026-09-30T00:49:27Z,,,,,,,,0,0,,1,1,MJ,https://statsapi.mlb.com/api/v1.1/game/824059/feed/live,https://www.mlb.com/official-information/scoring-changes,https://baseballsavant.mlb.com/sporty-videos?playId=2b64decc-d409-37ed-bd21-764814c6c46c
2026-09-30T04:08:46Z,824059,2026-09-24,CWS @ KC,5,bottom,50,a62e956c-0bbb-31ca-b63d-2b7cd841fa06,Isaac Collins,reviewed,0,1,2026-09-30T00:49:27Z,scored,0,2026-09-30T00:49:27Z,,,,,,,,0,0,,1,1,MJ,https://statsapi.mlb.com/api/v1.1/game/824059/feed/live,https://www.mlb.com/official-information/scoring-changes,https://baseballsavant.mlb.com/sporty-videos?playId=a62e956c-0bbb-31ca-b63d-2b7cd841fa06
2026-09-30T04:08:46Z,824059,2026-09-24,CWS @ KC,5,bottom,50,a62e956c-0bbb-31ca-b63d-2b7cd841fa06,Isaac Collins,overturned,0,1,2026-09-30T00:49:27Z,scored,0,2026-09-30T00:49:27Z,,,,,,,,0,0,,1,1,MJ,https://statsapi.mlb.com/api/v1.1/game/824059/feed/live,https://www.mlb.com/official-information/scoring-changes,https://baseballsavant.mlb.com/sporty-videos?playId=a62e956c-0bbb-31ca-b63d-2b7cd841fa06
2026-09-30T04:08:46Z,824059,2026-09-24,CWS @ KC,5,bottom,50,a62e956c-0bbb-31ca-b63d-2b7cd841fa06,Isaac Collins,review_type,,MJ,2026-09-30T00:49:27Z,scored,0,2026-09-30T00:49:27Z,,,,,,,,0,0,,1,1,MJ,https://statsapi.mlb.com/api/v1.1/game/824059/feed/live,https://www.mlb.com/official-information/scoring-changes,https://baseballsavant.mlb.com/sporty-videos?playId=a62e956c-0bbb-31ca-b63d-2b7cd841fa06
2026-09-30T04:08:46Z,824059,2026-09-24,CWS @ KC,6,bottom,56,7f83d31a-578d-38af-9813-8f134992e6c5,Vinnie Pasquantino,reviewed,0,1,2026-09-30T00:49:27Z,scored,0,2026-09-30T00:49:27Z,,,,,,,,0,0,,1,1,MJ,https://statsapi.mlb.com/api/v1.1/game/824059/feed/live,https://www.mlb.com/official-information/scoring-changes,https://baseballsavant.mlb.com/sporty-videos?playId=7f83d31a-578d-38af-9813-8f134992e6c5
2026-09-30T04:08:46Z,824059,2026-09-24,CWS @ KC,6,bottom,56,7f83d31a-578d-38af-9813-8f134992e6c5,Vinnie Pasquantino,overturned,0,1,2026-09-30T00:49:27Z,scored,0,2026-09-30T00:49:27Z,,,,,,,,0,0,,1,1,MJ,https://statsapi.mlb.com/api/v1.1/game/824059/feed/live,https://www.mlb.com/official-information/scoring-changes,https://baseballsavant.mlb.com/sporty-videos?playId=7f83d31a-578d-38af-9813-8f134992e6c5
2026-09-30T04:08:46Z,824059,2026-09-24,CWS @ KC,6,bottom,56,7f83d31a-578d-38af-9813-8f134992e6c5,Vinnie Pasquantino,review_type,,MJ,2026-09-30T00:49:27Z,scored,0,2026-09-30T00:49:27Z,,,,,,,,0,0,,1,1,MJ,https://statsapi.mlb.com/api/v1.1/game/824059/feed/live,https://www.mlb.com/official-information/scoring-changes,https://baseballsavant.mlb.com/sporty-videos?playId=7f83d31a-578d-38af-9813-8f134992e6c5
2026-09-30T04:08:46Z,824059,2026-09-24,CWS @ KC,8,bottom,70,e549df43-8813-3c21-b320-6df846eb3831,Carter Jensen,reviewed,0,1,2026-09-30T00:49:27Z,scored,0,2026-09-30T00:49:27Z,,,,,,,,0,0,,1,0,MJ,https://statsapi.mlb.com/api/v1.1/game/824059/feed/live,https://www.mlb.com/official-information/scoring-changes,https://baseballsavant.mlb.com/sporty-videos?playId=e549df43-8813-3c21-b320-6df846eb3831
2026-09-30T04:08:46Z,824059,2026-09-24,CWS @ KC,8,bottom,70,e549df43-8813-3c21-b320-6df846eb3831,Carter Jensen,review_type,,MJ,2026-09-30T00:49:27Z,scored,0,2026-09-30T00:49:27Z,,,,,,,,0,0,,1,0,MJ,https://statsapi.mlb.com/api/v1.1/game/824059/feed/live,https://www.mlb.com/official-information/scoring-changes,https://baseballsavant.mlb.com/sporty-videos?playId=e549df43-8813-3c21-b320-6df846eb3831
2026-09-30T04:08:46Z,824059,2026-09-24,CWS @ KC,9,bottom,81,a8935c25-d756-347e-ac31-0ac900a2e378,John Rave,reviewed,0,1,2026-09-30T00:49:27Z,scored,0,2026-09-30T00:49:27Z,,,,,,,,0,0,,1,1,MJ,https://statsapi.mlb.com/api/v1.1/game/824059/feed/live,https://www.mlb.com/official-information/scoring-changes,https://baseballsavant.mlb.com/sporty-videos?playId=a8935c25-d756-347e-ac31-0ac900a2e378
2026-09-30T04:08:46Z,824059,2026-09-24,CWS @ KC,9,bottom,81,a8935c25-d756-347e-ac31-0ac900a2e378,John Rave,overturned,0,1,2026-09-30T00:49:27Z,scored,0,2026-09-30T00:49:27Z,,,,,,,,0,0,,1,1,MJ,https://statsapi.mlb.com/api/v1.1/game/824059/feed/live,https://www.mlb.com/official-information/scoring-changes,https://baseballsavant.mlb.com/sporty-videos?playId=a8935c25-d756-347e-ac31-0ac900a2e378
2026-09-30T04:08:46Z,824059,2026-09-24,CWS @ KC,9,bottom,81,a8935c25-d756-347e-ac31-0ac900a2e378,John Rave,review_type,,MJ,2026-09-30T00:49:27Z,scored,0,2026-09-30T00:49:27Z,,,,,,,,0,0,,1,1,MJ,https://statsapi.mlb.com/api/v1.1/game/824059/feed/live,https://www.mlb.com/official-information/scoring-changes,https://baseballsavant.mlb.com/sporty-videos?playId=a8935c25-d756-347e-ac31-0ac900a2e378
2026-09-30T04:08:46Z,824623,2026-09-24,MIA @ CHC,2,top,9,b25c6e03-7181-3ad9-9794-24928064bcff,Esteury Ruiz,reviewed,0,1,2026-09-30T00:49:27Z,scored,0,2026-09-30T00:49:27Z,,,,,,,,0,0,,1,0,MJ,https://statsapi.mlb.com/api/v1.1/game/824623/feed/live,https://www.mlb.com/official-information/scoring-changes,https://baseballsavant.mlb.com/sporty-videos?playId=b25c6e03-7181-3ad9-9794-24928064bcff
2026-09-30T04:08:46Z,824623,2026-09-24,MIA @ CHC,2,top,9,b25c6e03-7181-3ad9-9794-24928064bcff,Esteury Ruiz,review_type,,MJ,2026-09-30T00:49:27Z,scored,0,2026-09-30T00:49:27Z,,,,,,,,0,0,,1,0,MJ,https://statsapi.mlb.com/api/v1.1/game/824623/feed/live,https://www.mlb.com/official-information/scoring-changes,https://baseballsavant.mlb.com/sporty-videos?playId=b25c6e03-7181-3ad9-9794-24928064bcff
2026-09-30T04:08:46Z,824298,2026-09-24,AZ @ COL,8,bottom,83,8b068653-7c5c-38ce-ba10-da89f565ca86,Hunter Goodman,reviewed,0,1,2026-09-30T00:49:27Z,scored,0,2026-09-30T00:49:27Z,,,,,,,,0,0,,1,1,MJ,https://statsapi.mlb.com/api/v1.1/game/824298/feed/live,https://www.mlb.com/official-information/scoring-changes,https://baseballsavant.mlb.com/sporty-videos?playId=8b068653-7c5c-38ce-ba10-da89f565ca86
2026-09-30T04:08:46Z,824298,2026-09-24,AZ @ COL,8,bottom,83,8b068653-7c5c-38ce-ba10-da89f565ca86,Hunter Goodman,overturned,0,1,2026-09-30T00:49:27Z,scored,0,2026-09-30T00:49:27Z,,,,,,,,0,0,,1,1,MJ,https://statsapi.mlb.com/api/v1.1/game/824298/feed/live,https://www.mlb.com/official-information/scoring-changes,https://baseballsavant.mlb.com/sporty-videos?playId=8b068653-7c5c-38ce-ba10-da89f565ca86
2026-09-30T04:08:46Z,824298,2026-09-24,AZ @ COL,8,bottom,83,8b068653-7c5c-38ce-ba10-da89f565ca86,Hunter Goodman,review_type,,MJ,2026-09-30T00:49:27Z,scored,0,2026-09-30T00:49:27Z,,,,,,,,0,0,,1,1,MJ,https://statsapi.mlb.com/api/v1.1/game/824298/feed/live,https://www.mlb.com/official-information/scoring-changes,https://baseballsavant.mlb.com/sporty-videos?playId=8b068653-7c5c-38ce-ba10-da89f565ca86
2026-09-30T04:08:46Z,823411,2026-09-24,MIL @ PHI,3,top,20,d4a52567-71ba-3b5d-942b-22f3ca6385fd,William Contreras,reviewed,0,1,2026-09-30T00:49:27Z,scored,0,2026-09-30T00:49:27Z,,,,,,,,0,0,,1,1,MJ,https://statsapi.mlb.com/api/v1.1/game/823411/feed/live,https://www.mlb.com/official-information/scoring-changes,https://baseballsavant.mlb.com/sporty-videos?playId=d4a52567-71ba-3b5d-942b-22f3ca6385fd
2026-09-30T04:08:46Z,823411,2026-09-24,MIL @ PHI,3,top,20,d4a52567-71ba-3b5d-942b-22f3ca6385fd,William Contreras,overturned,0,1,2026-09-30T00:49:27Z,scored,0,2026-09-30T00:49:27Z,,,,,,,,0,0,,1,1,MJ,https://statsapi.mlb.com/api/v1.1/game/823411/feed/live,https://www.mlb.com/official-information/scoring-changes,https://baseballsavant.mlb.com/sporty-videos?playId=d4a52567-71ba-3b5d-942b-22f3ca6385fd
2026-09-30T04:08:46Z,823411,2026-09-24,MIL @ PHI,3,top,20,d4a52567-71ba-3b5d-942b-22f3ca6385fd,William Contreras,review_type,,MJ,2026-09-30T00:49:27Z,scored,0,2026-09-30T00:49:27Z,,,,,,,,0,0,,1,1,MJ,https://statsapi.mlb.com/api/v1.1/game/823411/feed/live,https://www.mlb.com/official-information/scoring-changes,https://baseballsavant.mlb.com/sporty-videos?playId=d4a52567-71ba-3b5d-942b-22f3ca6385fd
2026-09-30T04:08:46Z,823411,2026-09-24,MIL @ PHI,6,bottom,46,2fd0efcb-aa07-32d3-8a28-787cb3f26921,Alec Bohm,reviewed,0,1,2026-09-30T00:49:27Z,scored,0,2026-09-30T00:49:27Z,,,,,,,,0,0,,1,1,MJ,https://statsapi.mlb.com/api/v1.1/game/823411/feed/live,https://www.mlb.com/official-information/scoring-changes,https://baseballsavant.mlb.com/sporty-videos?playId=2fd0efcb-aa07-32d3-8a28-787cb3f26921
2026-09-30T04:08:46Z,823411,2026-09-24,MIL @ PHI,6,bottom,46,2fd0efcb-aa07-32d3-8a28-787cb3f26921,Alec Bohm,overturned,0,1,2026-09-30T00:49:27Z,scored,0,2026-09-30T00:49:27Z,,,,,,,,0,0,,1,1,MJ,https://statsapi.mlb.com/api/v1.1/game/823411/feed/live,https://www.mlb.com/official-information/scoring-changes,https://baseballsavant.mlb.com/sporty-videos?playId=2fd0efcb-aa07-32d3-8a28-787cb3f26921
2026-09-30T04:08:46Z,823411,2026-09-24,MIL @ PHI,6,bottom,46,2fd0efcb-aa07-32d3-8a28-787cb3f26921,Alec Bohm,review_type,,MJ,2026-09-30T00:49:27Z,scored,0,2026-09-30T00:49:27Z,,,,,,,,0,0,,1,1,MJ,https://statsapi.mlb.com/api/v1.1/game/823411/feed/live,https://www.mlb.com/official-information/scoring-changes,https://baseballsavant.mlb.com/sporty-videos?playId=2fd0efcb-aa07-32d3-8a28-787cb3f26921
2026-09-30T04:08:46Z,823411,2026-09-24,MIL @ PHI,9,bottom,76,2c23549d-867f-3e6f-af76-5928dc67c9ca,J.T. Realmuto,reviewed,0,1,2026-09-30T00:49:27Z,scored,0,2026-09-30T00:49:27Z,,,,,,,,0,0,,1,1,MJ,https://statsapi.mlb.com/api/v1.1/game/823411/feed/live,https://www.mlb.com/official-information/scoring-changes,https://baseballsavant.mlb.com/sporty-videos?playId=2c23549d-867f-3e6f-af76-5928dc67c9ca
2026-09-30T04:08:46Z,823411,2026-09-24,MIL @ PHI,9,bottom,76,2c23549d-867f-3e6f-af76-5928dc67c9ca,J.T. Realmuto,overturned,0,1,2026-09-30T00:49:27Z,scored,0,2026-09-30T00:49:27Z,,,,,,,,0,0,,1,1,MJ,https://statsapi.mlb.com/api/v1.1/game/823411/feed/live,https://www.mlb.com/official-information/scoring-changes,https://baseballsavant.mlb.com/sporty-videos?playId=2c23549d-867f-3e6f-af76-5928dc67c9ca
2026-09-30T04:08:46Z,823411,2026-09-24,MIL @ PHI,9,bottom,76,2c23549d-867f-3e6f-af76-5928dc67c9ca,J.T. Realmuto,review_type,,MJ,2026-09-30T00:49:27Z,scored,0,2026-09-30T00:49:27Z,,,,,,,,0,0,,1,1,MJ,https://statsapi.mlb.com/api/v1.1/game/823411/feed/live,https://www.mlb.com/official-information/scoring-changes,https://baseballsavant.mlb.com/sporty-videos?playId=2c23549d-867f-3e6f-af76-5928dc67c9ca
2026-09-30T04:08:46Z,824707,2026-09-24,CLE @ BOS,3,top,17,61f494c1-0032-3d62-905a-9da92bd65eed,José Ramírez,reviewed,0,1,2026-09-30T00:49:27Z,scored,0,2026-09-30T00:49:27Z,,,,,,,,0,0,,1,1,MJ,https://statsapi.mlb.com/api/v1.1/game/824707/feed/live,https://www.mlb.com/official-information/scoring-changes,https://baseballsavant.mlb.com/sporty-videos?playId=61f494c1-0032-3d62-905a-9da92bd65eed
2026-09-30T04:08:46Z,824707,2026-09-24,CLE @ BOS,3,top,17,61f494c1-0032-3d62-905a-9da92bd65eed,José Ramírez,overturned,0,1,2026-09-30T00:49:27Z,scored,0,2026-09-30T00:49:27Z,,,,,,,,0,0,,1,1,MJ,https://statsapi.mlb.com/api/v1.1/game/824707/feed/live,https://www.mlb.com/official-information/scoring-changes,https://baseballsavant.mlb.com/sporty-videos?playId=61f494c1-0032-3d62-905a-9da92bd65eed
2026-09-30T04:08:46Z,824707,2026-09-24,CLE @ BOS,3,top,17,61f494c1-0032-3d62-905a-9da92bd65eed,José Ramírez,review_type,,MJ,2026-09-30T00:49:27Z,scored,0,2026-09-30T00:49:27Z,,,,,,,,0,0,,1,1,MJ,https://statsapi.mlb.com/api/v1.1/game/824707/feed/live,https://www.mlb.com/official-information/scoring-changes,https://baseballsavant.mlb.com/sporty-videos?playId=61f494c1-0032-3d62-905a-9da92bd65eed
2026-09-30T04:08:46Z,824707,2026-09-24,CLE @ BOS,3,bottom,22,16ce6328-577a-30ca-b96f-07dbbcd28298,Nick Sogard,reviewed,0,1,2026-09-30T00:49:27Z,scored,0,2026-09-30T00:49:27Z,,,,,,,,0,0,,1,1,MJ,https://statsapi.mlb.com/api/v1.1/game/824707/feed/live,https://www.mlb.com/official-information/scoring-changes,https://baseballsavant.mlb.com/sporty-videos?playId=16ce6328-577a-30ca-b96f-07dbbcd28298
2026-09-30T04:08:46Z,824707,2026-09-24,CLE @ BOS,3,bottom,22,16ce6328-577a-30ca-b96f-07dbbcd28298,Nick Sogard,overturned,0,1,2026-09-30T00:49:27Z,scored,0,2026-09-30T00:49:27Z,,,,,,,,0,0,,1,1,MJ,https://statsapi.mlb.com/api/v1.1/game/824707/feed/live,https://www.mlb.com/official-information/scoring-changes,https://baseballsavant.mlb.com/sporty-videos?playId=16ce6328-577a-30ca-b96f-07dbbcd28298
2026-09-30T04:08:46Z,824707,2026-09-24,CLE @ BOS,3,bottom,22,16ce6328-577a-30ca-b96f-07dbbcd28298,Nick Sogard,review_type,,MJ,2026-09-30T00:49:27Z,scored,0,2026-09-30T00:49:27Z,,,,,,,,0,0,,1,1,MJ,https://statsapi.mlb.com/api/v1.1/game/824707/feed/live,https://www.mlb.com/official-information/scoring-changes,https://baseballsavant.mlb.com/sporty-videos?playId=16ce6328-577a-30ca-b96f-07dbbcd28298
2026-09-30T04:08:46Z,824707,2026-09-24,CLE @ BOS,6,bottom,41,b5e19ce7-fa26-3f69-b0e0-993d87073ac3,Nick Sogard,reviewed,0,1,2026-09-30T00:49:27Z,scored,0,2026-09-30T00:49:27Z,,,,,,,,0,0,,1,1,MJ,https://statsapi.mlb.com/api/v1.1/game/824707/feed/live,https://www.mlb.com/official-information/scoring-changes,https://baseballsavant.mlb.com/sporty-videos?playId=b5e19ce7-fa26-3f69-b0e0-993d87073ac3
2026-09-30T04:08:46Z,824707,2026-09-24,CLE @ BOS,6,bottom,41,b5e19ce7-fa26-3f69-b0e0-993d87073ac3,Nick Sogard,overturned,0,1,2026-09-30T00:49:27Z,scored,0,2026-09-30T00:49:27Z,,,,,,,,0,0,,1,1,MJ,https://statsapi.mlb.com/api/v1.1/game/824707/feed/live,https://www.mlb.com/official-information/scoring-changes,https://baseballsavant.mlb.com/sporty-videos?playId=b5e19ce7-fa26-3f69-b0e0-993d87073ac3
2026-09-30T04:08:46Z,824707,2026-09-24,CLE @ BOS,6,bottom,41,b5e19ce7-fa26-3f69-b0e0-993d87073ac3,Nick Sogard,review_type,,MJ,2026-09-30T00:49:27Z,scored,0,2026-09-30T00:49:27Z,,,,,,,,0,0,,1,1,MJ,https://statsapi.mlb.com/api/v1.1/game/824707/feed/live,https://www.mlb.com/official-information/scoring-changes,https://baseballsavant.mlb.com/sporty-videos?playId=b5e19ce7-fa26-3f69-b0e0-993d87073ac3
2026-09-30T04:08:46Z,824707,2026-09-24,CLE @ BOS,7,bottom,50,3706b21a-9849-33a7-a99a-c486c436c310,Jarren Duran,reviewed,0,1,2026-09-30T00:49:27Z,scored,0,2026-09-30T00:49:27Z,,,,,,,,0,0,,1,1,MJ,https://statsapi.mlb.com/api/v1.1/game/824707/feed/live,https://www.mlb.com/official-information/scoring-changes,https://baseballsavant.mlb.com/sporty-videos?playId=3706b21a-9849-33a7-a99a-c486c436c310
2026-09-30T04:08:46Z,824707,2026-09-24,CLE @ BOS,7,bottom,50,3706b21a-9849-33a7-a99a-c486c436c310,Jarren Duran,overturned,0,1,2026-09-30T00:49:27Z,scored,0,2026-09-30T00:49:27Z,,,,,,,,0,0,,1,1,MJ,https://statsapi.mlb.com/api/v1.1/game/824707/feed/live,https://www.mlb.com/official-information/scoring-changes,https://baseballsavant.mlb.com/sporty-videos?playId=3706b21a-9849-33a7-a99a-c486c436c310
2026-09-30T04:08:46Z,824707,2026-09-24,CLE @ BOS,7,bottom,50,3706b21a-9849-33a7-a99a-c486c436c310,Jarren Duran,review_type,,MJ,2026-09-30T00:49:27Z,scored,0,2026-09-30T00:49:27Z,,,,,,,,0,0,,1,1,MJ,https://statsapi.mlb.com/api/v1.1/game/824707/feed/live,https://www.mlb.com/official-information/scoring-changes,https://baseballsavant.mlb.com/sporty-videos?playId=3706b21a-9849-33a7-a99a-c486c436c310
2026-09-30T04:08:46Z,823493,2026-09-24,TB @ NYY,7,bottom,57,9c7117df-24c2-3110-b423-6a8fa769cd80,Amed Rosario,reviewed,0,1,2026-09-30T00:49:27Z,scored,0,2026-09-30T00:49:27Z,,,,,,,,0,0,,1,0,MJ,https://statsapi.mlb.com/api/v1.1/game/823493/feed/live,https://www.mlb.com/official-information/scoring-changes,https://baseballsavant.mlb.com/sporty-videos?playId=9c7117df-24c2-3110-b423-6a8fa769cd80
2026-09-30T04:08:46Z,823493,2026-09-24,TB @ NYY,7,bottom,57,9c7117df-24c2-3110-b423-6a8fa769cd80,Amed Rosario,review_type,,MJ,2026-09-30T00:49:27Z,scored,0,2026-09-30T00:49:27Z,,,,,,,,0,0,,1,0,MJ,https://statsapi.mlb.com/api/v1.1/game/823493/feed/live,https://www.mlb.com/official-information/scoring-changes,https://baseballsavant.mlb.com/sporty-videos?playId=9c7117df-24c2-3110-b423-6a8fa769cd80
2026-09-30T04:08:46Z,824866,2026-09-24,CIN @ ATL,1,bottom,5,5f9adc54-3548-3dea-bd0e-518bfdd68784,Ronald Acuña Jr.,reviewed,0,1,2026-09-30T00:49:27Z,scored,0,2026-09-30T00:49:27Z,,,,,,,,0,0,,1,1,MJ,https://statsapi.mlb.com/api/v1.1/game/824866/feed/live,https://www.mlb.com/official-information/scoring-changes,https://baseballsavant.mlb.com/sporty-videos?playId=5f9adc54-3548-3dea-bd0e-518bfdd68784
2026-09-30T04:08:46Z,824866,2026-09-24,CIN @ ATL,1,bottom,5,5f9adc54-3548-3dea-bd0e-518bfdd68784,Ronald Acuña Jr.,overturned,0,1,2026-09-30T00:49:27Z,scored,0,2026-09-30T00:49:27Z,,,,,,,,0,0,,1,1,MJ,https://statsapi.mlb.com/api/v1.1/game/824866/feed/live,https://www.mlb.com/official-information/scoring-changes,https://baseballsavant.mlb.com/sporty-videos?playId=5f9adc54-3548-3dea-bd0e-518bfdd68784
2026-09-30T04:08:46Z,824866,2026-09-24,CIN @ ATL,1,bottom,5,5f9adc54-3548-3dea-bd0e-518bfdd68784,Ronald Acuña Jr.,review_type,,MJ,2026-09-30T00:49:27Z,scored,0,2026-09-30T00:49:27Z,,,,,,,,0,0,,1,1,MJ,https://statsapi.mlb.com/api/v1.1/game/824866/feed/live,https://www.mlb.com/official-information/scoring-changes,https://baseballsavant.mlb.com/sporty-videos?playId=5f9adc54-3548-3dea-bd0e-518bfdd68784
2026-09-30T04:08:46Z,824866,2026-09-24,CIN @ ATL,7,top,61,2d279d79-e365-35a4-ab51-3a81d3ec11c9,Sal Stewart,reviewed,0,1,2026-09-30T00:49:27Z,scored,0,2026-09-30T00:49:27Z,,,,,,,,0,0,,1,0,MJ,https://statsapi.mlb.com/api/v1.1/game/824866/feed/live,https://www.mlb.com/official-information/scoring-changes,https://baseballsavant.mlb.com/sporty-videos?playId=2d279d79-e365-35a4-ab51-3a81d3ec11c9
2026-09-30T04:08:46Z,824866,2026-09-24,CIN @ ATL,7,top,61,2d279d79-e365-35a4-ab51-3a81d3ec11c9,Sal Stewart,review_type,,MJ,2026-09-30T00:49:27Z,scored,0,2026-09-30T00:49:27Z,,,,,,,,0,0,,1,0,MJ,https://statsapi.mlb.com/api/v1.1/game/824866/feed/live,https://www.mlb.com/official-information/scoring-changes,https://baseballsavant.mlb.com/sporty-videos?playId=2d279d79-e365-35a4-ab51-3a81d3ec11c9
2026-09-30T04:08:46Z,824950,2026-09-24,HOU @ ATH,3,bottom,25,0e332b12-2ed6-3352-891a-a9f74243bb2d,Shea Langeliers,reviewed,0,1,2026-09-30T00:49:27Z,scored,0,2026-09-30T00:49:27Z,,,,,,,,0,0,,1,1,MJ,https://statsapi.mlb.com/api/v1.1/game/824950/feed/live,https://www.mlb.com/official-information/scoring-changes,https://baseballsavant.mlb.com/sporty-videos?playId=0e332b12-2ed6-3352-891a-a9f74243bb2d
2026-09-30T04:08:46Z,824950,2026-09-24,HOU @ ATH,3,bottom,25,0e332b12-2ed6-3352-891a-a9f74243bb2d,Shea Langeliers,overturned,0,1,2026-09-30T00:49:27Z,scored,0,2026-09-30T00:49:27Z,,,,,,,,0,0,,1,1,MJ,https://statsapi.mlb.com/api/v1.1/game/824950/feed/live,https://www.mlb.com/official-information/scoring-changes,https://baseballsavant.mlb.com/sporty-videos?playId=0e332b12-2ed6-3352-891a-a9f74243bb2d
2026-09-30T04:08:46Z,824950,2026-09-24,HOU @ ATH,3,bottom,25,0e332b12-2ed6-3352-891a-a9f74243bb2d,Shea Langeliers,review_type,,MJ,2026-09-30T00:49:27Z,scored,0,2026-09-30T00:49:27Z,,,,,,,,0,0,,1,1,MJ,https://statsapi.mlb.com/api/v1.1/game/824950/feed/live,https://www.mlb.com/official-information/scoring-changes,https://baseballsavant.mlb.com/sporty-videos?playId=0e332b12-2ed6-3352-891a-a9f74243bb2d
2026-09-30T04:08:46Z,823087,2026-09-24,LAA @ SEA,4,bottom,32,82b73591-1ba8-3f3f-af52-b6ea2a64b95f,Leo Rivas,reviewed,0,1,2026-09-30T00:49:27Z,scored,0,2026-09-30T00:49:27Z,,,,,,,,0,0,,1,0,MJ,https://statsapi.mlb.com/api/v1.1/game/823087/feed/live,https://www.mlb.com/official-information/scoring-changes,https://baseballsavant.mlb.com/sporty-videos?playId=82b73591-1ba8-3f3f-af52-b6ea2a64b95f
2026-09-30T04:08:46Z,823087,2026-09-24,LAA @ SEA,4,bottom,32,82b73591-1ba8-3f3f-af52-b6ea2a64b95f,Leo Rivas,review_type,,MJ,2026-09-30T00:49:27Z,scored,0,2026-09-30T00:49:27Z,,,,,,,,0,0,,1,0,MJ,https://statsapi.mlb.com/api/v1.1/game/823087/feed/live,https://www.mlb.com/official-information/scoring-changes,https://baseballsavant.mlb.com/sporty-videos?playId=82b73591-1ba8-3f3f-af52-b6ea2a64b95f
2026-09-30T04:08:46Z,823895,2026-09-24,SD @ LAD,6,bottom,44,231c8919-666a-3e9b-bafa-1e7b4950121b,Max Muncy,reviewed,0,1,2026-09-30T00:49:27Z,scored,0,2026-09-30T00:49:27Z,,,,,,,,0,0,,1,1,MI,https://statsapi.mlb.com/api/v1.1/game/823895/feed/live,https://www.mlb.com/official-information/scoring-changes,https://baseballsavant.mlb.com/sporty-videos?playId=231c8919-666a-3e9b-bafa-1e7b4950121b
2026-09-30T04:08:46Z,823895,2026-09-24,SD @ LAD,6,bottom,44,231c8919-666a-3e9b-bafa-1e7b4950121b,Max Muncy,overturned,0,1,2026-09-30T00:49:27Z,scored,0,2026-09-30T00:49:27Z,,,,,,,,0,0,,1,1,MI,https://statsapi.mlb.com/api/v1.1/game/823895/feed/live,https://www.mlb.com/official-information/scoring-changes,https://baseballsavant.mlb.com/sporty-videos?playId=231c8919-666a-3e9b-bafa-1e7b4950121b
2026-09-30T04:08:46Z,823895,2026-09-24,SD @ LAD,6,bottom,44,231c8919-666a-3e9b-bafa-1e7b4950121b,Max Muncy,review_type,,MI,2026-09-30T00:49:27Z,scored,0,2026-09-30T00:49:27Z,,,,,,,,0,0,,1,1,MI,https://statsapi.mlb.com/api/v1.1/game/823895/feed/live,https://www.mlb.com/official-information/scoring-changes,https://baseballsavant.mlb.com/sporty-videos?playId=231c8919-666a-3e9b-bafa-1e7b4950121b
2026-09-30T04:08:46Z,823895,2026-09-24,SD @ LAD,7,top,46,5c35e47d-d1c2-3d97-b2d7-6793f8b6b336,Ty France,reviewed,0,1,2026-09-30T00:49:27Z,scored,0,2026-09-30T00:49:27Z,,,,,,,,0,0,,1,1,MJ,https://statsapi.mlb.com/api/v1.1/game/823895/feed/live,https://www.mlb.com/official-information/scoring-changes,https://baseballsavant.mlb.com/sporty-videos?playId=5c35e47d-d1c2-3d97-b2d7-6793f8b6b336
2026-09-30T04:08:46Z,823895,2026-09-24,SD @ LAD,7,top,46,5c35e47d-d1c2-3d97-b2d7-6793f8b6b336,Ty France,overturned,0,1,2026-09-30T00:49:27Z,scored,0,2026-09-30T00:49:27Z,,,,,,,,0,0,,1,1,MJ,https://statsapi.mlb.com/api/v1.1/game/823895/feed/live,https://www.mlb.com/official-information/scoring-changes,https://baseballsavant.mlb.com/sporty-videos?playId=5c35e47d-d1c2-3d97-b2d7-6793f8b6b336
2026-09-30T04:08:46Z,823895,2026-09-24,SD @ LAD,7,top,46,5c35e47d-d1c2-3d97-b2d7-6793f8b6b336,Ty France,review_type,,MJ,2026-09-30T00:49:27Z,scored,0,2026-09-30T00:49:27Z,,,,,,,,0,0,,1,1,MJ,https://statsapi.mlb.com/api/v1.1/game/823895/feed/live,https://www.mlb.com/official-information/scoring-changes,https://baseballsavant.mlb.com/sporty-videos?playId=5c35e47d-d1c2-3d97-b2d7-6793f8b6b336
2026-09-30T04:08:46Z,824703,2026-09-25,CHC @ BOS,9,top,72,6c05e43f-2063-3d8e-8829-39001c070877,Pete Crow-Armstrong,reviewed,0,1,2026-09-30T00:49:27Z,scored,0,2026-09-30T00:49:27Z,,,,,,,,0,0,,1,1,MJ,https://statsapi.mlb.com/api/v1.1/game/824703/feed/live,https://www.mlb.com/official-information/scoring-changes,https://baseballsavant.mlb.com/sporty-videos?playId=6c05e43f-2063-3d8e-8829-39001c070877
2026-09-30T04:08:46Z,824703,2026-09-25,CHC @ BOS,9,top,72,6c05e43f-2063-3d8e-8829-39001c070877,Pete Crow-Armstrong,overturned,0,1,2026-09-30T00:49:27Z,scored,0,2026-09-30T00:49:27Z,,,,,,,,0,0,,1,1,MJ,https://statsapi.mlb.com/api/v1.1/game/824703/feed/live,https://www.mlb.com/official-information/scoring-changes,https://baseballsavant.mlb.com/sporty-videos?playId=6c05e43f-2063-3d8e-8829-39001c070877
2026-09-30T04:08:46Z,824703,2026-09-25,CHC @ BOS,9,top,72,6c05e43f-2063-3d8e-8829-39001c070877,Pete Crow-Armstrong,review_type,,MJ,2026-09-30T00:49:27Z,scored,0,2026-09-30T00:49:27Z,,,,,,,,0,0,,1,1,MJ,https://statsapi.mlb.com/api/v1.1/game/824703/feed/live,https://www.mlb.com/official-information/scoring-changes,https://baseballsavant.mlb.com/sporty-videos?playId=6c05e43f-2063-3d8e-8829-39001c070877
2026-09-30T04:08:46Z,824706,2026-09-25,CHC @ BOS,1,top,3,55a15386-59ab-3b86-ba83-58e643cb0f86,Michael Conforto,reviewed,0,1,2026-09-30T00:49:27Z,scored,0,2026-09-30T00:49:27Z,,,,,,,,0,0,,1,1,MJ,https://statsapi.mlb.com/api/v1.1/game/824706/feed/live,https://www.mlb.com/official-information/scoring-changes,https://baseballsavant.mlb.com/sporty-videos?playId=55a15386-59ab-3b86-ba83-58e643cb0f86
2026-09-30T04:08:46Z,824706,2026-09-25,CHC @ BOS,1,top,3,55a15386-59ab-3b86-ba83-58e643cb0f86,Michael Conforto,overturned,0,1,2026-09-30T00:49:27Z,scored,0,2026-09-30T00:49:27Z,,,,,,,,0,0,,1,1,MJ,https://statsapi.mlb.com/api/v1.1/game/824706/feed/live,https://www.mlb.com/official-information/scoring-changes,https://baseballsavant.mlb.com/sporty-videos?playId=55a15386-59ab-3b86-ba83-58e643cb0f86
2026-09-30T04:08:46Z,824706,2026-09-25,CHC @ BOS,1,top,3,55a15386-59ab-3b86-ba83-58e643cb0f86,Michael Conforto,review_type,,MJ,2026-09-30T00:49:27Z,scored,0,2026-09-30T00:49:27Z,,,,,,,,0,0,,1,1,MJ,https://statsapi.mlb.com/api/v1.1/game/824706/feed/live,https://www.mlb.com/official-information/scoring-changes,https://baseballsavant.mlb.com/sporty-videos?playId=55a15386-59ab-3b86-ba83-58e643cb0f86
2026-09-30T04:08:46Z,824706,2026-09-25,CHC @ BOS,3,top,16,b9565448-487c-3c03-a1b5-2fd3fb02fa4b,Pete Crow-Armstrong,reviewed,0,1,2026-09-30T00:49:27Z,scored,0,2026-09-30T00:49:27Z,,,,,,,,0,0,,1,1,MJ,https://statsapi.mlb.com/api/v1.1/game/824706/feed/live,https://www.mlb.com/official-information/scoring-changes,https://baseballsavant.mlb.com/sporty-videos?playId=b9565448-487c-3c03-a1b5-2fd3fb02fa4b
2026-09-30T04:08:46Z,824706,2026-09-25,CHC @ BOS,3,top,16,b9565448-487c-3c03-a1b5-2fd3fb02fa4b,Pete Crow-Armstrong,overturned,0,1,2026-09-30T00:49:27Z,scored,0,2026-09-30T00:49:27Z,,,,,,,,0,0,,1,1,MJ,https://statsapi.mlb.com/api/v1.1/game/824706/feed/live,https://www.mlb.com/official-information/scoring-changes,https://baseballsavant.mlb.com/sporty-videos?playId=b9565448-487c-3c03-a1b5-2fd3fb02fa4b
2026-09-30T04:08:46Z,824706,2026-09-25,CHC @ BOS,3,top,16,b9565448-487c-3c03-a1b5-2fd3fb02fa4b,Pete Crow-Armstrong,review_type,,MJ,2026-09-30T00:49:27Z,scored,0,2026-09-30T00:49:27Z,,,,,,,,0,0,,1,1,MJ,https://statsapi.mlb.com/api/v1.1/game/824706/feed/live,https://www.mlb.com/official-information/scoring-changes,https://baseballsavant.mlb.com/sporty-videos?playId=b9565448-487c-3c03-a1b5-2fd3fb02fa4b
2026-09-30T04:08:46Z,823489,2026-09-25,BAL @ NYY,7,bottom,65,4a6d8e21-a9f1-389c-a256-9067ec866ef2,Jazz Chisholm Jr.,reviewed,0,1,2026-09-30T00:49:27Z,scored,0,2026-09-30T00:49:27Z,,,,,,,,0,0,,1,1,MJ,https://statsapi.mlb.com/api/v1.1/game/823489/feed/live,https://www.mlb.com/official-information/scoring-changes,https://baseballsavant.mlb.com/sporty-videos?playId=4a6d8e21-a9f1-389c-a256-9067ec866ef2
2026-09-30T04:08:46Z,823489,2026-09-25,BAL @ NYY,7,bottom,65,4a6d8e21-a9f1-389c-a256-9067ec866ef2,Jazz Chisholm Jr.,overturned,0,1,2026-09-30T00:49:27Z,scored,0,2026-09-30T00:49:27Z,,,,,,,,0,0,,1,1,MJ,https://statsapi.mlb.com/api/v1.1/game/823489/feed/live,https://www.mlb.com/official-information/scoring-changes,https://baseballsavant.mlb.com/sporty-videos?playId=4a6d8e21-a9f1-389c-a256-9067ec866ef2
2026-09-30T04:08:46Z,823489,2026-09-25,BAL @ NYY,7,bottom,65,4a6d8e21-a9f1-389c-a256-9067ec866ef2,Jazz Chisholm Jr.,review_type,,MJ,2026-09-30T00:49:27Z,scored,0,2026-09-30T00:49:27Z,,,,,,,,0,0,,1,1,MJ,https://statsapi.mlb.com/api/v1.1/game/823489/feed/live,https://www.mlb.com/official-information/scoring-changes,https://baseballsavant.mlb.com/sporty-videos?playId=4a6d8e21-a9f1-389c-a256-9067ec866ef2
2026-09-30T04:08:46Z,824220,2026-09-25,PIT @ DET,3,bottom,27,207c9f3a-0231-3ab7-b640-c47ee645176a,Dillon Dingler,reviewed,0,1,2026-09-30T00:49:27Z,scored,0,2026-09-30T00:49:27Z,,,,,,,,2,2,,1,1,MJ,https://statsapi.mlb.com/api/v1.1/game/824220/feed/live,https://www.mlb.com/official-information/scoring-changes,https://baseballsavant.mlb.com/sporty-videos?playId=207c9f3a-0231-3ab7-b640-c47ee645176a
2026-09-30T04:08:46Z,824220,2026-09-25,PIT @ DET,3,bottom,27,207c9f3a-0231-3ab7-b640-c47ee645176a,Dillon Dingler,overturned,0,1,2026-09-30T00:49:27Z,scored,0,2026-09-30T00:49:27Z,,,,,,,,2,2,,1,1,MJ,https://statsapi.mlb.com/api/v1.1/game/824220/feed/live,https://www.mlb.com/official-information/scoring-changes,https://baseballsavant.mlb.com/sporty-videos?playId=207c9f3a-0231-3ab7-b640-c47ee645176a
2026-09-30T04:08:46Z,824220,2026-09-25,PIT @ DET,3,bottom,27,207c9f3a-0231-3ab7-b640-c47ee645176a,Dillon Dingler,review_type,,MJ,2026-09-30T00:49:27Z,scored,0,2026-09-30T00:49:27Z,,,,,,,,2,2,,1,1,MJ,https://statsapi.mlb.com/api/v1.1/game/824220/feed/live,https://www.mlb.com/official-information/scoring-changes,https://baseballsavant.mlb.com/sporty-videos?playId=207c9f3a-0231-3ab7-b640-c47ee645176a
2026-09-30T04:08:46Z,824220,2026-09-25,PIT @ DET,5,bottom,45,92501b2c-b717-3010-87bb-7d72484dcb09,Spencer Torkelson,reviewed,0,1,2026-09-30T00:49:27Z,scored,0,2026-09-30T00:49:27Z,,,,,,,,0,0,,1,1,MJ,https://statsapi.mlb.com/api/v1.1/game/824220/feed/live,https://www.mlb.com/official-information/scoring-changes,https://baseballsavant.mlb.com/sporty-videos?playId=92501b2c-b717-3010-87bb-7d72484dcb09
2026-09-30T04:08:46Z,824220,2026-09-25,PIT @ DET,5,bottom,45,92501b2c-b717-3010-87bb-7d72484dcb09,Spencer Torkelson,overturned,0,1,2026-09-30T00:49:27Z,scored,0,2026-09-30T00:49:27Z,,,,,,,,0,0,,1,1,MJ,https://statsapi.mlb.com/api/v1.1/game/824220/feed/live,https://www.mlb.com/official-information/scoring-changes,https://baseballsavant.mlb.com/sporty-videos?playId=92501b2c-b717-3010-87bb-7d72484dcb09
2026-09-30T04:08:46Z,824220,2026-09-25,PIT @ DET,5,bottom,45,92501b2c-b717-3010-87bb-7d72484dcb09,Spencer Torkelson,review_type,,MJ,2026-09-30T00:49:27Z,scored,0,2026-09-30T00:49:27Z,,,,,,,,0,0,,1,1,MJ,https://statsapi.mlb.com/api/v1.1/game/824220/feed/live,https://www.mlb.com/official-information/scoring-changes,https://baseballsavant.mlb.com/sporty-videos?playId=92501b2c-b717-3010-87bb-7d72484dcb09
2026-09-30T04:08:46Z,824220,2026-09-25,PIT @ DET,8,bottom,77,40c361d7-439d-38ca-b0f7-f3eb83cea7a9,Ben Malgeri,reviewed,0,1,2026-09-30T00:49:27Z,scored,0,2026-09-30T00:49:27Z,,,,,,,,0,0,,1,0,MJ,https://statsapi.mlb.com/api/v1.1/game/824220/feed/live,https://www.mlb.com/official-information/scoring-changes,https://baseballsavant.mlb.com/sporty-videos?playId=40c361d7-439d-38ca-b0f7-f3eb83cea7a9
2026-09-30T04:08:46Z,824220,2026-09-25,PIT @ DET,8,bottom,77,40c361d7-439d-38ca-b0f7-f3eb83cea7a9,Ben Malgeri,review_type,,MJ,2026-09-30T00:49:27Z,scored,0,2026-09-30T00:49:27Z,,,,,,,,0,0,,1,0,MJ,https://statsapi.mlb.com/api/v1.1/game/824220/feed/live,https://www.mlb.com/official-information/scoring-changes,https://baseballsavant.mlb.com/sporty-videos?playId=40c361d7-439d-38ca-b0f7-f3eb83cea7a9
2026-09-30T04:08:46Z,823409,2026-09-25,TB @ PHI,6,bottom,45,dd643ba6-6b3d-3979-8df1-901b58713ebd,Alec Bohm,reviewed,0,1,2026-09-30T00:49:27Z,scored,0,2026-09-30T00:49:27Z,,,,,,,,0,0,,1,1,MJ,https://statsapi.mlb.com/api/v1.1/game/823409/feed/live,https://www.mlb.com/official-information/scoring-changes,https://baseballsavant.mlb.com/sporty-videos?playId=dd643ba6-6b3d-3979-8df1-901b58713ebd
2026-09-30T04:08:46Z,823409,2026-09-25,TB @ PHI,6,bottom,45,dd643ba6-6b3d-3979-8df1-901b58713ebd,Alec Bohm,overturned,0,1,2026-09-30T00:49:27Z,scored,0,2026-09-30T00:49:27Z,,,,,,,,0,0,,1,1,MJ,https://statsapi.mlb.com/api/v1.1/game/823409/feed/live,https://www.mlb.com/official-information/scoring-changes,https://baseballsavant.mlb.com/sporty-videos?playId=dd643ba6-6b3d-3979-8df1-901b58713ebd
2026-09-30T04:08:46Z,823409,2026-09-25,TB @ PHI,6,bottom,45,dd643ba6-6b3d-3979-8df1-901b58713ebd,Alec Bohm,review_type,,MJ,2026-09-30T00:49:27Z,scored,0,2026-09-30T00:49:27Z,,,,,,,,0,0,,1,1,MJ,https://statsapi.mlb.com/api/v1.1/game/823409/feed/live,https://www.mlb.com/official-information/scoring-changes,https://baseballsavant.mlb.com/sporty-videos?playId=dd643ba6-6b3d-3979-8df1-901b58713ebd
2026-09-30T04:08:46Z,822681,2026-09-25,NYM @ WSH,1,top,5,5783be24-37b2-3f55-bc4f-bfb1d28db390,Francisco Alvarez,reviewed,0,1,2026-09-30T00:49:27Z,scored,0,2026-09-30T00:49:27Z,,,,,,,,0,0,,1,0,MJ,https://statsapi.mlb.com/api/v1.1/game/822681/feed/live,https://www.mlb.com/official-information/scoring-changes,https://baseballsavant.mlb.com/sporty-videos?playId=5783be24-37b2-3f55-bc4f-bfb1d28db390
2026-09-30T04:08:46Z,822681,2026-09-25,NYM @ WSH,1,top,5,5783be24-37b2-3f55-bc4f-bfb1d28db390,Francisco Alvarez,review_type,,MJ,2026-09-30T00:49:27Z,scored,0,2026-09-30T00:49:27Z,,,,,,,,0,0,,1,0,MJ,https://statsapi.mlb.com/api/v1.1/game/822681/feed/live,https://www.mlb.com/official-information/scoring-changes,https://baseballsavant.mlb.com/sporty-videos?playId=5783be24-37b2-3f55-bc4f-bfb1d28db390
2026-09-30T04:08:46Z,822681,2026-09-25,NYM @ WSH,7,bottom,63,b975e788-1ac2-3bf9-88c1-0a44aea13477,Jacob Young,reviewed,0,1,2026-09-30T00:49:27Z,scored,0,2026-09-30T00:49:27Z,,,,,,,,0,0,,1,1,MJ,https://statsapi.mlb.com/api/v1.1/game/822681/feed/live,https://www.mlb.com/official-information/scoring-changes,https://baseballsavant.mlb.com/sporty-videos?playId=b975e788-1ac2-3bf9-88c1-0a44aea13477
2026-09-30T04:08:46Z,822681,2026-09-25,NYM @ WSH,7,bottom,63,b975e788-1ac2-3bf9-88c1-0a44aea13477,Jacob Young,overturned,0,1,2026-09-30T00:49:27Z,scored,0,2026-09-30T00:49:27Z,,,,,,,,0,0,,1,1,MJ,https://statsapi.mlb.com/api/v1.1/game/822681/feed/live,https://www.mlb.com/official-information/scoring-changes,https://baseballsavant.mlb.com/sporty-videos?playId=b975e788-1ac2-3bf9-88c1-0a44aea13477
2026-09-30T04:08:46Z,822681,2026-09-25,NYM @ WSH,7,bottom,63,b975e788-1ac2-3bf9-88c1-0a44aea13477,Jacob Young,review_type,,MJ,2026-09-30T00:49:27Z,scored,0,2026-09-30T00:49:27Z,,,,,,,,0,0,,1,1,MJ,https://statsapi.mlb.com/api/v1.1/game/822681/feed/live,https://www.mlb.com/official-information/scoring-changes,https://baseballsavant.mlb.com/sporty-videos?playId=b975e788-1ac2-3bf9-88c1-0a44aea13477
2026-09-30T04:08:46Z,822760,2026-09-25,CIN @ TOR,4,bottom,39,7eaefa27-ae08-3cbb-8a29-54c74d813ca5,Alejandro Kirk,reviewed,0,1,2026-09-30T00:49:27Z,scored,0,2026-09-30T00:49:27Z,,,,,,,,0,0,,1,0,MJ,https://statsapi.mlb.com/api/v1.1/game/822760/feed/live,https://www.mlb.com/official-information/scoring-changes,https://baseballsavant.mlb.com/sporty-videos?playId=7eaefa27-ae08-3cbb-8a29-54c74d813ca5
2026-09-30T04:08:46Z,822760,2026-09-25,CIN @ TOR,4,bottom,39,7eaefa27-ae08-3cbb-8a29-54c74d813ca5,Alejandro Kirk,review_type,,MJ,2026-09-30T00:49:27Z,scored,0,2026-09-30T00:49:27Z,,,,,,,,0,0,,1,0,MJ,https://statsapi.mlb.com/api/v1.1/game/822760/feed/live,https://www.mlb.com/official-information/scoring-changes,https://baseballsavant.mlb.com/sporty-videos?playId=7eaefa27-ae08-3cbb-8a29-54c74d813ca5
2026-09-30T04:08:46Z,822760,2026-09-25,CIN @ TOR,7,bottom,61,30142d85-07d5-30f5-974f-a94cd7c8a908,Vladimir Guerrero Jr.,reviewed,0,1,2026-09-30T00:49:27Z,scored,0,2026-09-30T00:49:27Z,,,,,,,,1,1,,1,1,MJ,https://statsapi.mlb.com/api/v1.1/game/822760/feed/live,https://www.mlb.com/official-information/scoring-changes,https://baseballsavant.mlb.com/sporty-videos?playId=30142d85-07d5-30f5-974f-a94cd7c8a908
2026-09-30T04:08:46Z,822760,2026-09-25,CIN @ TOR,7,bottom,61,30142d85-07d5-30f5-974f-a94cd7c8a908,Vladimir Guerrero Jr.,overturned,0,1,2026-09-30T00:49:27Z,scored,0,2026-09-30T00:49:27Z,,,,,,,,1,1,,1,1,MJ,https://statsapi.mlb.com/api/v1.1/game/822760/feed/live,https://www.mlb.com/official-information/scoring-changes,https://baseballsavant.mlb.com/sporty-videos?playId=30142d85-07d5-30f5-974f-a94cd7c8a908
2026-09-30T04:08:46Z,822760,2026-09-25,CIN @ TOR,7,bottom,61,30142d85-07d5-30f5-974f-a94cd7c8a908,Vladimir Guerrero Jr.,review_type,,MJ,2026-09-30T00:49:27Z,scored,0,2026-09-30T00:49:27Z,,,,,,,,1,1,,1,1,MJ,https://statsapi.mlb.com/api/v1.1/game/822760/feed/live,https://www.mlb.com/official-information/scoring-changes,https://baseballsavant.mlb.com/sporty-videos?playId=30142d85-07d5-30f5-974f-a94cd7c8a908
2026-09-30T04:08:46Z,824058,2026-09-25,CLE @ KC,2,bottom,19,5f192850-c7fc-3502-90e1-3b6d393cadf3,Kyle Isbel,reviewed,0,1,2026-09-30T00:49:27Z,scored,0,2026-09-30T00:49:27Z,,,,,,,,0,0,,1,1,MJ,https://statsapi.mlb.com/api/v1.1/game/824058/feed/live,https://www.mlb.com/official-information/scoring-changes,https://baseballsavant.mlb.com/sporty-videos?playId=5f192850-c7fc-3502-90e1-3b6d393cadf3
2026-09-30T04:08:46Z,824058,2026-09-25,CLE @ KC,2,bottom,19,5f192850-c7fc-3502-90e1-3b6d393cadf3,Kyle Isbel,overturned,0,1,2026-09-30T00:49:27Z,scored,0,2026-09-30T00:49:27Z,,,,,,,,0,0,,1,1,MJ,https://statsapi.mlb.com/api/v1.1/game/824058/feed/live,https://www.mlb.com/official-information/scoring-changes,https://baseballsavant.mlb.com/sporty-videos?playId=5f192850-c7fc-3502-90e1-3b6d393cadf3
2026-09-30T04:08:46Z,824058,2026-09-25,CLE @ KC,2,bottom,19,5f192850-c7fc-3502-90e1-3b6d393cadf3,Kyle Isbel,review_type,,MJ,2026-09-30T00:49:27Z,scored,0,2026-09-30T00:49:27Z,,,,,,,,0,0,,1,1,MJ,https://statsapi.mlb.com/api/v1.1/game/824058/feed/live,https://www.mlb.com/official-information/scoring-changes,https://baseballsavant.mlb.com/sporty-videos?playId=5f192850-c7fc-3502-90e1-3b6d393cadf3
2026-09-30T04:08:46Z,824058,2026-09-25,CLE @ KC,2,bottom,23,ceee3c54-a51d-3d4d-a6da-021472c1dfef,Maikel Garcia,reviewed,0,1,2026-09-30T00:49:27Z,scored,0,2026-09-30T00:49:27Z,,,,,,,,0,0,,1,0,MJ,https://statsapi.mlb.com/api/v1.1/game/824058/feed/live,https://www.mlb.com/official-information/scoring-changes,https://baseballsavant.mlb.com/sporty-videos?playId=ceee3c54-a51d-3d4d-a6da-021472c1dfef
2026-09-30T04:08:46Z,824058,2026-09-25,CLE @ KC,2,bottom,23,ceee3c54-a51d-3d4d-a6da-021472c1dfef,Maikel Garcia,review_type,,MJ,2026-09-30T00:49:27Z,scored,0,2026-09-30T00:49:27Z,,,,,,,,0,0,,1,0,MJ,https://statsapi.mlb.com/api/v1.1/game/824058/feed/live,https://www.mlb.com/official-information/scoring-changes,https://baseballsavant.mlb.com/sporty-videos?playId=ceee3c54-a51d-3d4d-a6da-021472c1dfef
2026-09-30T04:08:46Z,823735,2026-09-25,STL @ MIL,5,top,32,4b9a0d16-fd18-39bd-ba54-52968f834045,José Fermín,reviewed,0,1,2026-09-30T00:49:27Z,scored,0,2026-09-30T00:49:27Z,,,,,,,,0,0,,1,0,MJ,https://statsapi.mlb.com/api/v1.1/game/823735/feed/live,https://www.mlb.com/official-information/scoring-changes,https://baseballsavant.mlb.com/sporty-videos?playId=4b9a0d16-fd18-39bd-ba54-52968f834045
2026-09-30T04:08:46Z,823735,2026-09-25,STL @ MIL,5,top,32,4b9a0d16-fd18-39bd-ba54-52968f834045,José Fermín,review_type,,MJ,2026-09-30T00:49:27Z,scored,0,2026-09-30T00:49:27Z,,,,,,,,0,0,,1,0,MJ,https://statsapi.mlb.com/api/v1.1/game/823735/feed/live,https://www.mlb.com/official-information/scoring-changes,https://baseballsavant.mlb.com/sporty-videos?playId=4b9a0d16-fd18-39bd-ba54-52968f834045
2026-09-30T04:08:46Z,823735,2026-09-25,STL @ MIL,7,top,50,4cfd5df0-cc8f-3d60-8a2f-7f5886ac5e6e,Jordan Walker,reviewed,0,1,2026-09-30T00:49:27Z,scored,0,2026-09-30T00:49:27Z,,,,,,,,1,1,,1,0,MJ,https://statsapi.mlb.com/api/v1.1/game/823735/feed/live,https://www.mlb.com/official-information/scoring-changes,https://baseballsavant.mlb.com/sporty-videos?playId=4cfd5df0-cc8f-3d60-8a2f-7f5886ac5e6e
2026-09-30T04:08:46Z,823735,2026-09-25,STL @ MIL,7,top,50,4cfd5df0-cc8f-3d60-8a2f-7f5886ac5e6e,Jordan Walker,review_type,,MJ,2026-09-30T00:49:27Z,scored,0,2026-09-30T00:49:27Z,,,,,,,,1,1,,1,0,MJ,https://statsapi.mlb.com/api/v1.1/game/823735/feed/live,https://www.mlb.com/official-information/scoring-changes,https://baseballsavant.mlb.com/sporty-videos?playId=4cfd5df0-cc8f-3d60-8a2f-7f5886ac5e6e
2026-09-30T04:08:46Z,823652,2026-09-25,TEX @ MIN,4,bottom,34,1f88c328-81f3-38c4-a7a7-ba94e0d5e162,Luke Keaschall,reviewed,0,1,2026-09-30T00:49:27Z,scored,0,2026-09-30T00:49:27Z,,,,,,,,1,1,,1,0,MJ,https://statsapi.mlb.com/api/v1.1/game/823652/feed/live,https://www.mlb.com/official-information/scoring-changes,https://baseballsavant.mlb.com/sporty-videos?playId=1f88c328-81f3-38c4-a7a7-ba94e0d5e162
2026-09-30T04:08:46Z,823652,2026-09-25,TEX @ MIN,4,bottom,34,1f88c328-81f3-38c4-a7a7-ba94e0d5e162,Luke Keaschall,review_type,,MJ,2026-09-30T00:49:27Z,scored,0,2026-09-30T00:49:27Z,,,,,,,,1,1,,1,0,MJ,https://statsapi.mlb.com/api/v1.1/game/823652/feed/live,https://www.mlb.com/official-information/scoring-changes,https://baseballsavant.mlb.com/sporty-videos?playId=1f88c328-81f3-38c4-a7a7-ba94e0d5e162
2026-09-30T04:08:46Z,824947,2026-09-25,HOU @ ATH,1,bottom,6,74a4d19a-7874-3838-9f79-9e1e35f1f768,Jeff McNeil,reviewed,0,1,2026-09-30T00:49:27Z,scored,0,2026-09-30T00:49:27Z,,,,,,,,0,0,,1,0,MJ,https://statsapi.mlb.com/api/v1.1/game/824947/feed/live,https://www.mlb.com/official-information/scoring-changes,https://baseballsavant.mlb.com/sporty-videos?playId=74a4d19a-7874-3838-9f79-9e1e35f1f768
2026-09-30T04:08:46Z,824947,2026-09-25,HOU @ ATH,1,bottom,6,74a4d19a-7874-3838-9f79-9e1e35f1f768,Jeff McNeil,review_type,,MJ,2026-09-30T00:49:27Z,scored,0,2026-09-30T00:49:27Z,,,,,,,,0,0,,1,0,MJ,https://statsapi.mlb.com/api/v1.1/game/824947/feed/live,https://www.mlb.com/official-information/scoring-changes,https://baseballsavant.mlb.com/sporty-videos?playId=74a4d19a-7874-3838-9f79-9e1e35f1f768
2026-09-30T04:08:46Z,824947,2026-09-25,HOU @ ATH,3,bottom,25,ef843b97-daa1-39fa-aa17-93f59db42307,Zack Gelof,reviewed,0,1,2026-09-30T00:49:27Z,scored,0,2026-09-30T00:49:27Z,,,,,,,,0,0,,1,0,MJ,https://statsapi.mlb.com/api/v1.1/game/824947/feed/live,https://www.mlb.com/official-information/scoring-changes,https://baseballsavant.mlb.com/sporty-videos?playId=ef843b97-daa1-39fa-aa17-93f59db42307
2026-09-30T04:08:46Z,824947,2026-09-25,HOU @ ATH,3,bottom,25,ef843b97-daa1-39fa-aa17-93f59db42307,Zack Gelof,review_type,,MJ,2026-09-30T00:49:27Z,scored,0,2026-09-30T00:49:27Z,,,,,,,,0,0,,1,0,MJ,https://statsapi.mlb.com/api/v1.1/game/824947/feed/live,https://www.mlb.com/official-information/scoring-changes,https://baseballsavant.mlb.com/sporty-videos?playId=ef843b97-daa1-39fa-aa17-93f59db42307
2026-09-30T04:08:46Z,823248,2026-09-25,AZ @ SD,2,bottom,19,45922333-5ac7-35fc-9610-ca22215ef1b0,Samad Taylor,reviewed,0,1,2026-09-30T00:49:27Z,scored,0,2026-09-30T00:49:27Z,,,,,,,,0,0,,1,1,MJ,https://statsapi.mlb.com/api/v1.1/game/823248/feed/live,https://www.mlb.com/official-information/scoring-changes,https://baseballsavant.mlb.com/sporty-videos?playId=45922333-5ac7-35fc-9610-ca22215ef1b0
2026-09-30T04:08:46Z,823248,2026-09-25,AZ @ SD,2,bottom,19,45922333-5ac7-35fc-9610-ca22215ef1b0,Samad Taylor,overturned,0,1,2026-09-30T00:49:27Z,scored,0,2026-09-30T00:49:27Z,,,,,,,,0,0,,1,1,MJ,https://statsapi.mlb.com/api/v1.1/game/823248/feed/live,https://www.mlb.com/official-information/scoring-changes,https://baseballsavant.mlb.com/sporty-videos?playId=45922333-5ac7-35fc-9610-ca22215ef1b0
2026-09-30T04:08:46Z,823248,2026-09-25,AZ @ SD,2,bottom,19,45922333-5ac7-35fc-9610-ca22215ef1b0,Samad Taylor,review_type,,MJ,2026-09-30T00:49:27Z,scored,0,2026-09-30T00:49:27Z,,,,,,,,0,0,,1,1,MJ,https://statsapi.mlb.com/api/v1.1/game/823248/feed/live,https://www.mlb.com/official-information/scoring-changes,https://baseballsavant.mlb.com/sporty-videos?playId=45922333-5ac7-35fc-9610-ca22215ef1b0
2026-09-30T04:08:46Z,823248,2026-09-25,AZ @ SD,3,top,20,e143441c-13e2-3e95-9e3b-1e6ca490b23f,Gabriel Moreno,reviewed,0,1,2026-09-30T00:49:27Z,scored,0,2026-09-30T00:49:27Z,,,,,,,,0,0,,1,1,MJ,https://statsapi.mlb.com/api/v1.1/game/823248/feed/live,https://www.mlb.com/official-information/scoring-changes,https://baseballsavant.mlb.com/sporty-videos?playId=e143441c-13e2-3e95-9e3b-1e6ca490b23f
2026-09-30T04:08:46Z,823248,2026-09-25,AZ @ SD,3,top,20,e143441c-13e2-3e95-9e3b-1e6ca490b23f,Gabriel Moreno,overturned,0,1,2026-09-30T00:49:27Z,scored,0,2026-09-30T00:49:27Z,,,,,,,,0,0,,1,1,MJ,https://statsapi.mlb.com/api/v1.1/game/823248/feed/live,https://www.mlb.com/official-information/scoring-changes,https://baseballsavant.mlb.com/sporty-videos?playId=e143441c-13e2-3e95-9e3b-1e6ca490b23f
2026-09-30T04:08:46Z,823248,2026-09-25,AZ @ SD,3,top,20,e143441c-13e2-3e95-9e3b-1e6ca490b23f,Gabriel Moreno,review_type,,MJ,2026-09-30T00:49:27Z,scored,0,2026-09-30T00:49:27Z,,,,,,,,0,0,,1,1,MJ,https://statsapi.mlb.com/api/v1.1/game/823248/feed/live,https://www.mlb.com/official-information/scoring-changes,https://baseballsavant.mlb.com/sporty-videos?playId=e143441c-13e2-3e95-9e3b-1e6ca490b23f
2026-09-30T04:08:46Z,823248,2026-09-25,AZ @ SD,5,top,40,4a2ca52c-cc0c-315a-a1e7-f5a4ae1c5fe9,Nolan Arenado,reviewed,0,1,2026-09-30T00:49:27Z,scored,0,2026-09-30T00:49:27Z,,,,,,,,0,0,,1,1,MJ,https://statsapi.mlb.com/api/v1.1/game/823248/feed/live,https://www.mlb.com/official-information/scoring-changes,https://baseballsavant.mlb.com/sporty-videos?playId=4a2ca52c-cc0c-315a-a1e7-f5a4ae1c5fe9
2026-09-30T04:08:46Z,823248,2026-09-25,AZ @ SD,5,top,40,4a2ca52c-cc0c-315a-a1e7-f5a4ae1c5fe9,Nolan Arenado,overturned,0,1,2026-09-30T00:49:27Z,scored,0,2026-09-30T00:49:27Z,,,,,,,,0,0,,1,1,MJ,https://statsapi.mlb.com/api/v1.1/game/823248/feed/live,https://www.mlb.com/official-information/scoring-changes,https://baseballsavant.mlb.com/sporty-videos?playId=4a2ca52c-cc0c-315a-a1e7-f5a4ae1c5fe9
2026-09-30T04:08:46Z,823248,2026-09-25,AZ @ SD,5,top,40,4a2ca52c-cc0c-315a-a1e7-f5a4ae1c5fe9,Nolan Arenado,review_type,,MJ,2026-09-30T00:49:27Z,scored,0,2026-09-30T00:49:27Z,,,,,,,,0,0,,1,1,MJ,https://statsapi.mlb.com/api/v1.1/game/823248/feed/live,https://www.mlb.com/official-information/scoring-changes,https://baseballsavant.mlb.com/sporty-videos?playId=4a2ca52c-cc0c-315a-a1e7-f5a4ae1c5fe9
2026-09-30T04:08:46Z,823248,2026-09-25,AZ @ SD,7,top,58,15d79871-f1a5-3e5a-a60c-45c1b9cd4792,Jordan Lawlar,reviewed,0,1,2026-09-30T00:49:27Z,scored,0,2026-09-30T00:49:27Z,,,,,,,,0,0,,1,0,MJ,https://statsapi.mlb.com/api/v1.1/game/823248/feed/live,https://www.mlb.com/official-information/scoring-changes,https://baseballsavant.mlb.com/sporty-videos?playId=15d79871-f1a5-3e5a-a60c-45c1b9cd4792
2026-09-30T04:08:46Z,823248,2026-09-25,AZ @ SD,7,top,58,15d79871-f1a5-3e5a-a60c-45c1b9cd4792,Jordan Lawlar,review_type,,MJ,2026-09-30T00:49:27Z,scored,0,2026-09-30T00:49:27Z,,,,,,,,0,0,,1,0,MJ,https://statsapi.mlb.com/api/v1.1/game/823248/feed/live,https://www.mlb.com/official-information/scoring-changes,https://baseballsavant.mlb.com/sporty-videos?playId=15d79871-f1a5-3e5a-a60c-45c1b9cd4792
2026-09-30T04:08:46Z,822678,2026-09-26,NYM @ WSH,1,top,2,33ad8c7e-46d1-3e85-a343-3d3c11239a76,Bo Bichette,reviewed,0,1,2026-09-30T00:49:27Z,scored,0,2026-09-30T00:49:27Z,,,,,,,,0,0,,1,1,MJ,https://statsapi.mlb.com/api/v1.1/game/822678/feed/live,https://www.mlb.com/official-information/scoring-changes,https://baseballsavant.mlb.com/sporty-videos?playId=33ad8c7e-46d1-3e85-a343-3d3c11239a76
2026-09-30T04:08:46Z,822678,2026-09-26,NYM @ WSH,1,top,2,33ad8c7e-46d1-3e85-a343-3d3c11239a76,Bo Bichette,overturned,0,1,2026-09-30T00:49:27Z,scored,0,2026-09-30T00:49:27Z,,,,,,,,0,0,,1,1,MJ,https://statsapi.mlb.com/api/v1.1/game/822678/feed/live,https://www.mlb.com/official-information/scoring-changes,https://baseballsavant.mlb.com/sporty-videos?playId=33ad8c7e-46d1-3e85-a343-3d3c11239a76
2026-09-30T04:08:46Z,822678,2026-09-26,NYM @ WSH,1,top,2,33ad8c7e-46d1-3e85-a343-3d3c11239a76,Bo Bichette,review_type,,MJ,2026-09-30T00:49:27Z,scored,0,2026-09-30T00:49:27Z,,,,,,,,0,0,,1,1,MJ,https://statsapi.mlb.com/api/v1.1/game/822678/feed/live,https://www.mlb.com/official-information/scoring-changes,https://baseballsavant.mlb.com/sporty-videos?playId=33ad8c7e-46d1-3e85-a343-3d3c11239a76
2026-09-30T04:08:46Z,824219,2026-09-26,PIT @ DET,1,bottom,5,398a5d17-0952-339d-83a9-6a145c6be9a2,Kevin McGonigle,reviewed,0,1,2026-09-30T00:49:27Z,scored,0,2026-09-30T00:49:27Z,,,,,,,,0,0,,1,0,MJ,https://statsapi.mlb.com/api/v1.1/game/824219/feed/live,https://www.mlb.com/official-information/scoring-changes,https://baseballsavant.mlb.com/sporty-videos?playId=398a5d17-0952-339d-83a9-6a145c6be9a2
2026-09-30T04:08:46Z,824219,2026-09-26,PIT @ DET,1,bottom,5,398a5d17-0952-339d-83a9-6a145c6be9a2,Kevin McGonigle,review_type,,MJ,2026-09-30T00:49:27Z,scored,0,2026-09-30T00:49:27Z,,,,,,,,0,0,,1,0,MJ,https://statsapi.mlb.com/api/v1.1/game/824219/feed/live,https://www.mlb.com/official-information/scoring-changes,https://baseballsavant.mlb.com/sporty-videos?playId=398a5d17-0952-339d-83a9-6a145c6be9a2
2026-09-30T04:08:46Z,823165,2026-09-26,LAD @ SF,3,top,19,5e093b23-1888-3ad9-9e4a-dea4c3ebd3a5,Shohei Ohtani,reviewed,0,1,2026-09-30T00:49:27Z,scored,0,2026-09-30T00:49:27Z,,,,,,,,0,0,,1,0,MJ,https://statsapi.mlb.com/api/v1.1/game/823165/feed/live,https://www.mlb.com/official-information/scoring-changes,https://baseballsavant.mlb.com/sporty-videos?playId=5e093b23-1888-3ad9-9e4a-dea4c3ebd3a5
2026-09-30T04:08:46Z,823165,2026-09-26,LAD @ SF,3,top,19,5e093b23-1888-3ad9-9e4a-dea4c3ebd3a5,Shohei Ohtani,review_type,,MJ,2026-09-30T00:49:27Z,scored,0,2026-09-30T00:49:27Z,,,,,,,,0,0,,1,0,MJ,https://statsapi.mlb.com/api/v1.1/game/823165/feed/live,https://www.mlb.com/official-information/scoring-changes,https://baseballsavant.mlb.com/sporty-videos?playId=5e093b23-1888-3ad9-9e4a-dea4c3ebd3a5
2026-09-30T04:08:46Z,823653,2026-09-26,TEX @ MIN,2,top,10,a8301905-73e3-3336-967a-591a30f053af,Danny Jansen,reviewed,0,1,2026-09-30T00:49:27Z,scored,0,2026-09-30T00:49:27Z,,,,,,,,1,1,,1,1,MJ,https://statsapi.mlb.com/api/v1.1/game/823653/feed/live,https://www.mlb.com/official-information/scoring-changes,https://baseballsavant.mlb.com/sporty-videos?playId=a8301905-73e3-3336-967a-591a30f053af
2026-09-30T04:08:46Z,823653,2026-09-26,TEX @ MIN,2,top,10,a8301905-73e3-3336-967a-591a30f053af,Danny Jansen,overturned,0,1,2026-09-30T00:49:27Z,scored,0,2026-09-30T00:49:27Z,,,,,,,,1,1,,1,1,MJ,https://statsapi.mlb.com/api/v1.1/game/823653/feed/live,https://www.mlb.com/official-information/scoring-changes,https://baseballsavant.mlb.com/sporty-videos?playId=a8301905-73e3-3336-967a-591a30f053af
2026-09-30T04:08:46Z,823653,2026-09-26,TEX @ MIN,2,top,10,a8301905-73e3-3336-967a-591a30f053af,Danny Jansen,review_type,,MJ,2026-09-30T00:49:27Z,scored,0,2026-09-30T00:49:27Z,,,,,,,,1,1,,1,1,MJ,https://statsapi.mlb.com/api/v1.1/game/823653/feed/live,https://www.mlb.com/official-information/scoring-changes,https://baseballsavant.mlb.com/sporty-videos?playId=a8301905-73e3-3336-967a-591a30f053af
2026-09-30T04:08:46Z,823653,2026-09-26,TEX @ MIN,5,top,40,c394de35-b0af-352f-9feb-7b9c683c6fe9,Evan Carter,reviewed,0,1,2026-09-30T00:49:27Z,scored,0,2026-09-30T00:49:27Z,,,,,,,,0,0,,1,1,MJ,https://statsapi.mlb.com/api/v1.1/game/823653/feed/live,https://www.mlb.com/official-information/scoring-changes,https://baseballsavant.mlb.com/sporty-videos?playId=c394de35-b0af-352f-9feb-7b9c683c6fe9
2026-09-30T04:08:46Z,823653,2026-09-26,TEX @ MIN,5,top,40,c394de35-b0af-352f-9feb-7b9c683c6fe9,Evan Carter,overturned,0,1,2026-09-30T00:49:27Z,scored,0,2026-09-30T00:49:27Z,,,,,,,,0,0,,1,1,MJ,https://statsapi.mlb.com/api/v1.1/game/823653/feed/live,https://www.mlb.com/official-information/scoring-changes,https://baseballsavant.mlb.com/sporty-videos?playId=c394de35-b0af-352f-9feb-7b9c683c6fe9
2026-09-30T04:08:46Z,823653,2026-09-26,TEX @ MIN,5,top,40,c394de35-b0af-352f-9feb-7b9c683c6fe9,Evan Carter,review_type,,MJ,2026-09-30T00:49:27Z,scored,0,2026-09-30T00:49:27Z,,,,,,,,0,0,,1,1,MJ,https://statsapi.mlb.com/api/v1.1/game/823653/feed/live,https://www.mlb.com/official-information/scoring-changes,https://baseballsavant.mlb.com/sporty-videos?playId=c394de35-b0af-352f-9feb-7b9c683c6fe9
2026-09-30T04:08:46Z,823653,2026-09-26,TEX @ MIN,7,bottom,58,2abca30d-6614-3560-941c-a68f1bc27020,Royce Lewis,reviewed,0,1,2026-09-30T00:49:27Z,scored,0,2026-09-30T00:49:27Z,,,,,,,,0,0,,1,1,MJ,https://statsapi.mlb.com/api/v1.1/game/823653/feed/live,https://www.mlb.com/official-information/scoring-changes,https://baseballsavant.mlb.com/sporty-videos?playId=2abca30d-6614-3560-941c-a68f1bc27020
2026-09-30T04:08:46Z,823653,2026-09-26,TEX @ MIN,7,bottom,58,2abca30d-6614-3560-941c-a68f1bc27020,Royce Lewis,overturned,0,1,2026-09-30T00:49:27Z,scored,0,2026-09-30T00:49:27Z,,,,,,,,0,0,,1,1,MJ,https://statsapi.mlb.com/api/v1.1/game/823653/feed/live,https://www.mlb.com/official-information/scoring-changes,https://baseballsavant.mlb.com/sporty-videos?playId=2abca30d-6614-3560-941c-a68f1bc27020
2026-09-30T04:08:46Z,823653,2026-09-26,TEX @ MIN,7,bottom,58,2abca30d-6614-3560-941c-a68f1bc27020,Royce Lewis,review_type,,MJ,2026-09-30T00:49:27Z,scored,0,2026-09-30T00:49:27Z,,,,,,,,0,0,,1,1,MJ,https://statsapi.mlb.com/api/v1.1/game/823653/feed/live,https://www.mlb.com/official-information/scoring-changes,https://baseballsavant.mlb.com/sporty-videos?playId=2abca30d-6614-3560-941c-a68f1bc27020
2026-09-30T04:08:46Z,823653,2026-09-26,TEX @ MIN,8,bottom,69,597f66ea-910d-37e2-bb80-e588f344c1eb,Walker Jenkins,reviewed,0,1,2026-09-30T00:49:27Z,scored,0,2026-09-30T00:49:27Z,,,,,,,,0,0,,1,1,MJ,https://statsapi.mlb.com/api/v1.1/game/823653/feed/live,https://www.mlb.com/official-information/scoring-changes,https://baseballsavant.mlb.com/sporty-videos?playId=597f66ea-910d-37e2-bb80-e588f344c1eb
2026-09-30T04:08:46Z,823653,2026-09-26,TEX @ MIN,8,bottom,69,597f66ea-910d-37e2-bb80-e588f344c1eb,Walker Jenkins,overturned,0,1,2026-09-30T00:49:27Z,scored,0,2026-09-30T00:49:27Z,,,,,,,,0,0,,1,1,MJ,https://statsapi.mlb.com/api/v1.1/game/823653/feed/live,https://www.mlb.com/official-information/scoring-changes,https://baseballsavant.mlb.com/sporty-videos?playId=597f66ea-910d-37e2-bb80-e588f344c1eb
2026-09-30T04:08:46Z,823653,2026-09-26,TEX @ MIN,8,bottom,69,597f66ea-910d-37e2-bb80-e588f344c1eb,Walker Jenkins,review_type,,MJ,2026-09-30T00:49:27Z,scored,0,2026-09-30T00:49:27Z,,,,,,,,0,0,,1,1,MJ,https://statsapi.mlb.com/api/v1.1/game/823653/feed/live,https://www.mlb.com/official-information/scoring-changes,https://baseballsavant.mlb.com/sporty-videos?playId=597f66ea-910d-37e2-bb80-e588f344c1eb
2026-09-30T04:08:46Z,823813,2026-09-26,ATL @ MIA,1,top,1,15f1d71e-df24-3a98-a88e-5d8f71224964,Ronald Acuña Jr.,reviewed,0,1,2026-09-30T00:49:27Z,scored,0,2026-09-30T00:49:27Z,,,,,,,,0,0,,1,1,MJ,https://statsapi.mlb.com/api/v1.1/game/823813/feed/live,https://www.mlb.com/official-information/scoring-changes,https://baseballsavant.mlb.com/sporty-videos?playId=15f1d71e-df24-3a98-a88e-5d8f71224964
2026-09-30T04:08:46Z,823813,2026-09-26,ATL @ MIA,1,top,1,15f1d71e-df24-3a98-a88e-5d8f71224964,Ronald Acuña Jr.,overturned,0,1,2026-09-30T00:49:27Z,scored,0,2026-09-30T00:49:27Z,,,,,,,,0,0,,1,1,MJ,https://statsapi.mlb.com/api/v1.1/game/823813/feed/live,https://www.mlb.com/official-information/scoring-changes,https://baseballsavant.mlb.com/sporty-videos?playId=15f1d71e-df24-3a98-a88e-5d8f71224964
2026-09-30T04:08:46Z,823813,2026-09-26,ATL @ MIA,1,top,1,15f1d71e-df24-3a98-a88e-5d8f71224964,Ronald Acuña Jr.,review_type,,MJ,2026-09-30T00:49:27Z,scored,0,2026-09-30T00:49:27Z,,,,,,,,0,0,,1,1,MJ,https://statsapi.mlb.com/api/v1.1/game/823813/feed/live,https://www.mlb.com/official-information/scoring-changes,https://baseballsavant.mlb.com/sporty-videos?playId=15f1d71e-df24-3a98-a88e-5d8f71224964
2026-09-30T04:08:46Z,823813,2026-09-26,ATL @ MIA,4,bottom,33,50782eee-dea3-329a-83ee-2f0436f56e9b,Heriberto Hernández,reviewed,0,1,2026-09-30T00:49:27Z,scored,0,2026-09-30T00:49:27Z,,,,,,,,0,0,,1,1,MJ,https://statsapi.mlb.com/api/v1.1/game/823813/feed/live,https://www.mlb.com/official-information/scoring-changes,https://baseballsavant.mlb.com/sporty-videos?playId=50782eee-dea3-329a-83ee-2f0436f56e9b
2026-09-30T04:08:46Z,823813,2026-09-26,ATL @ MIA,4,bottom,33,50782eee-dea3-329a-83ee-2f0436f56e9b,Heriberto Hernández,overturned,0,1,2026-09-30T00:49:27Z,scored,0,2026-09-30T00:49:27Z,,,,,,,,0,0,,1,1,MJ,https://statsapi.mlb.com/api/v1.1/game/823813/feed/live,https://www.mlb.com/official-information/scoring-changes,https://baseballsavant.mlb.com/sporty-videos?playId=50782eee-dea3-329a-83ee-2f0436f56e9b
2026-09-30T04:08:46Z,823813,2026-09-26,ATL @ MIA,4,bottom,33,50782eee-dea3-329a-83ee-2f0436f56e9b,Heriberto Hernández,review_type,,MJ,2026-09-30T00:49:27Z,scored,0,2026-09-30T00:49:27Z,,,,,,,,0,0,,1,1,MJ,https://statsapi.mlb.com/api/v1.1/game/823813/feed/live,https://www.mlb.com/official-information/scoring-changes,https://baseballsavant.mlb.com/sporty-videos?playId=50782eee-dea3-329a-83ee-2f0436f56e9b
2026-09-30T04:08:46Z,823813,2026-09-26,ATL @ MIA,4,bottom,34,3ce1f47d-fee0-3be9-964a-738c092848f5,Jakob Marsee,reviewed,0,1,2026-09-30T00:49:27Z,scored,0,2026-09-30T00:49:27Z,,,,,,,,0,0,,1,1,MJ,https://statsapi.mlb.com/api/v1.1/game/823813/feed/live,https://www.mlb.com/official-information/scoring-changes,https://baseballsavant.mlb.com/sporty-videos?playId=3ce1f47d-fee0-3be9-964a-738c092848f5
2026-09-30T04:08:46Z,823813,2026-09-26,ATL @ MIA,4,bottom,34,3ce1f47d-fee0-3be9-964a-738c092848f5,Jakob Marsee,overturned,0,1,2026-09-30T00:49:27Z,scored,0,2026-09-30T00:49:27Z,,,,,,,,0,0,,1,1,MJ,https://statsapi.mlb.com/api/v1.1/game/823813/feed/live,https://www.mlb.com/official-information/scoring-changes,https://baseballsavant.mlb.com/sporty-videos?playId=3ce1f47d-fee0-3be9-964a-738c092848f5
2026-09-30T04:08:46Z,823813,2026-09-26,ATL @ MIA,4,bottom,34,3ce1f47d-fee0-3be9-964a-738c092848f5,Jakob Marsee,review_type,,MJ,2026-09-30T00:49:27Z,scored,0,2026-09-30T00:49:27Z,,,,,,,,0,0,,1,1,MJ,https://statsapi.mlb.com/api/v1.1/game/823813/feed/live,https://www.mlb.com/official-information/scoring-changes,https://baseballsavant.mlb.com/sporty-videos?playId=3ce1f47d-fee0-3be9-964a-738c092848f5
2026-09-30T04:08:46Z,823813,2026-09-26,ATL @ MIA,5,bottom,44,e4ced96e-471a-3ac5-9bde-96eae801943f,Otto Lopez,reviewed,0,1,2026-09-30T00:49:27Z,scored,0,2026-09-30T00:49:27Z,,,,,,,,0,0,,1,0,MJ,https://statsapi.mlb.com/api/v1.1/game/823813/feed/live,https://www.mlb.com/official-information/scoring-changes,https://baseballsavant.mlb.com/sporty-videos?playId=e4ced96e-471a-3ac5-9bde-96eae801943f
2026-09-30T04:08:46Z,823813,2026-09-26,ATL @ MIA,5,bottom,44,e4ced96e-471a-3ac5-9bde-96eae801943f,Otto Lopez,review_type,,MJ,2026-09-30T00:49:27Z,scored,0,2026-09-30T00:49:27Z,,,,,,,,0,0,,1,0,MJ,https://statsapi.mlb.com/api/v1.1/game/823813/feed/live,https://www.mlb.com/official-information/scoring-changes,https://baseballsavant.mlb.com/sporty-videos?playId=e4ced96e-471a-3ac5-9bde-96eae801943f
2026-09-30T04:08:46Z,824057,2026-09-26,CLE @ KC,3,bottom,27,5b506bb9-5e7d-3f80-9b6d-fda9560b5f87,Salvador Perez,reviewed,0,1,2026-09-30T00:49:27Z,scored,0,2026-09-30T00:49:27Z,,,,,,,,0,0,,1,0,MJ,https://statsapi.mlb.com/api/v1.1/game/824057/feed/live,https://www.mlb.com/official-information/scoring-changes,https://baseballsavant.mlb.com/sporty-videos?playId=5b506bb9-5e7d-3f80-9b6d-fda9560b5f87
2026-09-30T04:08:46Z,824057,2026-09-26,CLE @ KC,3,bottom,27,5b506bb9-5e7d-3f80-9b6d-fda9560b5f87,Salvador Perez,review_type,,MJ,2026-09-30T00:49:27Z,scored,0,2026-09-30T00:49:27Z,,,,,,,,0,0,,1,0,MJ,https://statsapi.mlb.com/api/v1.1/game/824057/feed/live,https://www.mlb.com/official-information/scoring-changes,https://baseballsavant.mlb.com/sporty-videos?playId=5b506bb9-5e7d-3f80-9b6d-fda9560b5f87
2026-09-30T04:08:46Z,824057,2026-09-26,CLE @ KC,9,top,77,cad76764-eb03-3029-a24f-7e34e7c943cd,Patrick Bailey,reviewed,0,1,2026-09-30T00:49:27Z,scored,0,2026-09-30T00:49:27Z,,,,,,,,0,0,,1,0,MJ,https://statsapi.mlb.com/api/v1.1/game/824057/feed/live,https://www.mlb.com/official-information/scoring-changes,https://baseballsavant.mlb.com/sporty-videos?playId=cad76764-eb03-3029-a24f-7e34e7c943cd
2026-09-30T04:08:46Z,824057,2026-09-26,CLE @ KC,9,top,77,cad76764-eb03-3029-a24f-7e34e7c943cd,Patrick Bailey,review_type,,MJ,2026-09-30T00:49:27Z,scored,0,2026-09-30T00:49:27Z,,,,,,,,0,0,,1,0,MJ,https://statsapi.mlb.com/api/v1.1/game/824057/feed/live,https://www.mlb.com/official-information/scoring-changes,https://baseballsavant.mlb.com/sporty-videos?playId=cad76764-eb03-3029-a24f-7e34e7c943cd
2026-09-30T04:08:46Z,824543,2026-09-26,COL @ CWS,6,bottom,50,28ecc639-ba33-3537-9f4c-5eb316dc7360,Sam Antonacci,reviewed,0,1,2026-09-30T00:49:27Z,scored,0,2026-09-30T00:49:27Z,,,,,,,,0,0,,1,0,MJ,https://statsapi.mlb.com/api/v1.1/game/824543/feed/live,https://www.mlb.com/official-information/scoring-changes,https://baseballsavant.mlb.com/sporty-videos?playId=28ecc639-ba33-3537-9f4c-5eb316dc7360
2026-09-30T04:08:46Z,824543,2026-09-26,COL @ CWS,6,bottom,50,28ecc639-ba33-3537-9f4c-5eb316dc7360,Sam Antonacci,review_type,,MJ,2026-09-30T00:49:27Z,scored,0,2026-09-30T00:49:27Z,,,,,,,,0,0,,1,0,MJ,https://statsapi.mlb.com/api/v1.1/game/824543/feed/live,https://www.mlb.com/official-information/scoring-changes,https://baseballsavant.mlb.com/sporty-videos?playId=28ecc639-ba33-3537-9f4c-5eb316dc7360
2026-09-30T04:08:46Z,823733,2026-09-26,STL @ MIL,2,top,7,1fb45c0f-7af0-3f4e-af0d-9080a717f72c,Leo Bernal,reviewed,0,1,2026-09-30T00:49:27Z,scored,0,2026-09-30T00:49:27Z,,,,,,,,0,0,,1,1,MJ,https://statsapi.mlb.com/api/v1.1/game/823733/feed/live,https://www.mlb.com/official-information/scoring-changes,https://baseballsavant.mlb.com/sporty-videos?playId=1fb45c0f-7af0-3f4e-af0d-9080a717f72c
2026-09-30T04:08:46Z,823733,2026-09-26,STL @ MIL,2,top,7,1fb45c0f-7af0-3f4e-af0d-9080a717f72c,Leo Bernal,overturned,0,1,2026-09-30T00:49:27Z,scored,0,2026-09-30T00:49:27Z,,,,,,,,0,0,,1,1,MJ,https://statsapi.mlb.com/api/v1.1/game/823733/feed/live,https://www.mlb.com/official-information/scoring-changes,https://baseballsavant.mlb.com/sporty-videos?playId=1fb45c0f-7af0-3f4e-af0d-9080a717f72c
2026-09-30T04:08:46Z,823733,2026-09-26,STL @ MIL,2,top,7,1fb45c0f-7af0-3f4e-af0d-9080a717f72c,Leo Bernal,review_type,,MJ,2026-09-30T00:49:27Z,scored,0,2026-09-30T00:49:27Z,,,,,,,,0,0,,1,1,MJ,https://statsapi.mlb.com/api/v1.1/game/823733/feed/live,https://www.mlb.com/official-information/scoring-changes,https://baseballsavant.mlb.com/sporty-videos?playId=1fb45c0f-7af0-3f4e-af0d-9080a717f72c
2026-09-30T04:08:46Z,823407,2026-09-26,TB @ PHI,1,top,5,a202bfc0-235a-3693-9166-d6b4d9defbad,Richie Palacios,reviewed,0,1,2026-09-30T00:49:27Z,scored,0,2026-09-30T00:49:27Z,,,,,,,,1,1,,1,1,MJ,https://statsapi.mlb.com/api/v1.1/game/823407/feed/live,https://www.mlb.com/official-information/scoring-changes,https://baseballsavant.mlb.com/sporty-videos?playId=a202bfc0-235a-3693-9166-d6b4d9defbad
2026-09-30T04:08:46Z,823407,2026-09-26,TB @ PHI,1,top,5,a202bfc0-235a-3693-9166-d6b4d9defbad,Richie Palacios,overturned,0,1,2026-09-30T00:49:27Z,scored,0,2026-09-30T00:49:27Z,,,,,,,,1,1,,1,1,MJ,https://statsapi.mlb.com/api/v1.1/game/823407/feed/live,https://www.mlb.com/official-information/scoring-changes,https://baseballsavant.mlb.com/sporty-videos?playId=a202bfc0-235a-3693-9166-d6b4d9defbad
2026-09-30T04:08:46Z,823407,2026-09-26,TB @ PHI,1,top,5,a202bfc0-235a-3693-9166-d6b4d9defbad,Richie Palacios,review_type,,MJ,2026-09-30T00:49:27Z,scored,0,2026-09-30T00:49:27Z,,,,,,,,1,1,,1,1,MJ,https://statsapi.mlb.com/api/v1.1/game/823407/feed/live,https://www.mlb.com/official-information/scoring-changes,https://baseballsavant.mlb.com/sporty-videos?playId=a202bfc0-235a-3693-9166-d6b4d9defbad
2026-09-30T04:08:46Z,823407,2026-09-26,TB @ PHI,2,top,12,4baff05c-3e06-3fa0-a887-3f5ab8513d51,Yandy Díaz,reviewed,0,1,2026-09-30T00:49:27Z,scored,0,2026-09-30T00:49:27Z,,,,,,,,0,0,,1,1,MJ,https://statsapi.mlb.com/api/v1.1/game/823407/feed/live,https://www.mlb.com/official-information/scoring-changes,https://baseballsavant.mlb.com/sporty-videos?playId=4baff05c-3e06-3fa0-a887-3f5ab8513d51
2026-09-30T04:08:46Z,823407,2026-09-26,TB @ PHI,2,top,12,4baff05c-3e06-3fa0-a887-3f5ab8513d51,Yandy Díaz,overturned,0,1,2026-09-30T00:49:27Z,scored,0,2026-09-30T00:49:27Z,,,,,,,,0,0,,1,1,MJ,https://statsapi.mlb.com/api/v1.1/game/823407/feed/live,https://www.mlb.com/official-information/scoring-changes,https://baseballsavant.mlb.com/sporty-videos?playId=4baff05c-3e06-3fa0-a887-3f5ab8513d51
2026-09-30T04:08:46Z,823407,2026-09-26,TB @ PHI,2,top,12,4baff05c-3e06-3fa0-a887-3f5ab8513d51,Yandy Díaz,review_type,,MJ,2026-09-30T00:49:27Z,scored,0,2026-09-30T00:49:27Z,,,,,,,,0,0,,1,1,MJ,https://statsapi.mlb.com/api/v1.1/game/823407/feed/live,https://www.mlb.com/official-information/scoring-changes,https://baseballsavant.mlb.com/sporty-videos?playId=4baff05c-3e06-3fa0-a887-3f5ab8513d51
2026-09-30T04:08:46Z,823407,2026-09-26,TB @ PHI,6,bottom,52,2788f918-eaf1-3b7c-b797-2759752eddd5,Trea Turner,reviewed,0,1,2026-09-30T00:49:27Z,scored,0,2026-09-30T00:49:27Z,,,,,,,,0,0,,1,1,MJ,https://statsapi.mlb.com/api/v1.1/game/823407/feed/live,https://www.mlb.com/official-information/scoring-changes,https://baseballsavant.mlb.com/sporty-videos?playId=2788f918-eaf1-3b7c-b797-2759752eddd5
2026-09-30T04:08:46Z,823407,2026-09-26,TB @ PHI,6,bottom,52,2788f918-eaf1-3b7c-b797-2759752eddd5,Trea Turner,overturned,0,1,2026-09-30T00:49:27Z,scored,0,2026-09-30T00:49:27Z,,,,,,,,0,0,,1,1,MJ,https://statsapi.mlb.com/api/v1.1/game/823407/feed/live,https://www.mlb.com/official-information/scoring-changes,https://baseballsavant.mlb.com/sporty-videos?playId=2788f918-eaf1-3b7c-b797-2759752eddd5
2026-09-30T04:08:46Z,823407,2026-09-26,TB @ PHI,6,bottom,52,2788f918-eaf1-3b7c-b797-2759752eddd5,Trea Turner,review_type,,MJ,2026-09-30T00:49:27Z,scored,0,2026-09-30T00:49:27Z,,,,,,,,0,0,,1,1,MJ,https://statsapi.mlb.com/api/v1.1/game/823407/feed/live,https://www.mlb.com/official-information/scoring-changes,https://baseballsavant.mlb.com/sporty-videos?playId=2788f918-eaf1-3b7c-b797-2759752eddd5
2026-09-30T04:08:46Z,823245,2026-09-26,AZ @ SD,4,top,33,df62586b-7da4-317a-a428-83159b016bb7,James McCann,reviewed,0,1,2026-09-30T00:49:27Z,scored,0,2026-09-30T00:49:27Z,,,,,,,,2,2,,1,0,MJ,https://statsapi.mlb.com/api/v1.1/game/823245/feed/live,https://www.mlb.com/official-information/scoring-changes,https://baseballsavant.mlb.com/sporty-videos?playId=df62586b-7da4-317a-a428-83159b016bb7
2026-09-30T04:08:46Z,823245,2026-09-26,AZ @ SD,4,top,33,df62586b-7da4-317a-a428-83159b016bb7,James McCann,review_type,,MJ,2026-09-30T00:49:27Z,scored,0,2026-09-30T00:49:27Z,,,,,,,,2,2,,1,0,MJ,https://statsapi.mlb.com/api/v1.1/game/823245/feed/live,https://www.mlb.com/official-information/scoring-changes,https://baseballsavant.mlb.com/sporty-videos?playId=df62586b-7da4-317a-a428-83159b016bb7
2026-09-30T04:08:46Z,824949,2026-09-26,HOU @ ATH,6,top,41,62f4004b-26ca-3e27-b7c3-0a61819fa1b7,Christian Walker,reviewed,0,1,2026-09-30T00:49:27Z,scored,0,2026-09-30T00:49:27Z,,,,,,,,0,0,,1,1,MJ,https://statsapi.mlb.com/api/v1.1/game/824949/feed/live,https://www.mlb.com/official-information/scoring-changes,https://baseballsavant.mlb.com/sporty-videos?playId=62f4004b-26ca-3e27-b7c3-0a61819fa1b7
2026-09-30T04:08:46Z,824949,2026-09-26,HOU @ ATH,6,top,41,62f4004b-26ca-3e27-b7c3-0a61819fa1b7,Christian Walker,overturned,0,1,2026-09-30T00:49:27Z,scored,0,2026-09-30T00:49:27Z,,,,,,,,0,0,,1,1,MJ,https://statsapi.mlb.com/api/v1.1/game/824949/feed/live,https://www.mlb.com/official-information/scoring-changes,https://baseballsavant.mlb.com/sporty-videos?playId=62f4004b-26ca-3e27-b7c3-0a61819fa1b7
2026-09-30T04:08:46Z,824949,2026-09-26,HOU @ ATH,6,top,41,62f4004b-26ca-3e27-b7c3-0a61819fa1b7,Christian Walker,review_type,,MJ,2026-09-30T00:49:27Z,scored,0,2026-09-30T00:49:27Z,,,,,,,,0,0,,1,1,MJ,https://statsapi.mlb.com/api/v1.1/game/824949/feed/live,https://www.mlb.com/official-information/scoring-changes,https://baseballsavant.mlb.com/sporty-videos?playId=62f4004b-26ca-3e27-b7c3-0a61819fa1b7
2026-09-30T04:08:46Z,823083,2026-09-26,LAA @ SEA,5,bottom,41,6b50185a-73bb-3d8a-bcc4-9a5f762d8d1c,Randy Arozarena,reviewed,0,1,2026-09-30T00:49:27Z,scored,0,2026-09-30T00:49:27Z,,,,,,,,0,0,,1,1,MJ,https://statsapi.mlb.com/api/v1.1/game/823083/feed/live,https://www.mlb.com/official-information/scoring-changes,https://baseballsavant.mlb.com/sporty-videos?playId=6b50185a-73bb-3d8a-bcc4-9a5f762d8d1c
2026-09-30T04:08:46Z,823083,2026-09-26,LAA @ SEA,5,bottom,41,6b50185a-73bb-3d8a-bcc4-9a5f762d8d1c,Randy Arozarena,overturned,0,1,2026-09-30T00:49:27Z,scored,0,2026-09-30T00:49:27Z,,,,,,,,0,0,,1,1,MJ,https://statsapi.mlb.com/api/v1.1/game/823083/feed/live,https://www.mlb.com/official-information/scoring-changes,https://baseballsavant.mlb.com/sporty-videos?playId=6b50185a-73bb-3d8a-bcc4-9a5f762d8d1c
2026-09-30T04:08:46Z,823083,2026-09-26,LAA @ SEA,5,bottom,41,6b50185a-73bb-3d8a-bcc4-9a5f762d8d1c,Randy Arozarena,review_type,,MJ,2026-09-30T00:49:27Z,scored,0,2026-09-30T00:49:27Z,,,,,,,,0,0,,1,1,MJ,https://statsapi.mlb.com/api/v1.1/game/823083/feed/live,https://www.mlb.com/official-information/scoring-changes,https://baseballsavant.mlb.com/sporty-videos?playId=6b50185a-73bb-3d8a-bcc4-9a5f762d8d1c
2026-09-30T04:08:46Z,822679,2026-09-27,NYM @ WSH,3,top,23,e488118c-2162-35be-809f-055cb4feb9cf,Marcus Semien,reviewed,0,1,2026-09-30T00:49:27Z,scored,0,2026-09-30T00:49:27Z,,,,,,,,0,0,,1,0,MJ,https://statsapi.mlb.com/api/v1.1/game/822679/feed/live,https://www.mlb.com/official-information/scoring-changes,https://baseballsavant.mlb.com/sporty-videos?playId=e488118c-2162-35be-809f-055cb4feb9cf
2026-09-30T04:08:46Z,822679,2026-09-27,NYM @ WSH,3,top,23,e488118c-2162-35be-809f-055cb4feb9cf,Marcus Semien,review_type,,MJ,2026-09-30T00:49:27Z,scored,0,2026-09-30T00:49:27Z,,,,,,,,0,0,,1,0,MJ,https://statsapi.mlb.com/api/v1.1/game/822679/feed/live,https://www.mlb.com/official-information/scoring-changes,https://baseballsavant.mlb.com/sporty-videos?playId=e488118c-2162-35be-809f-055cb4feb9cf
2026-09-30T04:08:46Z,822679,2026-09-27,NYM @ WSH,3,bottom,27,fb626fdb-f2df-3ecb-b4a6-1d42dff5f4af,Brady House,reviewed,0,1,2026-09-30T00:49:27Z,scored,0,2026-09-30T00:49:27Z,,,,,,,,0,0,,1,1,MJ,https://statsapi.mlb.com/api/v1.1/game/822679/feed/live,https://www.mlb.com/official-information/scoring-changes,https://baseballsavant.mlb.com/sporty-videos?playId=fb626fdb-f2df-3ecb-b4a6-1d42dff5f4af
2026-09-30T04:08:46Z,822679,2026-09-27,NYM @ WSH,3,bottom,27,fb626fdb-f2df-3ecb-b4a6-1d42dff5f4af,Brady House,overturned,0,1,2026-09-30T00:49:27Z,scored,0,2026-09-30T00:49:27Z,,,,,,,,0,0,,1,1,MJ,https://statsapi.mlb.com/api/v1.1/game/822679/feed/live,https://www.mlb.com/official-information/scoring-changes,https://baseballsavant.mlb.com/sporty-videos?playId=fb626fdb-f2df-3ecb-b4a6-1d42dff5f4af
2026-09-30T04:08:46Z,822679,2026-09-27,NYM @ WSH,3,bottom,27,fb626fdb-f2df-3ecb-b4a6-1d42dff5f4af,Brady House,review_type,,MJ,2026-09-30T00:49:27Z,scored,0,2026-09-30T00:49:27Z,,,,,,,,0,0,,1,1,MJ,https://statsapi.mlb.com/api/v1.1/game/822679/feed/live,https://www.mlb.com/official-information/scoring-changes,https://baseballsavant.mlb.com/sporty-videos?playId=fb626fdb-f2df-3ecb-b4a6-1d42dff5f4af
2026-09-30T04:08:46Z,823408,2026-09-27,TB @ PHI,3,top,19,e6d050de-74c9-3d03-9294-9d7c93b44a1d,Nick Fortes,reviewed,0,1,2026-09-30T00:49:27Z,scored,0,2026-09-30T00:49:27Z,,,,,,,,0,0,,1,1,MJ,https://statsapi.mlb.com/api/v1.1/game/823408/feed/live,https://www.mlb.com/official-information/scoring-changes,https://baseballsavant.mlb.com/sporty-videos?playId=e6d050de-74c9-3d03-9294-9d7c93b44a1d
2026-09-30T04:08:46Z,823408,2026-09-27,TB @ PHI,3,top,19,e6d050de-74c9-3d03-9294-9d7c93b44a1d,Nick Fortes,overturned,0,1,2026-09-30T00:49:27Z,scored,0,2026-09-30T00:49:27Z,,,,,,,,0,0,,1,1,MJ,https://statsapi.mlb.com/api/v1.1/game/823408/feed/live,https://www.mlb.com/official-information/scoring-changes,https://baseballsavant.mlb.com/sporty-videos?playId=e6d050de-74c9-3d03-9294-9d7c93b44a1d
2026-09-30T04:08:46Z,823408,2026-09-27,TB @ PHI,3,top,19,e6d050de-74c9-3d03-9294-9d7c93b44a1d,Nick Fortes,review_type,,MJ,2026-09-30T00:49:27Z,scored,0,2026-09-30T00:49:27Z,,,,,,,,0,0,,1,1,MJ,https://statsapi.mlb.com/api/v1.1/game/823408/feed/live,https://www.mlb.com/official-information/scoring-changes,https://baseballsavant.mlb.com/sporty-videos?playId=e6d050de-74c9-3d03-9294-9d7c93b44a1d
2026-09-30T04:08:46Z,823408,2026-09-27,TB @ PHI,5,bottom,39,8b3f2662-d033-323b-bda8-a4c0c0f4a227,Bryce Harper,reviewed,0,1,2026-09-30T00:49:27Z,scored,0,2026-09-30T00:49:27Z,,,,,,,,1,1,,1,0,MJ,https://statsapi.mlb.com/api/v1.1/game/823408/feed/live,https://www.mlb.com/official-information/scoring-changes,https://baseballsavant.mlb.com/sporty-videos?playId=8b3f2662-d033-323b-bda8-a4c0c0f4a227
2026-09-30T04:08:46Z,823408,2026-09-27,TB @ PHI,5,bottom,39,8b3f2662-d033-323b-bda8-a4c0c0f4a227,Bryce Harper,review_type,,MJ,2026-09-30T00:49:27Z,scored,0,2026-09-30T00:49:27Z,,,,,,,,1,1,,1,0,MJ,https://statsapi.mlb.com/api/v1.1/game/823408/feed/live,https://www.mlb.com/official-information/scoring-changes,https://baseballsavant.mlb.com/sporty-videos?playId=8b3f2662-d033-323b-bda8-a4c0c0f4a227
2026-09-30T04:08:46Z,824705,2026-09-27,CHC @ BOS,3,bottom,24,96b67191-1308-32f3-a234-4859ebcf09e9,Willson Contreras,reviewed,0,1,2026-09-30T00:49:27Z,scored,0,2026-09-30T00:49:27Z,,,,,,,,0,0,,1,1,MJ,https://statsapi.mlb.com/api/v1.1/game/824705/feed/live,https://www.mlb.com/official-information/scoring-changes,https://baseballsavant.mlb.com/sporty-videos?playId=96b67191-1308-32f3-a234-4859ebcf09e9
2026-09-30T04:08:46Z,824705,2026-09-27,CHC @ BOS,3,bottom,24,96b67191-1308-32f3-a234-4859ebcf09e9,Willson Contreras,overturned,0,1,2026-09-30T00:49:27Z,scored,0,2026-09-30T00:49:27Z,,,,,,,,0,0,,1,1,MJ,https://statsapi.mlb.com/api/v1.1/game/824705/feed/live,https://www.mlb.com/official-information/scoring-changes,https://baseballsavant.mlb.com/sporty-videos?playId=96b67191-1308-32f3-a234-4859ebcf09e9
2026-09-30T04:08:46Z,824705,2026-09-27,CHC @ BOS,3,bottom,24,96b67191-1308-32f3-a234-4859ebcf09e9,Willson Contreras,review_type,,MJ,2026-09-30T00:49:27Z,scored,0,2026-09-30T00:49:27Z,,,,,,,,0,0,,1,1,MJ,https://statsapi.mlb.com/api/v1.1/game/824705/feed/live,https://www.mlb.com/official-information/scoring-changes,https://baseballsavant.mlb.com/sporty-videos?playId=96b67191-1308-32f3-a234-4859ebcf09e9
2026-09-30T04:08:46Z,824705,2026-09-27,CHC @ BOS,4,bottom,35,019ab3f2-146a-3a32-9a15-811fd55173d4,Andruw Monasterio,reviewed,0,1,2026-09-30T00:49:27Z,scored,0,2026-09-30T00:49:27Z,,,,,,,,0,0,,1,0,MJ,https://statsapi.mlb.com/api/v1.1/game/824705/feed/live,https://www.mlb.com/official-information/scoring-changes,https://baseballsavant.mlb.com/sporty-videos?playId=019ab3f2-146a-3a32-9a15-811fd55173d4
2026-09-30T04:08:46Z,824705,2026-09-27,CHC @ BOS,4,bottom,35,019ab3f2-146a-3a32-9a15-811fd55173d4,Andruw Monasterio,review_type,,MJ,2026-09-30T00:49:27Z,scored,0,2026-09-30T00:49:27Z,,,,,,,,0,0,,1,0,MJ,https://statsapi.mlb.com/api/v1.1/game/824705/feed/live,https://www.mlb.com/official-information/scoring-changes,https://baseballsavant.mlb.com/sporty-videos?playId=019ab3f2-146a-3a32-9a15-811fd55173d4
2026-09-30T04:08:46Z,824705,2026-09-27,CHC @ BOS,9,top,68,54ba9725-9450-3b44-aaaa-3dcb63e95e8c,Alex Bregman,reviewed,0,1,2026-09-30T00:49:27Z,scored,0,2026-09-30T00:49:27Z,,,,,,,,1,1,,1,1,MJ,https://statsapi.mlb.com/api/v1.1/game/824705/feed/live,https://www.mlb.com/official-information/scoring-changes,https://baseballsavant.mlb.com/sporty-videos?playId=54ba9725-9450-3b44-aaaa-3dcb63e95e8c
2026-09-30T04:08:46Z,824705,2026-09-27,CHC @ BOS,9,top,68,54ba9725-9450-3b44-aaaa-3dcb63e95e8c,Alex Bregman,overturned,0,1,2026-09-30T00:49:27Z,scored,0,2026-09-30T00:49:27Z,,,,,,,,1,1,,1,1,MJ,https://statsapi.mlb.com/api/v1.1/game/824705/feed/live,https://www.mlb.com/official-information/scoring-changes,https://baseballsavant.mlb.com/sporty-videos?playId=54ba9725-9450-3b44-aaaa-3dcb63e95e8c
2026-09-30T04:08:46Z,824705,2026-09-27,CHC @ BOS,9,top,68,54ba9725-9450-3b44-aaaa-3dcb63e95e8c,Alex Bregman,review_type,,MJ,2026-09-30T00:49:27Z,scored,0,2026-09-30T00:49:27Z,,,,,,,,1,1,,1,1,MJ,https://statsapi.mlb.com/api/v1.1/game/824705/feed/live,https://www.mlb.com/official-information/scoring-changes,https://baseballsavant.mlb.com/sporty-videos?playId=54ba9725-9450-3b44-aaaa-3dcb63e95e8c
2026-09-30T04:08:46Z,824948,2026-09-27,HOU @ ATH,6,top,48,8bc99364-5015-3a41-8537-3985a1481bae,Jose Altuve,reviewed,0,1,2026-09-30T00:49:27Z,scored,0,2026-09-30T00:49:27Z,,,,,,,,0,0,,1,0,MJ,https://statsapi.mlb.com/api/v1.1/game/824948/feed/live,https://www.mlb.com/official-information/scoring-changes,https://baseballsavant.mlb.com/sporty-videos?playId=8bc99364-5015-3a41-8537-3985a1481bae
2026-09-30T04:08:46Z,824948,2026-09-27,HOU @ ATH,6,top,48,8bc99364-5015-3a41-8537-3985a1481bae,Jose Altuve,review_type,,MJ,2026-09-30T00:49:27Z,scored,0,2026-09-30T00:49:27Z,,,,,,,,0,0,,1,0,MJ,https://statsapi.mlb.com/api/v1.1/game/824948/feed/live,https://www.mlb.com/official-information/scoring-changes,https://baseballsavant.mlb.com/sporty-videos?playId=8bc99364-5015-3a41-8537-3985a1481bae
2026-09-30T04:08:46Z,824948,2026-09-27,HOU @ ATH,9,top,76,d87a8350-3acd-3ff7-9efa-8b75a244e3dc,Jorge Barrosa,reviewed,0,1,2026-09-30T00:49:27Z,scored,0,2026-09-30T00:49:27Z,,,,,,,,0,0,,1,1,MJ,https://statsapi.mlb.com/api/v1.1/game/824948/feed/live,https://www.mlb.com/official-information/scoring-changes,https://baseballsavant.mlb.com/sporty-videos?playId=d87a8350-3acd-3ff7-9efa-8b75a244e3dc
2026-09-30T04:08:46Z,824948,2026-09-27,HOU @ ATH,9,top,76,d87a8350-3acd-3ff7-9efa-8b75a244e3dc,Jorge Barrosa,overturned,0,1,2026-09-30T00:49:27Z,scored,0,2026-09-30T00:49:27Z,,,,,,,,0,0,,1,1,MJ,https://statsapi.mlb.com/api/v1.1/game/824948/feed/live,https://www.mlb.com/official-information/scoring-changes,https://baseballsavant.mlb.com/sporty-videos?playId=d87a8350-3acd-3ff7-9efa-8b75a244e3dc
2026-09-30T04:08:46Z,824948,2026-09-27,HOU @ ATH,9,top,76,d87a8350-3acd-3ff7-9efa-8b75a244e3dc,Jorge Barrosa,review_type,,MJ,2026-09-30T00:49:27Z,scored,0,2026-09-30T00:49:27Z,,,,,,,,0,0,,1,1,MJ,https://statsapi.mlb.com/api/v1.1/game/824948/feed/live,https://www.mlb.com/official-information/scoring-changes,https://baseballsavant.mlb.com/sporty-videos?playId=d87a8350-3acd-3ff7-9efa-8b75a244e3dc
2026-09-30T04:08:46Z,822761,2026-09-27,CIN @ TOR,2,bottom,12,e67fc21c-7707-3087-bdf7-d027af8ed4ca,Myles Straw,reviewed,0,1,2026-09-30T00:49:27Z,scored,0,2026-09-30T00:49:27Z,,,,,,,,0,0,,1,1,MJ,https://statsapi.mlb.com/api/v1.1/game/822761/feed/live,https://www.mlb.com/official-information/scoring-changes,https://baseballsavant.mlb.com/sporty-videos?playId=e67fc21c-7707-3087-bdf7-d027af8ed4ca
2026-09-30T04:08:46Z,822761,2026-09-27,CIN @ TOR,2,bottom,12,e67fc21c-7707-3087-bdf7-d027af8ed4ca,Myles Straw,overturned,0,1,2026-09-30T00:49:27Z,scored,0,2026-09-30T00:49:27Z,,,,,,,,0,0,,1,1,MJ,https://statsapi.mlb.com/api/v1.1/game/822761/feed/live,https://www.mlb.com/official-information/scoring-changes,https://baseballsavant.mlb.com/sporty-videos?playId=e67fc21c-7707-3087-bdf7-d027af8ed4ca
2026-09-30T04:08:46Z,822761,2026-09-27,CIN @ TOR,2,bottom,12,e67fc21c-7707-3087-bdf7-d027af8ed4ca,Myles Straw,review_type,,MJ,2026-09-30T00:49:27Z,scored,0,2026-09-30T00:49:27Z,,,,,,,,0,0,,1,1,MJ,https://statsapi.mlb.com/api/v1.1/game/822761/feed/live,https://www.mlb.com/official-information/scoring-changes,https://baseballsavant.mlb.com/sporty-videos?playId=e67fc21c-7707-3087-bdf7-d027af8ed4ca
2026-09-30T04:08:46Z,822761,2026-09-27,CIN @ TOR,2,bottom,13,a9127b43-05b5-3a94-a21b-d74f56397caf,Andrés Giménez,reviewed,0,1,2026-09-30T00:49:27Z,scored,0,2026-09-30T00:49:27Z,,,,,,,,0,0,,1,1,MJ,https://statsapi.mlb.com/api/v1.1/game/822761/feed/live,https://www.mlb.com/official-information/scoring-changes,https://baseballsavant.mlb.com/sporty-videos?playId=a9127b43-05b5-3a94-a21b-d74f56397caf
2026-09-30T04:08:46Z,822761,2026-09-27,CIN @ TOR,2,bottom,13,a9127b43-05b5-3a94-a21b-d74f56397caf,Andrés Giménez,overturned,0,1,2026-09-30T00:49:27Z,scored,0,2026-09-30T00:49:27Z,,,,,,,,0,0,,1,1,MJ,https://statsapi.mlb.com/api/v1.1/game/822761/feed/live,https://www.mlb.com/official-information/scoring-changes,https://baseballsavant.mlb.com/sporty-videos?playId=a9127b43-05b5-3a94-a21b-d74f56397caf
2026-09-30T04:08:46Z,822761,2026-09-27,CIN @ TOR,2,bottom,13,a9127b43-05b5-3a94-a21b-d74f56397caf,Andrés Giménez,review_type,,MJ,2026-09-30T00:49:27Z,scored,0,2026-09-30T00:49:27Z,,,,,,,,0,0,,1,1,MJ,https://statsapi.mlb.com/api/v1.1/game/822761/feed/live,https://www.mlb.com/official-information/scoring-changes,https://baseballsavant.mlb.com/sporty-videos?playId=a9127b43-05b5-3a94-a21b-d74f56397caf
2026-09-30T04:08:46Z,822761,2026-09-27,CIN @ TOR,4,top,30,44498b0f-69ee-3ef1-acc1-905ff10f47d2,Héctor Rodríguez,reviewed,0,1,2026-09-30T00:49:27Z,scored,0,2026-09-30T00:49:27Z,,,,,,,,0,0,,1,1,MJ,https://statsapi.mlb.com/api/v1.1/game/822761/feed/live,https://www.mlb.com/official-information/scoring-changes,https://baseballsavant.mlb.com/sporty-videos?playId=44498b0f-69ee-3ef1-acc1-905ff10f47d2
2026-09-30T04:08:46Z,822761,2026-09-27,CIN @ TOR,4,top,30,44498b0f-69ee-3ef1-acc1-905ff10f47d2,Héctor Rodríguez,overturned,0,1,2026-09-30T00:49:27Z,scored,0,2026-09-30T00:49:27Z,,,,,,,,0,0,,1,1,MJ,https://statsapi.mlb.com/api/v1.1/game/822761/feed/live,https://www.mlb.com/official-information/scoring-changes,https://baseballsavant.mlb.com/sporty-videos?playId=44498b0f-69ee-3ef1-acc1-905ff10f47d2
2026-09-30T04:08:46Z,822761,2026-09-27,CIN @ TOR,4,top,30,44498b0f-69ee-3ef1-acc1-905ff10f47d2,Héctor Rodríguez,review_type,,MJ,2026-09-30T00:49:27Z,scored,0,2026-09-30T00:49:27Z,,,,,,,,0,0,,1,1,MJ,https://statsapi.mlb.com/api/v1.1/game/822761/feed/live,https://www.mlb.com/official-information/scoring-changes,https://baseballsavant.mlb.com/sporty-videos?playId=44498b0f-69ee-3ef1-acc1-905ff10f47d2
2026-09-30T04:08:46Z,822761,2026-09-27,CIN @ TOR,6,top,42,4bf23cbb-ce6d-3b2b-9b4d-8f7f7d9ba166,Sal Stewart,reviewed,0,1,2026-09-30T00:49:27Z,scored,0,2026-09-30T00:49:27Z,,,,,,,,0,0,,1,1,MJ,https://statsapi.mlb.com/api/v1.1/game/822761/feed/live,https://www.mlb.com/official-information/scoring-changes,https://baseballsavant.mlb.com/sporty-videos?playId=4bf23cbb-ce6d-3b2b-9b4d-8f7f7d9ba166
2026-09-30T04:08:46Z,822761,2026-09-27,CIN @ TOR,6,top,42,4bf23cbb-ce6d-3b2b-9b4d-8f7f7d9ba166,Sal Stewart,overturned,0,1,2026-09-30T00:49:27Z,scored,0,2026-09-30T00:49:27Z,,,,,,,,0,0,,1,1,MJ,https://statsapi.mlb.com/api/v1.1/game/822761/feed/live,https://www.mlb.com/official-information/scoring-changes,https://baseballsavant.mlb.com/sporty-videos?playId=4bf23cbb-ce6d-3b2b-9b4d-8f7f7d9ba166
2026-09-30T04:08:46Z,822761,2026-09-27,CIN @ TOR,6,top,42,4bf23cbb-ce6d-3b2b-9b4d-8f7f7d9ba166,Sal Stewart,review_type,,MJ,2026-09-30T00:49:27Z,scored,0,2026-09-30T00:49:27Z,,,,,,,,0,0,,1,1,MJ,https://statsapi.mlb.com/api/v1.1/game/822761/feed/live,https://www.mlb.com/official-information/scoring-changes,https://baseballsavant.mlb.com/sporty-videos?playId=4bf23cbb-ce6d-3b2b-9b4d-8f7f7d9ba166
2026-09-30T04:08:46Z,824217,2026-09-27,PIT @ DET,3,top,18,61931566-99e7-3198-a9d7-ba7bf0d5d6c0,Rafael Flores Jr.,reviewed,0,1,2026-09-30T00:49:27Z,scored,0,2026-09-30T00:49:27Z,,,,,,,,0,0,,1,1,MJ,https://statsapi.mlb.com/api/v1.1/game/824217/feed/live,https://www.mlb.com/official-information/scoring-changes,https://baseballsavant.mlb.com/sporty-videos?playId=61931566-99e7-3198-a9d7-ba7bf0d5d6c0
2026-09-30T04:08:46Z,824217,2026-09-27,PIT @ DET,3,top,18,61931566-99e7-3198-a9d7-ba7bf0d5d6c0,Rafael Flores Jr.,overturned,0,1,2026-09-30T00:49:27Z,scored,0,2026-09-30T00:49:27Z,,,,,,,,0,0,,1,1,MJ,https://statsapi.mlb.com/api/v1.1/game/824217/feed/live,https://www.mlb.com/official-information/scoring-changes,https://baseballsavant.mlb.com/sporty-videos?playId=61931566-99e7-3198-a9d7-ba7bf0d5d6c0
2026-09-30T04:08:46Z,824217,2026-09-27,PIT @ DET,3,top,18,61931566-99e7-3198-a9d7-ba7bf0d5d6c0,Rafael Flores Jr.,review_type,,MJ,2026-09-30T00:49:27Z,scored,0,2026-09-30T00:49:27Z,,,,,,,,0,0,,1,1,MJ,https://statsapi.mlb.com/api/v1.1/game/824217/feed/live,https://www.mlb.com/official-information/scoring-changes,https://baseballsavant.mlb.com/sporty-videos?playId=61931566-99e7-3198-a9d7-ba7bf0d5d6c0
2026-09-30T04:08:46Z,824217,2026-09-27,PIT @ DET,5,bottom,39,469c7fd2-735c-3f6f-bfc1-7ca0f53d3b81,Zach McKinstry,reviewed,0,1,2026-09-30T00:49:27Z,scored,0,2026-09-30T00:49:27Z,,,,,,,,0,0,,1,0,MJ,https://statsapi.mlb.com/api/v1.1/game/824217/feed/live,https://www.mlb.com/official-information/scoring-changes,https://baseballsavant.mlb.com/sporty-videos?playId=469c7fd2-735c-3f6f-bfc1-7ca0f53d3b81
2026-09-30T04:08:46Z,824217,2026-09-27,PIT @ DET,5,bottom,39,469c7fd2-735c-3f6f-bfc1-7ca0f53d3b81,Zach McKinstry,review_type,,MJ,2026-09-30T00:49:27Z,scored,0,2026-09-30T00:49:27Z,,,,,,,,0,0,,1,0,MJ,https://statsapi.mlb.com/api/v1.1/game/824217/feed/live,https://www.mlb.com/official-information/scoring-changes,https://baseballsavant.mlb.com/sporty-videos?playId=469c7fd2-735c-3f6f-bfc1-7ca0f53d3b81
2026-09-30T04:08:46Z,824217,2026-09-27,PIT @ DET,7,bottom,52,c610bda6-a329-36df-b099-966a4bf77ae5,Eduardo Valencia,reviewed,0,1,2026-09-30T00:49:27Z,scored,0,2026-09-30T00:49:27Z,,,,,,,,1,1,,1,1,MJ,https://statsapi.mlb.com/api/v1.1/game/824217/feed/live,https://www.mlb.com/official-information/scoring-changes,https://baseballsavant.mlb.com/sporty-videos?playId=c610bda6-a329-36df-b099-966a4bf77ae5
2026-09-30T04:08:46Z,824217,2026-09-27,PIT @ DET,7,bottom,52,c610bda6-a329-36df-b099-966a4bf77ae5,Eduardo Valencia,overturned,0,1,2026-09-30T00:49:27Z,scored,0,2026-09-30T00:49:27Z,,,,,,,,1,1,,1,1,MJ,https://statsapi.mlb.com/api/v1.1/game/824217/feed/live,https://www.mlb.com/official-information/scoring-changes,https://baseballsavant.mlb.com/sporty-videos?playId=c610bda6-a329-36df-b099-966a4bf77ae5
2026-09-30T04:08:46Z,824217,2026-09-27,PIT @ DET,7,bottom,52,c610bda6-a329-36df-b099-966a4bf77ae5,Eduardo Valencia,review_type,,MJ,2026-09-30T00:49:27Z,scored,0,2026-09-30T00:49:27Z,,,,,,,,1,1,,1,1,MJ,https://statsapi.mlb.com/api/v1.1/game/824217/feed/live,https://www.mlb.com/official-information/scoring-changes,https://baseballsavant.mlb.com/sporty-videos?playId=c610bda6-a329-36df-b099-966a4bf77ae5
2026-09-30T04:08:46Z,824217,2026-09-27,PIT @ DET,9,top,62,35f94401-b9fb-3259-b8c3-958b8b36839e,Jake Mangum,reviewed,0,1,2026-09-30T00:49:27Z,scored,0,2026-09-30T00:49:27Z,,,,,,,,0,0,,1,0,MJ,https://statsapi.mlb.com/api/v1.1/game/824217/feed/live,https://www.mlb.com/official-information/scoring-changes,https://baseballsavant.mlb.com/sporty-videos?playId=35f94401-b9fb-3259-b8c3-958b8b36839e
2026-09-30T04:08:46Z,824217,2026-09-27,PIT @ DET,9,top,62,35f94401-b9fb-3259-b8c3-958b8b36839e,Jake Mangum,review_type,,MJ,2026-09-30T00:49:27Z,scored,0,2026-09-30T00:49:27Z,,,,,,,,0,0,,1,0,MJ,https://statsapi.mlb.com/api/v1.1/game/824217/feed/live,https://www.mlb.com/official-information/scoring-changes,https://baseballsavant.mlb.com/sporty-videos?playId=35f94401-b9fb-3259-b8c3-958b8b36839e
2026-09-30T04:08:46Z,823246,2026-09-27,AZ @ SD,5,top,30,f6964d77-e583-342e-a5e7-7c4b11ebc68e,Pavin Smith,reviewed,0,1,2026-09-30T00:49:27Z,scored,0,2026-09-30T00:49:27Z,,,,,,,,0,0,,1,0,MJ,https://statsapi.mlb.com/api/v1.1/game/823246/feed/live,https://www.mlb.com/official-information/scoring-changes,https://baseballsavant.mlb.com/sporty-videos?playId=f6964d77-e583-342e-a5e7-7c4b11ebc68e
2026-09-30T04:08:46Z,823246,2026-09-27,AZ @ SD,5,top,30,f6964d77-e583-342e-a5e7-7c4b11ebc68e,Pavin Smith,review_type,,MJ,2026-09-30T00:49:27Z,scored,0,2026-09-30T00:49:27Z,,,,,,,,0,0,,1,0,MJ,https://statsapi.mlb.com/api/v1.1/game/823246/feed/live,https://www.mlb.com/official-information/scoring-changes,https://baseballsavant.mlb.com/sporty-videos?playId=f6964d77-e583-342e-a5e7-7c4b11ebc68e
2026-09-30T04:08:46Z,823084,2026-09-27,LAA @ SEA,4,top,26,d7dfc8eb-4113-3834-8483-80d5d449221a,Wade Meckler,reviewed,0,1,2026-09-30T00:49:27Z,scored,0,2026-09-30T00:49:27Z,,,,,,,,0,0,,1,0,MJ,https://statsapi.mlb.com/api/v1.1/game/823084/feed/live,https://www.mlb.com/official-information/scoring-changes,https://baseballsavant.mlb.com/sporty-videos?playId=d7dfc8eb-4113-3834-8483-80d5d449221a
2026-09-30T04:08:46Z,823084,2026-09-27,LAA @ SEA,4,top,26,d7dfc8eb-4113-3834-8483-80d5d449221a,Wade Meckler,review_type,,MJ,2026-09-30T00:49:27Z,scored,0,2026-09-30T00:49:27Z,,,,,,,,0,0,,1,0,MJ,https://statsapi.mlb.com/api/v1.1/game/823084/feed/live,https://www.mlb.com/official-information/scoring-changes,https://baseballsavant.mlb.com/sporty-videos?playId=d7dfc8eb-4113-3834-8483-80d5d449221a
2026-09-30T04:08:46Z,823650,2026-09-27,TEX @ MIN,5,bottom,41,87fbcdf1-3c3e-3380-80df-4e2ea8574a5e,Brooks Lee,reviewed,0,1,2026-09-30T00:49:27Z,scored,0,2026-09-30T00:49:27Z,,,,,,,,0,0,,1,0,MJ,https://statsapi.mlb.com/api/v1.1/game/823650/feed/live,https://www.mlb.com/official-information/scoring-changes,https://baseballsavant.mlb.com/sporty-videos?playId=87fbcdf1-3c3e-3380-80df-4e2ea8574a5e
2026-09-30T04:08:46Z,823650,2026-09-27,TEX @ MIN,5,bottom,41,87fbcdf1-3c3e-3380-80df-4e2ea8574a5e,Brooks Lee,review_type,,MJ,2026-09-30T00:49:27Z,scored,0,2026-09-30T00:49:27Z,,,,,,,,0,0,,1,0,MJ,https://statsapi.mlb.com/api/v1.1/game/823650/feed/live,https://www.mlb.com/official-information/scoring-changes,https://baseballsavant.mlb.com/sporty-videos?playId=87fbcdf1-3c3e-3380-80df-4e2ea8574a5e
2026-09-30T04:08:46Z,824542,2026-09-27,COL @ CWS,3,bottom,22,c686b69e-8482-3bd6-8352-aae2c24ca118,Randal Grichuk,reviewed,0,1,2026-09-30T00:49:27Z,scored,0,2026-09-30T00:49:27Z,,,,,,,,2,2,,1,0,MA,https://statsapi.mlb.com/api/v1.1/game/824542/feed/live,https://www.mlb.com/official-information/scoring-changes,https://baseballsavant.mlb.com/sporty-videos?playId=c686b69e-8482-3bd6-8352-aae2c24ca118
2026-09-30T04:08:46Z,824542,2026-09-27,COL @ CWS,3,bottom,22,c686b69e-8482-3bd6-8352-aae2c24ca118,Randal Grichuk,review_type,,MA,2026-09-30T00:49:27Z,scored,0,2026-09-30T00:49:27Z,,,,,,,,2,2,,1,0,MA,https://statsapi.mlb.com/api/v1.1/game/824542/feed/live,https://www.mlb.com/official-information/scoring-changes,https://baseballsavant.mlb.com/sporty-videos?playId=c686b69e-8482-3bd6-8352-aae2c24ca118
2026-09-30T04:08:46Z,823814,2026-09-27,ATL @ MIA,4,bottom,29,05a56472-7696-3038-b933-f5bfd74ee197,Deyvison De Los Santos,reviewed,0,1,2026-09-30T00:49:27Z,scored,0,2026-09-30T00:49:27Z,,,,,,,,0,0,,1,0,MJ,https://statsapi.mlb.com/api/v1.1/game/823814/feed/live,https://www.mlb.com/official-information/scoring-changes,https://baseballsavant.mlb.com/sporty-videos?playId=05a56472-7696-3038-b933-f5bfd74ee197
2026-09-30T04:08:46Z,823814,2026-09-27,ATL @ MIA,4,bottom,29,05a56472-7696-3038-b933-f5bfd74ee197,Deyvison De Los Santos,review_type,,MJ,2026-09-30T00:49:27Z,scored,0,2026-09-30T00:49:27Z,,,,,,,,0,0,,1,0,MJ,https://statsapi.mlb.com/api/v1.1/game/823814/feed/live,https://www.mlb.com/official-information/scoring-changes,https://baseballsavant.mlb.com/sporty-videos?playId=05a56472-7696-3038-b933-f5bfd74ee197
2026-09-30T04:08:46Z,823814,2026-09-27,ATL @ MIA,9,top,68,2425a8da-6826-3579-adc5-64add55c4e97,Brewer Hicklen,reviewed,0,1,2026-09-30T00:49:27Z,scored,0,2026-09-30T00:49:27Z,,,,,,,,0,0,,1,1,MJ,https://statsapi.mlb.com/api/v1.1/game/823814/feed/live,https://www.mlb.com/official-information/scoring-changes,https://baseballsavant.mlb.com/sporty-videos?playId=2425a8da-6826-3579-adc5-64add55c4e97
2026-09-30T04:08:46Z,823814,2026-09-27,ATL @ MIA,9,top,68,2425a8da-6826-3579-adc5-64add55c4e97,Brewer Hicklen,overturned,0,1,2026-09-30T00:49:27Z,scored,0,2026-09-30T00:49:27Z,,,,,,,,0,0,,1,1,MJ,https://statsapi.mlb.com/api/v1.1/game/823814/feed/live,https://www.mlb.com/official-information/scoring-changes,https://baseballsavant.mlb.com/sporty-videos?playId=2425a8da-6826-3579-adc5-64add55c4e97
2026-09-30T04:08:46Z,823814,2026-09-27,ATL @ MIA,9,top,68,2425a8da-6826-3579-adc5-64add55c4e97,Brewer Hicklen,review_type,,MJ,2026-09-30T00:49:27Z,scored,0,2026-09-30T00:49:27Z,,,,,,,,0,0,,1,1,MJ,https://statsapi.mlb.com/api/v1.1/game/823814/feed/live,https://www.mlb.com/official-information/scoring-changes,https://baseballsavant.mlb.com/sporty-videos?playId=2425a8da-6826-3579-adc5-64add55c4e97
2026-09-30T04:08:46Z,823731,2026-09-27,STL @ MIL,8,top,58,e545d0e8-b5a4-47c7-98fe-cd4a90a252fe,Jordan Walker,reviewed,0,1,2026-09-30T00:49:27Z,scored,0,2026-09-30T00:49:27Z,,,,,,,,1,1,,1,1,MJ,https://statsapi.mlb.com/api/v1.1/game/823731/feed/live,https://www.mlb.com/official-information/scoring-changes,https://baseballsavant.mlb.com/sporty-videos?playId=e545d0e8-b5a4-47c7-98fe-cd4a90a252fe
2026-09-30T04:08:46Z,823731,2026-09-27,STL @ MIL,8,top,58,e545d0e8-b5a4-47c7-98fe-cd4a90a252fe,Jordan Walker,overturned,0,1,2026-09-30T00:49:27Z,scored,0,2026-09-30T00:49:27Z,,,,,,,,1,1,,1,1,MJ,https://statsapi.mlb.com/api/v1.1/game/823731/feed/live,https://www.mlb.com/official-information/scoring-changes,https://baseballsavant.mlb.com/sporty-videos?playId=e545d0e8-b5a4-47c7-98fe-cd4a90a252fe
2026-09-30T04:08:46Z,823731,2026-09-27,STL @ MIL,8,top,58,e545d0e8-b5a4-47c7-98fe-cd4a90a252fe,Jordan Walker,review_type,,MJ,2026-09-30T00:49:27Z,scored,0,2026-09-30T00:49:27Z,,,,,,,,1,1,,1,1,MJ,https://statsapi.mlb.com/api/v1.1/game/823731/feed/live,https://www.mlb.com/official-information/scoring-changes,https://baseballsavant.mlb.com/sporty-videos?playId=e545d0e8-b5a4-47c7-98fe-cd4a90a252fe
2026-09-30T04:08:46Z,849845,2026-09-29,PHI @ ATL,4,bottom,28,8140b432-5995-325e-ad5c-2541bb09fbb3,Michael Harris II,reviewed,0,1,2026-09-30T00:49:27Z,scored,0,2026-09-30T00:49:27Z,,,,,,,,0,0,,1,0,MJ,https://statsapi.mlb.com/api/v1.1/game/849845/feed/live,https://www.mlb.com/official-information/scoring-changes,https://baseballsavant.mlb.com/sporty-videos?playId=8140b432-5995-325e-ad5c-2541bb09fbb3
2026-09-30T04:08:46Z,849845,2026-09-29,PHI @ ATL,4,bottom,28,8140b432-5995-325e-ad5c-2541bb09fbb3,Michael Harris II,review_type,,MJ,2026-09-30T00:49:27Z,scored,0,2026-09-30T00:49:27Z,,,,,,,,0,0,,1,0,MJ,https://statsapi.mlb.com/api/v1.1/game/849845/feed/live,https://www.mlb.com/official-information/scoring-changes,https://baseballsavant.mlb.com/sporty-videos?playId=8140b432-5995-325e-ad5c-2541bb09fbb3
2026-09-30T04:08:46Z,849845,2026-09-29,PHI @ ATL,4,bottom,29,30ccffbe-2eaa-3941-96b5-d443d68892ab,Ozzie Albies,reviewed,0,1,2026-09-30T00:49:27Z,scored,0,2026-09-30T00:49:27Z,,,,,,,,0,0,,1,1,MJ,https://statsapi.mlb.com/api/v1.1/game/849845/feed/live,https://www.mlb.com/official-information/scoring-changes,https://baseballsavant.mlb.com/sporty-videos?playId=30ccffbe-2eaa-3941-96b5-d443d68892ab
2026-09-30T04:08:46Z,849845,2026-09-29,PHI @ ATL,4,bottom,29,30ccffbe-2eaa-3941-96b5-d443d68892ab,Ozzie Albies,overturned,0,1,2026-09-30T00:49:27Z,scored,0,2026-09-30T00:49:27Z,,,,,,,,0,0,,1,1,MJ,https://statsapi.mlb.com/api/v1.1/game/849845/feed/live,https://www.mlb.com/official-information/scoring-changes,https://baseballsavant.mlb.com/sporty-videos?playId=30ccffbe-2eaa-3941-96b5-d443d68892ab
2026-09-30T04:08:46Z,849845,2026-09-29,PHI @ ATL,4,bottom,29,30ccffbe-2eaa-3941-96b5-d443d68892ab,Ozzie Albies,review_type,,MJ,2026-09-30T00:49:27Z,scored,0,2026-09-30T00:49:27Z,,,,,,,,0,0,,1,1,MJ,https://statsapi.mlb.com/api/v1.1/game/849845/feed/live,https://www.mlb.com/official-information/scoring-changes,https://baseballsavant.mlb.com/sporty-videos?playId=30ccffbe-2eaa-3941-96b5-d443d68892ab
2026-09-30T04:08:46Z,849849,2026-09-29,CWS @ HOU,5,bottom,45,7664c2e0-7173-3fc2-94f1-83241bbe8e00,Jeremy Peña,reviewed,0,1,2026-09-30T00:49:27Z,scored,0,2026-09-30T00:49:27Z,,,,,,,,0,0,,1,1,MJ,https://statsapi.mlb.com/api/v1.1/game/849849/feed/live,https://www.mlb.com/official-information/scoring-changes,https://baseballsavant.mlb.com/sporty-videos?playId=7664c2e0-7173-3fc2-94f1-83241bbe8e00
2026-09-30T04:08:46Z,849849,2026-09-29,CWS @ HOU,5,bottom,45,7664c2e0-7173-3fc2-94f1-83241bbe8e00,Jeremy Peña,overturned,0,1,2026-09-30T00:49:27Z,scored,0,2026-09-30T00:49:27Z,,,,,,,,0,0,,1,1,MJ,https://statsapi.mlb.com/api/v1.1/game/849849/feed/live,https://www.mlb.com/official-information/scoring-changes,https://baseballsavant.mlb.com/sporty-videos?playId=7664c2e0-7173-3fc2-94f1-83241bbe8e00
2026-09-30T04:08:46Z,849849,2026-09-29,CWS @ HOU,5,bottom,45,7664c2e0-7173-3fc2-94f1-83241bbe8e00,Jeremy Peña,review_type,,MJ,2026-09-30T00:49:27Z,scored,0,2026-09-30T00:49:27Z,,,,,,,,0,0,,1,1,MJ,https://statsapi.mlb.com/api/v1.1/game/849849/feed/live,https://www.mlb.com/official-information/scoring-changes,https://baseballsavant.mlb.com/sporty-videos?playId=7664c2e0-7173-3fc2-94f1-83241bbe8e00
2026-09-30T11:12:17Z,849843,2026-09-29,CHC @ SD,1,bottom,4,db202230-30e3-3cb6-ac07-e1edf2aefcb7,Samad Taylor,description,"Samad Taylor bunt grounds out softly, pitcher Matthew Boyd to first baseman Michael Busch.","Samad Taylor bunt grounds out, pitcher Matthew Boyd to first baseman Michael Busch.",2026-09-30T04:08:46Z,scored,0,2026-09-30T04:08:46Z,30.2,-15.0,13.0,bunt_grounder,soft,-,0,0,0,,0,0,,https://statsapi.mlb.com/api/v1.1/game/849843/feed/live,https://www.mlb.com/official-information/scoring-changes,https://baseballsavant.mlb.com/sporty-videos?playId=db202230-30e3-3cb6-ac07-e1edf2aefcb7
2026-10-01T11:39:36Z,824785,2026-09-23,TOR @ BAL,6,top,47,1fdcd635-8e7c-30e5-b1b8-63c2872dbb42,Brandon Valenzuela,event_type,single,field_error,2026-09-30T04:08:46Z,scored,0,2026-09-30T00:49:27Z,105.3,-30.0,5.0,ground_ball,medium,-,2,1,0,The official feed eventType changed. Compare the recorded RBI values and check Rule 9.04 and MLB's scoring-changes log; this feed label alone does not decide the counterfactual RBI.,0,0,,https://statsapi.mlb.com/api/v1.1/game/824785/feed/live,https://www.mlb.com/official-information/scoring-changes,https://baseballsavant.mlb.com/sporty-videos?playId=1fdcd635-8e7c-30e5-b1b8-63c2872dbb42
2026-10-01T11:39:36Z,824785,2026-09-23,TOR @ BAL,6,top,47,1fdcd635-8e7c-30e5-b1b8-63c2872dbb42,Brandon Valenzuela,rbi,1,0,2026-09-30T04:08:46Z,scored,0,2026-09-30T00:49:27Z,105.3,-30.0,5.0,ground_ball,medium,-,2,1,0,The official feed RBI field changed; verify the scoring rationale against the 2026 rulebook (Rule 9.04) and MLB's scoring-changes log.,0,0,,https://statsapi.mlb.com/api/v1.1/game/824785/feed/live,https://www.mlb.com/official-information/scoring-changes,https://baseballsavant.mlb.com/sporty-videos?playId=1fdcd635-8e7c-30e5-b1b8-63c2872dbb42
2026-10-01T11:39:36Z,824785,2026-09-23,TOR @ BAL,6,top,47,1fdcd635-8e7c-30e5-b1b8-63c2872dbb42,Brandon Valenzuela,description,Brandon Valenzuela singles on a ground ball to second baseman Jeremiah Jackson. Kazuma Okamoto scores. George Springer scores. Throwing error by second baseman Jeremiah Jackson.,Brandon Valenzuela reaches on a throwing error by second baseman Jeremiah Jackson. Kazuma Okamoto scores. George Springer scores.,2026-09-30T04:08:46Z,scored,0,2026-09-30T00:49:27Z,105.3,-30.0,5.0,ground_ball,medium,-,2,1,0,,0,0,,https://statsapi.mlb.com/api/v1.1/game/824785/feed/live,https://www.mlb.com/official-information/scoring-changes,https://baseballsavant.mlb.com/sporty-videos?playId=1fdcd635-8e7c-30e5-b1b8-63c2872dbb42
2026-10-01T11:39:36Z,824707,2026-09-24,CLE @ BOS,5,bottom,33,c7535803-844c-35a3-88a3-e9a02fa67cc2,Ceddanne Rafaela,event_type,field_error,single,2026-09-30T04:08:46Z,scored,0,2026-09-30T00:49:27Z,88.4,-1.0,45.0,ground_ball,medium,-,0,0,0,The official feed eventType changed. Compare the recorded RBI values and check Rule 9.04 and MLB's scoring-changes log; this feed label alone does not decide the counterfactual RBI.,0,0,,https://statsapi.mlb.com/api/v1.1/game/824707/feed/live,https://www.mlb.com/official-information/scoring-changes,https://baseballsavant.mlb.com/sporty-videos?playId=c7535803-844c-35a3-88a3-e9a02fa67cc2
2026-10-01T11:39:36Z,824707,2026-09-24,CLE @ BOS,5,bottom,33,c7535803-844c-35a3-88a3-e9a02fa67cc2,Ceddanne Rafaela,description,Ceddanne Rafaela reaches on a throwing error by second baseman Travis Bazzana.,Ceddanne Rafaela singles on a ground ball to second baseman Travis Bazzana.,2026-09-30T04:08:46Z,scored,0,2026-09-30T00:49:27Z,88.4,-1.0,45.0,ground_ball,medium,-,0,0,0,,0,0,,https://statsapi.mlb.com/api/v1.1/game/824707/feed/live,https://www.mlb.com/official-information/scoring-changes,https://baseballsavant.mlb.com/sporty-videos?playId=c7535803-844c-35a3-88a3-e9a02fa67cc2
2026-10-01T11:39:36Z,823491,2026-09-25,BAL @ NYY,8,top,66,9503edcf-4156-3a4f-a0ea-d9be5f55f830,Gunnar Henderson,event_type,single,field_error,2026-09-30T04:08:46Z,scored,0,2026-09-30T00:49:27Z,104.2,-4.0,32.0,ground_ball,medium,-,2,1,0,The official feed eventType changed. Compare the recorded RBI values and check Rule 9.04 and MLB's scoring-changes log; this feed label alone does not decide the counterfactual RBI.,0,0,,https://statsapi.mlb.com/api/v1.1/game/823491/feed/live,https://www.mlb.com/official-information/scoring-changes,https://baseballsavant.mlb.com/sporty-videos?playId=9503edcf-4156-3a4f-a0ea-d9be5f55f830
2026-10-01T11:39:36Z,823491,2026-09-25,BAL @ NYY,8,top,66,9503edcf-4156-3a4f-a0ea-d9be5f55f830,Gunnar Henderson,rbi,1,0,2026-09-30T04:08:46Z,scored,0,2026-09-30T00:49:27Z,104.2,-4.0,32.0,ground_ball,medium,-,2,1,0,The official feed RBI field changed; verify the scoring rationale against the 2026 rulebook (Rule 9.04) and MLB's scoring-changes log.,0,0,,https://statsapi.mlb.com/api/v1.1/game/823491/feed/live,https://www.mlb.com/official-information/scoring-changes,https://baseballsavant.mlb.com/sporty-videos?playId=9503edcf-4156-3a4f-a0ea-d9be5f55f830
2026-10-01T11:39:36Z,823491,2026-09-25,BAL @ NYY,8,top,66,9503edcf-4156-3a4f-a0ea-d9be5f55f830,Gunnar Henderson,description,Gunnar Henderson singles on a ground ball to second baseman José Caballero. Christian Franklin scores. Dylan Beavers to 2nd.,Gunnar Henderson reaches on a fielding error by second baseman José Caballero. Christian Franklin scores. Dylan Beavers to 2nd.,2026-09-30T04:08:46Z,scored,0,2026-09-30T00:49:27Z,104.2,-4.0,32.0,ground_ball,medium,-,2,1,0,,0,0,,https://statsapi.mlb.com/api/v1.1/game/823491/feed/live,https://www.mlb.com/official-information/scoring-changes,https://baseballsavant.mlb.com/sporty-videos?playId=9503edcf-4156-3a4f-a0ea-d9be5f55f830
2026-10-01T11:39:36Z,824058,2026-09-25,CLE @ KC,5,bottom,52,52f0eb12-b5f3-3f65-b34a-abca52b66c75,Michael Massey,event_type,field_error,single,2026-09-30T04:08:46Z,scored,0,2026-09-30T00:49:27Z,59.6,23.0,124.0,ground_ball,medium,-,2,0,0,The official feed eventType changed. Compare the recorded RBI values and check Rule 9.04 and MLB's scoring-changes log; this feed label alone does not decide the counterfactual RBI.,0,0,,https://statsapi.mlb.com/api/v1.1/game/824058/feed/live,https://www.mlb.com/official-information/scoring-changes,https://baseballsavant.mlb.com/sporty-videos?playId=52f0eb12-b5f3-3f65-b34a-abca52b66c75
2026-10-01T11:39:36Z,824058,2026-09-25,CLE @ KC,5,bottom,52,52f0eb12-b5f3-3f65-b34a-abca52b66c75,Michael Massey,description,Michael Massey reaches on a fielding error by third baseman José Ramírez.,Michael Massey singles on a ground ball to third baseman José Ramírez.,2026-09-30T04:08:46Z,scored,0,2026-09-30T00:49:27Z,59.6,23.0,124.0,ground_ball,medium,-,2,0,0,,0,0,,https://statsapi.mlb.com/api/v1.1/game/824058/feed/live,https://www.mlb.com/official-information/scoring-changes,https://baseballsavant.mlb.com/sporty-videos?playId=52f0eb12-b5f3-3f65-b34a-abca52b66c75
2026-10-01T11:39:36Z,822678,2026-09-26,NYM @ WSH,8,top,58,3e36ab6b-6169-30d5-9d4e-9f8c3bc55566,Brett Baty,event_type,field_error,single,2026-09-30T04:08:46Z,scored,0,2026-09-30T00:49:27Z,76.2,-4.0,23.0,ground_ball,medium,-,2,0,0,The official feed eventType changed. Compare the recorded RBI values and check Rule 9.04 and MLB's scoring-changes log; this feed label alone does not decide the counterfactual RBI.,0,0,,https://statsapi.mlb.com/api/v1.1/game/822678/feed/live,https://www.mlb.com/official-information/scoring-changes,https://baseballsavant.mlb.com/sporty-videos?playId=3e36ab6b-6169-30d5-9d4e-9f8c3bc55566
2026-10-01T11:39:36Z,822678,2026-09-26,NYM @ WSH,8,top,58,3e36ab6b-6169-30d5-9d4e-9f8c3bc55566,Brett Baty,description,Brett Baty reaches on a fielding error by shortstop Nasim Nuñez. Carson Benge scores.,"Brett Baty singles on a ground ball to shortstop Nasim Nuñez, deflected by pitcher Jake Irvin. Carson Benge scores. Fielding error by shortstop Nasim Nuñez.",2026-09-30T04:08:46Z,scored,0,2026-09-30T00:49:27Z,76.2,-4.0,23.0,ground_ball,medium,-,2,0,0,,0,0,,https://statsapi.mlb.com/api/v1.1/game/822678/feed/live,https://www.mlb.com/official-information/scoring-changes,https://baseballsavant.mlb.com/sporty-videos?playId=3e36ab6b-6169-30d5-9d4e-9f8c3bc55566
2026-10-01T11:39:36Z,822759,2026-09-26,CIN @ TOR,3,top,20,73ab45ae-ea4d-4bde-af29-669810f43b6c,Sal Stewart,rbi,0,1,2026-09-30T04:08:46Z,scored,0,2026-09-30T00:49:27Z,94.4,-6.0,14.0,ground_ball,medium,-,1,0,1,The official feed RBI field changed; verify the scoring rationale against the 2026 rulebook (Rule 9.04) and MLB's scoring-changes log.,0,0,,https://statsapi.mlb.com/api/v1.1/game/822759/feed/live,https://www.mlb.com/official-information/scoring-changes,https://baseballsavant.mlb.com/sporty-videos?playId=73ab45ae-ea4d-4bde-af29-669810f43b6c
2026-10-01T11:39:36Z,822759,2026-09-26,CIN @ TOR,3,top,20,73ab45ae-ea4d-4bde-af29-669810f43b6c,Sal Stewart,description,"Sal Stewart reaches on a fielder's choice, fielded by shortstop Andrés Giménez. Matt McLain scores. Carlos Jorge to 3rd. Fielding error by shortstop Andrés Giménez.","Sal Stewart reaches on a fielder's choice, fielded by shortstop Andrés Giménez. Matt McLain scores. Carlos Jorge to 3rd.",2026-09-30T04:08:46Z,scored,0,2026-09-30T00:49:27Z,94.4,-6.0,14.0,ground_ball,medium,-,1,0,1,,0,0,,https://statsapi.mlb.com/api/v1.1/game/822759/feed/live,https://www.mlb.com/official-information/scoring-changes,https://baseballsavant.mlb.com/sporty-videos?playId=73ab45ae-ea4d-4bde-af29-669810f43b6c
2026-10-08T12:04:50Z,849833,2026-10-07,CLE @ CWS,4,bottom,32,f860cd9a-6297-3ab2-8d6c-c6fe64957b11,Tristan Peters,overturned,1,0,2026-10-07T22:32:54Z,scored,0,2026-10-07T22:32:54Z,92.6,20.0,287.0,line_drive,medium,-,0,1,1,,1,0,MV,https://statsapi.mlb.com/api/v1.1/game/849833/feed/live,https://www.mlb.com/official-information/scoring-changes,https://baseballsavant.mlb.com/sporty-videos?playId=f860cd9a-6297-3ab2-8d6c-c6fe64957b11
2026-10-08T12:04:50Z,849833,2026-10-07,CLE @ CWS,4,bottom,32,f860cd9a-6297-3ab2-8d6c-c6fe64957b11,Tristan Peters,review_type,MI,MV,2026-10-07T22:32:54Z,scored,0,2026-10-07T22:32:54Z,92.6,20.0,287.0,line_drive,medium,-,0,1,1,,1,0,MV,https://statsapi.mlb.com/api/v1.1/game/849833/feed/live,https://www.mlb.com/official-information/scoring-changes,https://baseballsavant.mlb.com/sporty-videos?playId=f860cd9a-6297-3ab2-8d6c-c6fe64957b11
2026-10-08T12:04:50Z,849838,2026-10-07,TB @ NYY,6,bottom,46,dd567039-dfc9-399d-a00a-67ae0b331493,Austin Wells,description,"Rays challenged (pitch result), call on the field was overturned: Austin Wells called out on strikes.","Griffin Jax challenged (pitch result), call on the field was overturned: Austin Wells called out on strikes.",2026-10-08T02:16:22Z,scored,0,2026-10-08T02:16:22Z,,,,,,-,1,0,0,,1,1,MJ,https://statsapi.mlb.com/api/v1.1/game/849838/feed/live,https://www.mlb.com/official-information/scoring-changes,https://baseballsavant.mlb.com/sporty-videos?playId=dd567039-dfc9-399d-a00a-67ae0b331493
2026-10-08T12:04:50Z,849838,2026-10-07,TB @ NYY,6,bottom,47,66044e66-5e82-318e-8b20-83a5dccb2399,Anthony Volpe,description,"Umpire reviewed (home run), call on the field was overturned: Anthony Volpe doubles (1) on a fly ball to left fielder Victor Mesa Jr. George Lombard Jr. scores.","Umpire reviewed (home run), call on the field was overturned: Anthony Volpe doubles (1) to left center field, on fan interference. George Lombard Jr. scores.",2026-10-08T02:16:22Z,scored,0,2026-10-08T02:16:22Z,97.9,42.0,357.0,fly_ball,medium,-,2,1,1,,1,1,NH,https://statsapi.mlb.com/api/v1.1/game/849838/feed/live,https://www.mlb.com/official-information/scoring-changes,https://baseballsavant.mlb.com/sporty-videos?playId=66044e66-5e82-318e-8b20-83a5dccb2399
2026-10-08T12:04:50Z,849827,2026-10-07,MIL @ SD,1,bottom,5,7998adc1-dfd7-330d-a796-b099a57fe56b,Manny Machado,description,Manny Machado singles on a soft bunt ground ball to third baseman Joey Ortiz. Jackson Merrill to 2nd.,Manny Machado singles on a bunt ground ball to third baseman Joey Ortiz. Jackson Merrill to 2nd.,2026-10-08T02:16:22Z,scored,0,2026-10-08T02:16:22Z,42.6,-30.0,5.0,bunt_grounder,soft,-,1,0,0,,0,0,,https://statsapi.mlb.com/api/v1.1/game/849827/feed/live,https://www.mlb.com/official-information/scoring-changes,https://baseballsavant.mlb.com/sporty-videos?playId=7998adc1-dfd7-330d-a796-b099a57fe56b
2026-10-09T11:56:38Z,849832,2026-10-08,CLE @ CWS,1,bottom,7,bdebad03-a886-3e64-b2ff-37537f3c4a84,Randal Grichuk,description,Randal Grichuk lines out to second baseman Travis Bazzana.,Randal Grichuk lines out softly to second baseman Travis Bazzana.,2026-10-09T01:26:55Z,scored,0,2026-10-09T01:26:55Z,64.9,26.0,190.0,line_drive,medium,-,1,0,0,,0,0,,https://statsapi.mlb.com/api/v1.1/game/849832/feed/live,https://www.mlb.com/official-information/scoring-changes,https://baseballsavant.mlb.com/sporty-videos?playId=bdebad03-a886-3e64-b2ff-37537f3c4a84
2026-10-09T11:56:38Z,849832,2026-10-08,CLE @ CWS,3,top,19,1f31d0d3-4718-354f-839a-d204e22bb0e5,Chase DeLauter,description,"Chase DeLauter grounds out, second baseman Chase Meidroth to first baseman Munetaka Murakami.","Chase DeLauter grounds out sharply, second baseman Chase Meidroth to first baseman Munetaka Murakami.",2026-10-09T01:26:55Z,scored,0,2026-10-09T01:26:55Z,105.1,7.0,163.0,ground_ball,medium,-,1,0,0,,0,0,,https://statsapi.mlb.com/api/v1.1/game/849832/feed/live,https://www.mlb.com/official-information/scoring-changes,https://baseballsavant.mlb.com/sporty-videos?playId=1f31d0d3-4718-354f-839a-d204e22bb0e5
