game_pk,at_bat,inning,half,outs_before,on_1b,on_2b,on_3b,runners_on,risp,bat_side,pitch_hand,event_type,macro_class,rbi,launch_speed,launch_angle,distance,trajectory,hardness,numeric_ok,multi_hitdata,review_overturned,review_type,play_id
822678,0,1,top,0,0,0,0,0,0,R,L,field_out,out,0,85.8,62.0,146.0,popup,medium,1,0,,,f149a4a6-1774-3284-936f-0d7facd925bc
822678,1,1,top,1,0,0,0,0,0,L,L,single,hit,0,92.1,13.0,194.0,line_drive,medium,1,0,,,25aa797e-c24a-35c0-9845-253969ecdd92
822678,2,1,top,1,1,0,0,1,0,R,L,field_out,out,0,84.0,-26.0,2.0,ground_ball,medium,1,0,True,MJ,803f240c-8a7e-3513-9809-e9c926015aa1
822678,3,1,top,2,0,0,0,0,0,L,L,field_out,out,0,90.5,53.0,185.0,popup,medium,1,0,,,69413dd8-f1c9-3dba-90b2-6bb6bbd13900
822678,4,1,bottom,0,0,0,0,0,0,L,R,single,hit,0,113.0,-3.0,36.0,ground_ball,medium,1,0,,,c5b56d90-0bbd-3a8c-9fb5-152c849efcb2
822678,8,1,bottom,2,0,0,0,0,0,R,R,field_out,out,0,79.6,65.0,151.0,popup,medium,1,0,,,985f8401-7105-37cb-ab38-46575805d022
822678,9,2,top,0,0,0,0,0,0,R,L,field_out,out,0,90.4,47.0,248.0,fly_ball,medium,1,0,,,49634c64-85a5-3ad1-af29-6b84b286f8fe
822678,10,2,top,1,0,0,0,0,0,L,L,field_out,out,0,97.7,27.0,339.0,fly_ball,medium,1,0,,,c16dfc42-3b83-3274-a873-a68f373e2bd8
822678,11,2,top,2,0,0,0,0,0,R,L,field_out,out,0,90.3,-16.0,7.0,ground_ball,medium,1,0,,,3f3604d9-2f91-33d4-9263-3f1a7cd76f2d
822678,12,2,bottom,0,0,0,0,0,0,L,R,field_out,out,0,57.2,-28.0,6.0,ground_ball,medium,1,0,,,29efa2a2-2818-3525-836d-7a14771a7d32
822678,16,3,top,1,0,0,0,0,0,R,L,field_out,out,0,80.8,76.0,115.0,popup,medium,1,0,,,6a698e74-c990-3643-9384-4888408c9765
822678,17,3,top,2,0,0,0,0,0,R,L,field_out,out,0,78.5,-35.0,4.0,ground_ball,medium,1,0,,,3061fdb6-daeb-3667-a04c-37f74d6c382a
822678,19,3,bottom,0,1,0,0,1,0,L,R,single,hit,0,106.6,14.0,274.0,line_drive,medium,1,0,,,2173820d-a052-306e-a444-edeaace51f97
822678,20,3,bottom,0,1,1,1,3,1,L,R,sac_fly,out,1,94.0,22.0,330.0,line_drive,medium,1,0,,,ba927ba6-6487-35aa-84a5-8a3b89c10b2c
822678,23,4,top,0,0,0,0,0,0,L,R,single,hit,0,101.2,8.0,134.0,ground_ball,hard,1,0,,,01505f5f-c9fa-3b2f-a134-b84c22f8cc14
822678,24,4,top,0,1,0,0,1,0,R,R,single,hit,0,78.4,20.0,244.0,line_drive,medium,1,0,,,35ba42e4-7101-3202-a98d-8bbfdc6d2d5a
822678,25,4,top,1,1,0,0,1,0,L,R,single,hit,0,86.9,6.0,109.0,line_drive,medium,1,0,,,d9d321b5-8939-34a8-873f-b7d25fcfe5cb
822678,26,4,top,1,1,1,0,2,1,R,R,field_out,out,0,79.8,-7.0,15.0,ground_ball,medium,1,0,,,775ef4e7-5d13-3c1f-81ab-78bde97e5573
822678,28,4,bottom,0,0,0,0,0,0,R,R,single,hit,0,107.5,13.0,250.0,line_drive,hard,1,0,,,dc21774a-b013-32f4-8acb-7672a1bb9c48
822678,29,4,bottom,0,0,0,0,0,0,L,R,field_out,out,0,84.6,79.0,52.0,popup,medium,1,0,,,8ba52a51-0f19-3c9d-82da-d8b23e2e060b
822678,31,4,bottom,2,0,0,0,0,0,L,R,field_out,out,0,98.2,28.0,358.0,fly_ball,medium,1,0,,,5d3b1c8a-9a15-339a-9fe8-52d2efdd0073
822678,32,5,top,0,0,0,0,0,0,R,R,field_out,out,0,97.6,-14.0,11.0,ground_ball,medium,1,0,,,f3462bb1-d9df-300e-8a92-80a968e8c06a
822678,33,5,top,1,0,0,0,0,0,L,R,field_out,out,0,97.5,21.0,339.0,line_drive,medium,1,0,,,3d93295f-54b9-3e7e-b64c-23d76c3c3bd9
822678,34,5,top,2,0,0,0,0,0,L,R,field_out,out,0,82.0,24.0,277.0,line_drive,medium,1,0,,,ad38cdf7-d41b-38e6-989e-7063d7946735
822678,37,5,bottom,2,0,0,0,0,0,L,R,field_out,out,0,82.1,39.0,250.0,fly_ball,medium,1,0,,,c7898726-ab11-3b95-959d-788a19018c91
822678,44,7,top,0,0,0,0,0,0,L,R,single,hit,0,87.8,6.0,95.0,ground_ball,medium,1,0,,,8f51e9eb-c034-3977-a9a6-bff0f2edae30
822678,45,7,top,0,1,0,0,1,0,R,R,field_out,out,0,91.3,-20.0,10.0,ground_ball,medium,1,0,,,fb994ee7-9939-3cba-a600-3b41032d4562
822678,46,7,top,1,0,0,0,0,0,L,R,field_out,out,0,109.0,9.0,152.0,line_drive,hard,1,0,,,1b072a72-9b90-3c13-a3fa-98cc02ac073d
822678,48,7,top,2,1,1,0,2,1,L,R,home_run,hit,3,104.7,26.0,396.0,fly_ball,medium,1,0,,,16528a9e-befa-3ac3-984a-2beb23a0479e
822678,49,7,top,2,0,0,0,0,0,L,R,home_run,hit,1,106.6,24.0,411.0,fly_ball,medium,1,0,,,6de6790e-f917-332f-b21a-8faa0ce15f18
822678,51,7,top,2,0,0,0,0,0,L,R,field_out,out,0,92.2,68.0,131.0,popup,medium,1,0,,,1ad9db58-ad8d-311f-8cbb-2144f73a5c76
822678,52,7,bottom,0,0,0,0,0,0,L,L,field_out,out,0,97.8,37.0,313.0,fly_ball,medium,1,0,,,3366c683-5a85-3a2c-90c4-462bd5127f7c
822678,53,7,bottom,1,0,0,0,0,0,R,L,field_out,out,0,67.5,-25.0,9.0,ground_ball,medium,1,0,,,15ff933f-a3f9-35c2-bb7d-7849b23dfc0b
822678,54,7,bottom,2,0,0,0,0,0,R,L,field_out,out,0,103.9,-3.0,32.0,ground_ball,medium,1,0,,,fca55f42-e2d2-3a15-bdf0-cb1cee38dbd1
822678,55,8,top,0,0,0,0,0,0,R,R,field_out,out,0,105.3,15.0,275.0,line_drive,hard,1,0,,,c04bcc9b-d259-3467-9db2-a3bd40bb7d47
822678,56,8,top,1,0,0,0,0,0,L,R,double,hit,0,96.8,10.0,191.0,line_drive,medium,1,0,,,e0f5d403-7c66-390b-a219-b29b9cf64b19
822678,58,8,top,2,0,1,0,1,1,L,R,field_error,error,0,76.2,-4.0,23.0,ground_ball,medium,1,0,,,cddac673-5f55-35c6-a8ba-0d6d3b04ab8e
822678,60,8,bottom,0,0,0,0,0,0,L,R,field_out,out,0,78.9,66.0,136.0,popup,medium,1,0,,,00296d39-f7db-3273-95d9-112ab7dae14a
822678,61,8,bottom,1,0,0,0,0,0,L,R,field_out,out,0,89.2,84.0,46.0,popup,medium,1,0,,,901139bb-d5f5-3ec0-a88d-605c1c140c92
822678,62,8,bottom,2,0,0,0,0,0,L,R,field_out,out,0,99.2,-20.0,10.0,ground_ball,medium,1,0,,,709c7907-e667-37de-9f6b-d01e86c19cd6
822678,64,9,top,0,1,0,0,1,0,R,L,home_run,hit,2,102.5,30.0,384.0,fly_ball,medium,1,0,,,7afbcc80-1239-38dc-8340-efb0acf3dd24
822678,68,9,top,1,1,1,0,2,1,L,L,field_out,out,0,51.8,-74.0,2.0,ground_ball,soft,1,0,,,d70b9549-47a3-3c70-b926-b1499d38be05
822678,69,9,top,2,0,0,0,0,0,R,L,field_out,out,0,74.9,-40.0,3.0,ground_ball,medium,1,0,,,732c2838-ce69-35a0-8d3f-bcebc1d594cc
822678,71,9,bottom,1,0,0,0,0,0,L,R,field_error,error,0,99.3,-4.0,27.0,ground_ball,medium,1,0,,,ccefae87-cf25-3ff7-9b10-e08f02491d89
822678,73,9,bottom,2,0,0,0,0,0,L,R,field_out,out,0,92.0,32.0,356.0,fly_ball,medium,1,0,,,d5769b47-eb73-371f-a3cf-292d7de83521
822679,0,1,top,0,0,0,0,0,0,R,L,single,hit,0,102.1,-8.0,16.0,ground_ball,medium,1,0,,,190a2122-90ec-3634-8861-60a675aac32d
822679,1,1,top,0,1,1,0,2,1,L,L,field_out,out,0,99.8,-17.0,9.0,ground_ball,medium,1,0,,,644734e2-4d71-35ad-9137-adbbfa0dc2b7
822679,3,1,top,2,0,0,1,1,1,L,L,single,hit,1,94.2,9.0,161.0,line_drive,medium,1,0,,,b045b560-8965-395c-9b78-a8e162389dc3
822679,5,1,bottom,0,0,0,0,0,0,L,L,field_out,out,0,111.2,-3.0,33.0,ground_ball,medium,1,0,,,808ac122-0625-372a-b384-ff6aa7c9284f
822679,6,1,bottom,1,0,0,0,0,0,R,L,field_out,out,0,78.4,-14.0,9.0,ground_ball,medium,1,0,,,6cb101b6-408d-341a-bf55-e3479f73da37
822679,8,1,bottom,2,1,0,0,1,0,L,L,triple,hit,1,88.4,0.0,44.0,ground_ball,medium,1,0,,,0bb12dc9-c8cd-3a0e-b71e-a907738f7f11
822679,9,1,bottom,2,0,0,0,0,0,R,L,field_out,out,0,102.0,67.0,85.0,popup,medium,1,0,,,ac250732-9eb8-3865-9aa1-b39f743c4a2c
822679,10,2,top,0,0,0,0,0,0,L,L,field_out,out,0,71.0,-27.0,6.0,ground_ball,medium,1,0,,,30dd138e-df0f-3337-9e70-9910f57e3750
822679,12,2,top,1,0,0,0,0,0,L,L,field_out,out,0,102.9,21.0,371.0,line_drive,hard,1,0,,,66940492-3ac1-37db-b21c-6618a3b294c2
822679,13,2,top,2,1,0,0,1,0,R,L,home_run,hit,2,107.5,37.0,410.0,fly_ball,medium,1,0,,,a141d653-9bb1-30c3-b1b1-297dfd40d46f
822679,14,2,top,2,0,0,0,0,0,R,L,home_run,hit,1,110.8,22.0,409.0,fly_ball,medium,1,0,,,400f8b0c-b62e-38da-9b76-79eb0d44dab7
822679,15,2,top,2,0,0,0,0,0,L,L,field_out,out,0,108.3,21.0,381.0,line_drive,hard,1,0,,,99419a16-4268-384b-8be6-1082694a3f0f
822679,16,2,bottom,0,0,0,0,0,0,R,L,field_out,out,0,85.1,68.0,167.0,popup,medium,1,0,,,e302c1d4-4e95-3df4-9b94-6b96f05b6447
822679,17,2,bottom,1,0,0,0,0,0,L,L,field_out,out,0,102.1,45.0,333.0,fly_ball,hard,1,0,,,d107459c-9dfe-3532-acd1-321e691fc810
822679,18,2,bottom,2,0,0,0,0,0,R,L,double,hit,0,103.2,9.0,155.0,line_drive,hard,1,0,,,c00b5bcf-a415-37cb-aad1-b3c4c7cd0502
822679,19,2,bottom,2,0,1,1,2,1,R,L,double,hit,1,97.5,24.0,372.0,line_drive,medium,1,0,,,254c8736-c9ef-3fee-9986-d5a0756816bd
822679,21,3,top,0,0,0,0,0,0,R,L,field_out,out,0,57.0,-80.0,1.0,ground_ball,soft,1,0,,,9f18b037-c697-3757-850a-a6b68a1c91b7
822679,22,3,top,1,0,0,0,0,0,L,L,single,hit,0,102.6,5.0,95.0,ground_ball,medium,1,0,,,60183e4d-d9fc-3d8c-ac2f-0ea524c0608d
822679,23,3,top,1,1,0,0,1,0,R,L,double,hit,0,94.9,25.0,333.0,fly_ball,medium,1,0,False,MJ,42e02b7b-d293-38c1-8cd0-ccbebb47f608
822679,24,3,top,1,0,0,0,0,0,L,L,field_out,out,0,105.1,-9.0,12.0,ground_ball,hard,1,0,,,8b764faa-1810-3de8-be75-0ba2f919e82f
822679,25,3,top,2,0,0,0,0,0,R,L,field_out,out,0,78.6,41.0,267.0,fly_ball,medium,1,0,,,ab59d607-5976-37d8-8b26-bb9f7eedbbc1
822679,26,3,bottom,0,0,0,0,0,0,R,L,home_run,hit,1,109.2,41.0,379.0,fly_ball,medium,1,0,,,1f8226af-a37a-35c2-a4ba-cc04f4535592
822679,27,3,bottom,0,0,0,0,0,0,R,L,field_out,out,0,94.7,-30.0,5.0,ground_ball,medium,1,0,True,MJ,b9e3e1fb-2609-3f35-84ac-efe4778b450d
822679,28,3,bottom,1,0,0,0,0,0,L,L,field_out,out,0,80.0,71.0,88.0,popup,medium,1,0,,,bd83e077-c085-3e3e-9837-857ddb8e55cb
822679,29,3,bottom,2,0,0,0,0,0,R,L,double,hit,0,109.5,-3.0,29.0,ground_ball,medium,1,0,,,a75ce6b4-26ce-3078-b35b-0e38d5ea139b
822679,30,3,bottom,2,1,1,0,2,1,R,L,single,hit,1,98.2,-5.0,21.0,ground_ball,medium,1,0,,,988ea42e-1be5-3eaf-961e-e0b84b0f0d16
822679,31,3,bottom,2,0,0,0,0,0,L,L,field_out,out,0,90.1,51.0,225.0,fly_ball,medium,1,0,,,04e5c029-b62d-306d-9f44-fbd2025177b9
822679,34,4,top,1,0,0,0,0,0,R,L,field_out,out,0,101.2,8.0,141.0,line_drive,medium,1,0,,,caf2cc49-0a77-360f-b1a2-62605dcc495b
822679,35,4,top,2,0,0,0,0,0,L,L,field_out,out,0,86.3,38.0,302.0,fly_ball,medium,1,0,,,e7bbe72d-5ac4-3598-b041-c5233e5f18c6
822679,36,4,bottom,0,0,0,0,0,0,R,L,field_out,out,0,87.8,5.0,80.0,ground_ball,medium,1,0,,,921ba7aa-abe4-3fa4-a14d-917614ca858b
822679,37,4,bottom,1,0,0,0,0,0,R,L,field_out,out,0,100.4,-16.0,7.0,ground_ball,medium,1,0,,,a6da62ab-0367-34ea-9669-839baac3da95
822679,39,5,top,0,0,0,0,0,0,R,L,field_out,out,0,89.7,77.0,101.0,popup,medium,1,0,,,b66196be-2abe-3403-9018-6ae902902191
822679,40,5,top,1,0,0,0,0,0,L,L,single,hit,0,92.5,16.0,259.0,line_drive,medium,1,0,,,a242142d-ba14-3496-aa22-fbbbeb0b871e
822679,41,5,top,1,0,0,0,0,0,R,L,field_out,out,0,91.0,43.0,314.0,fly_ball,medium,1,0,,,4f827252-5d54-3286-a2de-1c90c32ec695
822679,43,5,bottom,0,0,0,0,0,0,R,L,home_run,hit,1,103.9,24.0,389.0,fly_ball,medium,1,0,,,a514b3ae-5e30-3d1b-a6bf-b32b1bccf9de
822679,44,5,bottom,0,0,0,0,0,0,R,L,field_out,out,0,101.9,41.0,347.0,fly_ball,hard,1,0,,,bc0d8b35-1bb5-36d2-a7e7-cf78d35cf84d
822679,45,5,bottom,1,0,0,0,0,0,L,L,field_out,out,0,89.1,74.0,86.0,popup,medium,1,0,,,2b9f7085-0925-31f0-aae1-70431c46c0ab
822679,48,6,top,1,0,0,0,0,0,L,R,field_out,out,0,97.8,-2.0,38.0,ground_ball,medium,1,0,,,7ca0bce5-8923-313b-91f2-dc68fa6eb79f
822679,49,6,top,2,0,0,0,0,0,L,R,single,hit,0,105.8,-8.0,19.0,ground_ball,hard,1,0,,,e8986d95-db64-32e6-8cca-6ee79b02cc19
822679,52,6,bottom,0,0,0,0,0,0,R,L,field_out,out,0,83.7,43.0,293.0,fly_ball,medium,1,0,True,MN,cfe65ffb-0292-3840-aafc-1935b2f78022
822679,53,6,bottom,1,0,0,0,0,0,L,L,field_out,out,0,69.0,66.0,97.0,popup,medium,1,0,,,ea68ab57-bc57-3aa2-a9f1-00e232fc11de
822679,54,6,bottom,2,0,0,0,0,0,R,L,field_out,out,0,95.4,29.0,335.0,fly_ball,medium,1,0,,,0a7f8bbc-bc90-3058-b147-665cd74cf814
822679,55,7,top,0,0,0,0,0,0,L,R,field_out,out,0,92.8,45.0,268.0,fly_ball,medium,1,0,,,5915adb6-dce7-3c9f-9fb5-16d8aeaf081e
822679,56,7,top,1,0,0,0,0,0,R,R,field_out,out,0,60.1,-60.0,3.0,ground_ball,medium,1,0,,,47e535b8-2b2c-3aef-b178-020c442360ea
822679,58,7,bottom,0,0,0,0,0,0,L,R,field_out,out,0,94.5,-17.0,7.0,ground_ball,medium,1,0,,,b98129e0-1c01-35e6-9f7e-83c491de0eed
822679,60,7,bottom,1,1,1,0,2,1,R,R,single,hit,0,101.1,3.0,106.0,ground_ball,hard,1,0,,,475c647f-cfc9-3db0-ad13-25ebadeaf06b
822679,61,7,bottom,1,1,0,1,2,1,R,R,single,hit,1,108.0,-3.0,34.0,ground_ball,medium,1,0,,,42431f8d-976e-354a-abd4-bffd8d82bd59
822679,62,7,bottom,1,0,1,0,1,1,L,R,field_out,out,0,104.2,26.0,384.0,fly_ball,hard,1,0,,,f373ef32-0e20-32fe-aabd-58ef4b4c0c7a
822679,63,7,bottom,2,0,0,0,0,0,R,R,field_out,out,0,106.0,-1.0,35.0,ground_ball,medium,1,0,,,5fc3f845-ef27-3324-9599-f9e6cb354f3d
822679,64,8,top,0,0,0,0,0,0,R,R,field_error,error,0,93.4,3.0,64.0,ground_ball,medium,1,0,,,3475dccb-adfe-353d-a44f-d6085d2e0523
822679,66,8,top,1,0,0,0,0,0,R,R,field_out,out,0,86.1,24.0,314.0,line_drive,medium,1,0,,,1e3e9c99-0c33-3716-8825-865ce34a2de1
822679,72,8,bottom,2,0,0,0,0,0,R,L,field_out,out,0,96.3,17.0,325.0,line_drive,medium,1,0,,,2ca20f85-8c43-37e3-8834-9279017611f5
822679,73,9,top,0,0,0,0,0,0,R,L,field_out,out,0,88.6,44.0,290.0,fly_ball,medium,1,0,,,21db3ae7-e9e0-3f6d-a058-240b7739cf9a
822679,74,9,top,1,0,0,0,0,0,L,L,field_out,out,0,98.9,24.0,355.0,fly_ball,medium,1,0,,,34461cfa-fd87-3d60-8adc-7a74832f646f
822679,75,9,top,2,0,0,0,0,0,R,L,single,hit,0,101.6,-10.0,17.0,ground_ball,medium,1,0,,,5d841e52-68d4-3400-a1a0-1e775bc7c168
822681,0,1,top,0,0,0,0,0,0,R,L,field_out,out,0,107.5,-24.0,7.0,ground_ball,medium,1,0,,,40e7f540-f8e8-3c6d-ac74-68c7d3af1803
822681,1,1,top,1,0,0,0,0,0,L,L,single,hit,0,61.9,-8.0,13.0,ground_ball,medium,1,0,,,3fc12b29-940b-3c9a-967a-5ac953dcae7a
822681,3,1,top,1,1,1,0,2,1,R,L,double,hit,1,102.7,13.0,202.0,line_drive,medium,1,0,,,7827246d-51fa-3f66-91b9-1af8ea5b2af8
822681,5,1,top,1,1,0,0,1,0,R,L,grounded_into_double_play,out,0,97.4,-1.0,39.0,ground_ball,medium,1,0,False,MJ,1498df10-7a14-3436-9c31-c0d85efc2350
822681,6,1,bottom,0,0,0,0,0,0,L,L,single,hit,0,112.9,-5.0,23.0,ground_ball,medium,1,0,,,2449f86f-243a-3e44-af29-319e16e8f521
822681,9,1,bottom,1,1,1,0,2,1,R,L,force_out,out,0,57.2,3.0,43.0,ground_ball,medium,1,0,,,ee4f4593-e4f6-3be2-a231-88c3b67ab7d9
822681,10,1,bottom,2,1,1,1,3,1,L,L,single,hit,2,102.1,25.0,379.0,fly_ball,medium,1,0,,,65841c55-7414-3548-9116-369a6694d47f
822681,11,1,bottom,2,0,0,0,0,0,R,L,field_out,out,0,95.0,61.0,148.0,popup,medium,1,0,,,16f16567-b571-33ff-bc70-3b5b3cca5d88
822681,14,2,top,2,0,0,0,0,0,R,L,field_out,out,0,71.6,-2.0,38.0,ground_ball,medium,1,0,,,34be27d5-8bec-36fc-b734-73d00af8ca73
822681,15,2,bottom,0,0,0,0,0,0,L,L,single,hit,0,102.7,-11.0,12.0,ground_ball,medium,1,0,,,7baf42d7-1e66-38c9-8d1f-6bfd3e426796
822681,16,2,bottom,0,0,0,0,0,0,R,L,field_out,out,0,93.4,47.0,242.0,fly_ball,medium,1,0,,,e7a6e3ab-439c-34ac-bd12-888e6897d76b
822681,17,2,bottom,1,1,0,0,1,0,L,L,field_out,out,0,53.3,-34.0,5.0,ground_ball,medium,1,0,,,78440808-344e-387d-9733-8945131ccc72
822681,20,3,top,0,0,0,0,0,0,R,L,single,hit,0,107.8,3.0,79.0,ground_ball,medium,1,0,,,d0af1f5d-22d4-3af6-8b28-43317abc0e4c
822681,21,3,top,0,1,1,0,2,1,L,L,single,hit,0,103.3,6.0,135.0,ground_ball,medium,1,0,,,c6de0610-554b-395f-af8f-b97beceb9cfd
822681,22,3,top,0,1,0,1,2,1,R,L,double,hit,1,91.3,12.0,187.0,line_drive,medium,1,0,,,862230e2-aea2-3a16-ba93-28a071a9bd5c
822681,23,3,top,0,0,1,1,2,1,R,L,sac_fly,out,1,89.7,51.0,237.0,fly_ball,medium,1,0,,,0417e358-5fe9-3c36-85fe-b534420e8993
822681,27,3,bottom,0,0,0,0,0,0,R,R,single,hit,0,89.3,3.0,74.0,ground_ball,medium,1,0,,,0f40620b-906c-3485-b739-24786ce48bdb
822681,28,3,bottom,0,1,1,0,2,1,R,R,double,hit,0,67.3,48.0,194.0,fly_ball,medium,1,0,,,01b2c50a-0b5f-345c-89ab-371b65e5bc04
822681,31,3,bottom,0,1,1,0,2,1,R,L,field_out,out,0,75.0,83.0,15.0,popup,medium,1,0,,,881469d7-73c6-337c-8c3c-c21103caedd4
822681,32,3,bottom,1,0,1,1,2,1,L,L,sac_fly,out,1,100.1,37.0,338.0,fly_ball,hard,1,0,,,bbb1c1f5-3749-35e2-99d2-ccb66190d4d1
822681,33,3,bottom,2,0,0,1,1,1,R,L,single,hit,1,97.6,15.0,257.0,line_drive,medium,1,0,,,d5740f3e-2e57-394c-8240-cc1946cabbfa
822681,34,3,bottom,2,1,0,0,1,0,L,L,force_out,out,0,87.7,-25.0,5.0,ground_ball,medium,1,0,,,039558ac-6c19-3d7a-9721-7acca87215e0
822681,36,4,top,1,0,0,0,0,0,R,L,field_out,out,0,69.8,-13.0,12.0,ground_ball,medium,1,0,,,58b1f148-0835-30cd-8063-c4b94f984e32
822681,39,4,bottom,0,1,0,0,1,0,R,R,grounded_into_double_play,out,0,77.3,-6.0,24.0,ground_ball,medium,1,0,,,25bec6ca-e320-3a17-9134-b4be34261e91
822681,40,4,bottom,2,0,0,0,0,0,R,R,field_out,out,0,73.3,57.0,176.0,popup,medium,1,0,,,af9be4ac-64eb-3773-80f2-23e41b52c80f
822681,41,5,top,0,0,0,0,0,0,L,L,field_out,out,0,98.9,27.0,377.0,fly_ball,medium,1,0,,,0c2ab656-c765-3829-a3d6-af47c07c5e61
822681,42,5,top,1,0,0,0,0,0,R,L,home_run,hit,1,108.2,25.0,427.0,fly_ball,medium,1,0,,,4041fea0-39ec-3531-8746-963409bee6c0
822681,44,5,top,2,0,0,0,0,0,L,L,home_run,hit,1,99.8,30.0,407.0,fly_ball,medium,1,0,,,d455763f-31cb-3429-b517-8c52275ef223
822681,46,5,bottom,0,0,0,0,0,0,R,R,field_out,out,0,93.5,30.0,367.0,fly_ball,medium,1,0,,,f9a88780-c508-35d5-acea-e1725e9ed208
822681,47,5,bottom,1,0,0,0,0,0,L,R,field_out,out,0,74.0,-8.0,12.0,ground_ball,medium,1,0,,,0ec9d59b-97d0-3729-b4a5-e55735301f07
822681,48,5,bottom,2,0,0,0,0,0,R,R,single,hit,0,57.8,-58.0,2.0,ground_ball,soft,1,0,,,35b35a16-5987-3fd1-9599-a7f4182eb01a
822681,49,5,bottom,2,1,1,0,2,1,L,R,single,hit,0,106.2,10.0,182.0,line_drive,hard,1,0,,,5695c1cf-a6e8-3abd-8503-bb2a521233d4
822681,50,5,bottom,2,0,0,0,0,0,L,R,field_out,out,0,74.1,68.0,93.0,popup,medium,1,0,,,93691ac8-3f95-38fd-affe-474191d6dd56
822681,51,6,top,0,0,0,0,0,0,R,R,field_out,out,0,76.2,-32.0,5.0,ground_ball,medium,1,0,,,eeeb9352-3022-34df-a2a1-40462e221e13
822681,52,6,top,1,0,0,0,0,0,L,R,field_out,out,0,103.7,-13.0,11.0,ground_ball,medium,1,0,,,08da5f8e-4894-3770-9144-245b0d517063
822681,54,6,bottom,0,0,0,0,0,0,L,R,field_out,out,0,100.6,14.0,303.0,line_drive,hard,1,0,,,f77dffa1-d42b-30ad-9392-af884386baac
822681,55,6,bottom,1,0,0,0,0,0,L,R,single,hit,0,110.0,6.0,128.0,ground_ball,medium,1,0,,,aad104ce-3794-391f-906f-0a8af3f79ab9
822681,58,7,top,0,0,0,0,0,0,L,R,field_out,out,0,107.2,15.0,341.0,line_drive,hard,1,0,,,19b8c329-3e0f-3ffd-b271-ab2bfb128bdb
822681,59,7,top,1,0,0,0,0,0,L,R,field_out,out,0,92.4,30.0,347.0,fly_ball,medium,1,0,,,9a330c7b-b91a-30f3-a7a0-d255d672fb5e
822681,61,7,bottom,0,0,0,0,0,0,R,R,home_run,hit,1,104.9,32.0,388.0,fly_ball,medium,1,0,,,cc5fdf97-3092-3c78-a883-afa5698f0943
822681,62,7,bottom,0,0,0,0,0,0,L,R,field_out,out,0,90.4,23.0,280.0,line_drive,medium,1,0,,,d6087d28-1c81-35ee-9ddc-23cab9f2d3e2
822681,63,7,bottom,1,0,0,0,0,0,R,R,single,hit,0,82.8,7.0,102.0,ground_ball,medium,1,0,True,MJ,4984f4db-58c0-3a99-a53c-402ae61feff2
822681,64,7,bottom,1,0,0,0,0,0,L,R,field_out,out,0,97.5,46.0,253.0,fly_ball,medium,1,0,,,9129caaf-cb07-3a53-9f3b-75e11a97b412
822681,65,7,bottom,2,0,0,0,0,0,L,R,field_out,out,0,92.5,50.0,243.0,fly_ball,medium,1,0,,,9b71527d-659b-3d50-b6fd-05c72032721d
822681,66,8,top,0,0,0,0,0,0,L,R,single,hit,0,71.7,20.0,194.0,line_drive,medium,1,0,,,c91b34e1-282e-37c1-af31-baf28d8be09a
822681,67,8,top,0,1,1,0,2,1,L,R,single,hit,0,86.9,3.0,75.0,ground_ball,medium,1,0,,,47711773-d391-37a6-b0ad-e782ab01fe7b
822681,68,8,top,0,0,0,1,1,1,R,R,sac_fly,out,1,100.2,39.0,355.0,fly_ball,hard,1,0,,,06cdbd04-a213-332d-85cd-f088cc08a9bc
822681,69,8,top,1,1,0,0,1,0,R,R,force_out,out,0,92.1,-13.0,10.0,ground_ball,medium,1,0,,,bf1459e6-719b-32d0-bba4-48604be94c62
822681,71,8,bottom,0,0,0,0,0,0,L,L,field_out,out,0,75.0,35.0,237.0,fly_ball,medium,1,0,,,30190908-fc76-399f-824f-bc21334dced3
822681,72,8,bottom,1,0,0,0,0,0,L,L,field_out,out,0,87.4,-38.0,3.0,ground_ball,medium,1,0,,,bbde7aef-e765-35aa-911a-0be46591ccac
822681,74,9,top,0,0,0,0,0,0,R,R,field_out,out,0,91.3,58.0,185.0,fly_ball,medium,1,0,,,114f83c4-ec4a-39af-aa69-343b7a992e6e
822681,77,9,top,2,0,0,0,0,0,R,R,field_out,out,0,40.7,-52.0,3.0,ground_ball,soft,1,0,,,6177c4a3-6462-3cba-ab88-88e713483939
822759,2,1,top,1,0,0,0,0,0,R,R,field_out,out,0,84.1,77.0,87.0,popup,medium,1,0,,,e6cb877d-62ca-38a1-88ee-129b5620ee1e
822759,7,1,bottom,1,1,0,0,1,0,R,R,grounded_into_double_play,out,0,88.9,-12.0,14.0,ground_ball,medium,1,0,,,aa043564-0bb6-39b1-be3d-8ac07386e04d
822759,8,2,top,0,0,0,0,0,0,L,R,home_run,hit,1,103.3,28.0,413.0,fly_ball,medium,1,0,,,f2cc4dec-19bc-37ed-bc73-3575068f9ea8
822759,10,2,top,1,0,0,0,0,0,L,R,single,hit,0,101.2,-14.0,7.0,ground_ball,hard,1,0,,,49b8bdab-d1ac-3977-969f-510b090dfb01
822759,11,2,top,1,0,0,0,0,0,L,R,field_out,out,0,80.2,42.0,261.0,fly_ball,medium,1,0,,,00ace69d-4046-360d-80d1-69ae5f778454
822759,13,2,bottom,0,0,0,0,0,0,R,R,field_out,out,0,89.9,25.0,322.0,line_drive,medium,1,0,,,1adcf06e-79a3-3dd2-8b09-51a30645af40
822759,14,2,bottom,1,0,0,0,0,0,L,R,single,hit,0,74.8,22.0,226.0,line_drive,medium,1,0,,,ca9bcdc9-7d37-3151-86a1-7c4a11a7742c
822759,15,2,bottom,1,0,0,0,0,0,L,R,field_out,out,0,85.0,45.0,263.0,fly_ball,medium,1,0,,,0b07cc30-853d-3a41-be11-7a88a11c7970
822759,16,2,bottom,2,0,0,0,0,0,L,R,field_out,out,0,104.7,6.0,130.0,line_drive,medium,1,0,,,3bc97ad8-6299-3299-896e-e5033a39bdc5
822759,18,3,top,0,1,0,0,1,0,L,R,single,hit,0,37.5,-67.0,3.0,bunt_grounder,medium,1,0,,,1b326985-12af-3f2d-954c-d58a957023c7
822759,19,3,top,0,0,0,0,0,0,L,R,field_out,out,0,93.4,11.0,147.0,line_drive,medium,1,0,,,58f9ad1f-ddb1-3b53-96bd-6a4a39ae15b8
822759,20,3,top,1,1,1,1,3,1,R,R,fielders_choice,fielders_choice,0,94.4,-6.0,14.0,ground_ball,medium,1,0,,,8bf51274-0c05-33e0-bac5-66df808715c7
822759,21,3,top,1,1,0,1,2,1,R,R,double,hit,1,105.5,23.0,317.0,fly_ball,hard,1,0,,,cf1b4e57-6caa-3a76-8e7a-e56cfaef96b9
822759,25,3,bottom,1,0,0,0,0,0,L,R,double,hit,0,79.3,34.0,243.0,fly_ball,medium,1,0,,,47e7a102-fb17-33b5-9e97-f2881be85e8b
822759,26,3,bottom,1,0,1,0,1,1,L,R,field_out,out,0,87.1,-4.0,24.0,ground_ball,medium,1,0,,,6e123c71-daec-30e0-9667-73d12dcf88fb
822759,27,3,bottom,2,0,0,0,0,0,R,R,field_out,out,0,80.0,55.0,196.0,fly_ball,medium,1,0,,,b29737b5-0f76-332d-b251-7def0d38a00e
822759,28,4,top,0,0,0,0,0,0,L,R,field_out,out,0,85.5,81.0,35.0,popup,medium,1,0,,,1182c453-8404-3116-8419-19652d3824f7
822759,32,4,top,2,0,0,0,0,0,L,R,field_out,out,0,86.2,68.0,165.0,popup,medium,1,0,,,e9a2a3fc-8052-37d7-bbc8-6be10dda51cf
822759,33,4,bottom,0,0,0,0,0,0,R,R,field_out,out,0,85.9,10.0,159.0,line_drive,medium,1,0,,,d450d287-4a14-31ba-82d3-cc8f79e17f26
822759,34,4,bottom,1,0,0,0,0,0,R,R,field_out,out,0,82.1,69.0,112.0,popup,medium,1,0,,,e261ea88-0f11-3f82-82d2-b97344e7e6b0
822759,35,4,bottom,2,0,0,0,0,0,L,R,field_out,out,0,100.1,32.0,378.0,fly_ball,hard,1,0,,,85fc82a8-eb48-33fa-8f4c-63e18c367c7a
822759,36,5,top,0,0,0,0,0,0,R,R,single,hit,0,106.7,15.0,237.0,line_drive,hard,1,0,,,2edd77f9-a47e-3a19-beac-61c847e37a27
822759,39,5,top,2,1,0,0,1,0,R,R,field_error,error,0,31.1,-31.0,5.0,ground_ball,soft,1,0,,,0f248032-3c40-3a6d-a8f5-afcbb49d7166
822759,40,5,top,2,1,1,0,2,1,L,R,triple,hit,2,100.5,38.0,349.0,fly_ball,hard,1,0,,,41199966-8e85-3689-a283-eb6c47569c3f
822759,42,5,bottom,0,0,0,0,0,0,L,R,field_out,out,0,100.1,16.0,325.0,line_drive,hard,1,0,,,e62751d9-6f6f-3ac4-8d9d-747f09b43a11
822759,43,5,bottom,1,0,0,0,0,0,L,R,single,hit,0,82.3,8.0,100.0,ground_ball,medium,1,0,,,1ba86b92-1b05-3aca-92d5-64878642cb2c
822759,44,5,bottom,1,1,0,0,1,0,R,R,force_out,out,0,90.9,-12.0,9.0,ground_ball,medium,1,0,,,f6e3390c-c200-353f-b5b6-1f689fa3be71
822759,45,5,bottom,2,0,0,0,0,0,L,R,field_out,out,0,81.9,12.0,152.0,line_drive,medium,1,0,,,7f40e1e8-9c4c-3d6c-905f-898d0622eb37
822759,46,6,top,0,0,0,0,0,0,R,R,field_out,out,0,74.2,-9.0,19.0,ground_ball,medium,1,0,,,4ae247b7-9257-3bc7-a7e8-749efc2590bc
822759,47,6,top,1,0,0,0,0,0,L,R,field_out,out,0,74.9,32.0,260.0,fly_ball,medium,1,0,,,6b594752-8e23-3468-9252-a16f22f0c947
822759,50,6,bottom,0,0,0,0,0,0,L,R,field_out,out,0,64.9,-48.0,4.0,ground_ball,medium,1,0,,,fdb8d456-ddf2-397b-bf5f-d13e745d39ea
822759,51,6,bottom,1,0,0,0,0,0,R,R,field_out,out,0,77.3,4.0,78.0,ground_ball,medium,1,0,,,8b184c7f-906d-3975-9d21-ef5c44e4c2ec
822759,52,6,bottom,2,0,0,0,0,0,R,R,field_out,out,0,54.4,-68.0,4.0,ground_ball,soft,1,0,,,0e22cc0c-f4ac-37b6-97ef-ee731936bc65
822759,55,7,top,2,0,0,0,0,0,R,R,field_out,out,0,103.4,25.0,391.0,fly_ball,hard,1,0,,,a3c3b7ff-5561-34ed-90c9-90505be53188
822759,58,7,bottom,1,1,0,0,1,0,L,R,double,hit,0,86.0,24.0,265.0,line_drive,medium,1,0,,,70b176ac-8a15-3bb4-8882-fa7a5ca60ceb
822759,59,7,bottom,1,0,1,1,2,1,L,R,field_out,out,1,89.9,-4.0,30.0,ground_ball,medium,1,0,,,26949c72-3595-34fb-8429-d9c3f1dd290e
822759,60,7,bottom,2,0,0,0,0,0,R,R,field_out,out,0,90.0,67.0,137.0,popup,medium,1,0,,,c2891997-09c4-3a0e-a0e7-8d8eca7747c8
822759,61,8,top,0,0,0,0,0,0,L,R,field_out,out,0,77.7,-13.0,8.0,ground_ball,medium,1,0,,,3568f5f0-ca9c-3c43-87a2-87b9dddb8fe1
822759,62,8,top,1,0,0,0,0,0,L,R,field_out,out,0,88.2,4.0,81.0,ground_ball,medium,1,0,,,6efeb7f9-49c9-316e-9af5-7c49aafb8cfd
822759,63,8,top,2,0,0,0,0,0,R,R,field_out,out,0,63.2,-14.0,12.0,ground_ball,medium,1,0,,,be733b3c-8d5a-335a-8c87-9136635f7d28
822759,64,8,bottom,0,0,0,0,0,0,L,R,single,hit,0,82.6,17.0,238.0,line_drive,medium,1,0,,,93487e8d-8479-393e-a688-c49170007b88
822759,65,8,bottom,0,1,0,0,1,0,L,R,field_out,out,0,76.1,9.0,119.0,ground_ball,medium,1,0,,,ee3e8d88-b120-3e81-a811-93155f18b7e2
822759,67,8,bottom,2,0,0,0,0,0,R,R,field_out,out,0,75.8,4.0,62.0,ground_ball,medium,1,0,,,89f60057-88f9-3e0d-8f1d-ef1c182fefcd
822759,69,9,top,1,0,0,0,0,0,R,L,field_out,out,0,90.6,-7.0,19.0,ground_ball,medium,1,0,,,0554a95c-e26c-3caf-9574-88567ac6ec26
822759,70,9,top,2,0,0,0,0,0,R,L,field_out,out,0,96.1,-16.0,9.0,ground_ball,medium,1,0,,,9631b9bc-5cef-3c3c-8576-b81f496d66aa
822759,72,9,bottom,1,0,0,0,0,0,L,R,field_out,out,0,68.5,72.0,79.0,popup,medium,1,0,,,8fded231-f0d9-3af3-a738-44c2788a3565
822759,73,9,bottom,2,0,0,0,0,0,L,R,field_out,out,0,85.5,26.0,286.0,line_drive,medium,1,0,,,d6d19d34-4b6f-3698-bb57-1c1e778b5511
822760,0,1,top,0,0,0,0,0,0,L,R,field_out,out,0,90.9,-9.0,14.0,ground_ball,medium,1,0,,,289b7478-aad5-396b-b150-1b4aee57519f
822760,1,1,top,1,0,0,0,0,0,L,R,field_out,out,0,94.4,-7.0,17.0,ground_ball,medium,1,0,,,13863e9d-665e-32a1-bd2e-34ab286e3757
822760,3,1,bottom,0,0,0,0,0,0,R,L,double,hit,0,105.2,9.0,204.0,line_drive,hard,1,0,,,90c8a72a-f537-3a8c-a6b6-7cbb5ebd9dc8
822760,4,1,bottom,0,0,1,1,2,1,R,L,double,hit,1,105.9,8.0,156.0,line_drive,hard,1,0,,,1a4dda72-2923-394c-8fff-31c6b7112f7e
822760,5,1,bottom,0,0,0,0,0,0,R,L,field_out,out,0,43.8,-62.0,3.0,ground_ball,soft,1,0,,,54944d61-0b00-3dea-89ed-a4966cc42a5f
822760,6,1,bottom,1,0,0,0,0,0,R,L,field_out,out,0,109.7,12.0,303.0,line_drive,hard,1,0,,,bc1c6565-079c-3894-8ea5-946cb27374bd
822760,7,1,bottom,2,0,1,1,2,1,R,L,double,hit,1,102.4,13.0,189.0,line_drive,hard,1,0,,,1bb298a8-a860-36fe-a89d-07cd8a705ecf
822760,8,1,bottom,2,0,0,0,0,0,L,L,field_out,out,0,85.2,-15.0,8.0,ground_ball,medium,1,0,,,f3504c27-8b49-3f2d-aa58-c4db18a372ac
822760,10,2,top,1,0,0,0,0,0,R,R,home_run,hit,1,105.3,31.0,380.0,fly_ball,medium,1,0,,,e2298332-6437-35f9-bf31-edd56b25fe4e
822760,11,2,top,1,0,0,0,0,0,L,R,single,hit,0,111.7,-3.0,28.0,ground_ball,medium,1,0,,,cac5acea-77ab-3afb-8dff-f494bb6df013
822760,12,2,top,1,1,1,0,2,1,L,R,single,hit,0,81.3,8.0,110.0,ground_ball,medium,1,0,,,d15aaf88-4650-3118-bd32-be0b294b12e2
822760,13,2,top,1,1,0,0,1,0,R,R,grounded_into_double_play,out,0,100.5,-24.0,5.0,ground_ball,medium,1,0,,,924f1675-f6cd-3d6b-baba-a691cd961675
822760,15,2,bottom,0,0,0,0,0,0,R,L,field_out,out,0,79.5,41.0,274.0,fly_ball,medium,1,0,,,163f2546-01fc-3d61-be52-67097d1ea4b8
822760,16,2,bottom,1,1,0,0,1,0,R,L,single,hit,0,93.6,14.0,232.0,fly_ball,medium,1,0,,,2217814e-34a9-31b8-b5c3-04140de4ef39
822760,17,2,bottom,1,1,1,0,2,1,R,L,single,hit,0,90.4,9.0,169.0,line_drive,medium,1,0,,,e7a27d22-db1c-3205-9b9b-b2b5cf55293b
822760,18,2,bottom,1,1,0,0,1,0,R,L,grounded_into_double_play,out,0,88.8,-32.0,5.0,ground_ball,medium,1,0,,,782dacb8-f2b0-367d-8552-9047c7486361
822760,19,3,top,0,0,0,0,0,0,L,R,single,hit,0,91.2,1.0,54.0,ground_ball,medium,1,0,,,f3710414-74f6-3288-84f8-e62f3ec31ff9
822760,20,3,top,0,1,0,0,1,0,L,R,single,hit,0,28.2,41.0,54.0,bunt_grounder,soft,1,0,,,f7d95d9e-c7e7-3fbf-b2ab-21ddb440f2fd
822760,21,3,top,0,1,1,1,3,1,L,R,double,hit,2,101.8,26.0,336.0,fly_ball,medium,1,0,,,0597943e-5206-3d13-9eb9-a2f13f36aa1e
822760,22,3,top,0,0,1,1,2,1,R,R,single,hit,1,64.6,21.0,161.0,line_drive,medium,1,0,,,4c335007-e69c-30da-a39d-b1af0b66df7f
822760,23,3,top,0,0,0,0,0,0,L,R,field_out,out,0,98.1,33.0,369.0,fly_ball,medium,1,0,,,97dd4480-63f7-3483-a0bb-0adb2653af00
822760,24,3,top,1,1,1,0,2,1,R,R,single,hit,0,103.4,19.0,315.0,line_drive,medium,1,0,,,b1b25b6c-5eda-38d9-ae8a-8f8ee13a9cfe
822760,25,3,top,1,1,0,1,2,1,L,R,force_out,out,1,66.5,-44.0,3.0,ground_ball,medium,1,0,,,3de9b0d2-3cea-300d-93b5-db78d04b57ab
822760,26,3,top,2,0,0,0,0,0,L,R,field_out,out,0,101.3,-11.0,14.0,ground_ball,medium,1,0,,,b4b240fc-0b3e-3bf2-bcf0-575c032db379
822760,27,3,bottom,0,0,0,0,0,0,R,L,field_out,out,0,78.8,33.0,279.0,fly_ball,medium,1,0,,,5b7c395d-7482-3eb3-a276-b669ec65080f
822760,30,3,bottom,2,1,0,0,1,0,L,L,double,hit,0,93.5,14.0,233.0,line_drive,medium,1,0,,,94da1272-3f77-3ba7-a3f4-54539c0068d4
822760,32,3,bottom,2,0,0,0,0,0,R,L,field_out,out,0,68.3,-18.0,8.0,ground_ball,medium,1,0,,,430b2d90-dd84-3b1a-968b-d69e34547bc7
822760,33,4,top,0,0,0,0,0,0,R,L,field_out,out,0,84.7,26.0,305.0,line_drive,medium,1,0,,,40e382c1-1770-34b2-8e23-dc7f93aa4394
822760,34,4,top,1,0,0,0,0,0,R,L,field_out,out,0,84.2,43.0,282.0,fly_ball,medium,1,0,,,f40d2873-2ed9-30de-a5c3-dc4d0380ee38
822760,35,4,top,2,0,0,0,0,0,L,L,single,hit,0,90.0,15.0,255.0,line_drive,medium,1,0,,,4fd95c5c-bd44-392e-9b80-60eb18186ccb
822760,37,4,bottom,0,0,0,0,0,0,R,L,single,hit,0,101.0,-7.0,18.0,ground_ball,medium,1,0,,,94ee3982-3150-383b-84a5-18339fefd7ad
822760,39,4,bottom,1,1,0,0,1,0,R,L,grounded_into_double_play,out,0,94.9,-14.0,11.0,ground_ball,medium,1,0,False,MJ,8fac0bc6-a184-3484-bec1-b29ed173516c
822760,40,5,top,0,0,0,0,0,0,R,L,field_out,out,0,77.2,82.0,72.0,popup,medium,1,0,,,648a67d3-bb8e-3c19-bef3-f0c683b97545
822760,44,5,bottom,1,0,0,0,0,0,R,L,field_out,out,0,73.9,-21.0,7.0,ground_ball,medium,1,0,,,0040bf18-9fb8-3ac3-a443-989971c9bdda
822760,45,5,bottom,2,0,0,0,0,0,R,L,field_out,out,0,89.9,9.0,124.0,ground_ball,medium,1,0,,,14958f81-45af-33ce-a61a-4982c35ce128
822760,47,6,top,1,0,0,0,0,0,L,R,single,hit,0,102.6,4.0,96.0,ground_ball,medium,1,0,,,9538d570-3885-32a0-bc81-887ee1e89369
822760,48,6,top,1,1,0,0,1,0,R,R,single,hit,0,89.2,15.0,234.0,line_drive,medium,1,0,,,3437a26b-a1a6-3cb4-914c-24e27ac2724b
822760,50,6,top,2,0,0,0,0,0,L,R,field_out,out,0,95.2,-24.0,6.0,ground_ball,medium,1,0,,,eb5e7111-b900-36a7-b566-fc46e57fc83d
822760,53,6,bottom,1,0,0,0,0,0,R,R,field_out,out,0,95.6,23.0,346.0,line_drive,medium,1,0,,,782237c4-81de-3ca2-b86e-039c48693fd9
822760,54,6,bottom,2,0,0,0,0,0,L,R,field_out,out,0,98.2,32.0,368.0,fly_ball,medium,1,0,,,37b7bf5b-9834-304e-89ef-995630fa33f4
822760,57,7,top,1,0,0,0,0,0,L,L,field_out,out,0,97.8,34.0,365.0,fly_ball,medium,1,0,,,4afdbed2-4ea8-35e6-bfaf-e80f7c21d71c
822760,58,7,top,2,0,0,0,0,0,R,L,field_out,out,0,66.5,6.0,71.0,ground_ball,medium,1,0,,,cc75a0c0-22e6-3cad-847b-07c7a1863c76
822760,61,7,bottom,0,1,1,1,3,1,R,R,single,hit,1,63.9,-19.0,10.0,ground_ball,medium,1,0,True,MJ,b3d3cc85-15ae-377a-ba28-4b16204859c2
822760,62,7,bottom,0,1,1,0,2,1,R,R,fielders_choice,fielders_choice,0,102.3,-7.0,15.0,ground_ball,medium,1,0,,,4b720f66-f8d8-3a3b-9c2d-33d4294621e7
822760,63,7,bottom,0,1,1,1,3,1,R,R,double,hit,2,107.6,20.0,401.0,line_drive,hard,1,0,,,66ef2cb4-daff-3139-b59b-95a0702f776a
822760,64,7,bottom,0,0,1,1,2,1,L,R,single,hit,1,97.6,-1.0,44.0,ground_ball,medium,1,0,,,5d9113ac-de19-327f-9d79-009a5253278d
822760,65,7,bottom,0,0,0,0,0,0,L,R,field_out,out,0,79.1,38.0,265.0,fly_ball,medium,1,0,,,c697e54c-4ac9-38e2-949f-0c50e15e20f3
822760,66,7,bottom,1,1,0,1,2,1,R,R,fielders_choice_out,fielders_choice,0,100.1,5.0,94.0,ground_ball,medium,1,0,,,48ec7275-99e2-3ae4-93d0-be3452197ad9
822760,68,8,top,0,0,0,0,0,0,L,R,single,hit,0,101.7,-13.0,12.0,ground_ball,medium,1,0,,,6486efa1-1a45-3338-adc5-b898baddc622
822760,70,8,top,1,0,0,0,0,0,R,R,field_out,out,0,91.4,34.0,336.0,fly_ball,medium,1,0,,,85f3366e-1361-3c12-96d5-df8702c40805
822760,71,8,top,2,0,0,0,0,0,L,R,field_out,out,0,88.6,-15.0,10.0,ground_ball,medium,1,0,,,86601c43-3c83-337a-94d1-04d58444c1e9
822760,74,8,bottom,1,1,0,0,1,0,R,R,field_out,out,0,112.5,-11.0,18.0,ground_ball,medium,1,0,,,920d434e-25f8-3cc2-8259-28b10812a2c6
822760,75,8,bottom,2,0,0,0,0,0,R,R,field_out,out,0,101.3,26.0,366.0,fly_ball,hard,1,0,,,3e3dd254-dc7f-32a3-9eec-c5b7d71d7b2b
822760,77,9,top,1,0,0,0,0,0,L,R,field_out,out,0,105.9,0.0,50.0,ground_ball,medium,1,0,,,42ad081f-6aeb-3f96-acab-679e904a612c
822761,0,1,top,0,0,0,0,0,0,L,R,field_out,out,0,86.6,46.0,272.0,fly_ball,medium,1,0,,,bd7161e8-4f24-37a7-bb15-b647a2e9b524
822761,2,1,top,2,0,0,0,0,0,R,R,field_out,out,0,94.6,4.0,79.0,ground_ball,medium,1,0,,,38aa7391-e107-3fca-992b-41a14869dc91
822761,4,1,bottom,1,0,0,0,0,0,L,L,single,hit,0,98.9,-1.0,43.0,ground_ball,medium,1,0,,,d8ee2900-3a16-3af9-9c6c-f63b4cc1ed72
822761,6,1,bottom,2,0,0,0,0,0,R,L,field_out,out,0,92.0,30.0,349.0,fly_ball,medium,1,0,,,91fc55dc-1e76-374a-bfa9-918f5cc38abc
822761,7,2,top,0,0,0,0,0,0,L,R,single,hit,0,89.1,15.0,211.0,line_drive,medium,1,0,,,f2541e56-f23c-34f9-9f68-8dfb47a3d814
822761,8,2,top,0,1,0,0,1,0,L,R,grounded_into_double_play,out,0,88.0,-15.0,13.0,ground_ball,medium,1,0,,,2c851fe4-05cb-3574-9958-dcb910e741b1
822761,9,2,top,2,0,0,0,0,0,L,R,field_out,out,0,78.2,25.0,273.0,line_drive,medium,1,0,,,c46bf3f2-c355-3556-b1e9-549e5d4fc43c
822761,11,2,bottom,0,1,0,0,1,0,R,L,home_run,hit,2,101.7,26.0,409.0,fly_ball,medium,1,0,,,fde9536a-63d8-3601-b6b6-6fb40514973a
822761,12,2,bottom,0,0,0,0,0,0,R,L,field_out,out,0,88.8,-3.0,29.0,ground_ball,medium,1,0,True,MJ,60d13913-ad17-39d5-b967-ecfec2b545dc
822761,13,2,bottom,1,0,0,0,0,0,L,L,field_out,out,0,56.1,38.0,165.0,line_drive,medium,1,0,True,MJ,296da22b-c3f3-313b-9caf-a98158b1abc7
822761,14,2,bottom,2,0,0,0,0,0,R,L,field_out,out,0,98.6,36.0,365.0,fly_ball,medium,1,0,,,5c93cb0a-a7b0-3a31-ab19-5eefc08cc663
822761,17,3,top,2,0,0,0,0,0,L,R,double,hit,0,104.4,16.0,261.0,line_drive,hard,1,0,,,99f6df15-4dc2-3545-a2ec-44bcf3eebeda
822761,18,3,top,2,0,1,0,1,1,L,R,single,hit,1,89.1,14.0,215.0,line_drive,medium,1,0,,,ca3adb4d-5d7f-3bef-9088-129c89d501e0
822761,19,3,top,2,1,0,0,1,0,L,R,single,hit,0,109.6,11.0,173.0,line_drive,hard,1,0,,,5f5702c1-34ac-3cec-add1-57e57f766056
822761,20,3,top,2,0,0,0,0,0,R,R,field_out,out,0,95.8,56.0,238.0,fly_ball,medium,1,0,,,aa9775ce-e27c-3281-82f2-5520069a9b7d
822761,21,3,bottom,0,0,0,0,0,0,R,L,double,hit,0,73.7,26.0,240.0,fly_ball,medium,1,0,,,664be739-78dc-3afc-a217-ea7ba14d89f8
822761,22,3,bottom,0,0,1,0,1,1,L,L,single,hit,0,94.4,13.0,223.0,line_drive,medium,1,0,,,e3d2daa0-15a2-345a-aa28-9b04b87a9ffd
822761,24,3,bottom,0,0,0,1,1,1,R,L,sac_fly,out,1,87.1,25.0,295.0,line_drive,medium,1,0,,,4b1b9c63-80fa-37bb-a728-d1013a94b2fd
822761,25,3,bottom,1,1,1,1,3,1,R,L,field_out,out,1,68.5,-33.0,6.0,ground_ball,medium,1,0,,,1858f63c-e70b-3746-8a2c-c94d6dc7bc59
822761,28,4,top,0,0,0,0,0,0,L,R,field_out,out,0,78.3,37.0,276.0,fly_ball,medium,1,0,,,28d70d89-c729-3fe9-b187-798d096ae42a
822761,29,4,top,1,0,0,0,0,0,L,R,field_out,out,0,53.6,-16.0,8.0,ground_ball,medium,1,0,,,37d63891-a4f2-3b31-a253-9b1a5e98699d
822761,30,4,top,2,0,0,0,0,0,L,R,field_out,out,0,80.0,67.0,131.0,popup,medium,1,0,True,MJ,831c565b-5095-3917-97fc-17feb3ef533a
822761,32,4,bottom,0,1,0,0,1,0,R,R,grounded_into_double_play,out,0,52.1,-34.0,5.0,ground_ball,soft,1,0,,,912fbcf0-410f-362b-bc3d-d5df2409850a
822761,34,5,top,0,0,0,0,0,0,R,R,field_out,out,0,92.1,-26.0,5.0,ground_ball,medium,1,0,,,ff277b3e-3b2c-3c15-975a-09c88f5e91fa
822761,36,5,top,2,0,0,0,0,0,L,R,single,hit,0,97.6,16.0,244.0,line_drive,medium,1,0,,,bdf169c7-84a3-3296-b4bd-c25df3a26eca
822761,37,5,top,2,1,1,0,2,1,L,R,single,hit,0,74.8,26.0,250.0,fly_ball,medium,1,0,,,14ff53d3-e316-3166-82f2-245cb1382420
822761,41,5,bottom,2,0,0,0,0,0,R,R,field_out,out,0,82.9,40.0,303.0,fly_ball,medium,1,0,,,2f5166e9-d665-37e6-a2e4-4a44e1254134
822761,42,6,top,0,0,0,0,0,0,R,R,field_out,out,0,97.1,20.0,304.0,line_drive,medium,1,0,True,MJ,1d7752e3-2fdd-394f-b02d-93af5d21a76a
822761,47,6,bottom,2,0,0,0,0,0,R,R,field_out,out,0,82.0,45.0,246.0,fly_ball,medium,1,0,,,fdb5e2f1-cb4d-3784-a566-66927b3dc88c
822761,48,7,top,0,0,0,0,0,0,L,R,field_out,out,0,76.7,78.0,84.0,popup,medium,1,0,,,16fb70a8-16ab-392d-8981-9744292dadd7
822761,49,7,top,1,0,0,0,0,0,R,R,field_out,out,0,96.6,42.0,333.0,fly_ball,medium,1,0,,,17087c6e-7296-37eb-81e5-0a095957f41f
822761,50,7,top,2,0,0,0,0,0,R,R,field_out,out,0,70.8,64.0,128.0,popup,medium,1,0,,,ddf67d48-e12f-3a01-a5ce-10611a6f83f5
822761,51,7,bottom,0,0,0,0,0,0,L,R,field_out,out,0,99.3,-3.0,38.0,ground_ball,medium,1,0,,,186513ac-ef2e-378e-8409-711e02a52847
822761,52,7,bottom,1,0,0,0,0,0,R,R,field_out,out,0,70.3,52.0,191.0,popup,medium,1,0,,,44001f0f-c187-397a-ac22-817fa0846355
822761,55,8,top,0,0,0,0,0,0,L,L,field_out,out,0,63.4,51.0,173.0,popup,medium,1,0,,,92a898ba-f63d-3fc5-935a-778b8cf875d9
822761,56,8,top,1,1,0,0,1,0,R,L,grounded_into_double_play,out,0,96.4,-13.0,12.0,ground_ball,medium,1,0,,,22024575-052b-3187-abf3-2203c01ca08b
822761,57,8,bottom,0,0,0,0,0,0,L,R,field_out,out,0,82.7,24.0,257.0,line_drive,medium,1,0,,,bad68cdc-3dd4-3f4a-ace0-150bc0f84d76
822761,58,8,bottom,1,0,0,0,0,0,L,R,field_out,out,0,83.2,4.0,72.0,ground_ball,medium,1,0,,,8e101d78-4123-3062-b1f0-ddf8835fe246
822761,59,8,bottom,2,0,0,0,0,0,R,R,home_run,hit,1,108.6,26.0,446.0,fly_ball,medium,1,0,,,3f1b3221-ec79-3c3c-b466-d9883909a076
822761,60,8,bottom,2,0,0,0,0,0,R,R,field_out,out,0,74.9,17.0,158.0,line_drive,medium,1,0,,,dd8655ff-95fb-387f-9604-0452cb9c9338
822761,61,9,top,0,0,0,0,0,0,R,R,field_out,out,0,88.5,72.0,84.0,popup,medium,1,0,,,6757e056-aeb7-3c71-a7c3-d5ab40858179
822761,62,9,top,1,0,0,0,0,0,L,R,double,hit,0,97.6,16.0,295.0,line_drive,medium,1,0,,,3a9a1a51-1364-3ee3-945f-fe81de8fabc4
822761,63,9,top,1,0,0,0,0,0,L,R,field_out,out,0,87.9,74.0,63.0,popup,medium,1,0,,,5b4a90a6-6e75-376c-85ec-ebba05490774
822761,64,9,top,2,0,0,0,0,0,L,R,field_out,out,0,90.2,52.0,234.0,fly_ball,medium,1,0,,,e609dc5e-670b-30c7-9b50-f6e320de760f
822840,0,1,top,0,0,0,0,0,0,R,L,field_out,out,0,75.2,5.0,74.0,ground_ball,medium,1,0,,,4392460a-fcbe-381d-acfe-dee091a1a417
822840,1,1,top,1,0,0,0,0,0,L,L,field_out,out,0,100.5,24.0,373.0,fly_ball,hard,1,0,,,829333a9-690b-3488-b493-9ff87058a7ea
822840,2,1,top,2,0,0,0,0,0,R,L,field_out,out,0,97.7,22.0,338.0,line_drive,medium,1,0,,,e6cdadab-c9af-3d1c-9855-7b30ee869b91
822840,7,2,top,1,0,0,0,0,0,L,L,field_out,out,0,90.4,38.0,309.0,fly_ball,medium,1,0,,,4178d270-f9e8-32e4-8d61-5d3a0e24af49
822840,8,2,top,2,0,0,0,0,0,R,L,field_out,out,0,97.6,-5.0,20.0,ground_ball,medium,1,0,,,b2007aaf-da21-3b9a-835a-3108597d8a6f
822840,9,2,bottom,0,0,0,0,0,0,R,L,field_error,error,0,93.9,-22.0,9.0,ground_ball,medium,1,0,,,d3a366f6-4592-3e8a-aa0e-8bf8aa348c9d
822840,10,2,bottom,0,1,0,0,1,0,L,L,single,hit,0,99.9,14.0,279.0,line_drive,medium,1,0,,,c9353d60-92be-3ec5-9098-301593b59197
822840,11,2,bottom,0,1,1,0,2,1,R,L,field_out,out,0,97.2,36.0,373.0,fly_ball,medium,1,0,,,0468dc6b-f85a-3648-9cd8-2a27f63dd6ab
822840,13,2,bottom,2,0,0,0,0,0,R,L,field_out,out,0,88.6,54.0,235.0,fly_ball,medium,1,0,,,1b8212a8-59e7-3f29-ba54-04dec02d3648
822840,14,3,top,0,0,0,0,0,0,R,L,double,hit,0,112.3,20.0,396.0,line_drive,hard,1,0,,,ec40a6fb-7202-3541-bc69-b1a1598800c9
822840,15,3,top,0,0,0,0,0,0,L,L,field_out,out,0,86.3,36.0,286.0,fly_ball,medium,1,0,,,f204822c-d345-35d5-aff0-7f70de7b8893
822840,16,3,top,1,0,1,0,1,1,R,L,field_out,out,0,103.5,-3.0,23.0,ground_ball,medium,1,0,,,42b01304-1885-33f1-9e19-15e8d1b77c41
822840,18,3,top,2,1,1,1,3,1,L,L,single,hit,1,78.9,-3.0,26.0,ground_ball,medium,1,0,,,dc38d31b-c4a6-3508-897e-67ee9cc3ad20
822840,19,3,top,2,0,0,0,0,0,R,L,field_out,out,0,66.6,-37.0,4.0,ground_ball,medium,1,0,,,acdc00d4-14bf-3706-9083-f8afd8d706eb
822840,22,3,bottom,1,1,0,0,1,0,L,L,field_out,out,0,70.8,46.0,228.0,fly_ball,medium,1,0,,,8212cbeb-cf94-3c5c-8c63-44a3235b9b91
822840,23,3,bottom,2,0,1,1,2,1,R,L,double,hit,1,95.9,8.0,148.0,line_drive,medium,1,0,,,689ed529-a7cc-3636-8ee2-f2a92e4590d9
822840,25,4,top,0,0,0,0,0,0,R,L,field_out,out,0,103.7,-11.0,14.0,ground_ball,medium,1,0,,,403a54bc-f2d8-364d-bd98-3e9beb8322ea
822840,26,4,top,1,0,0,0,0,0,L,L,double,hit,0,101.4,18.0,306.0,line_drive,hard,1,0,,,f2e0589a-bfb8-31d4-8bba-825341d414a4
822840,27,4,top,1,0,0,0,0,0,R,L,field_out,out,0,96.2,17.0,276.0,line_drive,medium,1,0,,,97bea07d-5212-3379-ac03-9fc9411e28ba
822840,28,4,top,2,1,1,0,2,1,R,L,field_error,error,0,94.1,27.0,340.0,fly_ball,medium,1,0,,,1aa6853b-ed75-3979-b759-db3e80930ae8
822840,29,4,top,2,0,0,0,0,0,L,L,field_out,out,0,92.5,-10.0,12.0,ground_ball,medium,1,0,,,db0c9cb5-a146-3485-8eb0-3c6c4b885a2d
822840,30,4,bottom,0,0,0,0,0,0,L,L,single,hit,0,70.3,33.0,242.0,fly_ball,medium,1,0,,,b9d6e0b4-c310-380e-a104-b9e847408556
822840,33,4,bottom,0,1,1,1,3,1,R,L,sac_fly,out,1,105.8,42.0,363.0,fly_ball,hard,1,0,,,673a2b69-00da-3493-b1e7-df4f29f0544b
822840,35,4,bottom,1,0,1,1,2,1,R,L,sac_fly,out,1,106.3,20.0,360.0,line_drive,hard,1,0,,,486e6752-923c-3a22-b15d-6fff8acfcc69
822840,37,5,top,0,0,0,0,0,0,R,L,field_out,out,0,94.9,-31.0,4.0,ground_ball,medium,1,0,,,77259d7e-168e-3aa1-a7a3-ed4df1bb9c8b
822840,38,5,top,1,0,0,0,0,0,R,L,field_out,out,0,97.6,-10.0,17.0,ground_ball,medium,1,0,,,6e59c33a-fb84-3142-ae6a-212b57b7c102
822840,39,5,top,2,0,0,0,0,0,L,L,single,hit,0,105.2,4.0,84.0,ground_ball,medium,1,0,,,982a0620-3301-3333-b545-eeae5288d97c
822840,41,5,bottom,0,0,0,0,0,0,R,L,field_out,out,0,96.0,22.0,334.0,line_drive,medium,1,0,,,ce555dbb-879e-3a19-9f36-e4b179be00de
822840,44,6,top,0,0,0,0,0,0,L,R,double,hit,0,106.3,13.0,302.0,line_drive,hard,1,0,,,b262bc7c-53a2-3e80-a7a7-15d4b87cb288
822840,46,6,top,0,1,1,0,2,1,R,R,force_out,out,0,61.3,-7.0,16.0,ground_ball,medium,1,0,,,f375c372-9464-3275-8d9f-d5fde599b391
822840,47,6,top,1,1,1,1,3,1,R,R,double,hit,2,104.6,24.0,393.0,fly_ball,hard,1,0,False,MJ,0223877a-cbbd-337d-80b7-9e5affd55ae7
822840,48,6,top,1,0,1,0,1,1,L,R,single,hit,0,55.0,-1.0,28.0,ground_ball,soft,1,0,,,886a1963-e24e-3f41-b2c7-b5dca8ab61f6
822840,49,6,top,1,0,0,1,1,1,R,R,sac_fly,out,1,80.1,63.0,163.0,popup,medium,1,0,,,c00cc183-e048-3c37-a7fd-bff7c5181265
822840,50,6,top,2,1,0,0,1,0,L,R,field_out,out,0,97.7,18.0,299.0,line_drive,medium,1,0,,,c644869a-0c3a-3922-8339-bf833f5e369c
822840,51,6,bottom,0,0,0,0,0,0,R,L,field_out,out,0,95.1,-16.0,9.0,ground_ball,medium,1,0,,,c0b43928-92bf-3e04-82bb-589da55fe3b0
822840,52,6,bottom,1,0,0,0,0,0,R,L,field_out,out,0,67.8,-9.0,16.0,ground_ball,medium,1,0,,,24674184-7eb0-343f-9472-80ecaee2342d
822840,53,6,bottom,2,0,0,0,0,0,R,L,field_out,out,0,80.3,-27.0,8.0,ground_ball,medium,1,0,,,a7c21868-d0ac-3778-acec-880e6bdb7b95
822840,54,7,top,0,0,0,0,0,0,L,L,field_out,out,0,92.4,33.0,358.0,fly_ball,medium,1,0,,,3698dba3-0a74-3d12-904e-bc46b39152d1
822840,56,7,top,1,1,0,0,1,0,L,L,force_out,out,0,74.1,5.0,77.0,ground_ball,medium,1,0,,,32161ec6-6298-37b1-9169-5a037fb46492
822840,57,7,top,2,1,0,1,2,1,L,L,double,hit,1,86.2,13.0,161.0,line_drive,medium,1,0,,,34eb07c4-217a-3b66-b6e5-464a193579cf
822840,58,7,top,2,0,0,0,0,0,R,R,field_out,out,0,90.7,36.0,348.0,fly_ball,medium,1,0,,,e16073f5-3f42-3713-9437-335fbd37cb72
822840,59,7,bottom,0,0,0,0,0,0,R,L,field_out,out,0,84.2,77.0,83.0,popup,medium,1,0,,,74cd289f-f5c9-30b9-8b58-e640c44ec44d
822840,62,8,top,0,0,0,0,0,0,R,R,field_out,out,0,89.2,25.0,289.0,line_drive,medium,1,0,,,b984e54e-8540-3d53-b3ac-e366ccf1c84a
822840,64,8,top,1,0,0,0,0,0,R,R,field_out,out,0,89.2,33.0,332.0,fly_ball,medium,1,0,False,MA,e7226842-fbf7-34bd-9b58-6b07a259b8a6
822840,65,8,top,2,1,0,0,1,0,L,R,single,hit,0,99.7,13.0,286.0,line_drive,medium,1,0,,,ebab03e6-9319-3452-8447-914cbd625a97
822840,66,8,top,2,0,0,0,0,0,L,R,field_out,out,0,94.5,-14.0,11.0,ground_ball,medium,1,0,,,b2c2114c-8272-345d-8f26-189f92b24982
822840,69,8,bottom,2,0,0,0,0,0,L,R,field_out,out,0,67.2,5.0,58.0,ground_ball,medium,1,0,,,9e6084f3-c08b-32f1-ab03-92fd4e460d8b
822840,70,9,top,0,0,0,0,0,0,R,R,single,hit,0,108.6,14.0,336.0,line_drive,hard,1,0,,,0d3047fc-ea2a-308a-86ef-5bb76251f611
822840,73,9,top,1,0,0,0,0,0,R,R,field_out,out,0,100.1,18.0,334.0,line_drive,hard,1,0,,,afbf260e-816f-3ab0-b3e9-3b8c3b072873
822840,78,9,bottom,2,1,0,0,1,0,R,R,field_out,out,0,93.7,36.0,351.0,fly_ball,medium,1,0,,,60137f92-02ed-3988-875b-aa9a334905a7
822841,0,1,top,0,0,0,0,0,0,R,L,field_out,out,0,111.5,16.0,321.0,line_drive,hard,1,0,,,6aacf9cd-1bd0-3858-afb1-c74b5b9217cb
822841,1,1,top,1,0,0,0,0,0,L,L,field_out,out,0,78.9,-11.0,12.0,ground_ball,medium,1,0,,,d82ec0d2-e16c-37ba-b5da-f8f3afeee6f1
822841,2,1,top,2,0,0,0,0,0,R,L,field_error,error,0,86.5,-2.0,34.0,ground_ball,medium,1,0,,,ab90edbd-a6ad-384e-8923-bc4dfe3da452
822841,3,1,top,2,0,0,0,0,0,R,L,field_out,out,0,91.7,52.0,259.0,fly_ball,medium,1,0,,,4ad2f6af-81f2-3e3c-87ef-f83163c628eb
822841,6,1,bottom,2,0,0,0,0,0,R,R,field_out,out,0,84.1,-10.0,13.0,ground_ball,medium,1,0,,,f9c5805e-398a-3d91-94b4-1ef52f0edacd
822841,7,2,top,0,0,0,0,0,0,L,L,field_out,out,0,104.8,8.0,214.0,line_drive,hard,1,0,,,f44ae3b3-ffcf-37cc-95a0-3d036215610d
822841,8,2,top,1,0,0,0,0,0,R,L,field_out,out,0,85.7,47.0,272.0,fly_ball,medium,1,0,,,d0bf2908-decd-33a1-98e7-6bc00a666fd9
822841,9,2,top,2,0,0,0,0,0,R,L,field_out,out,0,96.4,27.0,365.0,fly_ball,medium,1,0,,,82aaedee-2133-35a1-b13b-dd5864947791
822841,11,2,bottom,1,0,0,0,0,0,R,R,field_out,out,0,84.5,62.0,177.0,popup,medium,1,0,,,c5ccd746-2fd3-3fd6-9342-88c76191481e
822841,12,2,bottom,2,0,0,0,0,0,R,R,field_out,out,0,74.6,50.0,205.0,fly_ball,medium,1,0,,,5b189aad-0f37-364b-bb95-a99a05b4e23c
822841,13,3,top,0,0,0,0,0,0,L,L,field_out,out,0,83.2,57.0,198.0,fly_ball,medium,1,0,,,22c9abb5-c030-3903-a264-2993fbf8201b
822841,14,3,top,1,0,0,0,0,0,R,L,field_out,out,0,102.0,4.0,87.0,ground_ball,hard,1,0,,,21ee5029-90ca-3db9-9262-6ee01d0e4df4
822841,15,3,top,2,0,0,0,0,0,R,L,single,hit,0,103.4,-11.0,18.0,ground_ball,hard,1,0,,,a76771f6-3d00-39b1-9cd3-ae8a3223f3a1
822841,16,3,top,2,1,0,0,1,0,L,L,home_run,hit,2,106.2,35.0,429.0,fly_ball,medium,1,0,,,7136e89f-28bb-33ae-b7ab-a4ffd71f7623
822841,17,3,top,2,0,0,0,0,0,R,L,field_out,out,0,75.6,9.0,145.0,ground_ball,medium,1,0,,,bd255d95-b1be-3b12-814c-940415f5107a
822841,18,3,bottom,0,0,0,0,0,0,L,R,field_out,out,0,70.7,-2.0,26.0,ground_ball,medium,1,0,,,75e57c62-b472-3abd-8984-0fbf4314abd8
822841,19,3,bottom,1,0,0,0,0,0,R,R,field_out,out,0,80.9,-1.0,38.0,ground_ball,medium,1,0,,,988d7a9a-ea0d-302a-868b-5827594092c8
822841,20,3,bottom,2,0,0,0,0,0,L,R,field_out,out,0,90.0,53.0,244.0,fly_ball,medium,1,0,,,1f0dab9b-3d70-3f7c-a78f-f8a301dbc1b0
822841,21,4,top,0,0,0,0,0,0,R,L,field_out,out,0,67.8,-9.0,14.0,ground_ball,medium,1,0,,,e502fb37-8539-3497-a66a-a8cc50fac4f9
822841,22,4,top,1,0,0,0,0,0,L,L,field_out,out,0,100.6,-8.0,15.0,ground_ball,hard,1,0,,,e47da369-151c-3e75-af9f-6d864ada05eb
822841,23,4,top,2,0,0,0,0,0,R,L,field_out,out,0,97.5,38.0,338.0,fly_ball,medium,1,0,,,9986e945-5487-315f-b55e-f0c6939bfb37
822841,24,4,bottom,0,0,0,0,0,0,R,R,field_out,out,0,67.7,6.0,62.0,ground_ball,medium,1,0,,,7541fb60-967d-3d7d-9802-f31a2a3f4575
822841,26,4,bottom,2,0,0,0,0,0,R,R,field_out,out,0,92.5,41.0,327.0,fly_ball,medium,1,0,,,0c1a2a21-76a5-39a0-9ea7-8bd6be8cb4d7
822841,27,5,top,0,0,0,0,0,0,R,L,single,hit,0,105.4,3.0,70.0,ground_ball,hard,1,0,,,73d2f3fe-b9df-32fc-b2e4-c4cef78f111f
822841,28,5,top,0,1,0,0,1,0,L,L,single,hit,0,37.1,-74.0,4.0,bunt_grounder,medium,1,0,,,8bec65cb-07d2-3ba2-a8f7-4124e46e68dc
822841,30,5,top,1,0,0,0,0,0,R,L,field_out,out,0,97.2,42.0,323.0,fly_ball,medium,1,0,,,516b34bc-9dc9-365a-bdf8-e09b3439c34d
822841,32,5,top,2,0,0,0,0,0,R,L,field_out,out,0,91.2,7.0,128.0,ground_ball,medium,1,0,,,dee3f785-e61c-3d6a-970e-4544e3238737
822841,33,5,bottom,0,0,0,0,0,0,L,R,single,hit,0,100.8,5.0,94.0,ground_ball,hard,1,0,,,60ab749e-e392-3fdc-8e33-9977255cf6a6
822841,34,5,bottom,0,1,0,0,1,0,R,R,field_out,out,0,89.6,-24.0,6.0,ground_ball,medium,1,0,,,274afc2f-7b29-3197-850b-4c93c1ce1ce6
822841,35,5,bottom,1,0,1,0,1,1,R,R,single,hit,1,99.8,-3.0,27.0,ground_ball,medium,1,0,,,87ca4f40-4a78-31ca-b886-81c28b448740
822841,36,5,bottom,1,1,0,0,1,0,L,R,single,hit,0,91.7,13.0,239.0,line_drive,medium,1,0,,,35fad068-33e8-3073-95e7-a923af72d01c
822841,38,5,bottom,1,1,1,1,3,1,L,R,force_out,out,1,86.0,-22.0,7.0,ground_ball,medium,1,0,,,dd61b8b5-d3d9-339e-8b11-82de07891f90
822841,39,5,bottom,2,1,0,0,1,0,R,R,field_out,out,0,66.8,69.0,106.0,popup,medium,1,0,,,08cc2bc8-0afc-3a74-b299-1a1579e8f7da
822841,40,6,top,0,0,0,0,0,0,R,L,field_out,out,0,102.4,20.0,344.0,line_drive,hard,1,0,,,6bd8b724-1ae7-3615-9ec5-979b219eea52
822841,42,6,top,2,0,0,0,0,0,R,L,field_out,out,0,94.9,-15.0,11.0,ground_ball,medium,1,0,,,b5e0e156-ae9f-316b-a160-116c87a86f55
822841,43,6,bottom,0,0,0,0,0,0,L,R,field_out,out,0,95.6,-15.0,9.0,ground_ball,medium,1,0,,,3b3bcb56-de93-3e13-bd7a-ef0c5a33f684
822841,44,6,bottom,1,0,0,0,0,0,R,R,field_out,out,0,95.9,-23.0,6.0,ground_ball,medium,1,0,,,44ca95ce-960e-3be3-abc5-57ffe96cef0c
822841,45,6,bottom,2,0,0,0,0,0,L,R,field_out,out,0,100.6,37.0,361.0,fly_ball,hard,1,0,,,916b850d-1eac-397c-8ae9-2e7e87fc6542
822841,46,7,top,0,0,0,0,0,0,R,R,single,hit,0,113.7,5.0,140.0,ground_ball,hard,1,0,,,eb8ff02b-fb1f-3c29-bc3e-b3a8bb8df928
822841,49,7,top,1,0,0,0,0,0,R,L,field_out,out,0,94.6,32.0,359.0,fly_ball,medium,1,0,,,e44c7d78-b0a4-34d0-a2ab-3648838b4482
822841,51,7,top,2,0,0,0,0,0,R,L,field_out,out,0,97.3,33.0,354.0,fly_ball,medium,1,0,,,3452ecd8-37d4-3265-b818-ed5b0d4cea66
822841,52,7,bottom,0,0,0,0,0,0,R,R,field_out,out,0,99.6,33.0,364.0,fly_ball,medium,1,0,,,23ad8ee4-ed2e-3b44-9ba8-1680f7399aa3
822841,53,7,bottom,1,0,0,0,0,0,R,R,field_out,out,0,94.5,38.0,341.0,fly_ball,medium,1,0,,,7f206e17-1d1a-31da-a0e7-5b421d633cd9
822841,56,8,top,1,0,0,0,0,0,L,L,field_out,out,0,97.0,34.0,351.0,fly_ball,medium,1,0,,,e69052b1-b4e3-3f23-955b-0d8670da3b6d
822841,57,8,top,2,0,0,0,0,0,R,L,home_run,hit,1,100.9,29.0,388.0,fly_ball,medium,1,0,,,dfa836b9-1515-3622-bf6d-d92e58137ccb
822841,59,8,bottom,0,0,0,0,0,0,R,R,field_out,out,0,103.1,7.0,170.0,line_drive,hard,1,0,False,MJ,d6180a57-b15e-39e4-86b6-2d4c62a36df9
822841,60,8,bottom,1,0,0,0,0,0,L,R,field_out,out,0,8.6,-36.0,4.0,bunt_grounder,medium,1,0,,,4f68a75e-cf81-3011-9e07-89483bead8a4
822841,63,9,top,1,0,0,0,0,0,R,L,single,hit,0,102.1,-0.0,39.0,ground_ball,hard,1,0,,,8a26ae1e-c9fd-32e1-a66a-0ad2e8181ed4
822841,64,9,top,1,1,0,0,1,0,R,L,field_out,out,0,41.9,-75.0,4.0,ground_ball,soft,1,0,,,8f76a2bc-5212-3a66-9d5f-e607eee81c91
822841,67,9,top,2,1,1,1,3,1,L,R,home_run,hit,4,110.2,36.0,455.0,fly_ball,medium,1,0,,,c2536a42-bfb6-34bc-a887-45de2ce85d73
822841,69,9,bottom,0,0,0,0,0,0,L,L,field_out,out,0,79.2,-31.0,6.0,ground_ball,medium,1,0,,,e3f866a1-8f51-3581-8649-d541ccda5b79
822841,70,9,bottom,1,0,0,0,0,0,R,L,single,hit,0,100.1,2.0,53.0,ground_ball,hard,1,0,,,397e045b-ebea-35f5-b1e2-134af362ae69
822841,71,9,bottom,1,1,0,0,1,0,L,L,force_out,out,0,92.3,-21.0,7.0,ground_ball,medium,1,0,,,fc7d5058-ba18-392d-9146-fa401e8885af
822841,72,9,bottom,2,1,0,0,1,0,R,L,force_out,out,0,104.4,-2.0,35.0,ground_ball,hard,1,0,,,c470f302-6d86-341c-b3d4-b7832e8748be
822842,0,1,top,0,0,0,0,0,0,L,R,double,hit,0,90.5,26.0,306.0,line_drive,medium,1,0,,,edf1750d-a1ca-357d-ae28-8b09590bfe9d
822842,1,1,top,0,0,0,0,0,0,L,R,field_out,out,0,72.0,79.0,77.0,popup,medium,1,0,,,5b1e8799-8b67-3cce-989f-bf460f413951
822842,2,1,top,1,0,0,0,0,0,R,R,field_out,out,0,100.3,-2.0,30.0,ground_ball,hard,1,0,,,c27c5c50-c12a-3255-9be0-97c25de554ac
822842,3,1,top,2,0,1,0,1,1,L,R,single,hit,1,89.9,22.0,260.0,line_drive,medium,1,0,,,f097a5d8-361c-3998-a148-33e02768a620
822842,4,1,top,2,0,0,0,0,0,L,R,field_out,out,0,101.5,39.0,363.0,fly_ball,hard,1,0,,,543031c8-ace1-3768-8aec-7c64c2cc3564
822842,5,1,bottom,0,0,0,0,0,0,R,L,single,hit,0,86.6,3.0,67.0,ground_ball,medium,1,0,,,dcb5b2f9-cf0e-36bb-abbf-ac27177e4c96
822842,7,1,bottom,1,1,0,0,1,0,R,L,home_run,hit,2,104.3,27.0,369.0,fly_ball,medium,1,0,,,0ae34906-bdb9-3610-a1fe-52c184b34b8e
822842,8,1,bottom,1,0,0,0,0,0,R,L,field_out,out,0,70.9,-8.0,12.0,ground_ball,medium,1,0,,,f57462f9-0707-31b6-92a8-9fca49cb89ec
822842,9,1,bottom,2,0,0,0,0,0,L,L,field_out,out,0,91.3,73.0,93.0,popup,medium,1,0,,,6a1469ca-32b7-360f-8f32-161e6859b225
822842,11,2,top,1,0,0,0,0,0,L,R,field_out,out,0,79.7,39.0,277.0,fly_ball,medium,1,0,,,e09bd04a-9345-3a3d-9fbc-e01649bb3aca
822842,13,2,bottom,0,0,0,0,0,0,R,L,single,hit,0,73.3,42.0,234.0,fly_ball,medium,1,0,,,01196ab1-dfbe-3d2f-9928-6eb36b68b800
822842,15,2,bottom,1,1,0,0,1,0,R,L,field_out,out,0,102.7,-4.0,26.0,ground_ball,hard,1,0,,,76643daa-4110-3c04-a276-993ecdc62bec
822842,16,3,top,0,0,0,0,0,0,R,R,double,hit,0,95.3,26.0,369.0,fly_ball,medium,1,0,,,4d5b9fc8-8075-34c4-840b-ee5cdfc6ff51
822842,19,3,top,1,1,0,0,1,0,R,R,grounded_into_double_play,out,0,102.3,-10.0,11.0,ground_ball,medium,1,0,,,1f8543a8-5e48-36e8-8ebf-97a0c893a8f7
822842,20,3,bottom,0,0,0,0,0,0,R,L,field_out,out,0,78.2,40.0,270.0,fly_ball,medium,1,0,,,2823ec5b-eed5-397e-9b69-51b22a18d106
822842,21,3,bottom,1,0,0,0,0,0,R,L,field_out,out,0,99.4,19.0,365.0,line_drive,medium,1,0,,,2149992c-762f-39e6-8717-b8ca2748eaca
822842,22,3,bottom,2,0,0,0,0,0,L,L,field_out,out,0,97.7,21.0,316.0,line_drive,medium,1,0,,,1bf4696d-63f0-31f6-9077-ec44ac7bf0d9
822842,23,4,top,0,0,0,0,0,0,L,R,field_out,out,0,79.1,8.0,104.0,line_drive,medium,1,0,,,892827ea-a8e3-3d9c-a804-83cf2a92cf8d
822842,24,4,top,1,0,0,0,0,0,L,R,field_out,out,0,78.2,-23.0,4.0,ground_ball,medium,1,0,,,4e708a33-a0af-3046-9b73-64f972cf5a8e
822842,27,4,bottom,0,0,0,0,0,0,R,L,double,hit,0,96.5,20.0,263.0,line_drive,medium,1,0,,,deb3ceaf-beee-3867-89fd-e10abe7615cd
822842,28,4,bottom,0,0,0,0,0,0,R,L,field_out,out,0,87.1,43.0,292.0,fly_ball,medium,1,0,,,ac2a5e73-7d8f-386a-846e-5e403f0ef528
822842,31,4,bottom,2,0,0,0,0,0,R,L,field_out,out,0,79.5,-7.0,15.0,ground_ball,medium,1,0,,,7a017f3c-7908-3bd2-917c-e8014ebd6f6e
822842,32,5,top,0,0,0,0,0,0,L,R,field_out,out,0,87.3,-16.0,12.0,ground_ball,medium,1,0,,,4a97a2eb-21cb-378d-b419-f15d93e8457a
822842,33,5,top,1,0,0,0,0,0,R,R,field_out,out,0,92.8,-9.0,19.0,ground_ball,medium,1,0,,,5c5e1fa5-6323-311c-905a-568dc2ea301d
822842,36,5,bottom,1,0,0,0,0,0,R,L,field_out,out,0,75.0,62.0,160.0,popup,medium,1,0,,,34c9e545-c866-3319-a0b2-5ecbd4d12f7d
822842,37,5,bottom,2,0,0,0,0,0,R,L,field_out,out,0,91.0,44.0,306.0,fly_ball,medium,1,0,,,f31861f9-8225-3a15-83a5-e79f8a352b30
822842,38,6,top,0,0,0,0,0,0,R,L,field_out,out,0,102.4,40.0,366.0,fly_ball,hard,1,0,,,5c746f95-384a-3608-8cd2-18b546172a79
822842,39,6,top,1,0,0,0,0,0,L,L,field_out,out,0,73.0,85.0,26.0,popup,medium,1,0,,,d13c2fe0-02ba-3962-90b5-459204f715a9
822842,40,6,top,2,0,0,0,0,0,R,L,field_out,out,0,91.1,27.0,344.0,fly_ball,medium,1,0,,,59a24452-31ec-34a8-bfca-876bd6d6ef89
822842,41,6,bottom,0,0,0,0,0,0,L,L,home_run,hit,1,107.5,24.0,374.0,fly_ball,medium,1,0,,,10c970b5-c1d8-3e4e-810b-97a725521634
822842,43,6,bottom,0,1,0,0,1,0,R,L,force_out,out,0,78.4,-7.0,18.0,ground_ball,medium,1,0,,,faab5822-28de-3002-98b9-9487c05d3b62
822842,45,6,bottom,2,1,0,0,1,0,R,L,single,hit,0,71.7,-49.0,3.0,ground_ball,medium,1,0,,,5e7fe4d0-57e7-3acf-823c-ba3cd0e9fb3c
822842,47,7,top,0,0,0,0,0,0,L,L,field_out,out,0,100.7,36.0,374.0,fly_ball,hard,1,0,,,14f96c7b-0808-3331-8d94-1c4caa29c222
822842,48,7,top,1,0,0,0,0,0,L,L,single,hit,0,69.5,20.0,186.0,line_drive,medium,1,0,,,bb6fde5e-68be-3ff4-b5bf-6008e9964ae3
822842,49,7,top,1,0,0,0,0,0,R,L,field_out,out,0,80.0,34.0,297.0,fly_ball,medium,1,0,,,2dacc9a6-4e75-3077-87da-5fdf6248e185
822842,50,7,top,2,0,0,0,0,0,L,L,field_out,out,0,98.9,28.0,387.0,fly_ball,medium,1,0,,,adce24df-576d-3f3c-9ba9-fc564dcd5ec3
822842,52,7,bottom,1,0,0,0,0,0,R,R,field_out,out,0,93.1,-32.0,5.0,ground_ball,medium,1,0,,,c8a9a179-ba58-3fe1-b6c7-37ed6119224d
822842,56,8,top,2,0,0,0,0,0,L,R,field_out,out,0,93.5,47.0,285.0,fly_ball,medium,1,0,,,760ab188-88e1-3439-a15b-6f58290e5402
822842,59,8,bottom,1,1,0,0,1,0,R,R,single,hit,0,91.6,6.0,136.0,line_drive,medium,1,0,,,70177da8-4e39-3379-99f9-c4d356744ae0
822842,60,8,bottom,1,1,0,0,1,0,R,R,grounded_into_double_play,out,0,81.6,5.0,90.0,ground_ball,medium,1,0,,,f9e959ae-fb66-3eb0-9944-21bf51c1ae73
822842,61,9,top,0,0,0,0,0,0,L,L,field_out,out,0,90.1,-37.0,3.0,ground_ball,medium,1,0,,,76b23116-972a-3bf6-bd52-0c31eed838cb
822842,62,9,top,1,0,0,0,0,0,R,L,field_out,out,0,80.3,-3.0,23.0,ground_ball,medium,1,0,,,4232c692-2a7b-3c59-a636-3168b8dc615c
823083,0,1,top,0,0,0,0,0,0,R,L,field_out,out,0,104.0,5.0,93.0,ground_ball,medium,1,0,,,e152c1aa-b1e0-398f-89ce-c266ee6a05a4
823083,1,1,top,1,0,0,0,0,0,R,L,field_out,out,0,69.8,-19.0,7.0,ground_ball,medium,1,0,,,35d902df-513b-324d-bbe4-002931d924d2
823083,2,1,top,2,0,0,0,0,0,R,L,single,hit,0,70.2,44.0,211.0,fly_ball,medium,1,0,,,1f50534e-ab78-3271-b8cc-fc11d06c290b
823083,3,1,top,2,1,0,0,1,0,R,L,single,hit,0,80.0,21.0,216.0,line_drive,medium,1,0,,,758db35d-8cfb-3db1-b95f-70c6318385d2
823083,4,1,top,2,0,0,0,0,0,R,L,field_out,out,0,77.2,-6.0,18.0,ground_ball,medium,1,0,,,f95ef634-f1df-31fe-8882-870e3e863b27
823083,5,1,bottom,0,0,0,0,0,0,L,R,single,hit,0,101.0,3.0,85.0,ground_ball,medium,1,0,,,9242b006-2b4e-33b7-8224-1ffbf86f0e9e
823083,7,1,bottom,1,0,0,0,0,0,L,R,field_out,out,0,76.0,25.0,261.0,line_drive,medium,1,0,,,e8fba99b-b29c-3684-aafd-a5025bdbc6c1
823083,8,1,bottom,2,0,0,0,0,0,L,R,field_out,out,0,91.3,46.0,264.0,fly_ball,medium,1,0,,,e9d0098d-35c7-385c-8af9-423df07e03e6
823083,9,2,top,0,0,0,0,0,0,R,L,field_out,out,0,76.5,-19.0,6.0,ground_ball,medium,1,0,,,b4feafb1-e7e9-3ec1-8c5c-c80f8c818a8a
823083,10,2,top,1,0,0,0,0,0,L,L,field_out,out,0,58.9,-32.0,7.0,ground_ball,medium,1,0,,,e78b7439-9c86-3855-853f-b2dbcc89cb38
823083,12,2,bottom,0,0,0,0,0,0,L,R,field_out,out,0,59.9,29.0,184.0,line_drive,medium,1,0,,,474d188c-3764-3804-a2d6-4fb62937e693
823083,14,2,bottom,1,1,0,0,1,0,R,R,single,hit,0,74.0,16.0,144.0,line_drive,medium,1,0,,,b696a9e0-40fa-3a6d-8875-b08ec42d8570
823083,15,2,bottom,1,1,1,0,2,1,L,R,double,hit,1,104.9,19.0,306.0,line_drive,hard,1,0,,,88694655-1106-345b-b38f-bc83c473fcab
823083,16,2,bottom,1,0,0,0,0,0,L,R,field_out,out,0,67.0,-31.0,4.0,ground_ball,medium,1,0,,,8b838ed6-4335-31d1-8b3a-d96eaa412731
823083,17,2,bottom,2,0,0,0,0,0,L,R,field_out,out,0,70.0,-28.0,5.0,ground_ball,medium,1,0,,,e16a4b2a-fca7-31cc-bf8f-6c162bc67347
823083,21,3,top,2,1,0,0,1,0,R,L,single,hit,0,106.6,13.0,208.0,line_drive,hard,1,0,,,f62f51b1-ba95-3165-a5aa-4b379149d589
823083,25,3,bottom,1,0,0,0,0,0,L,R,field_out,out,0,98.8,45.0,278.0,fly_ball,medium,1,0,,,ca20591e-8a3d-3f7a-ac3d-07f6c3eeb566
823083,26,3,bottom,2,0,0,0,0,0,L,R,field_out,out,0,81.5,41.0,267.0,fly_ball,medium,1,0,,,d39a6990-bb9b-396d-a9b3-5c0c18c4b048
823083,27,4,top,0,0,0,0,0,0,R,L,field_out,out,0,86.3,-21.0,7.0,ground_ball,medium,1,0,,,eac3ade6-c460-3bc3-a612-2d613e709bc1
823083,28,4,top,1,0,0,0,0,0,R,L,single,hit,0,103.8,4.0,111.0,ground_ball,medium,1,0,,,82173143-006d-3b90-9df3-2bff77ab0046
823083,29,4,top,1,1,0,0,1,0,L,R,field_out,out,0,78.9,28.0,260.0,line_drive,medium,1,0,,,211934a1-279a-3a6d-9f71-3271774d5955
823083,32,4,bottom,0,1,0,0,1,0,R,R,single,hit,0,75.0,21.0,203.0,line_drive,medium,1,0,,,c115b68d-84c6-3417-8026-77c2b734bc46
823083,33,4,bottom,0,0,1,0,1,1,L,R,field_out,out,0,91.6,26.0,327.0,fly_ball,medium,1,0,,,ce08c850-ebe9-3403-9436-8fe8de26bf97
823083,34,4,bottom,1,0,0,1,1,1,L,R,sac_fly,out,1,86.3,42.0,282.0,fly_ball,medium,1,0,,,adfd3053-e922-3c5a-b518-afc008c077b8
823083,35,4,bottom,2,0,0,0,0,0,L,R,field_out,out,0,85.0,-16.0,11.0,ground_ball,medium,1,0,,,b3130ddf-50c0-3139-8a24-4d29eeac1ab7
823083,36,5,top,0,0,0,0,0,0,L,R,single,hit,0,84.3,-11.0,17.0,ground_ball,medium,1,0,,,07356216-e7c1-3cbd-8601-86601dddd1d1
823083,40,5,top,2,0,0,0,0,0,R,R,field_out,out,0,63.3,9.0,76.0,ground_ball,medium,1,0,,,ffc25678-1c2c-3465-91e6-2ed168d9d756
823083,41,5,bottom,0,0,0,0,0,0,R,R,single,hit,0,78.8,7.0,94.0,ground_ball,medium,1,0,True,MJ,f26a3335-0093-3221-b1fc-24b8802e63b2
823083,42,5,bottom,0,1,0,0,1,0,L,R,double,hit,0,106.6,10.0,178.0,line_drive,hard,1,0,,,4d7ee3f5-ec44-322a-9397-fe1415452483
823083,43,5,bottom,0,0,0,0,0,0,L,R,field_out,out,0,84.1,77.0,63.0,popup,medium,1,0,,,bb2f29b7-8baf-3000-8119-ef75ef86862a
823083,44,5,bottom,1,0,0,1,1,1,L,R,fielders_choice,fielders_choice,1,75.2,-25.0,8.0,ground_ball,medium,1,0,,,e4877e97-e470-3662-9ecc-f3498883f741
823083,45,5,bottom,1,1,1,1,3,1,L,R,single,hit,1,89.5,7.0,128.0,ground_ball,medium,1,0,,,b63de01f-6734-3048-a129-1cc6c6d5cb87
823083,46,5,bottom,1,0,0,0,0,0,R,R,field_out,out,0,96.1,54.0,228.0,fly_ball,medium,1,0,,,e7c4a163-6a4d-3172-b242-db7ff8d83bba
823083,49,6,top,0,0,0,0,0,0,R,L,single,hit,0,72.0,20.0,176.0,line_drive,medium,1,0,,,85f9d534-bb7b-3372-bd78-4f15cf0f8398
823083,51,6,top,0,1,1,0,2,1,L,L,fielders_choice,fielders_choice,0,74.7,-29.0,6.0,ground_ball,medium,1,0,,,ff722fcd-fedd-33eb-a810-bdce471eaf63
823083,52,6,top,0,1,1,1,3,1,R,L,single,hit,2,84.1,16.0,237.0,line_drive,medium,1,0,,,0c8d4fa9-d338-3ada-8724-9405eb0937da
823083,53,6,top,0,0,1,1,2,1,R,L,sac_bunt,out,1,32.6,-55.0,3.0,bunt_grounder,soft,1,0,,,5b1b34f7-ab97-334c-9768-7284fccbdbfc
823083,54,6,top,0,0,0,0,0,0,R,L,field_out,out,0,75.4,11.0,108.0,line_drive,medium,1,0,,,79f85db0-b548-3ab8-b164-eb773ed53655
823083,56,6,top,1,1,1,1,3,1,R,R,field_out,out,1,47.7,-71.0,2.0,ground_ball,medium,1,0,,,b92f4b30-a41e-3223-af1c-a1473db84120
823083,57,6,top,2,0,0,0,0,0,R,R,field_out,out,0,77.7,8.0,106.0,ground_ball,medium,1,0,,,4751a2e9-1532-30b0-b1c2-be0434499102
823083,58,6,bottom,0,0,0,0,0,0,L,L,field_out,out,0,87.3,28.0,323.0,fly_ball,medium,1,0,,,7a27b2cc-dc5e-3ab2-aa7a-3a299535bfbc
823083,59,6,bottom,1,0,0,0,0,0,R,L,double,hit,0,106.9,17.0,281.0,line_drive,hard,1,0,,,32e662d6-9f9e-3ce2-b4b8-2cd31dae3bbe
823083,62,6,bottom,2,0,0,0,0,0,L,L,field_out,out,0,96.9,36.0,334.0,fly_ball,medium,1,0,,,43359e33-6a63-3c34-80f1-16d1ff120388
823083,63,7,top,0,0,0,0,0,0,R,R,field_out,out,0,57.3,-70.0,2.0,ground_ball,soft,1,0,,,5afcd279-3e0a-37b2-a864-8d1b1b272011
823083,65,7,top,1,1,0,0,1,0,L,R,force_out,out,0,70.3,-10.0,14.0,ground_ball,medium,1,0,,,f72cbd71-d9f1-3017-ade3-ab97c37092bf
823083,66,7,top,2,0,0,0,0,0,R,R,field_out,out,0,94.0,-45.0,2.0,ground_ball,medium,1,0,,,b4e0652a-d70b-3fcf-9820-30d0f197bf5c
823083,67,7,bottom,0,0,0,0,0,0,L,L,single,hit,0,70.9,28.0,230.0,fly_ball,medium,1,0,,,5cbdbc18-9ad8-3fb1-b081-911358e7da7b
823083,68,7,bottom,0,1,0,0,1,0,R,L,single,hit,0,106.2,7.0,123.0,ground_ball,medium,1,0,,,2ba12640-8030-3e4b-8304-85253c18e61a
823083,69,7,bottom,0,1,1,0,2,1,L,L,field_out,out,0,76.6,-8.0,15.0,ground_ball,medium,1,0,,,49a515af-355e-3baa-a794-2fa59bc51e64
823083,70,7,bottom,1,0,1,1,2,1,R,L,single,hit,2,106.6,15.0,323.0,line_drive,hard,1,0,,,86d6085d-f258-356c-b12c-c4f7d69fd8d1
823083,71,7,bottom,1,1,0,0,1,0,L,L,home_run,hit,2,103.3,34.0,403.0,fly_ball,medium,1,0,,,143d59cb-4aa7-32d8-9c7c-e8f530143c3c
823083,73,7,bottom,2,0,0,0,0,0,L,L,field_out,out,0,67.7,-25.0,8.0,ground_ball,medium,1,0,,,7ddcfcab-3786-3ea3-9823-7a2170aa6117
823083,74,8,top,0,0,0,0,0,0,L,R,field_out,out,0,88.5,25.0,285.0,line_drive,medium,1,0,,,a365b3df-b974-3548-96ce-614b0da82e2b
823083,76,8,top,2,0,0,0,0,0,R,R,field_out,out,0,107.3,-10.0,15.0,ground_ball,medium,1,0,,,0b239250-a5e0-313c-b81e-ebf0610e26ed
823083,80,8,bottom,2,0,0,0,0,0,R,L,field_out,out,0,82.0,8.0,104.0,ground_ball,medium,1,0,,,417a275d-d459-3caf-9558-373fb0541879
823083,81,9,top,0,0,0,0,0,0,R,L,field_out,out,0,100.9,34.0,379.0,fly_ball,hard,1,0,,,f8a72b36-024d-3ff7-96bd-e1b050e05b48
823083,83,9,top,2,0,0,0,0,0,R,L,field_out,out,0,98.6,38.0,341.0,fly_ball,medium,1,0,,,1e16b8ed-048b-3d15-8467-b9c3ab487479
823084,3,1,bottom,0,0,0,0,0,0,L,L,single,hit,0,100.6,9.0,217.0,line_drive,hard,1,0,,,f825807c-a7d8-3c6d-9f21-9d2cf3066727
823084,4,1,bottom,0,1,0,0,1,0,R,L,force_out,out,0,64.7,-11.0,10.0,ground_ball,medium,1,0,,,db283573-6e5e-3146-b2f5-8083dd3b1ff1
823084,7,1,bottom,2,0,0,0,0,0,R,L,field_out,out,0,54.1,41.0,155.0,popup,medium,1,0,,,e448fc79-858e-37cf-a0aa-65aef867c095
823084,8,2,top,0,0,0,0,0,0,L,R,field_out,out,0,86.5,-34.0,4.0,ground_ball,medium,1,0,,,0cf55def-e5a4-3013-8bfc-1d7099725172
823084,11,2,bottom,0,0,0,0,0,0,L,L,field_out,out,0,78.1,-15.0,9.0,ground_ball,medium,1,0,,,e6c18470-6fc8-33bb-8b5f-b78eb842ecba
823084,12,2,bottom,1,0,0,0,0,0,L,L,single,hit,0,30.3,7.0,29.0,bunt_grounder,medium,1,0,,,1797b7ea-033b-3e30-9c58-532d23e8276b
823084,13,2,bottom,1,1,0,0,1,0,R,L,double,hit,0,86.4,19.0,265.0,line_drive,medium,1,0,,,bcbd800c-24fa-3b3e-a465-449640904a25
823084,14,2,bottom,1,0,0,1,1,1,R,L,field_out,out,1,74.7,-34.0,5.0,ground_ball,medium,1,0,,,bb9b69b6-d806-34a3-a80f-1bc25ce897c0
823084,17,3,top,1,0,0,0,0,0,R,R,field_out,out,0,103.1,17.0,318.0,line_drive,hard,1,0,,,78fa7698-6352-393b-8fd1-65f119ad92db
823084,20,3,bottom,0,1,0,0,1,0,L,L,single,hit,0,94.9,22.0,298.0,fly_ball,medium,1,0,,,016bf7fb-37b9-3998-82d4-a79e9ce4c4c3
823084,21,3,bottom,0,1,1,1,3,1,R,L,single,hit,1,103.5,0.0,51.0,ground_ball,hard,1,0,,,92091675-990c-3cbb-b76b-cdc142308a76
823084,22,3,bottom,0,0,0,0,0,0,R,L,field_out,out,0,93.0,66.0,133.0,popup,medium,1,0,,,d0134de4-6411-3586-861d-5c412293beba
823084,23,3,bottom,1,1,0,1,2,1,L,L,field_out,out,1,88.2,-19.0,8.0,ground_ball,medium,1,0,,,9c08148d-a812-3b5e-b8f0-69b873b32b8d
823084,24,3,bottom,2,0,0,0,0,0,L,L,field_out,out,0,71.8,10.0,105.0,ground_ball,medium,1,0,,,5f5c6fe1-0857-3473-a741-f8226d97d295
823084,26,4,top,1,0,0,0,0,0,L,R,field_out,out,0,83.0,6.0,80.0,ground_ball,medium,1,0,False,MJ,89d41896-3cc4-3fcb-a7a9-5d534f28ab54
823084,27,4,top,2,0,0,0,0,0,R,R,field_out,out,0,96.2,39.0,309.0,fly_ball,medium,1,0,,,6f6994a8-be79-35c0-a3f4-e48631260299
823084,33,5,top,1,1,0,0,1,0,L,R,single,hit,0,93.7,19.0,224.0,line_drive,medium,1,0,,,7a238f2e-3c3c-3a3f-b21e-ecd9fec60a8a
823084,37,5,bottom,1,0,0,0,0,0,L,L,field_out,out,0,81.2,-37.0,4.0,ground_ball,medium,1,0,,,d455fadd-1236-3beb-98cc-d675d936bc9c
823084,38,5,bottom,2,0,0,0,0,0,R,L,single,hit,0,99.5,7.0,138.0,ground_ball,medium,1,0,,,f392d36a-d659-3365-9839-84531da3e9c1
823084,40,6,top,0,0,0,0,0,0,R,R,single,hit,0,95.4,17.0,254.0,line_drive,medium,1,0,,,4cbc533f-c08b-34f7-8d65-cace90948c4b
823084,42,6,top,0,1,1,0,2,1,R,L,sac_bunt,out,0,35.4,-39.0,4.0,bunt_grounder,medium,1,0,,,cf7d1fd5-5909-3eab-b203-10987a096b9b
823084,43,6,top,1,0,1,1,2,1,R,L,sac_fly,out,1,91.4,49.0,273.0,fly_ball,medium,1,0,,,e5eaae78-9805-3689-9421-13621d6b94c0
823084,44,6,top,2,0,0,0,0,0,L,L,field_out,out,0,53.8,-51.0,3.0,ground_ball,soft,1,0,,,0e5159e6-3afb-3022-88f1-565c4a49da80
823084,45,6,bottom,0,0,0,0,0,0,L,R,field_out,out,0,75.8,-76.0,1.0,ground_ball,medium,1,0,,,2e00fb06-b1c1-326d-91d5-3bb7fc27733e
823084,47,6,bottom,1,1,0,0,1,0,R,R,single,hit,0,82.9,9.0,141.0,ground_ball,medium,1,0,,,00f1a809-38a0-3901-bdf4-639781eed26d
823084,48,6,bottom,1,1,1,1,3,1,R,R,field_error,error,0,67.5,-44.0,3.0,ground_ball,medium,1,0,,,2f7e5583-0a53-34cb-917f-81d505f70c73
823084,50,6,bottom,2,0,1,1,2,1,R,R,double,hit,2,98.8,15.0,333.0,line_drive,medium,1,0,,,b53bfcb8-5d61-3354-89d8-42a8d96102f6
823084,51,6,bottom,2,0,0,0,0,0,L,R,field_out,out,0,96.8,33.0,343.0,fly_ball,medium,1,0,,,cc9710fb-a1ee-3170-b83f-9f923fb0ad05
823084,52,7,top,0,0,0,0,0,0,R,L,single,hit,0,108.1,-5.0,23.0,ground_ball,hard,1,0,,,67e4236c-8af9-3002-bebd-ff316df25c9e
823084,54,7,top,1,1,0,0,1,0,R,L,single,hit,0,99.2,-4.0,22.0,ground_ball,medium,1,0,,,240be907-8921-3420-843c-cf9df02f8755
823084,55,7,top,1,1,1,0,2,1,R,L,force_out,out,0,86.5,3.0,63.0,ground_ball,medium,1,0,,,d3725614-cb5c-3ccc-9c5d-224ed2fb40b8
823084,56,7,top,2,0,0,0,0,0,R,L,field_out,out,0,72.7,57.0,159.0,popup,medium,1,0,,,e789c0e1-f1b9-3165-8179-b8f9be5625fa
823084,57,7,bottom,0,0,0,0,0,0,R,L,field_out,out,0,99.9,34.0,351.0,fly_ball,medium,1,0,,,4d110560-d898-38c2-b79a-79f9c12968f4
823084,58,7,bottom,1,0,0,0,0,0,R,L,field_out,out,0,71.6,-40.0,4.0,ground_ball,medium,1,0,,,49667e96-acc4-3800-a3a9-4670156bad8e
823084,59,7,bottom,2,0,0,0,0,0,L,L,double,hit,0,82.5,28.0,284.0,line_drive,medium,1,0,,,04d2547b-a819-37f4-9adc-b64165d7bf65
823084,62,7,bottom,2,0,0,0,0,0,R,L,field_out,out,0,79.1,-10.0,15.0,ground_ball,medium,1,0,,,167653f0-29fd-3e1e-a4ed-8dc034d16cf5
823084,64,8,top,0,1,0,0,1,0,R,R,home_run,hit,2,102.6,20.0,360.0,line_drive,medium,1,0,,,53bd6a40-0862-386b-9002-7838d9f0caa3
823084,65,8,top,0,0,0,0,0,0,R,R,field_out,out,0,89.6,25.0,324.0,line_drive,medium,1,0,,,d99ab29a-cdae-37b7-8d05-5938f714bbef
823084,66,8,top,1,0,0,0,0,0,L,R,field_out,out,0,93.5,49.0,271.0,fly_ball,medium,1,0,,,10f7cc35-5064-3ec0-9f19-b3b54710d120
823084,67,8,top,2,0,0,0,0,0,R,R,field_out,out,0,94.3,39.0,332.0,fly_ball,medium,1,0,,,a25a4400-f417-3905-9fb6-fe99d4f6e280
823084,68,8,bottom,0,0,0,0,0,0,R,L,single,hit,0,102.9,-24.0,5.0,ground_ball,hard,1,0,,,92cd15a6-3cc6-3769-aec7-96f03d8f1df1
823084,69,8,bottom,0,1,0,0,1,0,R,L,single,hit,0,108.1,4.0,95.0,ground_ball,hard,1,0,,,d84868db-0151-3992-8b90-e93ce34ba62f
823084,70,8,bottom,0,1,1,0,2,1,L,L,grounded_into_double_play,out,0,95.7,-14.0,7.0,ground_ball,medium,1,0,,,8db98e5e-e5d1-399c-a4e7-be336fc4edbd
823084,71,8,bottom,2,0,0,1,1,1,R,L,single,hit,0,68.0,24.0,220.0,line_drive,medium,1,0,,,b6fb4403-ceb4-300b-9a4d-b6c508497cbe
823084,72,8,bottom,2,0,0,0,0,0,R,R,field_out,out,0,83.4,31.0,262.0,fly_ball,medium,1,0,,,1806be8f-3324-3397-98e6-9b9d0d9bd96b
823084,73,9,top,0,0,0,0,0,0,L,R,field_out,out,0,82.1,-1.0,29.0,ground_ball,medium,1,0,,,000e85c7-8830-3829-9480-f5d171f78b80
823084,74,9,top,1,0,0,0,0,0,R,R,field_out,out,0,53.8,27.0,145.0,line_drive,medium,1,0,,,9d076f5e-7443-32f2-a2b5-53f491f717df
823084,76,9,top,2,1,0,0,1,0,R,R,single,hit,0,95.3,-16.0,8.0,ground_ball,medium,1,0,,,39c76647-1d98-3736-b2d8-7c5dcbb7557c
823084,77,9,top,2,0,0,0,0,0,R,R,field_out,out,0,99.0,27.0,346.0,fly_ball,medium,1,0,,,93e5d836-dd76-3e31-a414-92143f7734f5
823085,0,1,top,0,0,0,0,0,0,R,R,field_out,out,0,79.6,12.0,139.0,ground_ball,medium,1,0,,,c8284ca4-6887-3744-ab03-d376a3e57fd7
823085,1,1,top,1,0,0,0,0,0,R,R,field_out,out,0,99.0,27.0,345.0,fly_ball,medium,1,0,,,2da72388-c96e-32e9-83db-b1068006c8b8
823085,2,1,top,2,0,0,0,0,0,L,R,triple,hit,0,95.6,2.0,72.0,ground_ball,medium,1,0,,,91c5452d-0324-3555-8d06-1e3973be3140
823085,3,1,top,2,0,0,1,1,1,R,R,field_out,out,0,100.9,19.0,328.0,line_drive,hard,1,0,,,db7a1293-81d0-3eb1-a2e5-653d24b8d662
823085,4,1,bottom,0,0,0,0,0,0,R,L,field_out,out,0,92.7,23.0,330.0,line_drive,medium,1,0,,,bc206deb-0bcc-3568-a379-8bf3b65d7c7e
823085,5,1,bottom,1,0,0,0,0,0,L,L,field_out,out,0,106.3,22.0,404.0,fly_ball,hard,1,0,,,a1c3787b-9591-32e1-a91e-f16bf52ea104
823085,6,1,bottom,2,0,0,0,0,0,R,L,field_out,out,0,85.8,7.0,97.0,ground_ball,medium,1,0,,,3dc0c0f8-8061-341a-b99c-34eabafa6524
823085,9,2,top,2,0,0,0,0,0,R,R,field_out,out,0,89.5,-12.0,10.0,ground_ball,medium,1,0,,,637e5e85-fad6-32e6-b953-a112345af7d4
823085,10,2,bottom,0,0,0,0,0,0,L,L,field_out,out,0,82.6,75.0,87.0,popup,medium,1,0,,,1959748b-1029-3eea-9aab-8f4c1acd3e6d
823085,11,2,bottom,1,1,0,0,1,0,R,L,field_error,error,0,85.5,-33.0,5.0,ground_ball,medium,1,0,,,cda9efaa-479f-35c9-bce9-ea0f202aa6b8
823085,12,2,bottom,1,0,1,0,1,1,L,L,double_play,out,0,101.7,6.0,121.0,line_drive,medium,1,0,,,a463bdc7-936b-3731-8dc2-48e72fe4edf2
823085,13,3,top,0,0,0,0,0,0,R,R,field_out,out,0,94.2,60.0,205.0,fly_ball,medium,1,0,,,4405dadd-b5d5-3164-9e9b-5efc76510c38
823085,14,3,top,1,0,0,0,0,0,R,R,field_out,out,0,77.2,61.0,148.0,popup,medium,1,0,,,aae3c636-f1c7-3172-b52d-17dce4d61385
823085,20,4,top,0,1,1,0,2,1,L,R,single,hit,0,102.3,14.0,242.0,line_drive,hard,1,0,,,f0f6ab41-5823-3b7c-b549-111e182ecb9a
823085,21,4,top,0,1,0,1,2,1,R,R,single,hit,1,74.6,25.0,243.0,line_drive,medium,1,0,,,d813ba5e-a09d-3120-90b5-b7aa88457c76
823085,22,4,top,0,1,1,0,2,1,L,R,field_out,out,0,72.0,3.0,53.0,ground_ball,medium,1,0,,,a66d2a32-18a2-3970-9a11-4f2aa184f1e4
823085,26,4,bottom,1,0,0,0,0,0,L,L,single,hit,0,94.2,18.0,279.0,line_drive,medium,1,0,,,d1f3f710-7a2a-396c-b5b0-c58f3b048957
823085,28,4,bottom,2,0,0,0,0,0,L,L,field_out,out,0,91.1,32.0,314.0,fly_ball,medium,1,0,,,017bea83-e7fe-3a4b-b27b-17960f291fa8
823085,29,5,top,0,0,0,0,0,0,R,R,field_out,out,0,93.8,40.0,314.0,fly_ball,medium,1,0,,,75a4cea6-9b8a-30d8-846a-918ecb249158
823085,31,5,top,2,0,0,0,0,0,R,R,double,hit,0,93.6,11.0,149.0,line_drive,medium,1,0,,,dc04cb8b-03f2-33b3-85e3-20e964acd83b
823085,33,5,bottom,0,0,0,0,0,0,R,L,single,hit,0,86.7,16.0,234.0,line_drive,medium,1,0,,,8352120b-a844-3670-ad62-80486ebb0add
823085,34,5,bottom,0,0,0,0,0,0,L,L,field_out,out,0,104.2,25.0,401.0,fly_ball,hard,1,0,,,05026d56-1f84-309d-b098-7b97d0b2d34f
823085,36,5,bottom,1,0,0,0,0,0,R,L,field_out,out,0,90.8,56.0,240.0,fly_ball,medium,1,0,,,d1cf8739-3965-3958-8187-53a8a6f626f9
823085,37,5,bottom,2,0,0,0,0,0,R,L,field_out,out,0,60.2,52.0,162.0,popup,medium,1,0,,,599488b1-79f4-34d5-8105-f9401b4a6db7
823085,38,6,top,0,0,0,0,0,0,L,R,double,hit,0,72.9,46.0,219.0,fly_ball,medium,1,0,,,992c3d60-04c8-31f9-a885-24203984a35c
823085,40,6,top,0,0,0,0,0,0,L,R,field_out,out,0,79.8,53.0,218.0,fly_ball,medium,1,0,,,35b74c2e-56dd-30d5-b399-c4774d8a21b8
823085,41,6,top,1,1,1,0,2,1,L,R,field_out,out,0,97.8,7.0,121.0,line_drive,medium,1,0,,,d7fc8a16-86e2-3512-bdee-dc60eb619132
823085,42,6,top,2,0,1,1,2,1,R,R,home_run,hit,3,106.3,23.0,393.0,fly_ball,medium,1,0,,,02cbb930-072c-3598-b046-c7408ff4c405
823085,43,6,top,2,0,0,0,0,0,R,R,field_out,out,0,69.9,-40.0,4.0,ground_ball,medium,1,0,,,b6c0ab1f-1491-3fbe-b8c7-5641d1301214
823085,47,6,bottom,2,0,0,0,0,0,L,L,field_out,out,0,101.3,17.0,333.0,line_drive,hard,1,0,,,3de5c0c4-063b-364f-ba41-be5d37f67075
823085,48,7,top,0,0,0,0,0,0,R,R,field_out,out,0,94.9,-22.0,9.0,ground_ball,medium,1,0,,,c41447e3-00b4-36b6-8b57-44a7d29e3bd2
823085,49,7,top,1,0,0,0,0,0,R,R,home_run,hit,1,105.6,35.0,415.0,fly_ball,medium,1,0,,,6299480c-4acf-3703-95aa-3a61d7f0edc9
823085,50,7,top,1,0,0,0,0,0,R,R,field_out,out,0,108.6,12.0,305.0,line_drive,hard,1,0,,,03fe1293-7c7f-35f9-b894-096e590238d8
823085,51,7,top,2,0,0,0,0,0,L,R,field_out,out,0,82.9,-4.0,27.0,ground_ball,medium,1,0,,,6ae8e1c3-7463-3bb8-9ed4-5d81869cda8f
823085,52,7,bottom,0,0,0,0,0,0,R,R,field_out,out,0,86.7,-35.0,4.0,ground_ball,medium,1,0,,,28e9afbf-fee2-38b4-948a-4c23c3ce952e
823085,53,7,bottom,1,0,0,0,0,0,L,R,field_out,out,0,83.8,28.0,279.0,line_drive,medium,1,0,,,20f8c92a-5c37-359f-97cb-fbc63d472fc4
823085,55,8,top,0,0,0,0,0,0,R,R,single,hit,0,98.4,7.0,131.0,ground_ball,medium,1,0,,,cb88da96-ff79-3a4c-8499-bedf644e25a4
823085,58,8,top,2,1,0,0,1,0,R,R,force_out,out,0,83.5,-17.0,8.0,ground_ball,medium,1,0,,,0475ad82-2141-3a1b-92e1-e3dd818255f4
823085,61,8,bottom,1,1,0,0,1,0,R,R,single,hit,0,96.7,-13.0,10.0,ground_ball,medium,1,0,,,87df6dfb-3a71-33b3-ac89-27cc836b805a
823085,62,8,bottom,1,1,1,0,2,1,L,R,single,hit,0,100.8,10.0,156.0,line_drive,hard,1,0,,,ba088317-12ab-3fd5-b073-7a44c1b8457f
823085,65,8,bottom,2,1,1,1,3,1,R,R,single,hit,1,78.4,-11.0,7.0,ground_ball,medium,1,0,,,4b826eab-e2b6-3c54-8af7-bedbb3d90c34
823085,67,9,top,0,0,0,0,0,0,R,R,field_out,out,0,92.1,-7.0,18.0,ground_ball,medium,1,0,,,58574703-581d-387c-ba22-740e03a88dc0
823085,69,9,top,1,1,0,1,2,1,R,R,double,hit,1,103.3,22.0,388.0,line_drive,hard,1,0,,,d8aee6b9-277b-36d9-a181-b611835439c6
823085,70,9,top,1,0,0,0,0,0,R,R,field_out,out,0,75.1,33.0,257.0,fly_ball,medium,1,0,,,ac639164-1956-3c8f-843a-23aa0d1044e7
823085,71,9,top,2,0,1,0,1,1,L,R,single,hit,0,53.3,-45.0,5.0,ground_ball,medium,1,0,,,2f5b76d1-fc4c-3cfd-916d-1ed030a14d29
823085,72,9,top,2,0,0,0,0,0,R,R,field_out,out,0,80.1,37.0,249.0,fly_ball,medium,1,0,,,9b1fb6fa-c904-3b70-90e4-e0e4bf9089a9
823085,73,9,bottom,0,0,0,0,0,0,R,R,field_out,out,0,93.0,-26.0,5.0,ground_ball,medium,1,0,,,03b1f1ac-9490-3b19-9d5e-f56fc114612e
823085,76,9,bottom,2,0,1,0,1,1,R,R,triple,hit,1,99.4,15.0,291.0,line_drive,medium,1,0,,,a2d57626-4d76-3e5b-a92f-2620fb112505
823085,77,9,bottom,2,0,0,1,1,1,L,R,home_run,hit,2,100.8,31.0,368.0,fly_ball,medium,1,0,,,325bb64c-e025-38c1-a3f3-2488044ae403
823085,78,9,bottom,2,0,0,0,0,0,R,R,field_out,out,0,93.1,49.0,260.0,fly_ball,medium,1,0,,,17ff12c9-a85c-39b8-84c2-c8b52ebd9d26
823086,1,1,top,1,0,0,0,0,0,L,R,field_out,out,0,77.6,33.0,287.0,fly_ball,medium,1,0,,,52c54eae-98f8-3320-afd8-014ea57c76c3
823086,2,1,top,2,0,0,0,0,0,R,R,double,hit,0,100.6,37.0,353.0,fly_ball,hard,1,0,,,a3d38ee9-2509-322f-9816-c85aa9826e01
823086,3,1,top,2,0,0,0,0,0,R,R,field_out,out,0,70.5,4.0,63.0,ground_ball,medium,1,0,,,77e203e2-920f-3fae-8213-6a73720d8dd4
823086,4,1,bottom,0,0,0,0,0,0,L,R,field_out,out,0,88.0,25.0,321.0,line_drive,medium,1,0,,,a102aeef-bbc9-3d26-a81b-fb145d981b27
823086,5,1,bottom,1,0,0,0,0,0,R,R,field_out,out,0,100.4,24.0,342.0,fly_ball,hard,1,0,,,62e59d94-2def-338b-b0eb-bfc96d3bb054
823086,6,1,bottom,2,0,0,0,0,0,L,R,field_out,out,0,97.6,-2.0,29.0,ground_ball,medium,1,0,,,26041627-cade-302b-9f12-a03f24661de0
823086,9,2,top,2,0,0,0,0,0,R,R,field_out,out,0,62.2,-53.0,3.0,ground_ball,medium,1,0,,,cdf1e439-a4ed-351d-a926-7f4e069a2dcd
823086,10,2,bottom,0,0,0,0,0,0,L,R,field_out,out,0,105.3,7.0,130.0,line_drive,hard,1,0,,,cab213ae-3f1a-3abb-90b4-e5b49d23c487
823086,11,2,bottom,1,0,0,0,0,0,R,R,single,hit,0,34.5,-37.0,6.0,ground_ball,soft,1,0,,,7039eb26-9c7c-37ee-91c0-9883d7288453
823086,12,2,bottom,1,0,0,0,0,0,L,R,field_out,out,0,95.2,43.0,296.0,fly_ball,medium,1,0,,,c3ff138d-c4e3-3e47-8093-b3bee2f08731
823086,13,2,bottom,2,0,0,0,0,0,L,R,field_out,out,0,67.9,62.0,128.0,popup,medium,1,0,,,8c1e83c7-d55b-33b7-a7c8-09c07774862c
823086,15,3,top,0,1,0,0,1,0,R,R,double,hit,0,70.6,15.0,158.0,line_drive,medium,1,0,,,57737867-1e42-3d92-ad53-ed152317115f
823086,16,3,top,1,0,1,0,1,1,R,R,single,hit,1,95.2,5.0,97.0,ground_ball,medium,1,0,,,038c5a2c-a2e2-39fc-a07f-d55d764198b2
823086,17,3,top,1,1,0,0,1,0,L,R,double,hit,0,107.3,7.0,132.0,line_drive,hard,1,0,,,922d5e19-c3bb-386a-b60f-4466841527cc
823086,18,3,top,1,0,1,1,2,1,R,R,sac_fly,out,1,95.8,32.0,329.0,fly_ball,medium,1,0,,,eedcf8c6-8d86-3994-9e9a-495641948b9d
823086,19,3,top,2,0,0,1,1,1,R,R,home_run,hit,2,99.5,31.0,358.0,fly_ball,medium,1,0,,,cf4ab751-421b-34c2-80f6-df3099e35b00
823086,23,3,bottom,1,1,0,0,1,0,L,R,single,hit,0,97.1,-10.0,14.0,ground_ball,medium,1,0,,,4ef3213b-2ac7-3a22-a209-1b78e511ab22
823086,25,3,bottom,1,1,1,1,3,1,L,R,single,hit,2,112.0,17.0,344.0,line_drive,hard,1,0,,,e621436b-9b33-3983-80bf-5bf5407e6875
823086,27,3,bottom,2,1,0,1,2,1,R,R,double,hit,1,103.9,17.0,323.0,line_drive,hard,1,0,,,a0686077-195b-3e25-af99-a8723a3a350f
823086,28,3,bottom,2,0,0,0,0,0,L,L,field_out,out,0,97.6,-10.0,17.0,ground_ball,medium,1,0,,,8a8e90bb-3e7f-3182-9d7a-2526a095a631
823086,29,4,top,0,0,0,0,0,0,L,R,field_out,out,0,82.6,63.0,137.0,popup,medium,1,0,,,58300676-11e9-36cf-88b3-645c207a232d
823086,31,4,top,1,0,0,0,0,0,L,R,field_out,out,0,50.8,55.0,118.0,popup,medium,1,0,,,3f538e12-9802-307c-94bf-ef6255fe3ff8
823086,32,4,top,2,1,0,0,1,0,R,R,single,hit,0,79.4,-49.0,3.0,ground_ball,medium,1,0,,,89ab1fd0-7844-3d0e-b0d3-bfa3a6004a81
823086,33,4,top,2,0,0,0,0,0,R,R,field_out,out,0,98.9,17.0,315.0,line_drive,medium,1,0,,,37c2cebc-088c-3cf2-8e75-23bf3bc7858c
823086,35,4,bottom,1,0,0,0,0,0,L,L,field_out,out,0,103.0,44.0,308.0,fly_ball,hard,1,0,,,ce9b842b-477b-3938-86be-3b1995d6c195
823086,39,5,top,1,0,0,0,0,0,R,R,field_out,out,0,105.8,14.0,311.0,line_drive,hard,1,0,,,1217cfc6-e321-3d45-bc31-c23ff13dce02
823086,40,5,top,2,0,0,0,0,0,R,R,field_out,out,0,83.9,63.0,145.0,popup,medium,1,0,,,9fc5dc4c-89df-3a51-b2e7-3f03d9d33a3b
823086,42,5,bottom,1,0,0,0,0,0,R,L,single,hit,0,101.1,9.0,196.0,line_drive,hard,1,0,,,ba8c4b26-d0ad-3054-a307-f37978ee568d
823086,43,5,bottom,1,1,1,0,2,1,L,L,single,hit,1,98.2,16.0,292.0,line_drive,medium,1,0,,,3dfd2f44-b3a3-36fc-81e7-1fb2bbc43915
823086,44,5,bottom,1,0,0,0,0,0,R,L,field_out,out,0,94.2,54.0,226.0,fly_ball,medium,1,0,,,1d10e36f-f9bb-3849-ac96-baadfcb9b52d
823086,45,5,bottom,2,0,0,0,0,0,R,R,field_out,out,0,78.4,64.0,128.0,popup,medium,1,0,,,24aec32e-d281-334c-85c2-95d74c0d77cd
823086,47,6,top,1,0,0,0,0,0,R,L,field_out,out,0,90.9,69.0,115.0,popup,medium,1,0,,,98dd526b-4ed9-3b94-a54a-a42771f769cb
823086,50,6,bottom,0,1,0,0,1,0,L,R,field_out,out,0,91.6,28.0,319.0,fly_ball,medium,1,0,,,2d00ae54-3b45-31b9-a7f3-dd1b55358511
823086,54,7,top,2,0,0,0,0,0,L,L,single,hit,0,100.0,-17.0,10.0,ground_ball,hard,1,0,,,733bc987-d173-3616-9eda-01b736ed6cd1
823086,55,7,top,2,0,0,0,0,0,R,L,field_out,out,0,85.7,20.0,259.0,line_drive,medium,1,0,,,a58af7ee-3c17-3a3b-be53-b9531182c406
823086,56,7,bottom,0,0,0,0,0,0,R,R,field_out,out,0,92.3,40.0,306.0,fly_ball,medium,1,0,,,52c1004b-0adb-3fdc-8209-53199bc88592
823086,57,7,bottom,1,0,0,0,0,0,L,R,field_out,out,0,81.3,56.0,204.0,fly_ball,medium,1,0,,,18658db7-d11e-3f07-9c3e-60220224b34a
823086,58,7,bottom,2,0,0,0,0,0,R,R,field_out,out,0,86.3,32.0,330.0,fly_ball,medium,1,0,,,381b97f9-baa9-3153-bc60-0e6a13a63324
823086,59,8,top,0,0,0,0,0,0,R,R,field_out,out,0,67.4,39.0,218.0,fly_ball,medium,1,0,,,603407d2-bca0-39e7-a390-40d2068f7cdc
823086,60,8,top,1,0,0,0,0,0,R,R,single,hit,0,105.6,-9.0,12.0,ground_ball,hard,1,0,,,55811202-ac48-368c-9b96-be60af8125da
823086,63,8,bottom,0,0,0,0,0,0,L,R,field_out,out,0,82.0,43.0,252.0,fly_ball,medium,1,0,False,MJ,646e5f92-7a72-33b8-8d82-941b2e3bc50f
823086,65,8,bottom,2,0,0,0,0,0,R,R,single,hit,0,81.7,6.0,101.0,ground_ball,medium,1,0,,,505d4334-d029-3972-93be-cdce64138c84
823086,66,8,bottom,2,0,0,0,0,0,L,R,field_out,out,0,88.0,71.0,107.0,popup,medium,1,0,,,952d9222-ca18-3c9e-8d3f-ef800212e893
823086,68,9,top,1,0,0,0,0,0,R,R,field_out,out,0,76.6,-22.0,8.0,ground_ball,medium,1,0,,,54ff4656-3793-3734-a079-1f3546125230
823086,69,9,top,2,0,0,0,0,0,R,R,single,hit,0,91.2,4.0,91.0,ground_ball,medium,1,0,,,3d1edeac-22c2-331f-bb45-aefdda0293ac
823086,70,9,top,2,0,0,0,0,0,L,R,field_out,out,0,97.6,55.0,237.0,fly_ball,medium,1,0,,,ce2a68e8-e802-3394-900c-e96f403fa587
823086,71,9,bottom,0,0,0,0,0,0,L,L,field_out,out,0,83.5,51.0,227.0,fly_ball,medium,1,0,,,74d6dd9c-a706-330e-8d0a-7c9071cff46d
823086,72,9,bottom,1,0,0,0,0,0,R,L,single,hit,0,65.7,45.0,193.0,fly_ball,medium,1,0,,,f2b2013c-1b06-3988-bba3-50492e6e66d3
823086,74,9,bottom,2,0,0,0,0,0,L,L,field_out,out,0,97.4,-19.0,7.0,ground_ball,medium,1,0,,,cb3a36ab-9179-3b8c-9133-fbe0ee458513
823086,75,10,top,0,0,0,0,0,0,R,R,field_out,out,0,71.5,-29.0,5.0,ground_ball,medium,1,0,,,a8424bc6-19ae-3631-b50e-36a69a74f75e
823086,76,10,top,1,0,1,0,1,1,R,R,triple,hit,1,101.6,17.0,279.0,fly_ball,hard,1,0,,,18d5592e-e558-3e14-bb32-67fb19551a26
823086,78,10,top,2,0,0,0,0,0,L,R,field_out,out,0,80.1,-6.0,13.0,ground_ball,medium,1,0,,,1a79567f-056c-3350-a119-b152d46621b5
823086,80,10,bottom,0,1,1,0,2,1,L,L,field_out,out,0,75.8,-13.0,14.0,ground_ball,medium,1,0,,,8fedecf2-2ac0-301d-ba9b-95b246285b65
823086,83,10,bottom,1,1,1,1,3,1,L,L,single,hit,1,79.6,17.0,226.0,line_drive,medium,1,0,,,3d5f6449-cdd8-3e17-b895-9b37319a2d0a
823087,2,1,top,1,1,0,0,1,0,L,R,single,hit,0,102.2,11.0,253.0,line_drive,hard,1,0,,,9aae438c-8935-37c5-83bd-961aa0fc7fd0
823087,3,1,top,1,1,0,0,1,0,R,R,grounded_into_double_play,out,0,84.7,3.0,64.0,ground_ball,medium,1,0,,,d98ade48-322d-3f01-9364-e7aa0545b809
823087,4,1,bottom,0,0,0,0,0,0,L,R,field_out,out,0,98.0,38.0,368.0,fly_ball,medium,1,0,,,dc6284c2-c720-3248-8873-d6ecbe04055a
823087,5,1,bottom,1,0,0,0,0,0,R,R,field_out,out,0,53.8,19.0,115.0,ground_ball,medium,1,0,,,b2ea9a7a-2ed0-363f-9132-8703728c802a
823087,6,1,bottom,2,0,0,0,0,0,L,R,field_out,out,0,91.5,30.0,295.0,fly_ball,medium,1,0,,,b20663b3-51ff-3090-9a31-6f5540f9451f
823087,9,2,top,2,0,0,0,0,0,L,R,single,hit,0,91.7,17.0,270.0,line_drive,medium,1,0,,,735c31af-6051-390a-a9f7-4a739d3f5789
823087,10,2,top,2,1,1,0,2,1,R,R,single,hit,1,72.3,43.0,234.0,fly_ball,medium,1,0,,,fc8595ad-8a7b-3a47-b9ae-5d19935bf73e
823087,13,2,bottom,0,1,0,0,1,0,R,R,home_run,hit,2,109.2,25.0,451.0,fly_ball,medium,1,0,,,6d90009a-6518-34d2-80d2-bcb7f8080021
823087,15,2,bottom,0,1,0,0,1,0,L,R,single,hit,0,91.8,-13.0,12.0,ground_ball,medium,1,0,,,e815ca08-3c2b-3d80-b031-d74d46f5af8a
823087,16,2,bottom,0,1,1,0,2,1,L,R,grounded_into_double_play,out,0,93.0,-11.0,12.0,ground_ball,medium,1,0,,,4bb6db5d-0d74-3329-92ea-c0dd8d4beb1f
823087,17,2,bottom,2,0,0,1,1,1,L,R,single,hit,1,94.4,10.0,146.0,line_drive,medium,1,0,,,ff34775d-5c05-3d5e-8514-f243aaafd95a
823087,18,2,bottom,2,0,0,0,0,0,L,R,field_out,out,0,79.2,67.0,150.0,popup,medium,1,0,,,1e5b80fa-963e-3c81-b74c-4e93fd342170
823087,22,3,bottom,0,0,0,0,0,0,R,R,double,hit,0,73.2,37.0,238.0,fly_ball,medium,1,0,,,3c42a3e0-5001-3278-89fa-3724d16995f2
823087,24,3,bottom,1,0,1,0,1,1,L,R,field_out,out,0,103.9,2.0,81.0,ground_ball,hard,1,0,,,ab7edb29-a219-374a-9e47-18e6b3ad2da1
823087,26,4,top,0,0,0,0,0,0,R,R,field_out,out,0,101.0,-2.0,31.0,ground_ball,hard,1,0,,,cab71a1e-7d94-35ee-b22a-da38df8ae9a4
823087,28,4,top,2,0,0,0,0,0,R,R,field_out,out,0,103.0,-9.0,14.0,ground_ball,hard,1,0,,,c948ad59-2fa4-3586-8dbe-c3fc3b9b4c1b
823087,29,4,bottom,0,0,0,0,0,0,L,R,field_out,out,0,96.7,28.0,368.0,fly_ball,medium,1,0,,,c8fce534-05de-3536-8c09-bc8869952ccf
823087,31,4,bottom,1,1,1,0,2,1,L,R,single,hit,0,104.4,2.0,66.0,ground_ball,hard,1,0,,,2e6a8fde-603e-3e29-b568-9cb192179b62
823087,32,4,bottom,1,1,0,0,1,0,L,R,grounded_into_double_play,out,0,88.1,4.0,77.0,ground_ball,medium,1,0,False,MJ,51bac2cd-f352-3c06-89ea-a88af5d7f671
823087,33,5,top,0,0,0,0,0,0,L,R,double,hit,0,80.7,24.0,235.0,line_drive,medium,1,0,,,8c723d0e-d680-3031-bb2c-067b24ee3dae
823087,35,5,top,0,0,1,1,2,1,R,R,field_out,out,1,69.9,2.0,49.0,ground_ball,medium,1,0,,,8301c8b4-88b2-3908-b68a-db4a4a94cb7b
823087,36,5,top,1,0,0,1,1,1,R,R,single,hit,1,94.6,22.0,288.0,line_drive,medium,1,0,,,6ff2e646-007b-3310-a4e9-5c2861701819
823087,37,5,top,1,0,0,0,0,0,R,R,field_out,out,0,110.5,11.0,267.0,line_drive,hard,1,0,,,6126dcf7-9901-3fc6-b459-0f7c8b84573c
823087,38,5,top,2,1,0,0,1,0,L,R,single,hit,0,96.9,13.0,241.0,line_drive,medium,1,0,,,afbad778-c492-35aa-a97a-82fb82432c5f
823087,39,5,top,2,0,0,0,0,0,R,R,field_out,out,0,78.9,39.0,285.0,fly_ball,medium,1,0,,,4aec2322-ac67-3bfe-845f-1ccef81a9b1d
823087,41,5,bottom,0,1,0,0,1,0,R,R,field_out,out,0,102.8,-0.0,57.0,ground_ball,hard,1,0,,,3855a4c4-12e0-3e53-bb22-789c3c32f87c
823087,42,5,bottom,1,0,1,0,1,1,L,R,field_out,out,0,80.5,-48.0,4.0,ground_ball,medium,1,0,,,0ab0048d-8688-3a7c-a058-4cf94ff06bb3
823087,44,5,bottom,2,1,0,1,2,1,R,R,field_out,out,0,94.7,-12.0,16.0,ground_ball,medium,1,0,,,9aee6e35-9a59-39e1-9abe-69923e754540
823087,46,6,top,0,0,0,0,0,0,R,R,field_out,out,0,56.8,63.0,107.0,popup,medium,1,0,,,ba226e82-d582-36b3-aa2a-21e94a1ce746
823087,48,6,top,1,1,1,1,3,1,R,R,double,hit,2,102.7,23.0,403.0,fly_ball,medium,1,0,,,4290e22c-6e15-394a-900c-ca61d1e87adb
823087,49,6,top,1,0,1,0,1,1,R,R,field_out,out,0,53.0,-39.0,4.0,ground_ball,medium,1,0,,,ce651986-2f38-32fc-914b-9c91dea61907
823087,50,6,top,2,0,0,0,0,0,R,R,field_out,out,0,68.3,43.0,209.0,fly_ball,medium,1,0,,,42da1947-4b6c-3cfb-b8ea-e61753c45fdf
823087,51,6,bottom,0,0,0,0,0,0,L,L,field_out,out,0,87.4,-17.0,12.0,ground_ball,medium,1,0,,,ae459132-1aa6-36d3-9afb-d71b733fb5d7
823087,52,6,bottom,1,0,0,0,0,0,L,L,field_out,out,0,91.5,37.0,326.0,fly_ball,medium,1,0,,,f7ad0582-a100-3a89-a572-76eaa506196e
823087,53,6,bottom,2,0,0,0,0,0,L,L,single,hit,0,32.4,24.0,52.0,ground_ball,soft,1,0,,,3a04cf97-658c-3fec-ad5f-5443a55ce5e2
823087,54,6,bottom,2,1,0,0,1,0,R,L,force_out,out,0,99.4,2.0,55.0,ground_ball,medium,1,0,,,ff883b5e-69e2-3339-ae73-3389ed827bca
823087,57,7,top,1,1,0,0,1,0,R,R,force_out,out,0,86.0,-9.0,17.0,ground_ball,medium,1,0,,,2fc7d9b9-362f-34ef-9858-93086fa13026
823087,59,7,bottom,0,0,0,0,0,0,L,L,field_out,out,0,60.5,14.0,113.0,ground_ball,medium,1,0,,,a9346c86-ff84-3f4a-9b29-5ee6abd1cfa9
823087,61,7,bottom,2,0,0,0,0,0,L,L,field_out,out,0,70.7,-22.0,9.0,ground_ball,medium,1,0,,,b1ca865a-ff99-3166-b37e-490212b4af96
823087,63,8,top,0,0,0,0,0,0,L,R,field_out,out,0,97.8,65.0,158.0,popup,medium,1,0,,,7163e081-dc00-3788-b11e-8a33601c3d96
823087,64,8,top,1,1,0,0,1,0,R,R,field_out,out,0,63.7,-53.0,3.0,ground_ball,medium,1,0,,,04d02310-53f3-3ca1-bc80-1e6664b9551a
823087,65,8,top,2,0,1,0,1,1,R,R,single,hit,1,68.8,21.0,187.0,line_drive,medium,1,0,,,1e10f796-8451-3652-a466-95f338c5ddd2
823087,67,8,top,2,0,0,0,0,0,R,R,field_out,out,0,86.3,37.0,299.0,fly_ball,medium,1,0,,,981af117-eca0-3d32-ba28-ec9fd7433231
823087,68,8,bottom,0,0,0,0,0,0,R,L,field_out,out,0,98.4,3.0,76.0,ground_ball,medium,1,0,,,24ff43bd-f635-3ea0-91dd-eed3569f36d2
823087,69,8,bottom,1,0,0,0,0,0,R,L,single,hit,0,77.3,14.0,175.0,line_drive,medium,1,0,,,d6c5ffd2-c9db-3406-8e8a-41fe792224f8
823087,70,8,bottom,1,0,0,0,0,0,L,L,field_out,out,0,76.3,25.0,261.0,fly_ball,medium,1,0,,,affefed6-678f-387f-a658-bf71aec0d7bf
823087,71,8,bottom,2,0,0,0,0,0,L,L,field_out,out,0,93.1,30.0,347.0,fly_ball,medium,1,0,,,23b9cf6b-7a2e-38f4-894f-5682b2e1a35f
823087,74,9,top,2,0,0,0,0,0,L,L,single,hit,0,70.6,25.0,211.0,line_drive,medium,1,0,,,7edb7ddd-09ed-348c-a23b-127331ad4ca1
823087,77,9,bottom,1,0,0,0,0,0,R,R,field_out,out,0,64.5,36.0,208.0,fly_ball,medium,1,0,,,92c06142-0fe7-36df-9423-00ac3ac542a1
823089,0,1,top,0,0,0,0,0,0,R,R,single,hit,0,94.4,-3.0,29.0,ground_ball,medium,1,0,,,38b384f6-a2ef-3971-ab66-9c66e68605a7
823089,1,1,top,0,1,1,0,2,1,L,R,single,hit,1,101.9,-3.0,26.0,ground_ball,medium,1,0,,,ac79bf66-a2d7-3ecd-865d-695688d00d06
823089,2,1,top,0,1,0,0,1,0,R,R,single,hit,0,81.7,9.0,111.0,ground_ball,medium,1,0,,,bdcca35e-3a83-3b64-a4e2-6c232ccf1c80
823089,3,1,top,0,1,1,0,2,1,R,R,single,hit,0,82.7,19.0,263.0,line_drive,medium,1,0,,,cde17980-d5ec-3380-af7a-73fce248fac6
823089,5,1,top,1,0,0,0,0,0,R,R,field_out,out,0,80.0,41.0,250.0,fly_ball,medium,1,0,,,d6c5f473-c20e-30f2-b8db-e8d8d95903cb
823089,6,1,top,2,0,0,0,0,0,L,R,field_out,out,0,100.1,53.0,246.0,fly_ball,medium,1,0,,,3bf3eef1-37e2-3019-bb02-7371ce1a2e8d
823089,7,1,bottom,0,0,0,0,0,0,L,R,field_out,out,0,90.3,57.0,214.0,fly_ball,medium,1,0,,,7a250f5b-8301-3145-9fc7-70849db8479f
823089,11,1,bottom,2,0,0,0,0,0,R,R,field_out,out,0,102.2,35.0,369.0,fly_ball,hard,1,0,,,ec989e4b-9cb4-3da9-9a43-1f19a242c64c
823089,12,2,top,0,0,0,0,0,0,R,R,double,hit,0,110.9,14.0,353.0,line_drive,hard,1,0,,,5e0f5101-7016-38ce-8533-bc8c08c6a4d0
823089,14,2,top,0,1,1,0,2,1,R,R,grounded_into_double_play,out,0,105.2,2.0,66.0,ground_ball,medium,1,0,,,da076ce4-7d4b-3754-874d-bf04513c834a
823089,16,2,top,2,1,0,0,1,0,R,R,force_out,out,0,65.7,-1.0,28.0,ground_ball,medium,1,0,,,ff9d47d1-6073-3d1a-a5f5-7d84eda702be
823089,17,2,bottom,0,0,0,0,0,0,L,R,field_out,out,0,94.8,22.0,350.0,line_drive,medium,1,0,,,918b374b-359f-394e-a21c-47b3271bc154
823089,18,2,bottom,1,0,0,0,0,0,L,R,single,hit,0,88.3,14.0,200.0,line_drive,medium,1,0,,,56854193-c49e-32c6-ad97-3bc1e02f5106
823089,19,2,bottom,1,0,0,0,0,0,L,R,field_out,out,0,96.8,54.0,250.0,fly_ball,medium,1,0,,,d08b3e0b-87f0-33a1-a3e5-ab02ec78f343
823089,21,3,top,0,0,0,0,0,0,R,R,single,hit,0,101.1,-7.0,14.0,ground_ball,medium,1,0,,,7bde672e-c0a9-3123-ae45-bbff96b3ed8f
823089,22,3,top,0,1,0,0,1,0,R,R,single,hit,0,100.6,14.0,248.0,line_drive,medium,1,0,,,88c30991-5180-3b39-b93b-0889313b42d8
823089,23,3,top,0,1,1,0,2,1,R,R,home_run,hit,3,104.7,21.0,377.0,line_drive,medium,1,0,,,61d749f4-fc35-304f-91a8-82be1d132ecb
823089,24,3,top,0,0,0,0,0,0,L,R,field_out,out,0,103.1,1.0,63.0,ground_ball,medium,1,0,,,ca1a42e7-3dbe-3989-9d7f-b1ddde50b886
823089,25,3,top,1,0,0,0,0,0,R,R,field_error,error,0,63.7,-4.0,25.0,ground_ball,medium,1,0,,,b235a898-dac3-36f9-8100-0377ff7bb453
823089,26,3,top,1,1,0,0,1,0,R,R,single,hit,0,76.6,22.0,230.0,line_drive,medium,1,0,,,a13ee631-e9c7-3ddc-b081-e338f613bc98
823089,28,3,top,2,1,0,0,1,0,L,R,force_out,out,0,83.4,4.0,75.0,ground_ball,medium,1,0,,,4762bcfd-edad-3612-a1d7-0cc7ab6a39d8
823089,29,3,bottom,0,0,0,0,0,0,L,R,field_out,out,0,89.5,38.0,321.0,fly_ball,medium,1,0,,,33d72da4-346b-35f9-ba57-c3e2d5a2aee7
823089,31,3,bottom,1,0,0,0,0,0,L,R,field_out,out,0,87.1,82.0,47.0,popup,medium,1,0,,,12f02994-1a7c-30a4-bf79-addbd93bb81c
823089,32,3,bottom,2,0,0,0,0,0,L,R,field_out,out,0,95.1,53.0,240.0,fly_ball,medium,1,0,,,0172e0a7-9a2e-3d8e-93c0-f38ac8f2aad2
823089,33,4,top,0,0,0,0,0,0,R,R,field_out,out,0,57.9,82.0,47.0,popup,soft,1,0,,,6b99fca5-e140-3ddd-9b6d-849ace48a253
823089,35,4,top,2,0,0,0,0,0,R,R,single,hit,0,89.5,11.0,189.0,line_drive,medium,1,0,,,54864534-7bad-3ab7-8160-6317be6c4ba2
823089,36,4,top,2,0,0,0,0,0,R,R,field_out,out,0,104.2,15.0,303.0,line_drive,medium,1,0,,,77352d71-fdb2-3c94-a8f7-55c42f9535a0
823089,37,4,bottom,0,0,0,0,0,0,R,R,single,hit,0,102.6,-2.0,35.0,ground_ball,medium,1,0,,,2c8692c0-cd7f-3bb7-9dc8-6bb4f60722cf
823089,38,4,bottom,0,0,0,0,0,0,L,R,field_out,out,0,58.3,57.0,140.0,popup,medium,1,0,,,44418268-9229-31f1-90a9-d84243782ed3
823089,41,5,top,0,0,0,0,0,0,L,L,field_out,out,0,81.1,-36.0,4.0,ground_ball,medium,1,0,,,8bf13033-8166-3649-a742-1c8b8bd4b316
823089,42,5,top,1,0,0,0,0,0,R,L,field_out,out,0,105.1,33.0,382.0,fly_ball,hard,1,0,,,f919395b-8b46-37c6-baec-8d78b4e7ba31
823089,44,5,bottom,0,0,0,0,0,0,R,L,field_out,out,0,95.3,22.0,319.0,line_drive,medium,1,0,,,7378dcff-4461-3b93-9d9b-b525d55225c6
823089,47,5,bottom,2,1,1,0,2,1,L,L,single,hit,0,72.1,32.0,242.0,fly_ball,medium,1,0,,,d08d2006-0e29-330e-a9e7-532e6c3e4ace
823089,48,5,bottom,2,0,0,0,0,0,R,L,field_out,out,0,92.1,47.0,278.0,fly_ball,medium,1,0,,,7f5ea7f7-47ef-37da-a071-d715a52c2fd3
823089,50,6,top,1,0,0,0,0,0,L,L,field_out,out,0,107.5,20.0,350.0,line_drive,hard,1,0,,,8769391f-331d-337a-9d39-3d9d20dab8ea
823089,51,6,top,2,0,0,0,0,0,R,L,home_run,hit,1,104.7,25.0,372.0,fly_ball,medium,1,0,,,effe9280-aa2b-32e5-bf9b-dc9ca5dea199
823089,52,6,top,2,0,0,0,0,0,R,R,field_out,out,0,80.9,34.0,303.0,fly_ball,medium,1,0,,,b06c70aa-2d0b-3ac0-8e7f-958349884958
823089,53,6,bottom,0,0,0,0,0,0,R,L,field_out,out,0,92.2,42.0,292.0,fly_ball,medium,1,0,False,MJ,51ce2072-7dea-3ba9-80aa-c0ee7f24953b
823089,57,7,top,0,0,0,0,0,0,R,R,field_out,out,0,103.8,26.0,402.0,fly_ball,hard,1,0,,,90d4266d-4703-3b3c-a5c2-7622ca83ff5b
823089,58,7,top,1,0,0,0,0,0,R,R,field_out,out,0,105.3,-6.0,16.0,ground_ball,medium,1,0,False,MJ,6bd41fdb-a1c1-3f64-be92-c9fd7c01b5cd
823089,61,7,bottom,0,0,0,0,0,0,R,R,field_out,out,0,92.8,36.0,315.0,fly_ball,medium,1,0,,,0f87d0c2-b501-31bf-b02a-c7076e65ff06
823089,62,7,bottom,1,0,0,0,0,0,L,R,field_out,out,0,83.1,13.0,148.0,line_drive,medium,1,0,,,1e576d37-c1c7-3754-b5b1-55bc032b52ca
823089,64,7,bottom,2,0,0,0,0,0,L,R,field_out,out,0,76.3,32.0,261.0,fly_ball,medium,1,0,,,37834db4-015d-30a0-ab23-d5f49ac65107
823089,65,8,top,0,0,0,0,0,0,R,R,field_out,out,0,88.1,65.0,153.0,popup,medium,1,0,,,a9509bcf-6658-390e-a94f-30a68c216a1e
823089,67,8,top,1,1,0,0,1,0,L,R,home_run,hit,2,109.5,25.0,386.0,fly_ball,medium,1,0,,,b80a1f9a-1f19-3dd4-85f2-64fc84e08d7a
823089,70,8,top,2,1,0,0,1,0,R,R,force_out,out,0,94.3,2.0,65.0,ground_ball,medium,1,0,,,bc1829eb-0744-3802-a386-2e2fde17a6fb
823089,71,8,bottom,0,0,0,0,0,0,L,R,field_out,out,0,79.0,68.0,150.0,popup,medium,1,0,,,8a3593ca-5ec7-38e1-8647-57cb0a079052
823089,72,8,bottom,1,0,0,0,0,0,R,R,single,hit,0,87.0,11.0,199.0,line_drive,medium,1,0,,,d551b252-786a-3059-ba81-a03547a7d852
823089,73,8,bottom,1,1,0,0,1,0,L,R,grounded_into_double_play,out,0,102.4,-1.0,45.0,ground_ball,medium,1,0,,,f897f68d-7fa2-322f-907d-2da8a17a1da8
823089,76,9,top,1,1,0,0,1,0,R,R,double_play,out,0,92.8,4.0,114.0,line_drive,medium,1,0,,,4acafde0-461c-38c1-8b99-bc5f8da46d50
823089,78,9,bottom,1,0,0,0,0,0,L,R,field_out,out,0,92.8,55.0,238.0,fly_ball,medium,1,0,,,73fdd637-1e86-34a6-b0b8-73e21d26d2e6
823164,0,1,top,0,0,0,0,0,0,L,R,field_out,out,0,97.9,-17.0,7.0,ground_ball,medium,1,0,,,5d82a889-2d21-3e14-8836-b2ae1ae92e9e
823164,2,1,top,2,0,0,0,0,0,L,R,field_out,out,0,97.7,39.0,336.0,fly_ball,medium,1,0,,,cf225f39-6019-3b2e-bb93-d231f949e965
823164,3,1,bottom,0,0,0,0,0,0,R,L,field_out,out,0,83.4,52.0,233.0,fly_ball,medium,1,0,,,4f3de59d-5db2-3a9e-ac1d-ceec4f242183
823164,6,2,top,0,0,0,0,0,0,L,R,field_out,out,0,89.5,56.0,244.0,fly_ball,medium,1,0,,,c65039e5-9559-33d3-8d58-6f86ef724a8d
823164,7,2,top,1,0,0,0,0,0,R,R,field_out,out,0,88.9,-13.0,10.0,ground_ball,medium,1,0,,,fcd662c7-6892-3969-8e05-8cce71b886d1
823164,10,2,bottom,0,0,0,0,0,0,L,L,field_out,out,0,100.2,29.0,383.0,fly_ball,hard,1,0,,,37427611-a90e-39e9-bc33-44cafff88cfc
823164,11,2,bottom,1,0,0,0,0,0,R,L,single,hit,0,93.4,8.0,136.0,ground_ball,medium,1,0,,,b2ffa41b-0d56-3569-91fd-cf038ac9f6a2
823164,12,2,bottom,1,0,0,0,0,0,L,L,field_out,out,0,82.0,28.0,272.0,fly_ball,medium,1,0,,,9df81bd6-7af9-35ad-bfd1-ac12885bf184
823164,13,2,bottom,2,1,1,0,2,1,L,L,single,hit,1,97.8,4.0,81.0,ground_ball,medium,1,0,,,d55ca337-6e3f-3cfa-9894-aecd40cd4c5e
823164,15,3,top,0,0,0,0,0,0,L,L,field_out,out,0,90.5,-7.0,19.0,ground_ball,medium,1,0,,,a33e6a3d-f369-37a5-a366-c22ad34712a0
823164,16,3,top,1,0,0,0,0,0,R,L,single,hit,0,65.0,16.0,153.0,ground_ball,medium,1,0,,,edce5348-8fea-3339-aa9b-2cd288bf10b7
823164,17,3,top,1,1,0,0,1,0,L,L,single,hit,0,,,,ground_ball,medium,0,0,,,890daf2f-bdc9-3e8f-8b24-1e143cb2430d
823164,22,3,bottom,2,0,0,0,0,0,R,L,field_out,out,0,97.6,-11.0,8.0,ground_ball,medium,1,0,,,53e83247-ed13-3d7d-bd41-9f492b530e33
823164,23,4,top,0,0,0,0,0,0,L,L,field_error,error,0,95.6,8.0,131.0,ground_ball,medium,1,0,,,e4cbb475-bf8d-3575-a9b7-c3bdf4da129b
823164,24,4,top,0,0,0,0,0,0,R,L,field_out,out,0,91.5,21.0,281.0,line_drive,medium,1,0,,,1f704405-ce54-3891-8648-23ee7630d8aa
823164,25,4,top,1,1,0,0,1,0,L,L,double,hit,0,85.9,21.0,239.0,line_drive,medium,1,0,,,b6b5efdd-3e7f-320c-9892-5d2a68d39b1a
823164,26,4,top,1,0,1,1,2,1,R,R,sac_fly,out,1,89.1,27.0,324.0,fly_ball,medium,1,0,,,f40c2cc8-792f-3828-bbff-e9492e9ec074
823164,28,4,top,2,0,0,0,0,0,L,R,field_out,out,0,94.7,32.0,328.0,fly_ball,medium,1,0,,,a39c0573-a192-3848-bd39-04817dea4c55
823164,29,4,bottom,0,0,0,0,0,0,L,L,single,hit,0,96.1,-0.0,51.0,ground_ball,medium,1,0,,,8a6ead46-0cd9-3463-9a77-ef87418b755e
823164,30,4,bottom,0,1,0,0,1,0,R,L,single,hit,0,100.0,-4.0,31.0,ground_ball,medium,1,0,,,35282ff2-48d2-308b-91cf-a29533715d66
823164,32,4,bottom,1,1,0,0,1,0,R,L,grounded_into_double_play,out,0,99.4,-5.0,29.0,ground_ball,medium,1,0,,,d07e6b1f-72c2-33cf-b9a0-0dda96905975
823164,33,5,top,0,0,0,0,0,0,L,R,field_out,out,0,106.0,5.0,93.0,ground_ball,medium,1,0,,,a15233cb-3dda-3beb-828a-49d66bedb272
823164,35,5,top,1,1,0,0,1,0,L,R,field_out,out,0,85.8,-11.0,13.0,ground_ball,medium,1,0,,,8ed5bc15-6a44-386e-968b-fb94ba297c82
823164,36,5,top,2,0,0,0,0,0,L,R,field_out,out,0,80.3,68.0,130.0,popup,medium,1,0,,,fd5c0456-b6bb-39eb-a86b-aebe176f37d8
823164,39,5,bottom,2,0,0,0,0,0,R,R,field_out,out,0,91.9,43.0,293.0,fly_ball,medium,1,0,,,82dda583-3eb6-3952-8f04-01ddee26be82
823164,40,6,top,0,0,0,0,0,0,R,R,field_out,out,0,85.4,33.0,287.0,fly_ball,medium,1,0,,,21e373d0-e458-3ca7-967a-71abc0a45d4f
823164,41,6,top,1,0,0,0,0,0,L,R,field_out,out,0,105.4,35.0,392.0,fly_ball,hard,1,0,,,1f57651b-f39f-3a46-b5c1-46fde606b34f
823164,44,6,bottom,0,0,0,0,0,0,L,R,field_out,out,0,72.0,44.0,216.0,fly_ball,medium,1,0,,,4163cc5c-428e-308d-aebc-ae0aee60ee3b
823164,46,6,bottom,2,0,0,0,0,0,L,R,field_out,out,0,84.7,54.0,238.0,fly_ball,medium,1,0,,,1c88685f-ea19-3c23-be5e-a336a4451955
823164,47,7,top,0,0,0,0,0,0,L,R,double,hit,0,103.5,15.0,311.0,line_drive,hard,1,0,,,80ae35fc-c631-38ba-93cc-72291e8eec55
823164,48,7,top,0,0,1,0,1,1,L,R,field_out,out,0,77.4,-4.0,24.0,ground_ball,medium,1,0,,,a41481fc-4799-37be-b5f4-ac4719340032
823164,49,7,top,1,0,0,0,0,0,R,R,field_out,out,0,97.7,-14.0,12.0,ground_ball,medium,1,0,,,de63949f-9cae-371b-b5b5-a8812214e947
823164,50,7,top,2,0,0,0,0,0,R,R,field_out,out,0,94.9,-18.0,8.0,ground_ball,medium,1,0,,,50554479-5cf5-3c4d-8ce6-5281f178a477
823164,52,7,bottom,0,1,1,0,2,1,L,R,single,hit,0,92.2,-12.0,13.0,ground_ball,medium,1,0,,,41590629-6a74-3b46-84c9-f6abbeeecd9d
823164,55,7,bottom,2,0,0,0,0,0,L,R,field_out,out,0,76.2,-1.0,27.0,ground_ball,medium,1,0,,,876c1433-026f-384d-a7ca-0043d74b3797
823164,56,8,top,0,0,0,0,0,0,L,R,single,hit,0,87.8,17.0,262.0,line_drive,medium,1,0,,,0289c501-b509-340f-b53a-f055bb00e0d4
823164,57,8,top,0,0,0,0,0,0,R,R,field_out,out,0,93.7,43.0,310.0,fly_ball,medium,1,0,,,7d70be8d-1da2-3f43-afb3-899708a54a7f
823164,58,8,top,1,1,0,0,1,0,L,R,single,hit,0,105.0,18.0,269.0,line_drive,hard,1,0,,,53b04e7a-b380-3bc2-9565-ca0fe9547448
823164,59,8,top,1,1,0,0,1,0,R,R,grounded_into_double_play,out,0,96.7,1.0,55.0,ground_ball,medium,1,0,,,8b5c809a-92fc-3e7c-a7e9-96d19ac8d89b
823164,64,9,top,0,0,0,0,0,0,L,R,field_out,out,0,92.8,43.0,300.0,fly_ball,medium,1,0,,,40eee028-d3f2-30fb-97c0-c877af3d8f5f
823164,66,9,top,1,0,0,0,0,0,L,R,field_out,out,0,91.0,32.0,328.0,fly_ball,medium,1,0,,,11db6764-dee6-3fd7-86c6-ca591f6f62c9
823164,69,9,bottom,1,0,0,0,0,0,L,L,field_out,out,0,83.3,67.0,171.0,popup,medium,1,0,,,18c29ce9-8b1b-3cd5-9437-6a8ac7f2a3c2
823164,70,9,bottom,2,0,0,0,0,0,L,L,field_out,out,0,85.1,9.0,152.0,line_drive,medium,1,0,,,49e517cf-7f90-3bc3-b9d5-c13706b64109
823164,71,10,top,0,0,0,0,0,0,R,R,field_out,out,0,82.1,-41.0,4.0,ground_ball,medium,1,0,,,0ecbedfb-271a-35be-921b-bf1d06f035f5
823164,72,10,top,1,0,0,0,0,0,L,R,field_out,out,0,91.9,60.0,206.0,fly_ball,medium,1,0,,,774d0b3d-dd7e-368a-90e0-087edfe32e79
823164,73,10,top,2,0,1,1,2,1,R,R,double,hit,1,104.2,21.0,390.0,line_drive,hard,1,0,,,4d1c9442-9003-384f-ad96-e046119dea94
823164,75,10,top,2,1,1,0,2,1,R,R,home_run,hit,3,102.8,26.0,399.0,fly_ball,medium,1,0,,,7c590c15-4b18-3796-995b-f9bcafa1309d
823164,76,10,top,2,0,0,0,0,0,L,R,field_out,out,0,96.3,25.0,359.0,fly_ball,medium,1,0,,,281bf827-be82-3aed-884c-3facf430183a
823164,78,10,bottom,1,0,0,0,0,0,R,R,field_out,out,0,90.5,18.0,295.0,line_drive,medium,1,0,,,6a08876c-c02b-37b5-8166-1fa4e315a920
823165,0,1,top,0,0,0,0,0,0,R,L,field_out,out,0,90.5,30.0,332.0,fly_ball,medium,1,0,,,69db4a91-8210-34b9-83f5-4e3e534993cf
823165,2,1,top,2,0,0,0,0,0,R,L,field_out,out,0,88.4,50.0,259.0,fly_ball,medium,1,0,,,37abffb3-d681-32dc-b97a-d5a7f71dfcda
823165,3,1,bottom,0,0,0,0,0,0,R,L,field_out,out,0,84.7,2.0,55.0,ground_ball,medium,1,0,,,7181dedc-dba7-37ba-a7ca-e5ebbeda4b4e
823165,4,1,bottom,1,0,0,0,0,0,L,L,field_out,out,0,84.6,55.0,214.0,fly_ball,medium,1,0,,,5603a2a7-7f2c-3465-8856-c95dd8390e41
823165,5,1,bottom,2,0,0,0,0,0,R,L,double,hit,0,105.1,20.0,353.0,line_drive,hard,1,0,,,86dbedac-0cfa-36b6-88ae-0e70f7e6a70c
823165,6,1,bottom,2,0,1,0,1,1,L,L,single,hit,0,62.9,-45.0,5.0,ground_ball,medium,1,0,,,1caf44bb-ffc0-3c49-96f1-966430054f11
823165,7,1,bottom,2,0,0,0,0,0,R,L,field_out,out,0,83.9,49.0,261.0,fly_ball,medium,1,0,,,8794e695-3186-308c-ad1d-85be12d70575
823165,9,2,top,1,0,0,0,0,0,L,L,field_out,out,0,81.5,59.0,177.0,popup,medium,1,0,,,08d367b4-83af-35b2-bcbe-0198311444bb
823165,11,2,top,2,0,0,0,0,0,R,L,field_out,out,0,96.4,0.0,56.0,ground_ball,medium,1,0,,,07e0835d-008e-32e4-87fc-e609b18a87ef
823165,13,2,bottom,1,0,0,0,0,0,R,L,single,hit,0,76.1,28.0,255.0,line_drive,medium,1,0,,,874dc577-10dd-3eb5-91c3-1448b68fe71e
823165,15,2,bottom,2,1,0,0,1,0,R,L,field_out,out,0,77.2,2.0,53.0,ground_ball,medium,1,0,,,5de42ea5-4e9b-3c51-95d7-62cc5439c9af
823165,16,3,top,0,0,0,0,0,0,R,L,field_out,out,0,94.5,42.0,318.0,fly_ball,medium,1,0,,,8d214126-7bca-3085-8d06-80a75901d76f
823165,17,3,top,1,0,0,0,0,0,R,L,field_out,out,0,94.3,47.0,290.0,fly_ball,medium,1,0,,,63356924-5a53-3c31-a713-895c04adacc8
823165,18,3,top,2,0,0,0,0,0,R,L,home_run,hit,1,102.2,27.0,378.0,fly_ball,medium,1,0,,,21841531-ba7f-3ac6-89e2-a25877fadbe1
823165,19,3,top,2,0,0,0,0,0,L,L,field_out,out,0,91.3,55.0,218.0,fly_ball,medium,1,0,False,MJ,2224605c-d77c-378a-945a-6c52c8f1b438
823165,20,3,bottom,0,0,0,0,0,0,R,L,double,hit,0,87.2,16.0,198.0,line_drive,medium,1,0,,,beb09964-867c-308e-966f-105e7d9784df
823165,21,3,bottom,0,0,1,1,2,1,L,L,sac_fly,out,1,87.3,34.0,312.0,fly_ball,medium,1,0,,,513a98a4-730f-3721-8662-5cf1a6e4cc3b
823165,22,3,bottom,1,0,0,0,0,0,R,L,field_out,out,0,93.0,40.0,311.0,fly_ball,medium,1,0,,,219b48ad-e56b-31aa-a2e4-861b9d196fe3
823165,24,4,top,0,0,0,0,0,0,R,R,single,hit,0,98.7,-1.0,36.0,ground_ball,medium,1,0,,,e594001c-60b0-3f99-a359-a0cd669f0f0c
823165,26,4,top,1,1,0,0,1,0,L,R,single,hit,0,65.1,30.0,199.0,fly_ball,medium,1,0,,,41980f0e-b8ff-3a56-864e-0e55557ab7d6
823165,27,4,top,1,1,1,1,3,1,R,R,single,hit,1,96.6,6.0,134.0,ground_ball,medium,1,0,,,35181e8b-287b-30d2-a147-783faa36ef64
823165,30,4,top,2,1,1,1,3,1,L,R,single,hit,1,91.8,15.0,233.0,line_drive,medium,1,0,,,8bc9a10e-f5d6-3e7b-912d-71d2166afa9f
823165,31,4,top,2,0,0,0,0,0,R,R,field_out,out,0,94.1,28.0,353.0,fly_ball,medium,1,0,,,f00bb62b-43d0-30dc-916a-2dc925531f1d
823165,32,4,bottom,0,0,0,0,0,0,R,L,field_out,out,0,90.0,-12.0,14.0,ground_ball,medium,1,0,,,6091499c-169f-3b86-ad60-ca1bd5256b57
823165,33,4,bottom,1,0,0,0,0,0,R,L,field_out,out,0,88.0,58.0,224.0,fly_ball,medium,1,0,,,1aafba77-ebf3-3bbe-90cd-5cb2dd940070
823165,34,4,bottom,2,1,0,0,1,0,R,L,single,hit,0,103.4,10.0,189.0,line_drive,hard,1,0,False,MA,670a6dcf-93a9-374b-ba3e-fbae5e5c7070
823165,35,5,top,0,0,0,0,0,0,L,R,single,hit,0,93.9,-4.0,17.0,ground_ball,medium,1,0,,,29cc0a0b-fc8f-3d48-8ec3-3e99054ea160
823165,37,5,top,1,1,0,0,1,0,R,R,double,hit,0,105.2,22.0,357.0,fly_ball,hard,1,0,,,36ce2321-672a-3010-a024-524fa4a9d0f1
823165,39,5,top,2,0,0,0,0,0,R,R,field_out,out,0,86.8,42.0,289.0,fly_ball,medium,1,0,,,9b657306-f4cf-3e0f-b01e-670f075716d2
823165,42,5,bottom,2,0,0,0,0,0,R,L,field_out,out,0,75.3,-33.0,6.0,ground_ball,medium,1,0,,,29f7fe2b-5e64-39e9-ad47-ceeb04955cc2
823165,44,6,top,1,0,0,0,0,0,R,R,field_out,out,0,100.7,-4.0,24.0,ground_ball,medium,1,0,,,2e59eb47-e1e3-3bb1-bb79-58c03d626fba
823165,45,6,top,2,0,0,0,0,0,L,R,field_out,out,0,75.2,-46.0,2.0,ground_ball,medium,1,0,,,bda8a262-fd0a-3469-a72e-c154230b6620
823165,47,6,bottom,1,0,0,0,0,0,R,L,field_out,out,0,90.1,-10.0,17.0,ground_ball,medium,1,0,,,a6bf0162-fcdd-35cd-9072-d98a13547969
823165,48,6,bottom,2,0,0,0,0,0,L,L,single,hit,0,97.3,11.0,222.0,fly_ball,medium,1,0,,,e1592aee-bc1e-363b-b728-a0c95cdd2716
823165,49,6,bottom,2,0,0,0,0,0,R,L,field_out,out,0,58.8,-11.0,13.0,ground_ball,medium,1,0,,,e262d0aa-c9a6-3db5-8cf8-3c680deedae1
823165,54,7,bottom,0,1,0,0,1,0,L,R,field_out,out,0,51.9,-49.0,3.0,ground_ball,soft,1,0,,,16eff053-c2d7-3088-8b1d-59c617f33ca3
823165,55,7,bottom,1,0,1,0,1,1,L,R,triple,hit,1,98.4,36.0,378.0,fly_ball,medium,1,0,,,49181811-1b9f-34f2-add2-4e73aa8f55d0
823165,56,7,bottom,1,0,0,0,0,0,R,R,field_out,out,0,72.5,63.0,130.0,popup,medium,1,0,,,9d117100-b510-34e2-9c27-f524c4c09860
823165,58,8,top,0,0,0,0,0,0,R,R,field_out,out,0,78.4,-32.0,5.0,ground_ball,medium,1,0,,,9575c9b9-09fc-3674-be2c-fedc6494f380
823165,60,8,top,1,0,0,0,0,0,R,R,field_out,out,0,100.3,19.0,345.0,line_drive,hard,1,0,,,878894ae-4ad9-3375-9f03-e423d97b835e
823165,62,8,bottom,0,0,0,0,0,0,L,R,double,hit,0,103.1,25.0,414.0,fly_ball,hard,1,0,,,f7cd13dd-3ba2-3654-9178-fc57204c88af
823165,64,8,bottom,1,0,1,1,2,1,L,R,sac_fly,out,1,91.5,47.0,272.0,fly_ball,medium,1,0,,,86a2d96d-f2c0-3480-b114-9a120f62c0b0
823165,65,8,bottom,2,0,0,0,0,0,R,R,field_out,out,0,83.4,70.0,127.0,popup,medium,1,0,,,8985abaa-c326-348a-9b5f-67fc96011c0f
823165,66,9,top,0,0,0,0,0,0,R,R,home_run,hit,1,106.9,25.0,429.0,fly_ball,medium,1,0,,,13fcda0c-f15e-3854-b4e9-249658b1c78d
823165,67,9,top,0,0,0,0,0,0,L,R,single,hit,0,94.0,-2.0,31.0,ground_ball,medium,1,0,,,e1461278-43d2-3d6f-9c73-8f9cfbc4b628
823165,68,9,top,0,0,0,0,0,0,R,R,field_out,out,0,85.5,27.0,303.0,line_drive,medium,1,0,,,0a4fd119-5a49-365c-bed1-bb06497c6ab4
823165,69,9,top,1,1,1,0,2,1,L,R,field_out,out,0,63.6,-15.0,9.0,ground_ball,medium,1,0,,,c3abaa66-9204-3047-bf50-b03e511d61bd
823165,70,9,top,2,0,0,0,0,0,L,R,field_out,out,0,78.7,-9.0,16.0,ground_ball,medium,1,0,,,1bb3ef13-1279-3d99-964a-03d633353fd3
823165,72,9,bottom,1,0,0,0,0,0,L,L,field_out,out,0,96.9,30.0,340.0,fly_ball,medium,1,0,,,78b8eb37-c7b4-3704-87f8-cc3a631f317a
823165,73,9,bottom,2,0,0,0,0,0,L,L,double,hit,0,60.4,27.0,159.0,popup,medium,1,0,,,67ff6c27-4ede-3cce-be21-10f1f5708a82
823166,0,1,top,0,0,0,0,0,0,R,R,field_out,out,0,76.7,69.0,126.0,popup,medium,1,0,,,d7fbd98e-2495-372d-9feb-88c34bad65a3
823166,5,1,bottom,1,1,1,1,3,1,R,R,fielders_choice_out,fielders_choice,0,90.9,-30.0,5.0,ground_ball,medium,1,0,,,50cd947c-d6f0-3b98-b313-bcefd45efc03
823166,6,1,bottom,2,0,0,0,0,0,L,R,field_out,out,0,98.1,31.0,376.0,fly_ball,medium,1,0,,,6973e104-fb9a-3a9a-9e51-06b548e1d122
823166,7,2,top,0,0,0,0,0,0,L,R,field_out,out,0,92.5,-0.0,42.0,ground_ball,medium,1,0,,,da1ed578-0ef6-3e74-abb2-dc56ccb9823f
823166,8,2,top,1,0,0,0,0,0,L,R,field_out,out,0,79.1,74.0,84.0,popup,medium,1,0,,,3f3d841c-f477-3d71-a34d-30b42b6de2a9
823166,10,2,bottom,0,0,0,0,0,0,L,R,field_out,out,0,87.0,2.0,52.0,ground_ball,medium,1,0,,,ca3f7cf7-d90d-3526-b788-9dd85f74ecb8
823166,11,2,bottom,1,0,0,0,0,0,R,R,single,hit,0,105.1,11.0,184.0,line_drive,hard,1,0,,,be87124e-f50a-36ec-ae7a-a7c2e1168441
823166,12,2,bottom,1,1,1,0,2,1,L,R,single,hit,0,97.2,10.0,201.0,line_drive,medium,1,0,,,a73a9edb-925f-38e8-ba15-7ce413f85c81
823166,13,2,bottom,1,1,0,1,2,1,L,R,sac_bunt,out,1,21.3,16.0,26.0,bunt_grounder,soft,1,0,,,2c1fdccc-6222-3296-9a34-b2061d5df594
823166,14,2,bottom,2,0,0,0,0,0,R,R,field_out,out,0,83.2,50.0,224.0,fly_ball,medium,1,0,,,c2d0b1c7-4b14-3289-b753-4876e49287a1
823166,15,3,top,0,0,0,0,0,0,R,R,field_out,out,0,73.8,77.0,67.0,popup,medium,1,0,,,596e4a5a-b6eb-36d0-8a1a-213914fce392
823166,16,3,top,1,0,0,0,0,0,L,R,field_out,out,0,87.3,41.0,302.0,fly_ball,medium,1,0,,,6a13c01c-2cb1-3b79-ba7d-13a174496910
823166,18,3,bottom,0,0,0,0,0,0,L,R,field_out,out,0,98.5,-1.0,38.0,ground_ball,medium,1,0,,,e54c3c8c-8e1a-3a89-bf52-61e762e70bfb
823166,19,3,bottom,1,0,0,0,0,0,R,R,field_out,out,0,88.4,24.0,308.0,line_drive,medium,1,0,,,99626a8d-4feb-3a5a-b18b-d9e05843ad52
823166,21,3,bottom,2,0,0,0,0,0,L,R,field_out,out,0,87.9,49.0,254.0,fly_ball,medium,1,0,,,e23f696b-088c-3ff0-9045-65f47b8bcde5
823166,22,4,top,0,0,0,0,0,0,R,R,field_out,out,0,80.5,30.0,300.0,line_drive,medium,1,0,,,b615c0ca-9529-3bb1-9135-13bd71b6b16a
823166,23,4,top,1,0,0,0,0,0,L,R,single,hit,0,82.4,21.0,231.0,line_drive,medium,1,0,,,ae84ae2c-6145-3986-9f14-edd2929cfc62
823166,24,4,top,1,1,0,0,1,0,L,R,double_play,out,0,106.2,8.0,149.0,line_drive,hard,1,0,,,74beadc8-1016-3b1e-b888-2b0e9208629c
823166,28,5,top,0,0,0,0,0,0,L,R,field_out,out,0,87.7,44.0,264.0,fly_ball,medium,1,0,,,f3d13338-8abe-3cb4-b925-2e83055b6d21
823166,29,5,top,1,0,0,0,0,0,L,R,field_out,out,0,90.2,-1.0,38.0,ground_ball,medium,1,0,,,609d5855-858b-32ea-b1df-a2377632ef3b
823166,31,5,top,2,0,0,0,0,0,R,R,field_out,out,0,95.4,8.0,171.0,line_drive,medium,1,0,,,0f94279d-6815-3e89-9fb2-536170882fe6
823166,32,5,bottom,0,0,0,0,0,0,L,R,field_out,out,0,90.4,-8.0,23.0,ground_ball,medium,1,0,,,ff532cdf-78f2-30e9-a8cf-2baf2562da0a
823166,34,5,bottom,2,0,0,0,0,0,L,R,single,hit,0,95.1,9.0,191.0,line_drive,medium,1,0,,,620ecabd-e31e-3c7e-ae89-5122d567dc8f
823166,37,6,top,1,0,0,0,0,0,R,R,single,hit,0,89.6,10.0,174.0,line_drive,medium,1,0,,,cc327445-0b1d-30a7-8faa-7f40d56f2f7c
823166,38,6,top,1,1,0,0,1,0,R,R,triple,hit,1,101.8,26.0,404.0,fly_ball,hard,1,0,,,75af2451-f2da-39c1-bc26-f6cbae883d8c
823166,39,6,top,1,0,0,1,1,1,L,R,single,hit,1,82.4,10.0,130.0,ground_ball,medium,1,0,,,da94752b-182c-34f0-a1b5-c90dcf391247
823166,40,6,top,1,1,0,0,1,0,L,R,force_out,out,0,95.1,-12.0,12.0,ground_ball,medium,1,0,,,5f28105d-e790-320e-a75d-63a8af971c59
823166,42,6,bottom,0,0,0,0,0,0,R,R,field_out,out,0,99.6,18.0,314.0,line_drive,medium,1,0,,,b1939174-5acf-31bf-b2f4-f0c03cfd595a
823166,43,6,bottom,1,0,0,0,0,0,L,R,field_out,out,0,96.1,20.0,328.0,line_drive,medium,1,0,,,a6615361-0ad0-3a57-8c48-c4e2a22220e2
823166,45,6,bottom,2,0,0,0,0,0,R,R,field_out,out,0,99.4,16.0,295.0,line_drive,medium,1,0,,,3afb5a23-4aa9-38d2-82fe-740a1ffebdad
823166,46,7,top,0,0,0,0,0,0,L,R,home_run,hit,1,102.5,26.0,361.0,fly_ball,medium,1,0,,,f39b2523-3d77-35d2-a5ad-a6ff52f4ff96
823166,47,7,top,0,0,0,0,0,0,L,R,field_error,error,0,71.3,-45.0,3.0,ground_ball,medium,1,0,,,e8321f2e-05e5-3bbb-bb87-f9a1056c7fde
823166,49,7,top,1,1,0,0,1,0,L,R,field_out,out,0,78.5,34.0,261.0,fly_ball,medium,1,0,,,fc6db0cc-23d6-3413-8798-677260a657ac
823166,51,7,bottom,1,0,0,0,0,0,R,L,single,hit,0,97.4,-0.0,53.0,ground_ball,medium,1,0,,,b337f827-33ed-398f-9ee4-0bba2b040508
823166,52,7,bottom,1,1,0,0,1,0,R,L,single,hit,0,47.1,-36.0,6.0,bunt_grounder,soft,1,0,,,16ca3c53-9e39-3f50-92ea-93163b667799
823166,53,7,bottom,1,0,1,0,1,1,R,R,double_play,out,0,99.8,13.0,288.0,line_drive,medium,1,0,,,ac745e2f-979a-3767-8785-5f8f344b5c09
823166,54,8,top,0,0,0,0,0,0,R,R,field_out,out,0,96.6,-2.0,34.0,ground_ball,medium,1,0,True,MJ,afcf96d5-53e0-3785-a84b-121cb5f6693b
823166,55,8,top,1,0,0,0,0,0,R,R,field_out,out,0,88.6,26.0,321.0,line_drive,medium,1,0,,,82f0f243-a480-3c8d-bf32-c3d343bdeacc
823166,56,8,top,2,0,0,0,0,0,L,R,field_out,out,0,88.2,21.0,273.0,line_drive,medium,1,0,,,f3f880ee-764e-3b1b-8994-03af5a395435
823166,59,8,bottom,1,0,0,0,0,0,L,L,field_out,out,0,88.6,19.0,275.0,line_drive,medium,1,0,,,d6e63c29-8517-38ed-8bcd-cd1c7cb0a83a
823166,60,8,bottom,2,1,1,0,2,1,L,L,single,hit,0,105.1,10.0,239.0,line_drive,hard,1,0,,,4c6062ff-b98b-38dd-a61a-4e199bbe9e21
823166,62,9,top,0,0,0,0,0,0,L,R,single,hit,0,104.4,3.0,68.0,ground_ball,medium,1,0,,,c7b03267-f3fb-300b-a7ef-a13cafc87b92
823166,63,9,top,0,1,0,0,1,0,L,R,grounded_into_double_play,out,0,99.3,-5.0,22.0,ground_ball,medium,1,0,,,699c73ca-accb-334a-b694-b0ed9cf1f9b0
823166,64,9,top,2,0,0,0,0,0,L,R,field_out,out,0,94.7,24.0,335.0,line_drive,medium,1,0,,,62bd489f-1e8c-35b3-8db6-2eaeaf995b4b
823166,67,9,bottom,0,1,1,0,2,1,R,R,sac_bunt,out,0,28.4,-45.0,5.0,bunt_grounder,soft,1,0,,,38b36e7b-abfe-3ea4-a5e8-4fea3c393d8c
823166,69,9,bottom,1,1,1,1,3,1,R,R,force_out,out,1,102.5,9.0,160.0,line_drive,hard,1,0,,,30d98e59-edb4-36a9-8e3a-4cd5b693a0fc
823167,3,1,top,2,1,1,0,2,1,R,R,single,hit,0,97.3,12.0,188.0,line_drive,medium,1,0,,,b54dbc7a-da05-3d1a-94b8-5c0f0bd13beb
823167,4,1,top,2,0,0,0,0,0,L,R,field_out,out,0,96.5,26.0,336.0,fly_ball,medium,1,0,,,36b8f6e4-e3b9-3cbb-b705-923a42a4d2bb
823167,5,1,bottom,0,0,0,0,0,0,R,L,field_out,out,0,74.2,-23.0,6.0,ground_ball,medium,1,0,,,94adcfee-f43c-32f0-b650-769b1ba1e498
823167,7,1,bottom,2,1,0,0,1,0,R,L,single,hit,0,105.8,11.0,238.0,line_drive,hard,1,0,,,a1cd1e87-40df-3e43-9b69-e88c68ee272a
823167,8,2,top,0,0,0,0,0,0,R,R,home_run,hit,1,109.2,27.0,412.0,fly_ball,medium,1,0,,,d70c95ba-8c65-3a01-ae0b-16c6c10d4dd1
823167,9,2,top,0,0,0,0,0,0,L,R,field_out,out,0,94.4,23.0,281.0,line_drive,medium,1,0,,,4e47186a-15c8-3a39-9d27-51ee43a3eacc
823167,10,2,top,1,0,0,0,0,0,R,R,home_run,hit,1,101.6,35.0,389.0,fly_ball,medium,1,0,,,c835b562-a6ad-3d17-bfa8-02d390e5756e
823167,11,2,top,1,1,0,0,1,0,R,R,single,hit,0,103.6,1.0,63.0,ground_ball,medium,1,0,,,0b8a1b71-e239-3e43-a3d9-fa32007caf44
823167,12,2,top,2,0,0,0,0,0,L,R,field_out,out,0,99.3,6.0,96.0,ground_ball,medium,1,0,,,b62b0fee-f7cf-3000-9338-a5c8201bd1e7
823167,14,2,bottom,1,0,0,0,0,0,R,L,field_out,out,0,86.7,37.0,307.0,fly_ball,medium,1,0,,,1d4ad65b-62df-378d-90f2-e612f5d64b54
823167,15,2,bottom,2,0,0,0,0,0,L,L,field_out,out,0,81.2,-17.0,9.0,ground_ball,medium,1,0,,,3e8e50eb-fe6e-3c3a-8c3f-08987daff6f7
823167,16,3,top,0,0,0,0,0,0,R,R,field_out,out,0,51.5,-41.0,6.0,ground_ball,soft,1,0,,,d7b109a1-0be9-387d-ae41-d00d1967fdd6
823167,17,3,top,1,0,0,0,0,0,L,R,field_out,out,0,99.0,6.0,128.0,ground_ball,medium,1,0,,,6a40f47c-ec57-31d2-922e-c8b1c5e10476
823167,18,3,top,2,1,0,0,1,0,R,R,single,hit,0,104.7,15.0,294.0,line_drive,hard,1,0,False,MA,2d95e35b-8545-3c9b-a95c-15b6b7adc080
823167,20,3,bottom,1,0,0,0,0,0,L,L,single,hit,0,87.0,20.0,302.0,line_drive,medium,1,0,,,a626df5a-ffc0-3d68-bc7d-798ee90f2202
823167,21,3,bottom,1,1,0,0,1,0,R,L,sac_bunt,out,0,40.3,1.0,32.0,bunt_grounder,soft,1,0,,,a57262c2-97e5-3091-a9c1-f5374808ced9
823167,24,4,top,1,0,0,0,0,0,R,R,field_out,out,0,94.6,1.0,50.0,ground_ball,medium,1,0,,,9e4ded20-cb5a-3e51-88f8-d3c1f1f0a96c
823167,25,4,top,2,0,0,0,0,0,L,R,field_out,out,0,100.6,3.0,71.0,ground_ball,medium,1,0,,,2606f15a-4be1-3ccb-abed-5b347d59a0e5
823167,29,5,top,0,0,0,0,0,0,R,R,single,hit,0,99.2,9.0,162.0,line_drive,medium,1,0,,,afb99b47-4566-3fe8-bfb2-57490d63a298
823167,30,5,top,0,0,0,0,0,0,R,R,field_out,out,0,66.5,57.0,149.0,popup,medium,1,0,,,c28754a2-fd5c-3464-bb63-67c4d56ab1b1
823167,32,5,top,2,0,0,0,0,0,R,R,field_out,out,0,76.0,-2.0,30.0,ground_ball,medium,1,0,,,0ce43b2e-3fd9-33ac-b8f7-dbb42f81dbf0
823167,33,5,bottom,0,0,0,0,0,0,R,L,field_out,out,0,89.2,33.0,310.0,fly_ball,medium,1,0,,,6f5d0bb3-da96-3a08-948a-858c51f5558c
823167,34,5,bottom,1,0,0,0,0,0,L,L,field_out,out,0,85.1,27.0,299.0,line_drive,medium,1,0,,,978c41b9-1c17-31c7-acdb-d59cd6baa7f8
823167,36,6,top,0,0,0,0,0,0,L,L,field_out,out,0,90.2,34.0,302.0,fly_ball,medium,1,0,,,7b40b9be-583b-3c94-a043-c1d5842759b1
823167,38,6,top,2,0,0,0,0,0,L,L,field_out,out,0,97.6,0.0,51.0,ground_ball,medium,1,0,,,f7b037f9-8f73-3e45-ae2c-ac4d87c147bf
823167,41,6,bottom,2,0,0,0,0,0,R,L,field_out,out,0,45.3,-4.0,25.0,bunt_grounder,soft,1,0,,,f13f0fac-6861-3bd7-95b9-3b2fcda70085
823167,43,7,top,1,0,0,0,0,0,L,R,field_out,out,0,77.8,1.0,43.0,ground_ball,medium,1,0,,,0dca99c7-8f82-3e38-8689-00c82f1fd26f
823167,44,7,top,2,0,0,0,0,0,R,R,field_out,out,0,76.6,32.0,239.0,fly_ball,medium,1,0,,,746b8a91-1aa6-39b1-b2cc-28be3fd574c6
823167,45,7,bottom,0,0,0,0,0,0,R,L,field_out,out,0,102.0,20.0,362.0,line_drive,hard,1,0,,,326ae923-aa5c-370c-8f35-394adf99bb10
823167,46,7,bottom,1,0,0,0,0,0,R,L,field_out,out,0,70.1,65.0,130.0,popup,medium,1,0,,,b9eb7d46-06d2-3d32-8f6e-2b06519070b4
823167,47,7,bottom,2,0,0,0,0,0,L,L,single,hit,0,54.1,6.0,53.0,ground_ball,medium,1,0,,,eb684855-d1af-3da4-a76f-6cc379bf51d4
823167,48,7,bottom,2,0,0,0,0,0,R,L,field_out,out,0,94.6,52.0,258.0,fly_ball,medium,1,0,,,5e59f737-eeab-3422-9bf0-222c3b162daa
823167,49,8,top,0,0,0,0,0,0,R,R,field_out,out,0,83.8,26.0,275.0,line_drive,medium,1,0,,,a847b59a-aeeb-39d4-b2c2-e4a5b7423db5
823167,51,8,top,2,0,0,0,0,0,R,R,field_out,out,0,66.3,45.0,215.0,fly_ball,medium,1,0,,,9cdf5633-8602-32d4-8da9-a2da90d998f5
823167,53,8,bottom,1,0,0,0,0,0,L,R,field_out,out,0,80.1,84.0,12.0,popup,medium,1,0,,,dab54150-a241-3c45-a593-09e0ce2aac06
823167,55,9,top,0,0,0,0,0,0,L,R,field_error,error,0,83.5,1.0,45.0,ground_ball,medium,1,0,,,78bb0a52-7790-36d0-88ef-8084cbf0f2ec
823167,56,9,top,0,1,0,0,1,0,R,R,single,hit,0,95.8,16.0,251.0,line_drive,medium,1,0,,,a5fc82ce-3200-3559-93f5-1c5f8bd60dd9
823167,57,9,top,0,1,1,0,2,1,L,R,grounded_into_double_play,out,0,89.5,3.0,70.0,ground_ball,medium,1,0,,,fd42e52e-6891-3ed7-b0a6-eadca5e09c63
823167,58,9,top,2,0,0,0,0,0,R,R,field_out,out,0,85.8,59.0,184.0,popup,medium,1,0,,,98944ac5-37a6-3a41-b367-ee0fd769caa8
823167,61,9,bottom,2,0,0,0,0,0,R,L,field_out,out,0,99.2,15.0,286.0,line_drive,medium,1,0,,,f15f8fe5-1b8e-3174-9eda-0a3c59e54bdb
823168,0,1,top,0,0,0,0,0,0,R,L,field_out,out,0,45.8,-71.0,3.0,ground_ball,soft,1,0,,,a10e0e5b-e1a6-391f-97c9-092e02147ab4
823168,1,1,top,1,0,0,0,0,0,R,L,field_out,out,0,96.9,35.0,339.0,fly_ball,medium,1,0,,,b636a170-d0a3-386c-abb7-4878a47892d9
823168,2,1,top,2,0,0,0,0,0,R,L,field_out,out,0,81.5,-4.0,31.0,ground_ball,medium,1,0,True,MJ,daa0bea5-7e43-31b3-b222-74cee8fdfbc8
823168,3,1,bottom,0,0,0,0,0,0,R,L,field_out,out,0,80.6,40.0,266.0,fly_ball,medium,1,0,,,56d8280e-6855-3d76-a81e-1e163274b409
823168,4,1,bottom,1,0,0,0,0,0,L,L,field_out,out,0,83.5,61.0,163.0,fly_ball,medium,1,0,,,276212c7-89e6-3a23-8f4d-c1b416050eec
823168,5,1,bottom,2,0,0,0,0,0,R,L,field_out,out,0,99.8,6.0,119.0,line_drive,medium,1,0,,,37999cb7-e053-3014-baec-0b07980378e0
823168,6,2,top,0,0,0,0,0,0,R,L,field_out,out,0,90.3,43.0,285.0,fly_ball,medium,1,0,,,6c4ab8b1-3ff3-353e-abe9-44e90ecdd421
823168,7,2,top,1,0,0,0,0,0,L,L,field_out,out,0,54.4,28.0,146.0,line_drive,medium,1,0,,,3efb6c51-29e6-3a35-88bd-1fe6c9dae111
823168,8,2,top,2,0,0,0,0,0,R,L,single,hit,0,93.0,11.0,207.0,line_drive,medium,1,0,,,fb960d44-01ff-30e5-9dfb-6003eba1bdd5
823168,9,2,top,2,0,0,0,0,0,L,L,field_out,out,0,92.8,21.0,335.0,line_drive,medium,1,0,,,e8e8a87f-9527-3029-a1f2-b82792f3f9f8
823168,10,2,bottom,0,0,0,0,0,0,L,L,field_out,out,0,61.7,-32.0,5.0,ground_ball,medium,1,0,,,d4b336f9-05c8-3467-b26b-5ebd6c9f8938
823168,11,2,bottom,1,0,0,0,0,0,R,L,field_out,out,0,74.7,-6.0,22.0,ground_ball,medium,1,0,,,ed066109-4c3d-3ab4-a530-99d1f3ef5f62
823168,12,2,bottom,2,0,0,0,0,0,R,L,field_out,out,0,78.2,-39.0,4.0,ground_ball,medium,1,0,,,84f29be0-3c7f-3427-ba4a-05a4decac1a9
823168,14,3,top,1,0,0,0,0,0,R,L,field_out,out,0,82.2,9.0,128.0,ground_ball,medium,1,0,,,02e5405d-16a5-3b94-bc0f-acfd435c7783
823168,15,3,top,2,0,0,0,0,0,R,L,home_run,hit,1,102.6,25.0,381.0,fly_ball,medium,1,0,,,9695c86c-a6e7-3ac4-814e-d43d2dbde33d
823168,16,3,top,2,0,0,0,0,0,R,L,field_out,out,0,90.7,-13.0,11.0,ground_ball,medium,1,0,,,65e454e8-2cf9-3d81-8d2e-c4e37d3d9926
823168,18,3,bottom,1,0,0,0,0,0,R,L,single,hit,0,70.6,27.0,228.0,fly_ball,medium,1,0,,,142e00f0-c3a8-3248-8c3d-298c690969f9
823168,21,3,bottom,2,0,0,0,0,0,L,L,field_out,out,0,87.1,41.0,270.0,fly_ball,medium,1,0,,,40c6c48c-ce5c-3600-9f41-7b315222d129
823168,22,4,top,0,0,0,0,0,0,R,L,field_out,out,0,82.3,-25.0,8.0,ground_ball,medium,1,0,,,aece767a-fc18-3f2d-98d6-78b6c02575f3
823168,23,4,top,1,0,0,0,0,0,R,L,single,hit,0,95.8,-6.0,25.0,ground_ball,medium,1,0,,,58c868ec-8fd6-3173-af47-30a01c7a2880
823168,24,4,top,1,1,0,0,1,0,L,L,single,hit,0,69.1,16.0,163.0,line_drive,medium,1,0,,,28e0471a-f909-31e6-a134-b77be2fc722d
823168,25,4,top,1,0,0,0,0,0,R,L,field_out,out,0,82.3,77.0,58.0,popup,medium,1,0,,,83c88189-0680-3b56-a0b1-d508f573a2b7
823168,26,4,top,2,0,0,0,0,0,L,L,field_out,out,0,75.9,56.0,187.0,fly_ball,medium,1,0,,,afb46144-a1bf-3ae2-b5d6-e6ed7b60b0ed
823168,27,4,bottom,0,0,0,0,0,0,R,L,field_out,out,0,51.9,-68.0,2.0,ground_ball,soft,1,0,,,01f779be-c63d-3fab-b70f-dbe980bbb4f5
823168,28,4,bottom,1,0,0,0,0,0,L,L,single,hit,0,102.3,-4.0,25.0,ground_ball,medium,1,0,,,69bbf96c-b7f6-33ad-b003-072993a42592
823168,29,4,bottom,1,1,0,0,1,0,R,L,double,hit,0,102.2,4.0,86.0,ground_ball,medium,1,0,,,d8006953-77d0-37ee-9e0c-02a87d30393f
823168,32,4,bottom,2,1,1,1,3,1,R,L,single,hit,2,81.5,55.0,208.0,fly_ball,medium,1,0,,,27981332-17cc-3198-8f38-83baa20b37fe
823168,33,4,bottom,2,0,0,0,0,0,R,L,field_out,out,0,31.0,15.0,42.0,bunt_grounder,soft,1,0,,,f63e809c-9e4a-30e4-a048-2763c3976f96
823168,34,5,top,0,0,0,0,0,0,R,L,field_out,out,0,97.0,-11.0,12.0,ground_ball,medium,1,0,,,4d5cffad-3f48-3129-9ff4-1b2ca7f767dc
823168,35,5,top,1,0,0,0,0,0,R,L,triple,hit,0,98.5,31.0,388.0,fly_ball,medium,1,0,,,30434b5c-6d21-3dbe-808d-87af4c33f5ed
823168,36,5,top,1,0,0,1,1,1,R,L,sac_fly,out,1,93.1,33.0,341.0,fly_ball,medium,1,0,,,c46fbf0e-87b0-365a-9a51-54f6faffae6d
823168,38,5,bottom,0,0,0,0,0,0,R,L,field_out,out,0,77.9,3.0,61.0,ground_ball,medium,1,0,,,f18b62b5-5843-3619-8d7c-ff6136833ced
823168,39,5,bottom,1,0,0,0,0,0,L,L,field_out,out,0,84.0,49.0,241.0,fly_ball,medium,1,0,,,a0de7232-b9fd-3472-843b-f429fab8bca5
823168,40,5,bottom,2,0,0,0,0,0,R,L,field_out,out,0,103.0,1.0,55.0,ground_ball,medium,1,0,,,9dec6206-d4a9-3de5-9198-2ea88a6cce29
823168,41,6,top,0,0,0,0,0,0,R,L,field_out,out,0,79.0,-23.0,7.0,ground_ball,medium,1,0,,,510693bc-a092-3b7d-9a6c-061e75cb18f6
823168,44,6,top,2,1,0,0,1,0,R,R,force_out,out,0,67.6,13.0,136.0,ground_ball,medium,1,0,,,71e19171-adce-3d38-9a46-7a1e147f69d7
823168,45,6,bottom,0,0,0,0,0,0,L,L,field_out,out,0,70.2,19.0,137.0,line_drive,medium,1,0,,,5a30ec8e-418a-3859-b391-3514e421e12b
823168,46,6,bottom,1,0,0,0,0,0,R,R,field_out,out,0,87.4,52.0,248.0,fly_ball,medium,1,0,,,9fa4e57a-5ef4-3bea-88bd-c8842a0604ee
823168,49,7,top,0,1,0,0,1,0,L,R,fielders_choice_out,fielders_choice,0,91.7,-10.0,9.0,ground_ball,medium,1,0,,,b83d75ef-427f-3571-a5d1-daf2a24d1782
823168,50,7,top,1,0,1,0,1,1,L,R,single,hit,1,89.0,6.0,93.0,ground_ball,medium,1,0,,,4e7a3dfd-6cd8-30b1-9bd4-f38d5528f7c3
823168,53,7,top,2,1,1,1,3,1,R,L,single,hit,1,81.4,18.0,228.0,line_drive,medium,1,0,,,9d3f237b-c17c-3c34-9a66-2a4ddd6eb025
823168,55,7,bottom,0,0,0,0,0,0,L,R,field_out,out,0,92.8,11.0,184.0,line_drive,medium,1,0,,,6306bf77-d9b5-35e6-9794-1b2c748ca914
823168,56,7,bottom,1,0,0,0,0,0,R,R,field_out,out,0,79.9,-16.0,11.0,ground_ball,medium,1,0,,,e586598f-b505-3eb2-9b74-d5a254955fd6
823168,58,8,top,0,0,0,0,0,0,L,R,field_out,out,0,82.5,5.0,87.0,ground_ball,medium,1,0,,,8ec1ab26-d8cb-3e23-a987-afd0333744cc
823168,60,8,top,2,0,0,0,0,0,L,R,single,hit,0,87.1,20.0,261.0,line_drive,medium,1,0,,,e7954f32-18f9-3f0d-85f6-afdfadcb4abc
823168,61,8,top,2,0,0,0,0,0,L,R,field_out,out,0,87.0,58.0,218.0,fly_ball,medium,1,0,,,cd6017b1-b4cb-3807-8217-1f9f2d8308dc
823168,62,8,bottom,0,0,0,0,0,0,R,L,field_out,out,0,94.6,52.0,277.0,fly_ball,medium,1,0,,,7e961a94-2028-3037-bf3a-dfbdbbbcfc35
823168,63,8,bottom,1,0,0,0,0,0,L,L,field_out,out,0,97.3,22.0,338.0,line_drive,medium,1,0,,,ef8b4f2d-1ea4-381e-914c-d9cca3b6944f
823168,64,8,bottom,2,0,0,0,0,0,R,L,field_out,out,0,97.6,-12.0,8.0,ground_ball,medium,1,0,,,968ed41c-4217-32a4-8814-4422c9d67ec9
823168,65,9,top,0,0,0,0,0,0,L,R,field_out,out,0,96.8,43.0,332.0,fly_ball,medium,1,0,,,c1c3881b-c9fb-3c48-87a8-35123f5bd112
823168,66,9,top,1,0,0,0,0,0,R,R,field_out,out,0,98.0,-4.0,29.0,ground_ball,medium,1,0,,,2335f47e-e2c3-3a64-b937-32da81939eb6
823168,67,9,top,2,0,0,0,0,0,L,R,single,hit,0,70.1,34.0,243.0,fly_ball,medium,1,0,,,337c6809-e7ce-3d09-b121-7aed5a6ed701
823168,68,9,top,2,0,0,0,0,0,L,R,field_out,out,0,99.3,-4.0,36.0,ground_ball,medium,1,0,,,0ba7f566-4c03-304a-ac02-9bd03b0f8e1a
823168,69,9,bottom,0,0,0,0,0,0,L,R,field_out,out,0,90.3,-15.0,7.0,ground_ball,medium,1,0,,,efdc2141-04a2-3aa9-9e23-1fdeba030d50
823168,71,9,bottom,2,0,0,0,0,0,L,R,single,hit,0,105.5,12.0,220.0,line_drive,hard,1,0,,,abb49580-66f2-3703-8bb4-9a2608a6489b
823169,0,1,top,0,0,0,0,0,0,L,R,field_out,out,0,84.0,36.0,308.0,fly_ball,medium,1,0,,,23708f4c-f54a-3ac7-be3c-05b00838d351
823169,1,1,top,1,0,0,0,0,0,R,R,field_out,out,0,82.2,34.0,270.0,fly_ball,medium,1,0,,,09803855-f20e-30b7-b5df-e8e3b25c2cde
823169,2,1,top,2,0,0,0,0,0,L,R,field_out,out,0,87.6,2.0,47.0,ground_ball,medium,1,0,,,80184cc0-2c74-372e-97f3-016dbc1645a2
823169,3,1,bottom,0,0,0,0,0,0,L,R,single,hit,0,70.6,-17.0,7.0,ground_ball,medium,1,0,,,c4838677-f9e2-3c6b-bc4e-c8c11694ce07
823169,5,1,bottom,1,1,1,0,2,1,L,R,single,hit,0,103.8,18.0,255.0,line_drive,hard,1,0,,,0d3ede60-71dc-3b66-9803-4cdaeab2f909
823169,7,1,bottom,2,0,1,1,2,1,R,R,single,hit,2,91.5,0.0,45.0,ground_ball,medium,1,0,,,de181868-5cba-3c96-b025-f6dcb552cbcd
823169,8,1,bottom,2,0,0,0,0,0,L,R,field_out,out,0,89.4,-10.0,13.0,ground_ball,medium,1,0,,,c98d07f9-939b-3215-a67c-b8f42a988710
823169,9,2,top,0,0,0,0,0,0,L,R,field_out,out,0,85.0,36.0,282.0,fly_ball,medium,1,0,,,2b8405d5-518e-3c1c-928d-447742f3f4d3
823169,11,2,top,2,0,0,0,0,0,L,R,single,hit,0,101.2,7.0,128.0,ground_ball,medium,1,0,False,NO,e3ac18a2-dbe1-3c04-a77b-a615a7390150
823169,13,2,bottom,0,0,0,0,0,0,R,R,single,hit,0,101.0,-8.0,20.0,ground_ball,medium,1,0,,,814eebbc-7c74-3c28-ac7e-96810820bfc3
823169,15,2,bottom,1,1,0,0,1,0,R,R,double,hit,0,101.7,12.0,267.0,line_drive,hard,1,0,,,00870b33-6dc6-3aa7-b71b-4c14ebf8f6d0
823169,16,2,bottom,1,0,1,1,2,1,L,R,single,hit,2,95.0,8.0,158.0,line_drive,medium,1,0,,,9e843296-76fa-3c03-b118-a9114df0de88
823169,18,2,bottom,2,0,0,0,0,0,L,R,field_out,out,0,101.9,-2.0,43.0,ground_ball,medium,1,0,,,b4989cef-fa6e-3db7-bd9e-4ecdd01b27c4
823169,20,3,top,1,0,0,0,0,0,R,R,field_out,out,0,68.0,2.0,45.0,ground_ball,medium,1,0,,,6786ef32-2b8d-3a60-b101-9feacf86441f
823169,21,3,top,2,0,0,0,0,0,L,R,single,hit,0,87.4,7.0,94.0,ground_ball,medium,1,0,,,853637b1-078a-3076-ada6-621534747ca6
823169,24,3,bottom,1,0,0,0,0,0,R,R,field_out,out,0,86.2,28.0,322.0,fly_ball,medium,1,0,,,ef4389aa-c52b-3b07-ba77-20aec2d10a6f
823169,25,3,bottom,2,0,0,0,0,0,L,R,field_out,out,0,93.1,-6.0,23.0,ground_ball,medium,1,0,True,MJ,3b8d20c8-e42e-3d19-bd23-5864544d843a
823169,26,4,top,0,0,0,0,0,0,L,R,home_run,hit,1,97.6,29.0,387.0,fly_ball,medium,1,0,False,NH,1dfd0eb1-b38a-3687-8607-134a4838914f
823169,27,4,top,0,0,0,0,0,0,L,R,field_out,out,0,78.5,46.0,243.0,fly_ball,medium,1,0,,,738bed04-c793-3b0e-8da6-1b9867409e62
823169,29,4,top,2,0,0,0,0,0,L,R,field_out,out,0,59.4,-23.0,8.0,ground_ball,medium,1,0,,,e7943b0d-1607-38f9-820b-5ad36bb20d74
823169,30,4,bottom,0,0,0,0,0,0,R,R,field_out,out,0,80.2,-20.0,6.0,ground_ball,medium,1,0,,,46fa53f0-4834-38a4-a18c-5989a15b3f72
823169,33,5,top,0,0,0,0,0,0,R,R,field_out,out,0,95.6,26.0,359.0,fly_ball,medium,1,0,,,d24315ed-ea21-3003-8ce6-4de8f86d6c38
823169,34,5,top,1,0,0,0,0,0,L,R,field_out,out,0,74.8,-59.0,2.0,ground_ball,medium,1,0,,,e5dd456d-bdb2-3490-97db-719dccf48f81
823169,35,5,top,2,0,0,0,0,0,R,R,field_out,out,0,92.0,4.0,78.0,ground_ball,medium,1,0,,,a3bba263-7454-3c45-82d0-c64f9beee1c1
823169,36,5,bottom,0,0,0,0,0,0,L,R,home_run,hit,1,104.3,22.0,375.0,line_drive,medium,1,0,,,dc2035e0-71d0-3c83-b7ad-29b555f87b85
823169,37,5,bottom,0,0,0,0,0,0,R,R,double,hit,0,103.9,13.0,288.0,line_drive,hard,1,0,,,7df97947-a2f0-3960-aa16-fe6bfff9abde
823169,38,5,bottom,0,0,1,0,1,1,L,R,field_out,out,0,74.3,6.0,71.0,ground_ball,medium,1,0,,,50308691-5a87-337f-aaf8-765bf1d4204e
823169,41,6,top,0,0,0,0,0,0,L,R,field_out,out,0,73.7,-59.0,2.0,ground_ball,medium,1,0,,,c352ac56-d86b-36ad-a68d-202f8b090c8c
823169,42,6,top,1,0,0,0,0,0,R,R,field_out,out,0,84.6,43.0,278.0,fly_ball,medium,1,0,,,a7205706-84aa-3641-8be4-6ff585218d54
823169,43,6,top,2,0,0,0,0,0,L,R,field_out,out,0,89.8,-2.0,32.0,ground_ball,medium,1,0,,,982a033c-b8b5-3933-a620-1764bf6b0e98
823169,44,6,bottom,0,0,0,0,0,0,R,L,single,hit,0,66.0,45.0,193.0,fly_ball,medium,1,0,,,1586eccc-8a6d-3730-9020-f5504a92b459
823169,45,6,bottom,0,0,0,0,0,0,R,L,field_out,out,0,95.6,25.0,348.0,fly_ball,medium,1,0,,,50d99277-0b85-39a2-b08c-62b5b4935b71
823169,46,6,bottom,1,0,0,0,0,0,L,L,field_out,out,0,82.5,32.0,299.0,fly_ball,medium,1,0,,,bbcddc88-1a2e-3cf4-8d7d-07d56cdbc213
823169,47,6,bottom,2,0,0,0,0,0,R,L,field_out,out,0,76.3,-36.0,3.0,ground_ball,medium,1,0,True,MJ,8d0576fe-922f-340e-bbac-360cf30d2bd8
823169,51,7,top,1,1,0,0,1,0,R,L,grounded_into_double_play,out,0,84.1,-8.0,18.0,ground_ball,medium,1,0,,,7eeb65ce-bf90-3d9a-9d34-8197f2894ada
823169,55,8,top,0,0,0,0,0,0,L,R,home_run,hit,1,106.8,30.0,411.0,fly_ball,medium,1,0,,,00a2a985-0a39-3dd5-b52f-9c88d67de795
823169,56,8,top,0,0,0,0,0,0,R,R,field_out,out,0,66.5,43.0,212.0,fly_ball,medium,1,0,,,3ff33e50-e1c6-36e7-9eac-1daa60368ac9
823169,57,8,top,1,0,0,0,0,0,L,R,field_out,out,0,97.1,37.0,370.0,fly_ball,medium,1,0,,,59104bdf-0740-3406-aa66-97b25d995a2c
823169,58,8,top,2,0,0,0,0,0,R,R,field_out,out,0,67.3,-6.0,20.0,ground_ball,medium,1,0,False,MJ,c1d38472-27fd-3f6b-b010-b0fc179bb5c7
823169,60,8,bottom,1,0,0,0,0,0,R,R,single,hit,0,67.7,26.0,213.0,fly_ball,medium,1,0,,,8aae83d1-1e9e-3d3e-a429-59b765188106
823169,61,8,bottom,1,1,0,0,1,0,R,R,grounded_into_double_play,out,0,107.6,5.0,132.0,ground_ball,medium,1,0,,,51700cca-a561-334b-a82e-687ee64e5f0d
823169,62,9,top,0,0,0,0,0,0,L,R,field_out,out,0,93.3,39.0,343.0,fly_ball,medium,1,0,False,MJ,af4f3138-27e5-380d-9ad0-ebceb4942cd6
823169,64,9,top,2,0,0,0,0,0,R,R,field_out,out,0,83.5,83.0,37.0,popup,medium,1,0,,,625dbb71-5283-31b2-bf22-c4e17777f538
823245,0,1,top,0,0,0,0,0,0,L,R,field_out,out,0,79.0,33.0,281.0,fly_ball,medium,1,0,,,da667bcb-432a-3a34-882d-26cbb86e7843
823245,1,1,top,1,0,0,0,0,0,L,R,field_out,out,0,104.2,-10.0,17.0,ground_ball,medium,1,0,,,6dccb15b-25c1-3987-a2a7-93a99e4b3768
823245,2,1,top,2,0,0,0,0,0,R,R,field_out,out,0,81.7,-17.0,8.0,ground_ball,medium,1,0,,,7039a1d6-1bf2-31b0-b5d9-f0865c39d6a7
823245,3,1,bottom,0,0,0,0,0,0,R,R,field_out,out,0,99.0,43.0,326.0,fly_ball,medium,1,0,,,0839ee1c-2253-3dd9-890d-514383cba64f
823245,4,1,bottom,1,0,0,0,0,0,L,R,single,hit,0,94.3,16.0,234.0,line_drive,medium,1,0,,,6870984a-ab42-352c-b3c6-e61b11fffab5
823245,5,1,bottom,1,1,1,0,2,1,R,R,single,hit,0,95.3,-16.0,6.0,ground_ball,medium,1,0,,,b2596d31-8fb6-3b9d-b77d-25bf39658153
823245,6,1,bottom,1,1,1,1,3,1,L,R,single,hit,1,96.1,-5.0,16.0,ground_ball,medium,1,0,,,a5d1a5f0-d69f-3dca-9eae-536725079e4e
823245,8,1,bottom,1,0,0,0,0,0,L,R,field_out,out,0,66.5,71.0,91.0,popup,medium,1,0,,,163409f5-4d8c-3a4c-8ea4-c07dfd64e89f
823245,11,2,top,0,1,0,0,1,0,L,R,single,hit,0,79.3,14.0,183.0,line_drive,medium,1,0,,,a68ef1b5-caa9-3f17-ab2e-50c87cf10298
823245,12,2,top,0,1,1,0,2,1,R,R,field_out,out,0,86.1,-19.0,10.0,ground_ball,medium,1,0,,,1b9d9b4e-f71a-341f-8e68-1b3596033f3e
823245,13,2,top,1,0,1,0,1,1,L,R,field_out,out,0,65.8,-42.0,4.0,ground_ball,medium,1,0,,,65106de8-5979-3cab-af3f-e599490d839e
823245,15,2,bottom,0,0,0,0,0,0,L,R,field_out,out,0,90.1,2.0,69.0,ground_ball,medium,1,0,,,6c9757ab-4474-31d4-ab88-aac23e1ee8e1
823245,16,2,bottom,1,0,0,0,0,0,L,R,field_out,out,0,105.2,4.0,92.0,ground_ball,medium,1,0,,,4bb61c31-16af-318f-86e3-9b6f43300815
823245,17,2,bottom,2,0,0,0,0,0,R,R,field_out,out,0,73.5,-39.0,3.0,ground_ball,medium,1,0,,,faa15c81-df53-39d7-8b0c-4b205b1db41c
823245,18,3,top,0,0,0,0,0,0,R,R,single,hit,0,107.3,6.0,138.0,ground_ball,hard,1,0,,,3e9a27b2-dc94-38e3-b9b8-b9bf36f6e4ed
823245,20,3,top,1,1,0,0,1,0,L,R,field_out,out,0,51.5,-55.0,4.0,ground_ball,soft,1,0,,,2526b1ce-a4aa-32f1-a332-4005b2d4c86a
823245,21,3,top,2,0,1,0,1,1,R,R,single,hit,1,98.9,14.0,241.0,line_drive,medium,1,0,,,a5602e61-bf10-39d4-b4ab-077b27d38986
823245,22,3,top,2,0,0,0,0,0,L,R,field_out,out,0,93.4,33.0,344.0,fly_ball,medium,1,0,,,f4409b32-0889-38f0-b66c-253d1337d8ad
823245,23,3,bottom,0,0,0,0,0,0,L,R,triple,hit,0,92.3,19.0,294.0,line_drive,medium,1,0,,,fa9368f8-7d4f-38de-8697-4c0b74a43057
823245,24,3,bottom,0,0,0,0,0,0,R,R,field_out,out,0,105.1,5.0,114.0,ground_ball,medium,1,0,,,8995640b-d133-3697-9113-d89635ce6506
823245,26,3,bottom,1,1,1,1,3,1,R,R,field_out,out,1,90.6,-1.0,45.0,ground_ball,medium,1,0,,,e066a04e-6d6d-3883-b5ba-0eb42bf36ea1
823245,27,3,bottom,2,0,0,1,1,1,L,R,double,hit,1,87.9,49.0,259.0,fly_ball,medium,1,0,,,1ad5eb45-1ef9-3ded-a5cd-d24d33d58d09
823245,32,4,top,1,1,0,0,1,0,L,R,force_out,out,0,48.7,-76.0,2.0,ground_ball,soft,1,0,,,cb183b60-e09d-3381-9751-b05d3875e402
823245,33,4,top,2,1,0,0,1,0,R,R,home_run,hit,2,105.0,33.0,412.0,fly_ball,medium,1,0,False,MJ,7d9125d8-83bb-3e9b-b700-f5c8d89894c1
823245,34,4,top,2,0,0,0,0,0,R,R,single,hit,0,107.9,2.0,81.0,ground_ball,medium,1,0,,,f4399d07-a0f2-3d6e-b30a-c2a857cda34c
823245,36,4,bottom,0,0,0,0,0,0,L,R,single,hit,0,100.6,-5.0,24.0,ground_ball,medium,1,0,,,925f2be9-8a72-308f-bbac-d3c5aef3ed5c
823245,38,4,bottom,0,0,0,0,0,0,L,R,field_out,out,0,27.0,70.0,30.0,bunt_popup,soft,1,0,,,248068ea-0a16-3da6-b210-0e8e7caa7816
823245,39,4,bottom,1,1,1,0,2,1,R,R,home_run,hit,3,99.6,24.0,351.0,fly_ball,medium,1,0,,,bfd8e53d-d1f1-35c3-80dd-ffe65b67db5c
823245,42,5,top,0,0,0,0,0,0,L,R,field_out,out,0,97.2,35.0,362.0,fly_ball,medium,1,0,,,404b3ce2-fe78-3122-8214-8c35415a9870
823245,44,5,top,1,1,0,0,1,0,L,R,grounded_into_double_play,out,0,72.4,-9.0,14.0,ground_ball,medium,1,0,,,90234189-27ce-3600-a39f-360ffc9818c8
823245,45,5,bottom,0,0,0,0,0,0,L,R,field_out,out,0,89.4,49.0,256.0,fly_ball,medium,1,0,,,6a470935-6795-3eb6-a37a-cc760d774652
823245,46,5,bottom,1,0,0,0,0,0,R,R,home_run,hit,1,102.5,37.0,380.0,fly_ball,medium,1,0,,,64590795-7bc9-3286-b30a-9a90c0d95fd4
823245,47,5,bottom,1,0,0,0,0,0,L,R,double,hit,0,103.4,23.0,394.0,fly_ball,hard,1,0,,,255b07de-a05b-32a1-8dfc-233b5284c7a1
823245,48,5,bottom,1,0,1,0,1,1,L,R,single,hit,0,108.3,8.0,170.0,line_drive,medium,1,0,,,4ada0915-5d1e-395b-bd16-f6083972ca71
823245,49,5,bottom,1,1,0,1,2,1,R,R,field_out,out,1,65.8,-11.0,12.0,ground_ball,medium,1,0,,,d081e104-bd3c-395f-ad93-a2d3fda2d75b
823245,50,5,bottom,2,0,0,0,0,0,L,R,field_out,out,0,101.5,0.0,54.0,ground_ball,medium,1,0,,,fc48777b-4c78-388d-a2f1-0e3e0eec964e
823245,51,6,top,0,0,0,0,0,0,L,R,field_out,out,0,93.4,-7.0,13.0,ground_ball,medium,1,0,,,9ec2b839-ec22-3e62-be0e-5374a74a0980
823245,53,6,top,2,0,0,0,0,0,L,R,single,hit,0,103.0,13.0,260.0,line_drive,hard,1,0,,,66ce41b3-bdb6-3b8b-9aae-8a9412c59c61
823245,55,6,bottom,0,0,0,0,0,0,R,R,field_out,out,0,97.1,36.0,335.0,fly_ball,medium,1,0,,,4745128b-62c9-34e2-926f-fa4f5d67d2d9
823245,56,6,bottom,1,0,0,0,0,0,L,R,single,hit,0,78.9,20.0,203.0,line_drive,medium,1,0,,,3b87f554-6259-3595-8a8f-8f80256b8aaa
823245,57,6,bottom,1,1,1,0,2,1,R,R,single,hit,0,63.2,12.0,100.0,ground_ball,medium,1,0,,,b6956de4-bfc1-357a-93d7-170cd1453f32
823245,58,6,bottom,1,0,0,0,0,0,L,R,field_out,out,0,88.2,76.0,73.0,popup,medium,1,0,,,482416a9-4962-32bb-b64a-d2492f697473
823245,60,6,bottom,2,1,1,1,3,1,L,R,single,hit,2,97.5,7.0,125.0,ground_ball,medium,1,0,,,f3c48b48-e14a-330b-a5f0-7242c2112436
823245,61,6,bottom,2,0,0,0,0,0,L,R,field_out,out,0,84.0,33.0,306.0,fly_ball,medium,1,0,,,05e94b0c-1aca-3af1-a2ff-406015e4f164
823245,62,7,top,0,0,0,0,0,0,R,R,field_out,out,0,61.8,-54.0,4.0,ground_ball,soft,1,0,,,56eeec6b-5c55-3504-9ff1-3ada4d7a5a81
823245,64,7,top,1,1,0,0,1,0,L,R,double,hit,0,97.9,-26.0,5.0,ground_ball,medium,1,0,,,d240c9c0-cdb7-3020-a8ca-50ff855af8bf
823245,67,7,bottom,0,0,0,0,0,0,R,R,field_out,out,0,95.7,-23.0,7.0,ground_ball,medium,1,0,,,b046db79-1915-33fe-aacc-e866d5b30dcb
823245,68,7,bottom,1,0,0,0,0,0,L,R,field_out,out,0,75.8,51.0,219.0,fly_ball,medium,1,0,,,ddf2b54b-2ad9-3062-b827-0796e0ca2965
823245,69,7,bottom,2,0,0,0,0,0,R,R,field_out,out,0,63.0,85.0,16.0,popup,medium,1,0,,,df6185d3-a39b-38cc-ad71-d6b468823946
823245,73,8,top,2,0,0,0,0,0,R,L,field_out,out,0,98.7,28.0,344.0,fly_ball,medium,1,0,,,5b68d123-4881-3c36-8853-2bfae1ffc390
823245,75,8,bottom,1,0,0,0,0,0,R,R,field_out,out,0,90.8,39.0,313.0,fly_ball,medium,1,0,,,a3d321f9-b48e-3ffd-8231-b892066f5207
823245,77,9,top,0,0,0,0,0,0,R,R,single,hit,0,67.8,19.0,157.0,line_drive,medium,1,0,,,a75df0ba-f63c-3b65-aa53-ac63d83b3b65
823245,79,9,top,0,1,1,0,2,1,L,R,single,hit,0,74.9,18.0,200.0,line_drive,medium,1,0,,,ec6774ab-095c-305f-b733-906fa1877088
823245,82,9,top,1,1,1,1,3,1,L,R,force_out,out,1,101.8,-27.0,6.0,ground_ball,medium,1,0,,,424b53e7-28fd-307d-bea5-fc038a63fb20
823245,83,9,top,2,1,1,1,3,1,R,R,single,hit,1,93.4,4.0,78.0,ground_ball,medium,1,0,,,6c110cba-2cce-34de-9470-08e6fda6fd67
823246,1,1,top,1,0,0,0,0,0,L,R,field_out,out,0,102.9,33.0,397.0,fly_ball,hard,1,0,,,1f861f45-9da7-396c-9b3b-0de39d9f51aa
823246,2,1,top,2,0,0,0,0,0,L,R,single,hit,0,70.7,30.0,229.0,fly_ball,medium,1,0,,,46b5fdec-eae1-36da-ae94-f3e446297bce
823246,3,1,top,2,0,0,0,0,0,R,R,field_out,out,0,71.4,-7.0,20.0,ground_ball,medium,1,0,,,cb7b6092-1fb7-339b-a6cc-2743837f2b98
823246,4,1,bottom,0,0,0,0,0,0,L,R,field_out,out,0,85.7,27.0,304.0,line_drive,medium,1,0,,,4d8d7f87-485d-3f83-921b-28af69bad0f0
823246,6,1,bottom,2,0,0,0,0,0,R,R,field_out,out,0,79.2,54.0,204.0,popup,medium,1,0,,,4845efc8-7fd6-328b-ac11-6654011aa5f6
823246,7,2,top,0,0,0,0,0,0,L,R,field_out,out,0,82.8,57.0,200.0,popup,medium,1,0,,,0090169a-e4f3-3781-b9c0-e70ea48ef291
823246,8,2,top,1,0,0,0,0,0,L,R,field_out,out,0,85.6,-16.0,5.0,ground_ball,medium,1,0,,,52c239a3-70ba-347e-8a96-8ad984543c8c
823246,9,2,top,2,0,0,0,0,0,R,R,field_out,out,0,92.2,64.0,164.0,popup,medium,1,0,,,51f1b1e7-8854-30a9-8dbb-d0b6e32ff6c2
823246,10,2,bottom,0,0,0,0,0,0,L,R,field_out,out,0,84.2,76.0,54.0,popup,medium,1,0,,,9f3fc492-b9ac-3d81-a48c-5d559daff1a0
823246,11,2,bottom,1,0,0,0,0,0,R,R,field_out,out,0,90.3,24.0,305.0,line_drive,medium,1,0,,,376ad13f-b8b9-32a4-a2c2-85d1a0197f52
823246,14,3,top,0,0,0,0,0,0,R,R,field_out,out,0,94.7,29.0,352.0,fly_ball,medium,1,0,,,86d7f90d-fe89-3815-bbe7-95e77b9d23dc
823246,15,3,top,1,0,0,0,0,0,R,R,field_out,out,0,94.1,20.0,293.0,line_drive,medium,1,0,,,5c9d3ce0-b1d5-3e48-8613-cbbf877c64e9
823246,18,3,bottom,0,1,0,0,1,0,R,R,sac_bunt,out,0,31.9,-51.0,4.0,bunt_grounder,medium,1,0,,,b17f5405-b887-35b9-af79-8992da25c8bd
823246,19,3,bottom,1,0,1,0,1,1,L,R,field_out,out,0,86.9,-15.0,14.0,ground_ball,medium,1,0,,,8246b007-5ea2-34ee-bded-0c5a3aab54b3
823246,20,3,bottom,2,0,0,1,1,1,R,R,single,hit,1,96.3,13.0,230.0,line_drive,medium,1,0,,,7b00f64a-0481-386c-9ab1-eff1caa13c31
823246,21,3,bottom,2,1,0,0,1,0,R,R,field_out,out,0,95.0,61.0,195.0,fly_ball,medium,1,0,,,45262dbe-39b2-318f-997b-645b3c4d2019
823246,22,4,top,0,0,0,0,0,0,L,R,field_out,out,0,99.0,10.0,160.0,line_drive,medium,1,0,,,ef714a2d-6cce-3de4-9cdd-e6f2df73361b
823246,23,4,top,1,0,0,0,0,0,L,R,field_out,out,0,79.0,53.0,218.0,fly_ball,medium,1,0,,,33b8c132-98ef-3977-ad09-ce429bf1ed7a
823246,24,4,top,2,0,0,0,0,0,R,R,field_out,out,0,100.9,-7.0,19.0,ground_ball,hard,1,0,,,2a51f3de-ed7f-3dd4-9f5d-e91f85e81e0c
823246,25,4,bottom,0,0,0,0,0,0,L,R,home_run,hit,1,105.9,24.0,423.0,fly_ball,medium,1,0,,,c562431f-6e09-3cc6-a864-4a47811d4f46
823246,27,4,bottom,1,0,0,0,0,0,L,R,field_out,out,0,97.3,27.0,342.0,fly_ball,medium,1,0,,,3c1eb3bd-1095-38d3-8ad4-f5702df02cde
823246,28,4,bottom,2,0,0,0,0,0,R,R,field_out,out,0,88.2,72.0,93.0,popup,medium,1,0,,,90d1ffcb-4faa-3738-a324-2edf20df7a17
823246,29,5,top,0,0,0,0,0,0,L,R,field_out,out,0,55.7,28.0,165.0,line_drive,soft,1,0,,,311656b7-1ab0-384e-9cb5-0a9a2303e302
823246,30,5,top,1,0,0,0,0,0,L,R,field_out,out,0,87.0,-36.0,3.0,ground_ball,medium,1,0,False,MJ,1ecad3d9-3863-3e32-afc6-3d020aea7144
823246,31,5,top,2,0,0,0,0,0,R,R,field_out,out,0,85.0,64.0,147.0,popup,medium,1,0,,,6e6dad2a-3035-38c0-9d80-f595434d6bf3
823246,32,5,bottom,0,0,0,0,0,0,L,R,field_out,out,0,70.3,4.0,51.0,ground_ball,medium,1,0,,,d2310538-fb86-3aaf-bd45-649dd29fd4ae
823246,34,5,bottom,2,0,0,0,0,0,L,R,single,hit,0,95.8,13.0,204.0,line_drive,medium,1,0,,,e924db75-2f27-3d83-9344-83a27eb09256
823246,35,5,bottom,2,1,0,0,1,0,R,R,single,hit,0,99.1,8.0,132.0,line_drive,medium,1,0,,,da6f117b-c470-383e-ac57-b7c33e402d16
823246,36,5,bottom,2,1,1,1,3,1,R,R,single,hit,1,75.2,4.0,63.0,ground_ball,medium,1,0,,,843cc506-8528-376e-8ba8-9805dac972bb
823246,38,6,top,0,0,0,0,0,0,R,R,field_out,out,0,93.8,27.0,335.0,fly_ball,medium,1,0,,,715ee745-7fff-3206-b363-930e97165624
823246,39,6,top,1,0,0,0,0,0,R,R,single,hit,0,102.3,13.0,229.0,line_drive,hard,1,0,,,491fd9b4-1cee-3bcd-bd05-3b857090aa2a
823246,40,6,top,1,1,1,0,2,1,L,R,field_out,out,0,87.7,-19.0,12.0,ground_ball,medium,1,0,,,84c4b303-d7ca-373e-b841-5bf88aea65e1
823246,41,6,top,2,0,0,1,1,1,L,R,single,hit,1,110.2,8.0,174.0,line_drive,hard,1,0,,,82b03cf6-c236-3775-8485-81b2d7f9e937
823246,42,6,top,2,0,0,0,0,0,L,R,field_out,out,0,103.8,18.0,298.0,line_drive,medium,1,0,,,58755c04-bb33-3fcd-a7a0-93e00c550ce8
823246,43,6,bottom,0,0,0,0,0,0,R,R,single,hit,0,93.1,-21.0,8.0,ground_ball,medium,1,0,,,ed9ba550-a3c6-386b-a3bd-99d7805b49c0
823246,45,6,bottom,0,1,1,0,2,1,R,L,double,hit,1,94.4,9.0,145.0,line_drive,medium,1,0,,,50263579-514c-3c24-8d9d-86a7c030638e
823246,47,6,bottom,1,0,0,0,0,0,R,L,field_out,out,0,75.9,10.0,133.0,line_drive,medium,1,0,,,680647b2-52c0-358d-a8fe-89d7bbe93e6b
823246,48,6,bottom,2,0,0,0,0,0,L,L,field_out,out,0,80.7,32.0,301.0,fly_ball,medium,1,0,,,825b52ed-40ca-3400-b385-7d1e29f81252
823246,49,7,top,0,0,0,0,0,0,R,R,double,hit,0,98.3,13.0,211.0,line_drive,medium,1,0,,,9446d4db-1d1b-3b6e-b36f-bbaa7489b47b
823246,50,7,top,0,0,1,1,2,1,L,R,double,hit,1,86.8,24.0,302.0,line_drive,medium,1,0,,,e6411f87-4458-3cc3-846e-afc5d2e89b9b
823246,52,7,top,1,0,1,0,1,1,R,R,single,hit,1,100.0,0.0,58.0,ground_ball,medium,1,0,,,ca48881e-3f64-3b84-ad9a-565921865ef6
823246,53,7,top,1,1,0,0,1,0,R,R,single,hit,0,75.7,14.0,169.0,line_drive,medium,1,0,,,0e9d3cc9-7175-369b-b1f3-8f932ee22192
823246,54,7,top,1,1,1,0,2,1,R,R,force_out,out,0,89.0,5.0,86.0,ground_ball,medium,1,0,,,68b0255c-4f31-38ec-be29-f345536cdf8e
823246,55,7,top,2,1,1,1,3,1,L,R,single,hit,1,103.4,3.0,74.0,ground_ball,hard,1,0,,,4387eace-b770-3a8b-b55b-6a325fdaeda4
823246,56,7,top,2,0,0,0,0,0,L,R,field_out,out,0,107.6,13.0,298.0,line_drive,hard,1,0,,,c76f6541-e33d-355f-a6b2-9d624d7d43e2
823246,57,7,bottom,0,0,0,0,0,0,R,R,field_out,out,0,84.5,59.0,195.0,fly_ball,medium,1,0,,,27467cb6-c2d4-3383-9c05-2e163de29675
823246,62,7,bottom,1,1,1,1,3,1,R,R,single,hit,2,78.0,6.0,77.0,ground_ball,medium,1,0,,,792cb6bc-a2be-38d9-8536-32961bb8ff76
823246,63,7,bottom,1,1,1,0,2,1,L,R,force_out,out,0,69.8,-4.0,19.0,ground_ball,medium,1,0,,,1a4097c6-9b0f-3eb3-a823-4ab313c10fe0
823246,66,8,top,0,1,0,0,1,0,L,R,grounded_into_double_play,out,0,105.3,1.0,62.0,ground_ball,hard,1,0,,,0b6b5d25-7693-301a-ae8d-4c324bfd06d9
823246,68,8,bottom,0,0,0,0,0,0,L,R,single,hit,0,102.2,7.0,139.0,ground_ball,hard,1,0,,,3ad261cc-1ca0-3670-ada4-d35dbaef2d3c
823246,70,8,bottom,1,1,0,0,1,0,R,R,single,hit,0,88.0,-6.0,19.0,ground_ball,medium,1,0,,,4db7039c-dcf9-34ad-8216-846c8613e1a5
823246,71,8,bottom,1,1,1,0,2,1,R,R,field_out,out,0,66.1,-70.0,1.0,ground_ball,medium,1,0,,,cb0bef92-41ae-3dcf-9340-084b6bc5862c
823246,72,8,bottom,2,0,1,1,2,1,R,R,single,hit,2,104.6,-10.0,14.0,ground_ball,hard,1,0,,,98d3476f-7065-3622-8318-7e98628607f8
823246,74,9,top,0,0,0,0,0,0,L,R,field_out,out,0,98.7,-1.0,37.0,ground_ball,medium,1,0,,,56aa6d34-f616-3a03-bb60-5af9e0061b60
823246,75,9,top,1,0,0,0,0,0,R,R,field_out,out,0,75.9,31.0,247.0,fly_ball,medium,1,0,,,98c75264-f889-336a-a8a0-6b1d426b4a04
823246,76,9,top,2,0,0,0,0,0,R,R,field_out,out,0,89.8,5.0,90.0,ground_ball,medium,1,0,,,5be913f5-ce88-3384-9f1e-250b30648ffd
823248,0,1,top,0,0,0,0,0,0,L,R,home_run,hit,1,106.4,32.0,403.0,fly_ball,medium,1,0,,,53c3ddef-1d24-30a0-ada5-1e0f7427ef75
823248,1,1,top,0,0,0,0,0,0,L,R,field_out,out,0,102.9,3.0,78.0,ground_ball,medium,1,0,,,7dee3bfb-9a71-37c1-a82b-832e64685c2d
823248,2,1,top,1,0,0,0,0,0,R,R,single,hit,0,99.5,13.0,248.0,line_drive,medium,1,0,,,9794d309-124e-3b96-88c8-df0932b09b10
823248,3,1,top,1,1,0,0,1,0,L,R,triple,hit,1,99.8,11.0,169.0,line_drive,medium,1,0,,,e5220aea-69d8-3d05-8bb4-3b7f9bfc2629
823248,4,1,top,1,0,0,1,1,1,L,R,sac_fly,out,1,93.0,24.0,318.0,line_drive,medium,1,0,,,6dfd21ea-dd8d-3523-bf54-99f4b4d613f8
823248,6,1,top,2,0,0,0,0,0,R,R,field_out,out,0,97.8,34.0,386.0,fly_ball,medium,1,0,,,734e7ea9-5df5-31e2-a691-f961cbe591f8
823248,7,1,bottom,0,0,0,0,0,0,R,R,single,hit,0,95.9,-11.0,12.0,ground_ball,medium,1,0,,,e1efa706-c8c3-3c6a-93d2-a65e28441d70
823248,8,1,bottom,0,1,0,0,1,0,L,R,single,hit,0,68.0,24.0,204.0,line_drive,medium,1,0,,,cf4ac53a-b63d-3adc-bda9-4eb094db0966
823248,9,1,bottom,0,1,1,0,2,1,R,R,grounded_into_double_play,out,0,64.9,12.0,105.0,ground_ball,medium,1,0,,,5e06c9b1-9b38-395a-91a2-b1aff94013b5
823248,12,2,top,1,0,0,0,0,0,R,R,home_run,hit,1,97.6,39.0,334.0,fly_ball,medium,1,0,,,1a7bb0a2-4f7a-3381-8a56-39d86b437f61
823248,13,2,top,1,0,0,0,0,0,L,R,field_out,out,0,72.1,-18.0,7.0,ground_ball,medium,1,0,,,a6296ee9-1809-3bee-8d3c-c470872806a3
823248,14,2,top,2,0,0,0,0,0,L,R,field_out,out,0,96.4,55.0,246.0,fly_ball,medium,1,0,,,6c860fbf-0213-32bc-94cc-229865b4b5ff
823248,15,2,bottom,0,0,0,0,0,0,L,R,single,hit,0,88.3,18.0,256.0,line_drive,medium,1,0,,,c3c37a7d-23ad-3312-9ca6-e38dbbbd466c
823248,16,2,bottom,0,1,1,0,2,1,R,R,single,hit,0,105.8,12.0,239.0,line_drive,hard,1,0,,,fcb04c41-ec77-320d-9e1d-953dd062d60f
823248,17,2,bottom,0,1,0,1,2,1,R,R,field_out,out,1,45.5,-14.0,10.0,ground_ball,medium,1,0,,,7fdd3cd2-106b-3e7d-af63-e3d2a15e6357
823248,18,2,bottom,1,0,1,0,1,1,L,R,single,hit,1,97.1,-10.0,13.0,ground_ball,medium,1,0,,,a89b6c15-33dc-339d-8e4c-70afedd8b05c
823248,19,2,bottom,1,1,0,0,1,0,R,R,double_play,out,0,98.5,9.0,163.0,line_drive,medium,1,0,True,MJ,11ee3798-3b01-3357-9253-194350b10213
823248,20,3,top,0,0,0,0,0,0,R,R,field_out,out,0,102.7,-14.0,6.0,ground_ball,medium,1,0,True,MJ,d40259ee-663f-3a1b-91d6-2be42f5a90a9
823248,22,3,top,1,0,0,0,0,0,L,R,field_out,out,0,91.4,69.0,117.0,popup,medium,1,0,,,e7b939c9-c3d2-3b70-8e8a-c8a8fdfbc4a8
823248,23,3,top,2,1,0,0,1,0,R,R,home_run,hit,2,101.3,31.0,385.0,fly_ball,medium,1,0,,,da0acf2c-eacf-3f86-9a3c-a8168167fda5
823248,24,3,top,2,0,0,0,0,0,R,R,single,hit,0,58.8,-49.0,2.0,ground_ball,soft,1,0,,,da2ea4b1-5c31-3639-9ed3-1b43a7f8db4b
823248,25,3,top,2,0,0,0,0,0,L,R,field_out,out,0,72.6,48.0,204.0,popup,medium,1,0,,,70e8bc3c-f244-3570-a8f3-4c9c1371075b
823248,26,3,bottom,0,0,0,0,0,0,R,R,double,hit,0,112.2,17.0,381.0,line_drive,hard,1,0,,,f50ae877-e2d6-37d5-bfe0-63058e057927
823248,27,3,bottom,0,0,1,0,1,1,L,R,field_out,out,0,91.3,4.0,78.0,ground_ball,medium,1,0,,,2acea099-f775-3971-8a1b-d7dc9fe485a4
823248,30,4,top,0,0,0,0,0,0,R,R,field_out,out,0,81.6,74.0,95.0,popup,medium,1,0,,,1a1fc88b-6f66-3e4a-8260-116ffb4e9ab4
823248,32,4,top,1,1,0,0,1,0,L,R,field_out,out,0,57.0,-46.0,4.0,ground_ball,soft,1,0,,,b5a92330-f610-36f1-b9cd-ba2b2c05f9ae
823248,33,4,top,2,0,1,0,1,1,R,R,single,hit,1,108.8,-1.0,41.0,ground_ball,medium,1,0,,,e44115cd-6f1b-3e00-b3f9-c296050445e0
823248,35,4,bottom,0,0,0,0,0,0,L,R,field_out,out,0,86.1,-3.0,30.0,ground_ball,medium,1,0,,,685d09f5-803e-3a74-a1af-82e063a47bde
823248,36,4,bottom,1,0,0,0,0,0,R,R,single,hit,0,78.5,14.0,188.0,line_drive,medium,1,0,,,0b3da933-4eb5-354a-b636-3640df17d6a3
823248,37,4,bottom,1,1,0,0,1,0,R,R,grounded_into_double_play,out,0,75.2,9.0,123.0,ground_ball,medium,1,0,,,18decde5-b6ae-330a-a7f2-6bb4c1c47c60
823248,39,5,top,0,0,0,0,0,0,L,R,field_out,out,0,83.3,53.0,234.0,fly_ball,medium,1,0,,,60396461-31ef-38f8-8daa-24aaec0b3ff8
823248,40,5,top,1,1,0,0,1,0,R,R,force_out,out,0,87.1,-32.0,5.0,ground_ball,medium,1,0,True,MJ,39195b2b-fca5-3738-bffc-9e05df061d40
823248,41,5,top,2,0,0,0,0,0,R,R,field_out,out,0,90.9,11.0,194.0,line_drive,medium,1,0,,,16d284ab-bfca-39f7-80c2-69013ac09a35
823248,43,5,bottom,1,0,0,0,0,0,R,R,field_out,out,0,100.4,4.0,91.0,ground_ball,medium,1,0,,,7783af7b-c7cf-3d39-ba19-44af76e74e16
823248,44,5,bottom,2,0,0,0,0,0,R,R,field_out,out,0,84.8,69.0,127.0,popup,medium,1,0,,,ffcba36b-a6bc-3d7b-9871-02af3296d66d
823248,45,6,top,0,0,0,0,0,0,R,L,field_out,out,0,76.8,-2.0,23.0,ground_ball,medium,1,0,,,2d53c121-1784-3191-b6ca-a094f8f86dd1
823248,50,6,top,2,1,1,1,3,1,R,L,double,hit,3,102.8,23.0,391.0,fly_ball,hard,1,0,,,1c4b6ea8-d661-3560-97d8-b87e61bf959d
823248,52,6,bottom,0,0,0,0,0,0,L,R,field_out,out,0,79.7,6.0,87.0,ground_ball,medium,1,0,,,46380561-cf75-3d88-8dfa-c953f25064db
823248,58,7,top,0,1,1,1,3,1,R,R,grounded_into_double_play,out,0,99.0,6.0,103.0,ground_ball,medium,1,0,False,MJ,f30617bb-8218-3528-a109-497e8bdde981
823248,59,7,top,2,0,0,0,0,0,L,R,field_out,out,0,101.0,34.0,395.0,fly_ball,hard,1,0,,,ea2c9f08-4a9c-3e7f-bdc4-3243689c30ae
823248,60,7,bottom,0,0,0,0,0,0,L,R,single,hit,0,92.7,12.0,223.0,line_drive,medium,1,0,,,afe08359-9521-306b-a740-7469df504d7d
823248,61,7,bottom,0,0,0,0,0,0,R,R,field_out,out,0,64.7,53.0,165.0,popup,medium,1,0,,,ae774bed-bce9-3ed4-9aae-52f83b883d56
823248,62,7,bottom,1,1,1,0,2,1,R,R,single,hit,0,101.4,20.0,346.0,line_drive,hard,1,0,,,f140e5f8-2fb0-33d1-8de2-d1b8f0958fc1
823248,63,7,bottom,1,1,0,1,2,1,L,R,force_out,out,1,81.1,-14.0,11.0,ground_ball,medium,1,0,,,2bf1a363-c06d-36f2-baef-cf0bd5e8d9ce
823248,64,7,bottom,2,0,0,0,0,0,R,R,field_out,out,0,89.8,67.0,155.0,popup,medium,1,0,,,b95c7510-36fa-3a3f-a297-7fa937f54d8a
823248,65,8,top,0,0,0,0,0,0,R,L,field_out,out,0,104.9,-5.0,19.0,ground_ball,medium,1,0,,,862fb57d-6bca-36a0-a79a-5656bc6cfec2
823248,67,8,top,2,0,0,0,0,0,R,L,field_out,out,0,99.9,29.0,400.0,fly_ball,medium,1,0,,,3609b694-23fc-35ad-b1cd-e296a1dd4db7
823248,70,8,bottom,1,0,0,0,0,0,R,R,field_out,out,0,93.9,28.0,365.0,fly_ball,medium,1,0,,,31a330e2-5c87-37f4-9923-2792807c5c84
823248,72,8,bottom,2,1,1,1,3,1,L,R,single,hit,1,102.9,5.0,159.0,ground_ball,medium,1,0,,,6052db9d-cb41-38d5-9cb0-7d4f080d072c
823248,73,8,bottom,2,0,0,0,0,0,R,R,field_out,out,0,81.1,25.0,261.0,line_drive,medium,1,0,,,f5042591-192f-371e-9f82-8110519b12fd
823248,74,9,top,0,0,0,0,0,0,L,L,field_out,out,0,99.2,-12.0,10.0,ground_ball,medium,1,0,,,19639951-d99b-392a-88fa-80d5ba3d0eee
823248,75,9,top,1,0,0,0,0,0,R,L,field_out,out,0,73.5,-1.0,28.0,ground_ball,medium,1,0,,,75444083-8676-3b2e-9b00-38885c9fc2d0
823248,76,9,top,2,0,0,0,0,0,R,L,field_out,out,0,102.1,27.0,401.0,fly_ball,hard,1,0,,,3acca78e-ea28-3657-8a83-61f8b372c1eb
823248,77,9,bottom,0,0,0,0,0,0,R,R,field_out,out,0,94.0,41.0,307.0,fly_ball,medium,1,0,,,ec6db519-b6ec-3984-a0cd-5d5be18eeab8
823248,78,9,bottom,1,0,0,0,0,0,L,R,field_out,out,0,90.8,25.0,339.0,line_drive,medium,1,0,,,81d60061-8fef-360e-934a-6a2ecc6b7b65
823248,79,9,bottom,2,0,0,0,0,0,R,R,field_out,out,0,98.7,20.0,317.0,line_drive,medium,1,0,,,55f8c063-e3e4-32b8-aa62-762e0aaf2440
823326,0,1,top,0,0,0,0,0,0,L,R,field_out,out,0,102.8,32.0,368.0,fly_ball,hard,1,0,,,8f5e1c14-5eb8-3383-979e-0244a064c0d2
823326,2,1,top,2,0,0,0,0,0,L,R,home_run,hit,1,104.6,33.0,395.0,fly_ball,medium,1,0,,,3e55ea4c-8902-3784-be7c-b059846c49f5
823326,4,1,bottom,0,0,0,0,0,0,L,R,double,hit,0,108.9,14.0,373.0,line_drive,hard,1,0,,,8bf54758-add5-372e-9c4d-3112594e7f17
823326,6,1,bottom,1,0,0,1,1,1,L,R,single,hit,1,68.7,13.0,140.0,line_drive,medium,1,0,,,ecbd2ae3-e199-3c42-adac-512bcda9abb8
823326,7,1,bottom,1,0,0,0,0,0,L,R,field_out,out,0,103.4,37.0,369.0,fly_ball,hard,1,0,,,a01bdd65-3fdf-381b-bcbc-e4cc49a8bfdd
823326,8,1,bottom,2,1,0,0,1,0,R,R,single,hit,0,92.5,6.0,102.0,ground_ball,medium,1,0,,,da58cc93-fd35-36cc-b4c7-6157aae32a02
823326,11,2,top,1,0,0,0,0,0,L,R,field_out,out,0,61.1,-21.0,6.0,ground_ball,medium,1,0,,,668dc305-1761-3f9e-99d5-f2c0fe759859
823326,13,2,bottom,0,0,0,0,0,0,L,R,field_out,out,0,73.4,-31.0,4.0,ground_ball,medium,1,0,,,010b173f-5193-32cf-a7db-c0c54f886198
823326,15,2,bottom,2,0,0,0,0,0,R,R,field_out,out,0,95.0,1.0,47.0,ground_ball,medium,1,0,,,3b0311f1-0efc-39d4-80de-13d28414b621
823326,16,3,top,0,0,0,0,0,0,L,R,field_out,out,0,95.4,29.0,360.0,fly_ball,medium,1,0,,,5cd0a22d-bd0b-3904-8aa7-4ae9c84dedb2
823326,18,3,top,2,0,0,0,0,0,L,R,double,hit,0,98.5,25.0,349.0,fly_ball,medium,1,0,,,1699974c-7ef9-32bc-8cab-089c9d9963dc
823326,20,3,bottom,0,0,0,0,0,0,L,L,field_out,out,0,103.3,-5.0,30.0,ground_ball,medium,1,0,,,8367abd2-cbf7-3a89-9358-4e2e96c97df1
823326,21,3,bottom,1,0,0,0,0,0,R,L,field_out,out,0,76.8,3.0,52.0,ground_ball,medium,1,0,,,46f2ae2f-942f-3c6b-a73c-1dfa0010af33
823326,24,4,top,0,0,0,0,0,0,L,R,field_out,out,0,110.9,4.0,100.0,ground_ball,medium,1,0,,,2e04802f-e81c-3169-b3aa-2861c181f274
823326,26,4,top,1,0,0,0,0,0,L,R,field_out,out,0,87.4,31.0,308.0,fly_ball,medium,1,0,,,7a7ff3fe-8799-3058-8410-7bb59acd1d39
823326,28,4,top,2,0,0,0,0,0,R,R,field_out,out,0,90.6,30.0,346.0,fly_ball,medium,1,0,,,9de7a273-ac60-3a38-b5e5-50c59ddf8da7
823326,30,4,bottom,0,1,0,0,1,0,R,L,force_out,out,0,33.3,42.0,74.0,bunt_grounder,soft,1,0,,,62e3c917-9907-3256-abc6-dae9ac333820
823326,31,4,bottom,1,0,0,0,0,0,L,L,field_out,out,0,81.1,52.0,192.0,fly_ball,medium,1,0,,,1f35d7e5-7904-3fed-9266-7770f4c4df6b
823326,32,4,bottom,2,0,0,0,0,0,R,L,field_out,out,0,31.8,75.0,30.0,bunt_popup,medium,1,0,,,2ef4969c-d008-3bcc-ab32-fe3e4f148cd4
823326,33,5,top,0,0,0,0,0,0,L,R,single,hit,0,99.6,-6.0,25.0,ground_ball,medium,1,0,,,d7287bbe-a3a7-3557-9a77-c9d429bfbe6b
823326,35,5,top,1,1,0,0,1,0,L,R,grounded_into_double_play,out,0,95.5,-10.0,10.0,ground_ball,medium,1,0,,,732fb5d2-a5ef-390f-9061-b4264772b54d
823326,37,5,bottom,1,0,0,0,0,0,L,L,single,hit,0,111.3,7.0,242.0,line_drive,medium,1,0,,,7e43e731-6310-3f4d-b588-ac17ffb1038f
823326,38,5,bottom,1,1,0,0,1,0,R,L,single,hit,0,74.1,25.0,252.0,line_drive,medium,1,0,,,8e436187-0903-34d1-a50a-8b1f45226476
823326,41,5,bottom,2,0,1,0,1,1,R,L,force_out,out,0,47.1,-14.0,11.0,ground_ball,medium,1,0,,,b0f12dea-9b1e-368e-8368-15d3c47bff78
823326,42,6,top,0,0,0,0,0,0,R,R,field_out,out,0,58.9,-23.0,6.0,ground_ball,medium,1,0,,,09fc2a9c-0496-3fb3-a03a-5f01da9d441a
823326,43,6,top,1,0,0,0,0,0,L,R,field_out,out,0,85.4,4.0,67.0,ground_ball,medium,1,0,,,0e1288a0-e875-3d5a-a136-2bfa96226c11
823326,44,6,top,2,0,0,0,0,0,R,R,field_out,out,0,104.7,-25.0,8.0,ground_ball,medium,1,0,,,cbcb48a4-8776-321f-943c-4021cb345614
823326,45,6,bottom,0,0,0,0,0,0,R,L,single,hit,0,103.8,18.0,290.0,line_drive,hard,1,0,False,MJ,eae53653-7d76-317d-aa28-94ba1147e6ed
823326,46,6,bottom,0,0,0,0,0,0,L,L,field_out,out,0,83.3,62.0,146.0,popup,medium,1,0,,,a761ebb9-21d9-32d3-9fc5-ae6afa35fa33
823326,47,6,bottom,1,0,0,0,0,0,L,R,field_out,out,0,82.7,78.0,45.0,popup,medium,1,0,,,cf5ddfa8-f2a6-3b41-949b-c8b20afdf10f
823326,50,7,top,1,0,0,0,0,0,L,R,field_out,out,0,86.8,-1.0,35.0,ground_ball,medium,1,0,,,f0b48508-3e78-315c-b6a1-74e863e9e6eb
823326,52,7,top,2,0,0,0,0,0,L,R,field_out,out,0,67.2,73.0,65.0,popup,medium,1,0,,,b5f8331c-c386-358e-9c75-080348973e6e
823326,53,7,bottom,0,0,0,0,0,0,L,L,field_out,out,0,88.0,48.0,221.0,fly_ball,medium,1,0,,,a1816f4e-b62f-3320-b090-d02267d78dcd
823326,54,7,bottom,1,0,0,0,0,0,R,L,single,hit,0,86.4,15.0,185.0,line_drive,medium,1,0,,,8127cb16-1012-38d7-9783-0feef7a0073b
823326,56,7,bottom,2,0,0,0,0,0,L,L,field_out,out,0,100.2,22.0,348.0,line_drive,medium,1,0,,,88552415-4432-3af2-afac-6e2ec75c057a
823326,57,8,top,0,0,0,0,0,0,R,L,field_out,out,0,91.5,37.0,296.0,fly_ball,medium,1,0,,,53aae0bb-6213-3183-8ca6-4a282f68924a
823326,58,8,top,1,0,0,0,0,0,L,L,single,hit,0,51.5,-53.0,2.0,ground_ball,soft,1,0,,,06c0ad96-6f03-3d65-9abc-ad4f2d148f93
823326,59,8,top,1,1,0,0,1,0,R,L,single,hit,0,77.7,21.0,225.0,line_drive,medium,1,0,,,dcb6bf7f-33cb-377e-a159-4a85af85a3e6
823326,62,8,bottom,0,0,0,0,0,0,R,R,field_out,out,0,93.7,49.0,274.0,fly_ball,medium,1,0,,,4103e745-76fa-33d2-885b-222fa76fb474
823326,64,8,bottom,1,1,1,1,3,1,L,R,sac_fly,out,1,91.8,28.0,337.0,fly_ball,medium,1,0,,,99a0b85d-c741-3986-be08-8346473d622f
823326,66,8,bottom,2,1,0,0,1,0,R,R,force_out,out,0,71.5,8.0,80.0,ground_ball,medium,1,0,,,0b30933e-4b15-3c9f-8cba-7a317010d90c
823327,1,1,top,0,1,0,0,1,0,R,R,field_out,out,0,90.6,-13.0,5.0,ground_ball,medium,1,0,,,e0fb4285-a107-3083-8f19-98aac5edf2e8
823327,3,1,top,2,0,0,0,0,0,R,R,field_out,out,0,99.5,2.0,83.0,ground_ball,medium,1,0,,,6075e20e-0a10-3bee-9d6a-2b8f6efbc7df
823327,4,1,bottom,0,0,0,0,0,0,R,L,field_out,out,0,90.9,40.0,299.0,fly_ball,medium,1,0,,,4e9c6c58-42ab-36e9-b082-826e48a8096d
823327,5,1,bottom,1,0,0,0,0,0,R,L,field_out,out,0,88.7,55.0,212.0,popup,medium,1,0,,,b988fd7e-faca-3fa3-9b82-cb929c921717
823327,6,1,bottom,2,0,0,0,0,0,R,L,field_out,out,0,101.2,17.0,325.0,line_drive,hard,1,0,,,224ba4b6-87da-349f-91f6-05f25b98a22a
823327,8,2,top,1,0,0,0,0,0,L,R,single,hit,0,93.2,9.0,128.0,ground_ball,medium,1,0,,,c10f2b9a-df6b-3f92-b265-44ec394659b8
823327,9,2,top,1,0,0,0,0,0,R,R,field_out,out,0,86.5,77.0,70.0,popup,medium,1,0,,,f68a90eb-b145-36dc-ad78-d78a6825cd76
823327,10,2,top,2,0,0,0,0,0,L,L,field_out,out,0,78.8,63.0,157.0,popup,medium,1,0,,,f5ed035b-5f2d-3c14-b1c1-efaffc353dbf
823327,11,2,bottom,0,0,0,0,0,0,L,L,home_run,hit,1,108.4,29.0,434.0,fly_ball,medium,1,0,,,ea05b49c-a697-3b17-9686-aa09e5339a7e
823327,12,2,bottom,0,0,0,0,0,0,R,L,field_out,out,0,103.4,33.0,382.0,fly_ball,hard,1,0,,,95079319-ae3f-3c48-9887-f9a7689fb759
823327,14,2,bottom,2,0,0,0,0,0,L,L,double,hit,0,96.8,22.0,358.0,line_drive,medium,1,0,,,7c23069b-5046-3448-9aff-94fe4e57aa9e
823327,15,2,bottom,2,0,1,0,1,1,R,L,single,hit,0,104.4,12.0,237.0,line_drive,hard,1,0,,,d8cad531-7451-3b6f-8acd-0cd52b743288
823327,18,3,top,1,0,0,0,0,0,L,L,single,hit,0,86.0,20.0,269.0,line_drive,medium,1,0,,,db04bf61-b086-3289-b729-9b856c1128c6
823327,20,3,top,1,1,1,1,3,1,L,L,single,hit,1,86.8,21.0,273.0,line_drive,medium,1,0,,,9ad0d403-fd24-3707-a303-4e0362de3bed
823327,21,3,top,1,0,0,0,0,0,R,R,field_out,out,0,81.4,77.0,49.0,popup,medium,1,0,,,2446b47b-4ade-3ad4-a335-4bf97e8d5699
823327,22,3,top,2,1,1,1,3,1,L,R,single,hit,1,84.1,8.0,116.0,ground_ball,medium,1,0,,,48315c02-a84b-3f67-a7d3-2f12662cd82d
823327,24,3,bottom,0,0,0,0,0,0,R,L,field_out,out,0,107.9,-2.0,37.0,ground_ball,medium,1,0,,,1e64bdf0-c8b9-3bd2-8a96-f1e4ffe20025
823327,25,3,bottom,1,0,0,0,0,0,R,L,field_out,out,0,92.5,-8.0,20.0,ground_ball,medium,1,0,,,7fbedd88-d78b-3c86-9157-63f72ff0b1e6
823327,27,4,top,0,0,0,0,0,0,R,R,single,hit,0,77.5,15.0,183.0,line_drive,medium,1,0,,,5c83afc8-0256-3e81-9b94-397ad2cae6e7
823327,28,4,top,0,0,0,0,0,0,L,R,field_out,out,0,94.1,26.0,353.0,fly_ball,medium,1,0,,,c1b988ee-8287-3ad9-a8ea-b8063e21d606
823327,29,4,top,1,1,0,1,2,1,R,R,double,hit,1,99.4,20.0,340.0,fly_ball,medium,1,0,,,5f76e04b-8f0e-3263-b81b-be3221f83a2d
823327,30,4,top,1,0,1,0,1,1,L,R,single,hit,1,97.0,-0.0,46.0,ground_ball,medium,1,0,,,2f1a9b46-eb29-30d4-ac9b-e3ee71a6aa3b
823327,31,4,top,1,0,0,0,0,0,R,R,field_out,out,0,104.8,34.0,373.0,fly_ball,hard,1,0,,,1a3afce2-dfeb-370c-a908-858f0c2cd477
823327,32,4,top,2,0,0,0,0,0,L,R,field_out,out,0,94.8,80.0,25.0,popup,medium,1,0,,,5c1985f2-dd3b-3634-8109-006f7f460752
823327,34,4,bottom,1,0,0,0,0,0,R,L,single,hit,0,85.9,-2.0,37.0,ground_ball,medium,1,0,,,edd4b9a5-6d7f-3c68-bd06-5c142ffc4570
823327,35,4,bottom,1,1,0,0,1,0,R,L,grounded_into_double_play,out,0,72.3,-15.0,9.0,ground_ball,medium,1,0,,,047e8c19-29ac-37b6-8c4e-01b1c0f5df78
823327,36,5,top,0,0,0,0,0,0,R,R,single,hit,0,77.8,33.0,254.0,fly_ball,medium,1,0,,,c0576470-e27d-38b5-a718-aaf09299fbb9
823327,37,5,top,0,0,0,0,0,0,L,R,field_out,out,0,61.8,75.0,53.0,popup,medium,1,0,,,54865a42-e2d8-371b-a962-09516e831b90
823327,38,5,top,1,0,0,0,0,0,L,R,field_out,out,0,87.5,27.0,323.0,line_drive,medium,1,0,,,f9580275-46c1-314a-b805-143cf9b4467f
823327,40,5,bottom,0,0,0,0,0,0,L,L,double,hit,0,99.3,45.0,344.0,fly_ball,medium,1,0,,,2cfe59a3-08cb-3e91-b01a-22cd998a6f81
823327,42,5,bottom,1,0,1,0,1,1,R,L,field_out,out,0,85.5,-32.0,5.0,ground_ball,medium,1,0,,,2356eab3-e74f-3bd0-b800-64447e736c42
823327,43,5,bottom,2,0,0,0,0,0,R,L,field_out,out,0,73.0,14.0,125.0,ground_ball,medium,1,0,,,ec2ffe5a-1af7-3bb1-83e2-b0b415fd2615
823327,44,6,top,0,0,0,0,0,0,L,R,field_out,out,0,81.8,42.0,254.0,fly_ball,medium,1,0,,,5a528dd9-64e2-35eb-b2f5-7a6f55618aac
823327,48,6,bottom,1,0,0,0,0,0,R,L,field_out,out,0,100.4,19.0,333.0,line_drive,hard,1,0,,,ee62aed1-1bbe-3ba1-a50e-8ed855e65916
823327,49,6,bottom,2,0,0,0,0,0,L,L,single,hit,0,96.3,10.0,147.0,ground_ball,medium,1,0,,,91cc80d7-9e65-38e8-b4a1-f1f7ae3b4357
823327,50,6,bottom,2,0,0,0,0,0,R,R,field_out,out,0,102.7,-12.0,9.0,ground_ball,medium,1,0,,,7622f604-7d60-3746-bd23-e64ea6d47973
823327,54,7,top,2,0,0,0,0,0,L,R,field_out,out,0,67.7,-41.0,5.0,ground_ball,medium,1,0,,,a9ee16e2-6759-3af5-a8aa-e3ee369547b6
823327,55,7,bottom,0,0,0,0,0,0,L,R,field_out,out,0,81.9,53.0,218.0,fly_ball,medium,1,0,,,9b91cff3-1bf9-3216-a4bc-eab3d8892f79
823327,56,7,bottom,1,0,0,0,0,0,L,R,field_out,out,0,69.8,12.0,111.0,ground_ball,medium,1,0,,,81e43d03-1692-3330-bbbf-155e06ea23a0
823327,57,7,bottom,2,0,0,0,0,0,R,R,field_out,out,0,58.3,16.0,110.0,ground_ball,medium,1,0,,,4bde5f2f-98a1-3ead-b113-e94cec4214ff
823327,59,8,top,0,1,0,0,1,0,R,R,single,hit,0,95.9,14.0,240.0,line_drive,medium,1,0,,,ec3f2a11-c4e4-347a-bca1-2d0ac1c5d073
823327,60,8,top,0,0,1,0,1,1,L,R,double_play,out,0,75.0,28.0,248.0,line_drive,medium,1,0,,,2d517fbe-301f-32d5-b123-faf271e4719e
823327,63,8,bottom,1,0,0,0,0,0,R,R,field_out,out,0,99.2,35.0,348.0,fly_ball,medium,1,0,,,e114e06c-e89e-3ce8-93ee-5b2e92f90b35
823327,64,8,bottom,2,0,0,0,0,0,R,R,field_out,out,0,107.5,4.0,92.0,ground_ball,medium,1,0,,,279a6a74-609e-38e1-9d99-2555690070d3
823327,65,9,top,0,0,0,0,0,0,L,R,single,hit,0,101.3,6.0,109.0,ground_ball,medium,1,0,,,a111b242-2b18-3f74-bf6e-762bc1de2072
823327,66,9,top,0,1,0,0,1,0,R,R,grounded_into_double_play,out,0,92.7,-19.0,6.0,ground_ball,medium,1,0,,,ebd83fb9-6f3b-3a23-a1dd-ef34da8d220e
823327,69,9,bottom,0,1,0,0,1,0,L,R,field_out,out,0,87.0,-12.0,13.0,ground_ball,medium,1,0,,,790daed5-a269-3bfe-aaf1-3918e5e17e16
823328,2,1,top,2,0,0,0,0,0,L,R,field_out,out,0,96.2,72.0,101.0,popup,medium,1,0,,,cf460bb7-fbc6-3853-b69f-8e9b85ff5cef
823328,3,1,bottom,0,0,0,0,0,0,R,R,field_out,out,0,52.9,15.0,97.0,ground_ball,medium,1,0,,,948379b8-b46a-37da-97f5-b95c00ac8ef6
823328,4,1,bottom,1,0,0,0,0,0,L,R,field_out,out,0,102.9,-5.0,29.0,ground_ball,medium,1,0,,,89305c3f-64ed-3cc8-a5f0-179f80c7860a
823328,5,1,bottom,2,0,0,0,0,0,L,R,field_out,out,0,46.5,-51.0,4.0,ground_ball,medium,1,0,,,87c280fc-a86c-3e49-9661-5ec5b8079800
823328,6,2,top,0,0,0,0,0,0,R,R,field_out,out,0,70.4,-38.0,5.0,ground_ball,medium,1,0,,,c3882e31-863a-3dcb-976a-936ac1724cf6
823328,10,2,bottom,1,0,0,0,0,0,R,R,field_out,out,0,95.2,34.0,345.0,fly_ball,medium,1,0,,,96706bb2-4bb7-3fa7-a3b4-2778916c5a51
823328,11,2,bottom,2,0,0,0,0,0,L,R,field_out,out,0,91.1,-8.0,16.0,ground_ball,medium,1,0,,,0947701e-29da-3471-9504-0f0b6d253e28
823328,12,3,top,0,0,0,0,0,0,R,R,field_out,out,0,85.1,19.0,247.0,line_drive,medium,1,0,,,196e9d2b-6bcb-32c6-b71a-c351d70deecf
823328,13,3,top,1,0,0,0,0,0,L,R,field_out,out,0,90.2,-27.0,5.0,ground_ball,medium,1,0,,,937ad0b5-46b9-3e01-b62e-596cff0efd53
823328,15,3,bottom,0,0,0,0,0,0,L,R,field_out,out,0,99.9,8.0,170.0,line_drive,medium,1,0,,,7e6ba8f6-8f0c-311a-9f77-42dab893dc54
823328,16,3,bottom,1,0,0,0,0,0,L,R,double,hit,0,94.1,12.0,163.0,line_drive,medium,1,0,,,7876cb61-48f0-3d29-bb33-035796d3bf10
823328,17,3,bottom,1,0,1,0,1,1,L,R,field_out,out,0,90.0,-15.0,10.0,ground_ball,medium,1,0,,,7b088a3e-8d2b-3917-ab6e-c9695d6f76a9
823328,19,4,top,0,0,0,0,0,0,L,R,field_out,out,0,95.8,33.0,350.0,fly_ball,medium,1,0,,,1151cc68-fb48-37b4-9c55-cebd2f818b5b
823328,21,4,top,2,0,0,0,0,0,L,R,field_out,out,0,94.1,46.0,276.0,fly_ball,medium,1,0,,,5a61cd08-2c85-34d9-9fc4-4c28e68a321a
823328,22,4,bottom,0,0,0,0,0,0,L,R,field_out,out,0,102.8,41.0,336.0,fly_ball,hard,1,0,,,e69cdd22-20b6-3888-8a02-2f304f2569da
823328,24,4,bottom,1,1,0,0,1,0,L,R,field_out,out,0,66.1,-69.0,3.0,ground_ball,medium,1,0,True,MF,96849b92-33df-335d-b3fc-4b9fc30442b2
823328,26,4,bottom,2,1,1,0,2,1,L,R,fielders_choice,fielders_choice,0,101.9,4.0,94.0,ground_ball,medium,1,0,,,c4d1f614-f9d0-318b-88d0-7d7e793909ca
823328,27,4,bottom,2,0,0,0,0,0,L,R,field_out,out,0,73.5,11.0,144.0,ground_ball,medium,1,0,,,4d3022b5-f8bd-350c-b30c-01d60196b97e
823328,28,5,top,0,0,0,0,0,0,R,R,field_out,out,0,71.6,58.0,157.0,popup,medium,1,0,,,10c8dc8b-10a5-3ad3-b919-cdac396104c2
823328,29,5,top,1,0,0,0,0,0,L,R,field_out,out,0,91.3,44.0,305.0,fly_ball,medium,1,0,,,cdc84def-b169-3fc2-83be-5998963cb3f2
823328,30,5,top,2,0,0,0,0,0,L,R,field_out,out,0,93.9,10.0,149.0,line_drive,medium,1,0,,,0cff27a6-58db-3422-962c-df5f05d005f3
823328,31,5,bottom,0,0,0,0,0,0,L,R,field_out,out,0,91.7,5.0,95.0,ground_ball,medium,1,0,,,9c6826ac-1bbd-3853-8bb5-b064b85dd10c
823328,32,5,bottom,1,0,0,0,0,0,L,R,field_out,out,0,91.6,-20.0,7.0,ground_ball,medium,1,0,,,383ceb3c-8e4a-3c86-9663-6a337e4055e5
823328,33,5,bottom,2,0,0,0,0,0,R,R,triple,hit,0,108.1,7.0,162.0,line_drive,medium,1,0,,,ebe43d9d-c499-396a-a833-6282296c66b8
823328,34,5,bottom,2,0,0,0,0,0,L,R,field_out,out,0,64.0,1.0,34.0,ground_ball,medium,1,0,True,MJ,0a723ecf-cd17-3cc7-bb46-511bbe986cb7
823328,36,6,top,1,0,0,0,0,0,L,R,double,hit,0,53.7,29.0,136.0,line_drive,medium,1,0,,,b6e3d3bd-fbd0-33d1-8789-26405cec7a67
823328,37,6,top,1,0,0,0,0,0,R,R,field_out,out,0,91.7,6.0,127.0,line_drive,medium,1,0,,,9bdff382-1290-35ac-b8c9-89c7f57a1660
823328,39,6,bottom,0,0,0,0,0,0,L,R,field_out,out,0,92.1,37.0,335.0,fly_ball,medium,1,0,,,8dabe7f3-f1d9-3e5c-8f51-22860a7d2f2d
823328,41,6,bottom,1,1,0,0,1,0,R,R,field_out,out,0,74.1,-6.0,23.0,ground_ball,medium,1,0,,,799a9959-2c6a-3bff-b90f-fa0cc7d40934
823328,42,6,bottom,2,0,1,0,1,1,L,R,single,hit,1,88.9,6.0,111.0,ground_ball,medium,1,0,,,3bc9a90f-539e-3d38-9e18-6ca562671259
823328,43,6,bottom,2,1,0,0,1,0,L,R,force_out,out,0,104.2,-5.0,18.0,ground_ball,medium,1,0,,,b41fba82-ca5e-3f16-b540-ea1cecd171a6
823328,45,7,top,1,0,0,0,0,0,L,R,field_out,out,0,96.3,-12.0,11.0,ground_ball,medium,1,0,,,9eab63ef-63c8-38c1-9264-829a27e00fae
823328,46,7,top,2,0,0,0,0,0,R,R,field_out,out,0,106.6,40.0,347.0,fly_ball,hard,1,0,,,fe051098-704c-3459-bee8-547ef162a53b
823328,48,7,bottom,0,0,0,0,0,0,R,L,field_out,out,0,90.5,17.0,278.0,line_drive,medium,1,0,,,1e1973cc-34c6-3e6d-90dd-04572baf312d
823328,49,7,bottom,1,1,0,0,1,0,R,L,single,hit,0,89.2,21.0,298.0,line_drive,medium,1,0,,,0ae94881-ff91-3e61-b91b-e0a5b92ce0a1
823328,50,7,bottom,1,0,1,0,1,1,L,L,field_out,out,0,105.3,28.0,375.0,fly_ball,hard,1,0,,,51b5790e-9a89-3dcd-8e7c-a7354567cc8b
823328,56,8,bottom,0,0,0,0,0,0,L,R,double,hit,0,96.1,16.0,256.0,line_drive,medium,1,0,,,4078c4e1-e46c-35b2-b857-d2861ddb27c5
823328,57,8,bottom,0,0,0,0,0,0,L,R,field_out,out,0,81.2,31.0,272.0,fly_ball,medium,1,0,False,MJ,3730346a-da54-3b93-b18e-c598812fceed
823328,63,9,top,2,0,0,0,0,0,L,L,field_out,out,0,94.0,37.0,320.0,fly_ball,medium,1,0,,,a0f127ff-798d-3305-a4cd-a5f8c7738f97
823407,0,1,top,0,0,0,0,0,0,R,R,double,hit,0,97.7,18.0,308.0,line_drive,medium,1,0,,,36227811-3d85-3862-a147-f7a59ec6c5e8
823407,1,1,top,0,0,0,0,0,0,L,R,field_out,out,0,94.3,46.0,283.0,fly_ball,medium,1,0,,,fb06d77c-c7f4-353c-8abc-5f5c3924d9b0
823407,2,1,top,1,0,0,0,0,0,L,R,field_out,out,0,102.9,16.0,300.0,line_drive,hard,1,0,,,21c4493b-341d-3f8a-9786-9b1eb3fd2e9d
823407,3,1,top,2,0,1,0,1,1,R,R,home_run,hit,2,111.9,27.0,399.0,fly_ball,medium,1,0,,,c5c6d189-326e-3891-a5c0-8f66192f8b9e
823407,4,1,top,2,0,0,0,0,0,L,R,double,hit,0,98.3,21.0,355.0,line_drive,medium,1,0,,,2ad12393-72f2-3465-b6f3-5be426de9930
823407,5,1,top,2,0,1,1,2,1,L,R,double,hit,1,101.5,20.0,368.0,line_drive,medium,1,0,True,MJ,6cead570-568a-351b-ac06-889004340f8f
823407,6,1,top,2,0,0,0,0,0,R,R,field_out,out,0,77.9,37.0,288.0,fly_ball,medium,1,0,,,b3d26e08-bda4-3214-acf5-4aa90489b839
823407,8,1,bottom,1,0,0,0,0,0,L,R,field_out,out,0,50.9,46.0,133.0,popup,medium,1,0,,,8258be77-b199-3ad3-ac52-a5aab75ec4d5
823407,9,1,bottom,2,0,0,0,0,0,L,R,field_out,out,0,84.6,-0.0,44.0,ground_ball,medium,1,0,,,558aa054-ac59-3121-bbcc-e5ebf3b1f9c7
823407,10,2,top,0,0,0,0,0,0,L,L,field_out,out,0,96.1,22.0,326.0,line_drive,medium,1,0,,,552de1a2-eff3-3a84-a0ea-d6a336862200
823407,12,2,top,2,0,0,0,0,0,R,L,field_out,out,0,83.4,41.0,295.0,fly_ball,medium,1,0,True,MJ,2b7f778b-f546-3240-a9c2-95a7bbc3c5a3
823407,13,2,bottom,0,0,0,0,0,0,R,R,field_out,out,0,83.4,24.0,283.0,line_drive,medium,1,0,,,695c5647-13ef-3f5a-880b-510befd30bfd
823407,14,2,bottom,1,0,0,0,0,0,L,R,field_out,out,0,65.6,-30.0,6.0,ground_ball,medium,1,0,,,6b863ac4-7db5-3271-8cda-c14a4ead50c8
823407,15,2,bottom,2,0,0,0,0,0,R,R,field_out,out,0,78.6,-26.0,3.0,ground_ball,medium,1,0,,,69f170dc-a9a9-34ef-9bcf-84060272bd41
823407,17,3,top,0,0,0,0,0,0,L,L,field_out,out,0,95.6,33.0,338.0,fly_ball,medium,1,0,,,d29df734-d7ad-39db-9137-ea1e007c77bf
823407,19,3,top,2,0,0,0,0,0,L,R,field_out,out,0,97.3,43.0,322.0,fly_ball,medium,1,0,,,2aef9229-4bdd-3bc1-ad12-f7a98033cab1
823407,20,3,bottom,0,0,0,0,0,0,L,R,single,hit,0,92.4,6.0,119.0,ground_ball,medium,1,0,,,412839ad-59ac-344f-9d5b-23600913da81
823407,21,3,bottom,0,1,0,0,1,0,R,R,grounded_into_double_play,out,0,100.9,-5.0,19.0,ground_ball,medium,1,0,,,97c552cb-8f0a-384b-882a-0652e87a2c3a
823407,22,3,bottom,2,0,0,0,0,0,L,R,single,hit,0,75.3,9.0,125.0,ground_ball,medium,1,0,,,d18236c5-5a30-34a8-ae24-af2d6c6bdc4f
823407,23,3,bottom,2,1,0,0,1,0,R,R,field_out,out,0,104.0,4.0,106.0,line_drive,medium,1,0,,,5c648da5-7517-3c94-ac5d-d62de69be957
823407,26,4,top,1,0,0,0,0,0,L,R,field_out,out,0,67.1,12.0,114.0,line_drive,medium,1,0,,,dd908d8e-ffa8-38ad-83b3-356e28244eb0
823407,29,4,bottom,1,0,0,0,0,0,L,L,field_out,out,0,84.4,6.0,86.0,ground_ball,medium,1,0,,,37309ea8-5fd7-3943-989d-84e63977a16e
823407,30,4,bottom,2,0,0,0,0,0,R,L,field_out,out,0,95.7,38.0,331.0,fly_ball,medium,1,0,,,37e4c3b5-b610-39b1-8345-21b7f348a0fc
823407,31,5,top,0,0,0,0,0,0,R,R,single,hit,0,100.2,1.0,71.0,ground_ball,medium,1,0,,,2efbb1b6-93e8-33d4-83e2-a144849476d4
823407,33,5,top,0,1,1,0,2,1,L,L,force_out,out,0,79.2,-5.0,17.0,ground_ball,medium,1,0,,,6b0f8fac-1b11-3ee5-806a-27f09e11da79
823407,35,5,top,1,1,1,1,3,1,L,L,single,hit,1,97.6,8.0,183.0,line_drive,medium,1,0,,,93eaa2d0-f2c4-30b7-a6ec-1fb31dbbd06f
823407,38,5,top,2,1,1,1,3,1,L,R,single,hit,2,103.1,3.0,76.0,ground_ball,medium,1,0,,,e5a03d16-4ad8-3049-ab27-58b50df8f133
823407,40,5,bottom,0,0,0,0,0,0,L,R,field_out,out,0,91.9,50.0,262.0,fly_ball,medium,1,0,,,927a2775-39ce-30f4-b531-b34b3274499f
823407,43,5,bottom,2,0,0,0,0,0,R,R,field_out,out,0,75.6,-13.0,12.0,ground_ball,medium,1,0,,,b21173c9-fb9b-34a6-be65-05d02805c00f
823407,44,6,top,0,0,0,0,0,0,R,R,single,hit,0,77.2,16.0,183.0,line_drive,medium,1,0,,,47efd581-2840-3578-80f4-45cf4bc6ff9c
823407,45,6,top,0,0,0,0,0,0,L,R,field_out,out,0,97.6,55.0,238.0,fly_ball,medium,1,0,,,58a7c6d0-1777-3b6d-bfdb-e18f971fcc83
823407,46,6,top,1,0,0,0,0,0,L,R,field_out,out,0,97.2,29.0,328.0,fly_ball,medium,1,0,,,461a5578-16ad-303c-a066-0b77da16648d
823407,47,6,top,2,1,0,0,1,0,R,R,single,hit,0,93.7,-9.0,13.0,ground_ball,medium,1,0,,,fad929b0-aff3-30d0-826a-f6eba9b2990b
823407,48,6,top,2,1,1,0,2,1,L,R,double,hit,1,100.9,12.0,231.0,line_drive,medium,1,0,,,3d6f9896-00f9-3523-bca6-d506279e7f9e
823407,49,6,top,2,0,1,1,2,1,L,R,single,hit,2,96.2,10.0,184.0,line_drive,medium,1,0,,,a79a64b4-3850-32e5-893d-a60291705a86
823407,50,6,top,2,0,0,0,0,0,R,R,field_out,out,0,88.9,38.0,279.0,fly_ball,medium,1,0,,,9d52e049-d24c-35e2-b501-227d243825a4
823407,52,6,bottom,1,0,0,0,0,0,R,L,single,hit,0,95.1,8.0,159.0,line_drive,medium,1,0,True,MJ,ca26e091-35dc-303f-92cd-256db37fe471
823407,53,6,bottom,1,1,0,0,1,0,L,L,force_out,out,0,75.5,-9.0,18.0,ground_ball,medium,1,0,,,930751a5-7a8e-3f24-91c5-6e554a27135c
823407,55,7,top,0,0,0,0,0,0,L,R,field_out,out,0,98.9,6.0,115.0,ground_ball,medium,1,0,,,99e1fdaf-a32f-3710-ba1a-40d20c3b3a3c
823407,56,7,top,1,0,0,0,0,0,L,R,field_out,out,0,90.9,53.0,247.0,fly_ball,medium,1,0,,,6c82a7e2-eab7-3215-984e-0f100bb1092e
823407,57,7,top,2,1,0,0,1,0,R,R,field_error,error,0,66.3,-11.0,14.0,ground_ball,medium,1,0,,,773ca3dc-fd32-3fe2-ace4-c67f672493cf
823407,59,7,bottom,0,0,0,0,0,0,R,R,field_out,out,0,92.1,-23.0,8.0,ground_ball,medium,1,0,,,8ca86577-ff93-3d5b-839d-5c90b422ddde
823407,60,7,bottom,1,0,0,0,0,0,L,R,double,hit,0,96.2,18.0,280.0,line_drive,medium,1,0,,,890cfdc6-1639-3b0b-8056-97a41a4d8492
823407,64,7,bottom,2,1,1,1,3,1,L,R,field_error,error,0,91.2,6.0,95.0,ground_ball,medium,1,0,,,f41c6f21-5115-39e8-a82c-192de7b384dc
823407,65,7,bottom,2,1,0,0,1,0,R,R,force_out,out,0,84.7,-14.0,9.0,ground_ball,medium,1,0,,,db498f88-2add-31cc-ba92-fc28775ae5de
823407,66,8,top,0,0,0,0,0,0,L,L,single,hit,0,91.3,10.0,204.0,line_drive,medium,1,0,,,c9ff2949-0dce-3b00-9d9f-925a4bc92b5d
823407,67,8,top,0,0,0,0,0,0,R,L,field_out,out,0,72.5,53.0,169.0,popup,medium,1,0,,,4212a997-5e1c-3ef9-937a-8083dd64856e
823407,68,8,top,1,1,0,0,1,0,L,L,single,hit,0,102.5,3.0,79.0,ground_ball,medium,1,0,,,b37369c3-a916-316b-a57b-3285d42edd87
823407,69,8,top,1,1,0,0,1,0,L,L,grounded_into_double_play,out,0,94.9,-5.0,24.0,ground_ball,medium,1,0,,,34bf44c2-7d13-3634-b8fc-5ebeb589f5a6
823407,70,8,bottom,0,0,0,0,0,0,L,R,field_out,out,0,82.5,60.0,138.0,popup,medium,1,0,,,2feba238-684d-3526-988f-4bebdc5760bf
823407,71,8,bottom,1,0,0,0,0,0,L,R,single,hit,0,75.1,25.0,214.0,line_drive,medium,1,0,,,5d0440b3-c418-31c5-92a7-102672e9ecec
823407,72,8,bottom,1,0,0,0,0,0,R,R,field_out,out,0,78.6,34.0,242.0,fly_ball,medium,1,0,,,2267bddc-876e-35b1-a0f7-2f69fb9fe495
823407,73,8,bottom,2,1,0,0,1,0,L,R,double,hit,0,100.9,10.0,235.0,line_drive,hard,1,0,,,f7f62706-51be-319e-b31a-50e19951ccb8
823407,75,8,bottom,2,0,0,0,0,0,L,R,field_out,out,0,73.7,28.0,230.0,fly_ball,medium,1,0,,,2dbae313-2f5a-3753-a587-7dde1b067992
823407,76,9,top,0,0,0,0,0,0,R,R,single,hit,0,79.2,-50.0,3.0,ground_ball,medium,1,0,,,8a4e8a63-f9ea-3dce-ab7b-a7d1d7f2373a
823407,78,9,top,1,1,0,0,1,0,L,R,double,hit,0,89.0,23.0,282.0,line_drive,medium,1,0,,,74b00c58-55b7-31c0-93ff-75cc6fd6ed0a
823407,79,9,top,1,0,1,1,2,1,R,R,single,hit,2,76.2,6.0,85.0,ground_ball,medium,1,0,,,205e4613-e050-3194-bc93-5f42df40b37b
823407,81,9,top,2,1,0,0,1,0,L,R,single,hit,0,83.8,-2.0,33.0,ground_ball,medium,1,0,,,10db6cb5-f402-3847-8630-a49949d72f22
823407,82,9,top,2,0,0,0,0,0,R,R,field_out,out,0,95.6,27.0,342.0,fly_ball,medium,1,0,,,8babeaf0-b68f-3108-86e9-b8cc202660a5
823407,85,9,bottom,2,0,0,0,0,0,R,R,double,hit,0,99.4,21.0,350.0,line_drive,medium,1,0,,,a908e7c2-a053-3d9c-b070-a73f08f055d6
823407,87,9,bottom,2,0,0,0,0,0,L,R,field_out,out,0,97.1,-4.0,28.0,ground_ball,medium,1,0,,,0e996d0a-19b4-3c72-9b71-54621b9133c4
823408,3,1,bottom,0,0,0,0,0,0,R,R,field_out,out,0,101.5,-13.0,11.0,ground_ball,medium,1,0,,,f9ae18e9-bad4-34a4-9531-012425cecc6b
823408,4,1,bottom,1,0,0,0,0,0,L,R,single,hit,0,113.1,6.0,130.0,ground_ball,medium,1,0,,,1e1ad4e1-e7d3-3421-8608-68b94577ba6a
823408,6,1,bottom,2,1,0,1,2,1,L,R,double,hit,1,101.3,21.0,342.0,line_drive,medium,1,0,,,62c5dd77-2312-3206-9f7b-6a643a12df39
823408,7,1,bottom,2,0,0,0,0,0,R,R,field_out,out,0,88.1,62.0,158.0,popup,medium,1,0,,,d4dfb12d-cd60-33b8-9099-15de60b86bc1
823408,8,2,top,0,0,0,0,0,0,L,R,double,hit,0,91.5,20.0,297.0,line_drive,medium,1,0,,,d3e048b3-ba5d-3e1c-89f9-e6ebcb3ad4fa
823408,9,2,top,0,0,0,0,0,0,L,R,field_out,out,0,47.0,67.0,50.0,popup,soft,1,0,,,d02d71c4-4ef7-3068-a352-0acd03bf18b3
823408,10,2,top,1,0,1,0,1,1,R,R,field_out,out,0,84.5,-19.0,8.0,ground_ball,medium,1,0,,,dd26150e-2101-3db8-9d7a-6a68c279e82a
823408,11,2,top,2,0,0,0,0,0,L,R,field_out,out,0,93.8,48.0,240.0,fly_ball,medium,1,0,,,053783b3-1d81-3ae2-89d8-13a5a86b493e
823408,12,2,bottom,0,0,0,0,0,0,L,R,field_out,out,0,80.6,34.0,280.0,fly_ball,medium,1,0,,,0078c125-1cc8-32ac-bc11-562adfb7057f
823408,13,2,bottom,1,0,0,0,0,0,R,R,double,hit,0,69.0,20.0,168.0,line_drive,medium,1,0,,,54de8807-7e8d-3a39-9dea-4315d00803bc
823408,14,2,bottom,1,0,0,0,0,0,L,R,field_out,out,0,80.0,52.0,229.0,fly_ball,medium,1,0,,,1b721adf-cf4d-33ae-8395-10b5c7d642a6
823408,15,2,bottom,2,0,1,1,2,1,R,R,double,hit,1,110.5,16.0,309.0,line_drive,hard,1,0,,,ca455952-b3ce-3e21-bc0f-9b5e87c58894
823408,16,2,bottom,2,0,1,0,1,1,R,R,single,hit,0,107.3,12.0,263.0,line_drive,hard,1,0,,,5e991239-b89d-3155-aa0b-af0060934abc
823408,17,2,bottom,2,1,1,1,3,1,L,R,double,hit,2,116.8,16.0,348.0,line_drive,hard,1,0,,,3107598a-b221-303f-8913-5f67a61d04c3
823408,18,2,bottom,2,0,0,0,0,0,L,R,field_out,out,0,90.9,52.0,235.0,fly_ball,medium,1,0,,,d824c404-a2fc-317a-802f-d8bd07b66419
823408,19,3,top,0,0,0,0,0,0,R,R,field_out,out,0,57.9,12.0,106.0,ground_ball,medium,1,0,True,MJ,0970be3c-b691-3fa8-a486-313d87878dbc
823408,20,3,top,1,0,0,0,0,0,R,R,field_out,out,0,76.7,-19.0,5.0,ground_ball,medium,1,0,,,5a9711d3-8b92-3622-85f3-af5ea202cf16
823408,21,3,top,2,0,0,0,0,0,L,R,field_out,out,0,101.6,-14.0,3.0,ground_ball,medium,1,0,,,151634a2-36b0-377e-aecf-3a507d14b223
823408,22,3,bottom,0,0,0,0,0,0,L,R,single,hit,0,95.3,4.0,92.0,ground_ball,medium,1,0,,,518a8e7c-2aff-37e6-8740-88aff31f9eb4
823408,24,3,bottom,0,1,1,0,2,1,L,R,sac_bunt,out,0,45.8,-74.0,3.0,bunt_grounder,soft,1,0,,,e927f9fb-d0d0-342d-9c36-48ca7ee65ced
823408,25,3,bottom,1,0,0,0,0,0,R,R,field_out,out,0,71.1,49.0,191.0,fly_ball,medium,1,0,,,ff1fcea6-481e-3b5d-9d56-783e34603b03
823408,26,3,bottom,2,0,0,0,0,0,L,L,field_out,out,0,76.6,-24.0,6.0,ground_ball,medium,1,0,,,7419ee1a-4f29-349f-af26-eea7e2bc5d6f
823408,27,4,top,0,0,0,0,0,0,L,R,double,hit,0,107.5,6.0,127.0,ground_ball,medium,1,0,,,10e248f0-cde3-3679-94a6-b49caf4d0545
823408,28,4,top,0,0,0,0,0,0,R,R,field_out,out,0,110.0,7.0,159.0,line_drive,medium,1,0,,,630bc527-cfbf-380c-a305-79fa10b3e066
823408,29,4,top,1,0,0,0,0,0,L,R,field_out,out,0,81.9,36.0,273.0,fly_ball,medium,1,0,,,9bd6c5d2-8cb3-338c-948d-50abe6ff907d
823408,30,4,top,2,0,0,0,0,0,L,R,field_out,out,0,52.2,48.0,133.0,popup,medium,1,0,,,cac2e8f4-0594-3625-839f-a32a6ac13744
823408,32,4,bottom,1,0,0,0,0,0,R,R,field_out,out,0,92.0,35.0,336.0,fly_ball,medium,1,0,,,20f2529c-e7c8-3cc6-ad34-09810759ce49
823408,34,5,top,0,0,0,0,0,0,R,R,home_run,hit,1,102.4,22.0,382.0,line_drive,medium,1,0,,,7cb06b7e-5c2a-39a7-87d9-4ee55cae9a6f
823408,35,5,top,0,0,0,0,0,0,L,R,single,hit,0,103.4,8.0,140.0,ground_ball,medium,1,0,,,95942c69-aec4-3d5a-8cbe-c7e711ab89eb
823408,37,5,top,1,1,0,0,1,0,R,R,field_out,out,0,91.7,34.0,336.0,fly_ball,medium,1,0,,,cacee081-5002-36d1-84b1-48b0b2f8b390
823408,39,5,bottom,0,0,0,0,0,0,L,R,home_run,hit,1,111.6,20.0,366.0,line_drive,medium,1,0,False,MJ,61812019-340c-35be-a09d-e0c23e6c9aa7
823408,40,5,bottom,0,0,0,0,0,0,L,R,double,hit,0,103.0,5.0,107.0,ground_ball,medium,1,0,,,2eb39270-dda2-327b-8a57-11261f7a50c2
823408,41,5,bottom,0,0,1,0,1,1,R,R,field_out,out,0,98.5,-19.0,9.0,ground_ball,medium,1,0,,,8de1d0d8-300f-3de0-ba82-b6191d65efa2
823408,42,5,bottom,1,0,0,1,1,1,L,R,sac_fly,out,1,99.6,45.0,359.0,fly_ball,medium,1,0,,,508680e5-8a03-3d29-8aea-9483632fd4cf
823408,43,5,bottom,2,0,0,0,0,0,R,R,home_run,hit,1,98.0,25.0,351.0,fly_ball,medium,1,0,,,8aa7d431-6ad7-3f9f-8d87-d2f1e79a7394
823408,44,5,bottom,2,0,0,0,0,0,L,R,field_out,out,0,90.1,-8.0,15.0,ground_ball,medium,1,0,,,c81f9539-35b8-391c-abc9-3dd001c674b8
823408,45,6,top,0,0,0,0,0,0,R,R,field_out,out,0,60.2,17.0,134.0,line_drive,medium,1,0,,,4a659818-970a-36da-98d5-22ebafec9208
823408,46,6,top,1,0,0,0,0,0,R,R,field_out,out,0,100.7,-23.0,8.0,ground_ball,medium,1,0,,,d8cf548e-8694-3433-9f68-fde12bfabb01
823408,47,6,top,2,0,0,0,0,0,L,R,double,hit,0,99.3,15.0,291.0,line_drive,medium,1,0,,,67e64db6-bfd4-3005-819e-1177ce3a2d47
823408,48,6,top,2,0,0,0,0,0,L,R,field_out,out,0,94.2,-3.0,29.0,ground_ball,medium,1,0,,,18d88b45-70f7-3614-b071-d0caff2367c4
823408,49,6,bottom,0,0,0,0,0,0,R,R,field_out,out,0,27.9,-66.0,2.0,ground_ball,soft,1,0,,,d203d7d6-1917-3fe7-8764-3c4fb0c456f1
823408,52,6,bottom,2,0,0,0,0,0,L,R,field_out,out,0,74.1,64.0,144.0,popup,medium,1,0,,,1e675c66-e775-376e-8037-dc03e217c25a
823408,53,7,top,0,0,0,0,0,0,R,R,home_run,hit,1,97.7,30.0,374.0,fly_ball,medium,1,0,,,42125772-e42d-3f8d-b2a3-2eddc1b82d7a
823408,55,7,top,1,0,0,0,0,0,R,R,field_out,out,0,57.0,-71.0,1.0,ground_ball,soft,1,0,,,b3bc1f7a-8ad5-3848-8e97-f8a7e828a301
823408,56,7,top,2,0,0,0,0,0,R,R,double,hit,0,105.1,20.0,400.0,line_drive,hard,1,0,,,7281be42-0610-35a8-b729-b7d54c2e42fd
823408,57,7,top,2,0,1,0,1,1,L,R,single,hit,1,81.7,6.0,106.0,ground_ball,medium,1,0,,,a2fc3374-918a-3101-ba86-055ee3a9edf6
823408,58,7,top,2,0,0,0,0,0,R,R,field_out,out,0,86.7,69.0,109.0,popup,medium,1,0,,,1d6173c2-e2c0-3fd9-87a1-37f399d02814
823408,61,7,bottom,0,1,1,0,2,1,L,R,grounded_into_double_play,out,0,90.2,-5.0,19.0,ground_ball,medium,1,0,,,2c47e0c4-e22c-3d08-b627-6e6ba92472c3
823408,63,8,top,0,0,0,0,0,0,R,L,field_out,out,0,98.9,-32.0,5.0,ground_ball,medium,1,0,,,d336c81a-896e-380b-b801-590486d89795
823408,64,8,top,1,0,0,0,0,0,L,L,field_out,out,0,86.1,-35.0,4.0,ground_ball,medium,1,0,,,64dffd84-3a6e-315f-90e0-16dcba4c316f
823408,65,8,top,2,0,0,0,0,0,L,L,field_out,out,0,80.7,-5.0,24.0,ground_ball,medium,1,0,,,338ffde1-ebb6-399f-bffc-c9f45f9489ad
823408,66,8,bottom,0,0,0,0,0,0,L,R,single,hit,0,104.9,13.0,258.0,line_drive,hard,1,0,,,87f5a6c3-96d9-3f9c-8479-e8cdaea8829c
823408,67,8,bottom,0,0,0,0,0,0,R,R,field_out,out,0,106.3,45.0,333.0,fly_ball,hard,1,0,,,945409ba-7c64-3200-bf61-541dc816b54f
823408,68,8,bottom,1,1,0,0,1,0,R,R,single,hit,0,97.3,6.0,156.0,line_drive,medium,1,0,,,f1454f9d-6382-399a-9201-4c5e14f7fe6d
823408,69,8,bottom,1,1,1,0,2,1,L,R,field_out,out,0,71.1,-22.0,7.0,ground_ball,medium,1,0,,,0d8bdd46-af82-36df-8a58-52601604e4dc
823408,70,8,bottom,2,0,0,0,0,0,L,R,field_out,out,0,86.2,-9.0,18.0,ground_ball,medium,1,0,,,90589f73-9cb2-3f2c-8bc1-9e84203d3540
823408,71,9,top,0,0,0,0,0,0,R,R,field_out,out,0,53.7,-61.0,1.0,ground_ball,soft,1,0,,,400081f4-eb2d-365a-bb4b-8ddddeb37ac2
823409,0,1,top,0,0,0,0,0,0,R,L,field_out,out,0,104.7,-33.0,4.0,ground_ball,medium,1,0,,,dd5f1ada-9659-306a-a531-75d815a15fad
823409,2,1,top,2,0,0,0,0,0,R,L,single,hit,0,106.3,5.0,98.0,ground_ball,hard,1,0,,,a3abc7c5-8514-3a67-8327-8173b03b410a
823409,3,1,top,2,1,0,0,1,0,R,L,single,hit,0,107.6,3.0,93.0,ground_ball,hard,1,0,,,d9239d8a-b19a-3fea-9c54-13d26e9fbc53
823409,4,1,top,2,1,1,1,3,1,R,L,single,hit,1,102.5,10.0,198.0,line_drive,hard,1,0,,,7bf25154-6a34-39ba-afbc-4f45eb8641f1
823409,5,1,top,2,0,0,0,0,0,L,L,field_out,out,0,70.9,-11.0,17.0,ground_ball,medium,1,0,,,ec6b287a-2cb8-3b83-b9eb-a736af05c041
823409,6,1,bottom,0,0,0,0,0,0,L,R,field_out,out,0,112.2,0.0,56.0,ground_ball,hard,1,0,,,85e02737-05d6-3860-b47d-ab9b2978f0ef
823409,7,1,bottom,1,0,0,0,0,0,R,R,field_out,out,0,81.6,35.0,291.0,fly_ball,medium,1,0,,,196651c9-a4a9-3329-9953-9e4b21c73e8d
823409,9,1,bottom,2,1,0,0,1,0,R,R,force_out,out,0,90.8,-31.0,4.0,ground_ball,medium,1,0,,,97f7f1bc-13de-3086-896f-2a11af9fe57c
823409,11,2,top,1,0,0,0,0,0,R,L,home_run,hit,1,102.0,26.0,367.0,fly_ball,medium,1,0,,,b5a746c2-7a9c-34b7-861a-9b5b74e62dfd
823409,12,2,top,1,0,0,0,0,0,R,L,field_out,out,0,91.7,65.0,123.0,popup,medium,1,0,,,56e3c2a2-3fb5-3cae-8697-55f7affc1f67
823409,13,2,top,2,0,0,0,0,0,R,L,field_out,out,0,100.6,-23.0,5.0,ground_ball,hard,1,0,,,21c8c672-3372-33b6-b5f8-790ca7d252ee
823409,14,2,bottom,0,0,0,0,0,0,L,R,single,hit,0,99.7,-10.0,13.0,ground_ball,medium,1,0,,,0923e1c2-9642-3cd0-b19f-659a7d572a6d
823409,15,2,bottom,0,0,0,0,0,0,L,R,field_out,out,0,90.6,47.0,265.0,fly_ball,medium,1,0,,,bcd92b85-6e23-3e43-a1ce-91702eb43ce2
823409,16,2,bottom,1,1,0,0,1,0,L,R,grounded_into_double_play,out,0,85.2,-4.0,26.0,ground_ball,medium,1,0,,,58aed30c-37b3-36b4-b70c-7e4a300cd214
823409,17,3,top,0,0,0,0,0,0,L,L,single,hit,0,88.3,18.0,245.0,line_drive,medium,1,0,,,38743d94-1ea7-354a-abca-a40cb84028be
823409,18,3,top,0,0,0,0,0,0,R,L,field_out,out,0,107.0,28.0,400.0,fly_ball,hard,1,0,,,076ffb3e-f721-39a1-82cf-9bedd3293c8f
823409,19,3,top,1,0,0,0,0,0,R,L,field_out,out,0,60.7,54.0,129.0,popup,medium,1,0,,,45884992-eba0-3e97-86cf-c941bc2d0ad0
823409,20,3,top,2,0,0,0,0,0,R,L,field_out,out,0,97.1,-12.0,8.0,ground_ball,medium,1,0,,,427d9646-9d8c-38a9-863c-4f170864f491
823409,21,3,bottom,0,0,0,0,0,0,R,R,field_out,out,0,92.7,25.0,321.0,line_drive,medium,1,0,,,19860abd-034d-364d-a96b-b23ba6122d13
823409,22,3,bottom,1,0,0,0,0,0,R,R,field_out,out,0,94.1,-4.0,18.0,ground_ball,medium,1,0,,,0dd4de00-adc9-381e-9c0e-6a8ee171747e
823409,25,4,top,0,1,0,0,1,0,L,L,field_error,error,0,79.0,-12.0,8.0,ground_ball,medium,1,0,,,f84573bc-555e-3447-8f24-f85a5996d045
823409,27,4,top,2,0,0,0,0,0,R,L,field_out,out,0,72.1,-56.0,3.0,ground_ball,medium,1,0,,,28a69eaa-b73f-36fc-85a6-3a7153a4122b
823409,29,4,bottom,1,0,0,0,0,0,R,R,field_out,out,0,95.0,-8.0,19.0,ground_ball,medium,1,0,,,fc9830c3-7ae4-341f-b4cd-813b90ca556a
823409,32,5,top,0,0,0,0,0,0,R,L,field_out,out,0,75.4,42.0,216.0,fly_ball,medium,1,0,,,4d246a05-2675-3bdf-b0d0-08185239b92a
823409,33,5,top,1,0,0,0,0,0,R,L,field_out,out,0,77.5,5.0,79.0,ground_ball,medium,1,0,,,d229c544-e6dc-3c70-bb55-c900ed798201
823409,36,5,bottom,0,0,0,0,0,0,L,R,single,hit,0,,-65.0,1.0,ground_ball,medium,0,0,,,8d115c62-c395-3469-bb5a-4111b0514d73
823409,37,5,bottom,0,0,0,0,0,0,R,R,field_out,out,0,90.5,18.0,281.0,line_drive,medium,1,0,,,e3e00e99-72c3-3daf-bb06-fc2b6f5d4d58
823409,39,5,bottom,2,0,0,0,0,0,L,R,field_out,out,0,92.6,7.0,116.0,ground_ball,medium,1,0,,,f4020ee7-c047-34f6-97f8-05bccee20afc
823409,43,6,bottom,0,0,0,0,0,0,R,R,single,hit,0,95.4,5.0,117.0,ground_ball,medium,1,0,,,9965c399-c833-3208-bb53-ff93bac42de3
823409,44,6,bottom,0,1,0,0,1,0,L,R,single,hit,0,65.9,29.0,219.0,fly_ball,medium,1,0,,,9c2ccf8a-1c65-392e-baac-d244a63282fd
823409,45,6,bottom,0,1,1,0,2,1,R,R,field_out,out,0,84.0,-2.0,32.0,ground_ball,medium,1,0,True,MJ,eeb6f948-6b91-37ef-8848-120f5abffac8
823409,46,6,bottom,1,0,0,0,0,0,L,L,field_out,out,0,84.1,11.0,180.0,line_drive,medium,1,0,,,f2df4029-6d82-3a62-88c9-5e048ca9c010
823409,47,6,bottom,2,0,0,0,0,0,R,L,field_out,out,0,93.2,8.0,147.0,line_drive,medium,1,0,,,490d8e9d-74c8-30fe-893f-f4d53d1cdc12
823409,51,7,bottom,0,0,0,0,0,0,L,R,field_out,out,0,100.1,28.0,336.0,fly_ball,hard,1,0,,,a90f877e-2bce-374d-ab2b-99b6f7aa8319
823409,52,7,bottom,1,0,0,0,0,0,R,R,field_out,out,0,86.9,-12.0,9.0,ground_ball,medium,1,0,,,a0774789-0fed-34a7-8e36-53eb86832237
823409,54,8,top,0,0,0,0,0,0,R,R,field_out,out,0,99.8,-36.0,4.0,ground_ball,medium,1,0,,,6d6c81d1-12ce-3ae9-bc4d-5a2cfbbac95a
823409,56,8,top,2,0,0,0,0,0,R,R,field_out,out,0,72.1,65.0,106.0,popup,medium,1,0,,,245c7d0a-0fe6-3558-9bb7-ada93e717946
823409,57,8,bottom,0,0,0,0,0,0,L,R,field_out,out,0,101.2,-14.0,11.0,ground_ball,hard,1,0,,,d9f15617-4cd5-3e7a-811d-975f5f2253ff
823409,58,8,bottom,1,0,0,0,0,0,R,R,field_out,out,0,91.0,56.0,235.0,popup,medium,1,0,,,793d8efb-7c30-3df2-a2df-1f6e098d83b4
823409,60,9,top,0,0,0,0,0,0,R,L,field_out,out,0,84.0,-23.0,6.0,ground_ball,medium,1,0,,,7c9898c0-9425-3b2b-b059-b05cff856415
823409,61,9,top,1,0,0,0,0,0,R,L,field_out,out,0,61.1,12.0,105.0,ground_ball,medium,1,0,,,298454bc-5a3d-3bfc-88a0-b3fed0e97191
823409,62,9,top,2,0,0,0,0,0,L,L,single,hit,0,105.1,-1.0,42.0,ground_ball,hard,1,0,,,66e8752a-166a-356a-a46a-94b846b8f1c1
823409,65,9,bottom,0,0,0,0,0,0,R,R,field_out,out,0,98.9,20.0,327.0,line_drive,medium,1,0,,,cf63a492-f214-3917-8317-33a4a7a786c8
823409,66,9,bottom,1,0,0,0,0,0,L,R,field_out,out,0,94.8,40.0,317.0,fly_ball,medium,1,0,,,522ce347-327b-3210-b623-aec97af9b6a1
823409,67,9,bottom,2,0,0,0,0,0,R,R,field_out,out,0,95.5,37.0,299.0,fly_ball,medium,1,0,,,05401ec2-8967-3e09-94e3-b8f6e9a0ea2a
823410,1,1,top,1,0,0,0,0,0,R,R,field_out,out,0,96.8,27.0,361.0,fly_ball,medium,1,0,,,8c2fb9bb-7d26-3313-9024-88edf058219c
823410,2,1,top,2,0,0,0,0,0,L,R,home_run,hit,1,108.4,22.0,406.0,fly_ball,medium,1,0,,,6266ab3b-bdc8-3121-89e8-e09d761bd78f
823410,5,1,bottom,1,0,0,0,0,0,R,R,field_out,out,0,78.5,-33.0,5.0,ground_ball,medium,1,0,,,cedfe01b-e966-3793-8f9c-07cf10aabf6e
823410,7,1,bottom,2,0,0,0,0,0,L,R,field_out,out,0,88.6,73.0,54.0,popup,medium,1,0,,,3f7ec64a-3f77-3e0c-be57-efa590e0387b
823410,10,2,top,2,0,0,0,0,0,L,R,home_run,hit,1,106.1,38.0,378.0,fly_ball,medium,1,0,,,99d6a3d7-4743-3298-9f79-b7dea790c77f
823410,11,2,top,2,0,0,0,0,0,L,R,field_out,out,0,68.4,10.0,113.0,ground_ball,medium,1,0,,,e4118728-9cd7-323c-bf27-2261f888a310
823410,12,2,bottom,0,0,0,0,0,0,R,R,single,hit,0,86.4,7.0,111.0,ground_ball,medium,1,0,,,08d90b5e-4a7c-3a8b-b038-42da8def0241
823410,13,2,bottom,0,1,0,0,1,0,L,R,double,hit,0,93.9,24.0,344.0,line_drive,medium,1,0,,,0793612f-f736-3047-a813-7b40593d4974
823410,15,2,bottom,0,1,1,1,3,1,R,R,field_out,out,1,71.3,-1.0,30.0,ground_ball,medium,1,0,,,1c75ef7a-af9b-3f90-b196-44a2b8f77227
823410,16,2,bottom,1,0,0,0,0,0,L,R,field_out,out,0,75.3,49.0,222.0,fly_ball,medium,1,0,,,962f3e14-cefb-367c-ad21-4d53b370ad4f
823410,17,2,bottom,2,0,0,0,0,0,L,R,field_out,out,0,71.9,-18.0,7.0,ground_ball,medium,1,0,,,f20fe8d4-094f-3c6c-86de-45a46ddf98dd
823410,19,3,top,0,1,0,0,1,0,L,R,force_out,out,0,67.1,-46.0,4.0,ground_ball,medium,1,0,,,592a53b7-1515-3dac-b114-c0cf5875e346
823410,21,3,top,2,1,0,0,1,0,L,R,double,hit,0,85.1,14.0,185.0,line_drive,medium,1,0,,,b2e88d7f-f38f-318b-9683-595da9909f2c
823410,22,3,top,2,0,1,1,2,1,R,R,single,hit,2,78.1,3.0,53.0,ground_ball,medium,1,0,,,5f56217d-6ba1-3778-9793-3315853d5848
823410,24,3,bottom,0,0,0,0,0,0,R,R,field_out,out,0,81.4,1.0,58.0,ground_ball,medium,1,0,,,094b1935-d6bf-3244-9bdf-2418379529ce
823410,25,3,bottom,1,0,0,0,0,0,L,R,field_out,out,0,77.7,60.0,158.0,popup,medium,1,0,,,b0cc0a2c-8edb-3d19-9947-c96a3c8d9850
823410,26,3,bottom,2,0,0,0,0,0,L,R,field_out,out,0,98.8,9.0,159.0,line_drive,medium,1,0,False,MJ,fb15d8bb-bbb8-3e66-a3c3-be0f3026f24b
823410,28,4,top,1,0,0,0,0,0,L,R,field_out,out,0,80.4,-33.0,4.0,ground_ball,medium,1,0,,,d1198abd-db5e-312a-92d2-25ab789b592b
823410,29,4,top,2,0,0,0,0,0,L,R,field_out,out,0,90.6,-23.0,6.0,ground_ball,medium,1,0,,,52c5c251-5f61-3991-81e9-9ce831abaa95
823410,31,4,bottom,1,0,0,0,0,0,L,R,double,hit,0,107.4,15.0,278.0,line_drive,hard,1,0,,,462bfdca-216c-3d6b-be3f-ca28de9a7707
823410,33,4,bottom,2,0,0,0,0,0,R,R,field_out,out,0,83.9,55.0,215.0,fly_ball,medium,1,0,,,24747984-b114-383e-831b-6b57008fa878
823410,34,5,top,0,0,0,0,0,0,L,R,field_out,out,0,65.4,38.0,201.0,fly_ball,medium,1,0,,,bb41696c-80e2-3e5d-ba38-8d48f3dbb54d
823410,35,5,top,1,0,0,0,0,0,L,R,field_out,out,0,101.8,2.0,72.0,ground_ball,hard,1,0,,,63ce8568-a7ab-3884-875b-7de5c903b480
823410,37,5,bottom,0,0,0,0,0,0,L,R,single,hit,0,96.8,10.0,193.0,line_drive,medium,1,0,,,47730ede-144c-3a06-99d1-fb6e2787ce7c
823410,39,5,bottom,0,0,1,0,1,1,R,R,field_out,out,0,93.1,32.0,337.0,fly_ball,medium,1,0,,,0cd6ee39-15c0-370d-b33b-24c6259593aa
823410,40,5,bottom,1,0,0,0,0,0,L,R,field_out,out,0,83.3,61.0,186.0,fly_ball,medium,1,0,,,22b7c3fc-80dd-34d6-8fd3-f21a5327b0e4
823410,41,5,bottom,2,0,0,0,0,0,L,R,field_out,out,0,84.1,57.0,202.0,fly_ball,medium,1,0,,,7f88638c-0516-3a1e-a4bd-abb7ca8b9dd0
823410,42,6,top,0,0,0,0,0,0,L,R,field_out,out,0,67.6,-10.0,10.0,ground_ball,medium,1,0,,,60f46c4a-e12b-3e25-8f4c-8ea5be049dba
823410,43,6,top,1,0,0,0,0,0,R,R,field_out,out,0,86.5,0.0,47.0,ground_ball,medium,1,0,,,c3067d31-fc7d-3ae9-998a-44740f7e33de
823410,44,6,top,2,0,0,0,0,0,L,R,field_out,out,0,93.3,30.0,352.0,fly_ball,medium,1,0,True,MJ,348d1767-24dc-31e7-8183-9a57e32d355a
823410,47,6,bottom,1,0,0,0,0,0,R,L,field_out,out,0,106.4,10.0,166.0,line_drive,hard,1,0,,,9fbe7f13-8f56-3e81-a5c5-ad75c44259e8
823410,48,6,bottom,2,1,0,0,1,0,R,L,field_out,out,0,106.0,5.0,103.0,ground_ball,hard,1,0,,,78389c76-e13e-34c0-b2f5-f35ce62ef741
823410,49,7,top,0,0,0,0,0,0,R,L,single,hit,0,100.0,14.0,245.0,line_drive,hard,1,0,,,6e465806-e986-3765-ab0d-0527cf54662a
823410,50,7,top,0,1,0,0,1,0,L,L,force_out,out,0,32.5,-25.0,7.0,bunt_grounder,medium,1,0,,,8a7912d8-4a52-3da7-aa34-36ffcd9f3f42
823410,51,7,top,1,1,0,0,1,0,L,L,grounded_into_double_play,out,0,88.5,5.0,113.0,ground_ball,medium,1,0,,,a63e7284-23f6-33c9-be18-5841feec20ff
823410,54,7,bottom,1,1,0,0,1,0,R,L,single,hit,0,,-75.0,1.0,ground_ball,medium,0,0,,,37d50960-d85a-32e8-8239-ceacd1bc7a12
823410,55,7,bottom,1,1,1,0,2,1,L,L,field_out,out,0,,-90.0,0.0,ground_ball,medium,0,0,,,e5efd6e8-4350-3824-a7d2-37ef82747093
823410,56,7,bottom,2,0,0,0,0,0,L,L,field_out,out,0,91.4,5.0,83.0,ground_ball,medium,1,0,,,fd613f60-d368-38f9-93a7-624cc6f3e1c7
823410,58,8,top,1,0,0,0,0,0,L,L,field_out,out,0,63.7,-66.0,2.0,ground_ball,medium,1,0,,,9a6c538f-e12b-391c-9130-a9360a9c5895
823410,59,8,top,2,0,0,0,0,0,R,L,single,hit,0,74.3,-48.0,3.0,ground_ball,medium,1,0,,,ce728df0-fe8f-38f7-8ad0-7448f7b91b4a
823410,61,8,bottom,0,0,0,0,0,0,R,R,field_out,out,0,104.0,-9.0,13.0,ground_ball,hard,1,0,,,cb5bd0fa-d168-3f61-90aa-d37ada9f8c6a
823410,62,8,bottom,1,0,0,0,0,0,L,R,field_out,out,0,73.4,-29.0,4.0,ground_ball,medium,1,0,,,9465937b-32e0-34e0-82f1-8f1053837dcd
823410,63,8,bottom,2,0,0,0,0,0,R,R,double,hit,0,103.3,22.0,386.0,line_drive,hard,1,0,,,1655ce3c-6271-30f2-9b34-bac9b5f1bfac
823410,65,9,top,0,0,0,0,0,0,R,R,field_error,error,0,76.5,-9.0,9.0,ground_ball,medium,1,0,,,a319220c-1609-3551-a6dd-10400cdaa3f4
823410,67,9,top,1,1,0,0,1,0,R,R,grounded_into_double_play,out,0,90.1,-20.0,6.0,ground_ball,medium,1,0,,,52c0c8ab-a886-3341-9916-a7400494c1f1
823410,68,9,bottom,0,0,0,0,0,0,R,R,field_out,out,0,87.7,-21.0,5.0,ground_ball,medium,1,0,,,1a39e1ea-3af1-3b25-9536-8ed1c3051c91
823410,69,9,bottom,1,0,0,0,0,0,L,R,field_out,out,0,92.1,67.0,105.0,popup,medium,1,0,,,3e42d46e-7344-39fc-acac-fddde61f506f
823411,4,1,bottom,0,0,0,0,0,0,L,L,field_out,out,0,101.7,44.0,285.0,fly_ball,hard,1,0,,,143a4d00-8e0b-3cf7-ae77-c49a5102530a
823411,5,1,bottom,1,0,0,0,0,0,R,L,field_out,out,0,107.4,6.0,123.0,ground_ball,hard,1,0,,,25679023-7a04-3e87-b3ed-c3321d3bb10c
823411,6,1,bottom,2,0,0,0,0,0,L,L,single,hit,0,98.7,11.0,254.0,line_drive,medium,1,0,,,9e7b8098-2e63-3484-ba37-e9198048ec0f
823411,7,1,bottom,2,0,0,0,0,0,L,L,field_out,out,0,87.6,28.0,328.0,fly_ball,medium,1,0,,,340f27fe-0d97-3434-a1d3-039382b4ee44
823411,9,2,top,0,1,0,0,1,0,L,R,field_out,out,0,76.6,-45.0,2.0,ground_ball,medium,1,0,,,923d4b06-3055-3f4c-a157-a40a53114036
823411,10,2,top,1,0,1,0,1,1,R,R,single,hit,0,55.3,-82.0,3.0,ground_ball,soft,1,0,,,864a1ec3-48a9-3c02-9562-8287b553dd58
823411,11,2,top,1,1,0,1,2,1,L,R,double,hit,1,84.0,5.0,100.0,ground_ball,medium,1,0,,,ce02bf9a-3824-3b64-9c46-bc43d929e71e
823411,14,2,bottom,0,0,0,0,0,0,R,L,field_out,out,0,93.5,37.0,303.0,fly_ball,medium,1,0,,,a29b1ed8-c599-31ee-9674-f73b9908d89d
823411,19,3,top,0,0,0,0,0,0,L,R,single,hit,0,76.4,10.0,105.0,ground_ball,medium,1,0,,,dc82d803-b4ef-3f5d-976b-749c64db232f
823411,20,3,top,0,0,0,0,0,0,R,R,field_out,out,0,72.8,41.0,231.0,fly_ball,medium,1,0,True,MJ,85d5619e-fd5c-3222-af16-b8b7bfb1f1b8
823411,23,3,bottom,0,0,0,0,0,0,L,L,double,hit,0,111.8,9.0,236.0,line_drive,hard,1,0,,,6c1ccc77-8d83-3fb4-8f67-6c59b8a767cb
823411,24,3,bottom,0,0,1,0,1,1,R,L,field_out,out,0,87.8,-22.0,5.0,ground_ball,medium,1,0,,,9bc5be2e-13e9-3807-a94b-d83cb973b968
823411,25,3,bottom,1,0,0,1,1,1,L,L,single,hit,1,92.6,8.0,140.0,ground_ball,medium,1,0,,,4d96b41e-0193-32ea-b2e4-658c08e39952
823411,26,3,bottom,1,1,0,0,1,0,L,L,force_out,out,0,97.3,-5.0,24.0,ground_ball,medium,1,0,,,335c48ea-326d-3476-9d6b-fbd55fa55f69
823411,28,3,bottom,2,0,0,0,0,0,R,R,field_out,out,0,83.1,-20.0,7.0,ground_ball,medium,1,0,,,3b8584ea-1043-3fa2-bcd1-a3fc75c2efd5
823411,29,4,top,0,0,0,0,0,0,L,R,single,hit,0,95.8,16.0,261.0,line_drive,medium,1,0,,,77c140e0-526f-3f85-9473-b4ecf2bdcbda
823411,30,4,top,0,0,0,0,0,0,R,R,field_out,out,0,77.1,14.0,163.0,line_drive,medium,1,0,,,0808b1f1-8fbb-35f2-a963-4a0d82a179c0
823411,32,4,top,2,0,0,0,0,0,R,R,field_out,out,0,101.2,-10.0,15.0,ground_ball,hard,1,0,,,4c21720d-0cbe-3354-9008-85dfe3c1710f
823411,33,4,bottom,0,0,0,0,0,0,L,R,field_out,out,0,107.2,6.0,154.0,line_drive,hard,1,0,,,35ecb706-5f74-30b9-aa3f-72c6eb199957
823411,34,4,bottom,1,0,0,0,0,0,R,R,field_out,out,0,83.6,-4.0,22.0,ground_ball,medium,1,0,,,dfa990e1-b972-33ba-934e-3fa7805edee5
823411,35,4,bottom,2,0,0,0,0,0,L,R,field_out,out,0,97.6,8.0,171.0,line_drive,medium,1,0,,,796704ab-0ceb-3eea-ab25-99295fcbae2c
823411,36,5,top,0,0,0,0,0,0,L,R,single,hit,0,87.3,14.0,222.0,line_drive,medium,1,0,,,b6a77c70-e0ed-3153-b20d-d0bedb6b2c92
823411,37,5,top,0,1,0,0,1,0,L,R,grounded_into_double_play,out,0,100.1,-3.0,28.0,ground_ball,hard,1,0,,,2ee55ed9-73ce-3fbf-956e-63fd4792673c
823411,38,5,top,2,0,0,0,0,0,R,R,field_out,out,0,81.0,-5.0,23.0,ground_ball,medium,1,0,,,12d1646b-9800-301c-a590-2df497be0524
823411,39,5,bottom,0,0,0,0,0,0,L,L,field_out,out,0,102.2,-4.0,31.0,ground_ball,hard,1,0,,,f5591538-5c7e-34c0-898a-aa89b69b3507
823411,41,5,bottom,2,0,0,0,0,0,L,L,field_out,out,0,87.2,-23.0,7.0,ground_ball,medium,1,0,,,67a2e573-1214-3e4c-bf04-2e7e6c88359a
823411,42,6,top,0,0,0,0,0,0,L,R,field_out,out,0,79.3,-18.0,7.0,ground_ball,medium,1,0,,,fbac4b08-0dfd-38a3-a52d-5d2775052eca
823411,44,6,top,2,0,0,0,0,0,L,R,field_out,out,0,88.4,30.0,311.0,fly_ball,medium,1,0,,,6de1bcbd-7614-3b7f-96f7-8724f70079bf
823411,45,6,bottom,0,0,0,0,0,0,L,L,field_out,out,0,97.2,4.0,87.0,ground_ball,medium,1,0,,,669de3ec-2308-3386-a4bd-e0e3fab2da77
823411,46,6,bottom,1,0,0,0,0,0,R,L,field_error,error,0,105.7,-5.0,30.0,ground_ball,hard,1,0,True,MJ,f95eb39c-6198-3a6d-a883-b7810db3cc0b
823411,48,6,bottom,2,0,0,0,0,0,L,L,field_out,out,0,86.4,-21.0,5.0,ground_ball,medium,1,0,,,a39e154b-e819-3e5e-beed-c8c5542abcef
823411,55,7,bottom,1,0,0,0,0,0,R,L,field_out,out,0,100.8,17.0,335.0,line_drive,hard,1,0,,,9e27eb96-c6cc-388e-9b9f-1919780706ff
823411,56,7,bottom,2,0,0,0,0,0,L,L,single,hit,0,100.9,9.0,153.0,line_drive,hard,1,0,,,3e0b5214-0aa6-376c-8919-ebb4b66a1fd8
823411,57,7,bottom,2,0,0,0,0,0,R,L,field_out,out,0,91.6,59.0,148.0,popup,medium,1,0,,,d355b328-9391-36c0-8574-20a39f84b49f
823411,59,8,top,0,1,1,0,2,1,L,L,single,hit,1,104.1,-8.0,15.0,ground_ball,hard,1,0,,,47396912-7b70-30df-9687-dc5d3c6892df
823411,60,8,top,0,1,1,0,2,1,R,L,single,hit,0,96.9,24.0,341.0,fly_ball,medium,1,0,,,e0a10dcc-e58a-31c0-a81d-735a3d42658c
823411,61,8,top,0,0,0,0,0,0,R,L,field_out,out,0,81.3,22.0,273.0,line_drive,medium,1,0,,,29e62300-fff1-3b3d-a8f8-610980359e67
823411,62,8,top,1,1,0,1,2,1,R,R,single,hit,1,90.4,-12.0,13.0,ground_ball,medium,1,0,,,b7d622ce-9344-3160-823f-bba55f2f778d
823411,63,8,top,1,0,0,0,0,0,L,R,field_out,out,0,61.2,68.0,106.0,popup,medium,1,0,,,006ac8aa-a2fa-33c0-bc24-d9300c6f5450
823411,64,8,top,2,1,1,1,3,1,R,R,single,hit,1,76.1,19.0,219.0,line_drive,medium,1,0,,,75ef0f7b-4ba2-3e67-b6e4-2e2314816fd1
823411,66,8,bottom,0,0,0,0,0,0,L,L,field_out,out,0,72.4,50.0,178.0,popup,medium,1,0,,,20a2b204-8577-3265-b728-772e69ef5699
823411,67,8,bottom,1,0,0,0,0,0,R,R,field_out,out,0,72.2,-43.0,4.0,ground_ball,medium,1,0,,,66c5cf20-3287-3cd8-ac61-22f728e52423
823411,69,9,top,0,0,0,0,0,0,L,L,field_out,out,0,79.5,-54.0,3.0,ground_ball,medium,1,0,,,03c223f9-9cbe-33e1-bcb4-953da12cbce6
823411,70,9,top,1,0,0,0,0,0,R,L,home_run,hit,1,108.4,35.0,375.0,fly_ball,medium,1,0,,,1429338b-076d-32eb-9eb3-539a732e6c22
823411,71,9,top,1,0,0,0,0,0,L,L,double,hit,0,97.1,28.0,342.0,fly_ball,medium,1,0,,,bb51cd60-fd00-3408-928b-4f9fa2ae1709
823411,72,9,top,1,0,1,0,1,1,R,L,field_out,out,0,80.4,-6.0,20.0,ground_ball,medium,1,0,,,b577b977-976c-3dd0-aad8-1d50bf3aaa5d
823411,73,9,top,2,0,0,0,0,0,R,L,field_out,out,0,99.1,-21.0,6.0,ground_ball,medium,1,0,,,b00ac85d-998b-38a4-9793-5a36335b7e1b
823411,74,9,bottom,0,0,0,0,0,0,R,R,field_out,out,0,75.2,20.0,180.0,line_drive,medium,1,0,,,074fbab8-5c36-36c5-8291-70aa5309502b
823411,76,9,bottom,1,0,0,0,0,0,R,R,field_out,out,0,97.1,29.0,344.0,fly_ball,medium,1,0,True,MJ,73b17bfc-089e-377b-8a4d-0be963d16f51
823411,77,9,bottom,2,0,0,0,0,0,L,R,field_out,out,0,63.0,-62.0,1.0,ground_ball,medium,1,0,,,d9e429d1-08d1-32ed-baa9-2fa59120ad90
823412,3,1,bottom,0,0,0,0,0,0,L,R,field_out,out,0,100.1,35.0,361.0,fly_ball,hard,1,0,,,1d124dd0-ee65-3b2f-919a-307b640bda59
823412,4,1,bottom,1,0,0,0,0,0,R,R,field_out,out,0,92.0,-32.0,4.0,ground_ball,medium,1,0,,,dc6861e8-2992-307d-9615-c9bf6f52ff5c
823412,6,1,bottom,2,0,0,0,0,0,L,R,field_out,out,0,90.0,27.0,333.0,fly_ball,medium,1,0,,,e93e2b40-b0b2-3e9c-90e8-04a52636d515
823412,10,2,bottom,0,0,0,0,0,0,R,R,field_out,out,0,95.1,-39.0,5.0,ground_ball,medium,1,0,,,816fbbc6-49f2-3ca1-9f77-2c87122a0bf4
823412,12,2,bottom,1,1,1,0,2,1,L,R,home_run,hit,2,104.4,32.0,390.0,fly_ball,medium,1,0,True,MA,9dbc2f0c-7a3d-34db-aaf4-95ad0df4bb57
823412,16,3,top,1,0,0,0,0,0,R,R,field_out,out,0,73.6,-18.0,9.0,ground_ball,medium,1,0,,,47702ba5-b1e0-39f4-b601-b0c611b484b4
823412,17,3,top,2,0,0,0,0,0,L,R,field_out,out,0,80.3,-8.0,20.0,ground_ball,medium,1,0,,,e6d34880-56c4-3031-bfb1-4ce9ff785b1d
823412,19,3,bottom,1,0,0,0,0,0,R,L,single,hit,0,108.3,6.0,234.0,line_drive,hard,1,0,,,05ceb90d-0d50-3524-8959-d7be69b6fe7b
823412,20,3,bottom,1,0,0,0,0,0,L,L,field_out,out,0,85.7,27.0,307.0,fly_ball,medium,1,0,,,b458722b-7459-3da1-8222-19610d42350d
823412,21,3,bottom,2,1,1,0,2,1,L,L,single,hit,0,89.8,-3.0,22.0,ground_ball,medium,1,0,,,a8bc9f7a-2ce0-3410-b773-ef8c739f12a9
823412,22,3,bottom,2,1,0,1,2,1,R,L,double,hit,1,105.3,15.0,236.0,line_drive,hard,1,0,,,c3b2b498-2a44-3cea-8f1d-90e291135e74
823412,23,3,bottom,2,0,0,0,0,0,L,L,field_out,out,0,102.3,-21.0,4.0,ground_ball,hard,1,0,,,8af49753-68fd-39d4-9777-6cc07bc7c643
823412,24,4,top,0,0,0,0,0,0,L,R,single,hit,0,58.0,35.0,169.0,line_drive,soft,1,0,,,f45c0572-e0ba-38a6-acbe-b95d92f895d9
823412,26,4,top,1,1,1,0,2,1,L,R,single,hit,0,75.7,-0.0,38.0,ground_ball,medium,1,0,,,182bf0e6-55bb-30a4-82d8-9b2ae2ce8b33
823412,27,4,top,1,0,0,1,1,1,R,R,sac_fly,out,1,81.1,25.0,285.0,line_drive,medium,1,0,,,e09ab82a-797e-322e-a9a3-786034164024
823412,30,4,bottom,1,0,0,0,0,0,R,L,field_out,out,0,79.6,-6.0,14.0,ground_ball,medium,1,0,,,41ff9457-b094-3f57-9412-d00556e87949
823412,31,4,bottom,2,0,0,0,0,0,L,L,field_out,out,0,86.4,-46.0,3.0,ground_ball,medium,1,0,,,13eb7ebd-5084-3e51-90ca-0675e51b48ea
823412,33,5,top,1,0,0,0,0,0,L,R,field_out,out,0,100.8,17.0,325.0,line_drive,hard,1,0,,,0048dea9-9f6d-37e6-8d39-7fb6eeaed9de
823412,34,5,top,2,0,0,0,0,0,R,R,field_out,out,0,88.6,31.0,328.0,fly_ball,medium,1,0,,,4dc7effc-22ab-3eb7-a7aa-9e2b8dd2e0f8
823412,35,5,bottom,0,0,0,0,0,0,L,L,field_out,out,0,79.6,82.0,8.0,popup,medium,1,0,,,1dc6ace7-e2b5-3967-b70d-3908adb8e54a
823412,36,5,bottom,1,0,0,0,0,0,R,L,field_error,error,0,105.7,-7.0,15.0,ground_ball,hard,1,0,,,3d6cb6bf-2a94-3e4e-b356-e99351f67cfc
823412,37,5,bottom,1,1,0,0,1,0,L,L,field_out,out,0,88.6,2.0,58.0,ground_ball,medium,1,0,,,71b0d3c7-2c13-3c5e-b127-a6c1b4e018b5
823412,38,5,bottom,2,0,0,0,0,0,L,L,field_out,out,0,88.2,36.0,275.0,fly_ball,medium,1,0,True,MJ,003aab9d-4d2c-3ed0-ae20-3e40c69f96af
823412,39,6,top,0,0,0,0,0,0,L,R,single,hit,0,82.8,17.0,216.0,line_drive,medium,1,0,,,b66c9682-5307-384a-b5e0-f4341cfc24f2
823412,40,6,top,0,0,0,0,0,0,L,R,field_out,out,0,99.2,21.0,338.0,line_drive,medium,1,0,,,df90be48-7ce3-3b95-816f-652208301155
823412,43,6,top,2,0,1,1,2,1,R,R,single,hit,2,83.3,12.0,186.0,line_drive,medium,1,0,,,f8ec1342-a7e9-3c2b-8968-4c0e79e57918
823412,44,6,top,2,1,0,0,1,0,L,R,single,hit,0,80.2,6.0,98.0,ground_ball,medium,1,0,True,MJ,dbd68f0c-2d40-395b-a21a-c72fa9e1d52a
823412,45,6,top,2,0,0,0,0,0,L,L,field_out,out,0,79.4,-46.0,2.0,ground_ball,medium,1,0,,,17fe2e49-2d5d-3e18-a602-195cb043807f
823412,46,6,bottom,0,0,0,0,0,0,R,L,field_out,out,0,94.1,46.0,262.0,fly_ball,medium,1,0,,,4b5ccf54-c594-32f4-be7b-1f3d2c7f4ad4
823412,47,6,bottom,1,0,0,0,0,0,L,L,field_out,out,0,101.5,-26.0,5.0,ground_ball,hard,1,0,,,5c82c6ee-b212-3d3e-8428-2d7f45301583
823412,48,6,bottom,2,0,0,0,0,0,L,L,field_out,out,0,97.1,-7.0,17.0,ground_ball,medium,1,0,,,0b5d0222-8725-3ca2-bf1e-70c268d2bc7b
823412,49,7,top,0,0,0,0,0,0,L,R,field_out,out,0,94.7,-28.0,4.0,ground_ball,medium,1,0,,,7ba3db36-35b4-341e-8ae5-74fd46e005c8
823412,51,7,top,2,0,0,0,0,0,L,R,field_out,out,0,87.9,35.0,319.0,fly_ball,medium,1,0,,,4a5205fc-6675-36ec-80d6-3444fcf16afe
823412,53,7,bottom,0,1,0,0,1,0,R,L,grounded_into_double_play,out,0,72.3,-19.0,7.0,ground_ball,medium,1,0,,,f550cdcd-c7a7-3df2-bfd0-dd66d3fd987f
823412,54,7,bottom,2,0,0,0,0,0,L,L,field_out,out,0,86.7,-7.0,20.0,ground_ball,medium,1,0,,,11bd3406-0136-3d1a-afe6-8e1eb5e4ebdb
823412,56,8,top,1,0,0,0,0,0,R,R,field_out,out,0,71.3,55.0,170.0,popup,medium,1,0,,,53a97688-f327-3278-a0cd-9a559df98770
823412,57,8,top,2,0,0,0,0,0,L,L,field_out,out,0,99.3,-6.0,20.0,ground_ball,medium,1,0,,,633d6f66-0701-38f1-9fbc-c4f545819257
823412,58,8,bottom,0,0,0,0,0,0,R,L,field_out,out,0,79.2,70.0,106.0,popup,medium,1,0,,,aaa6c42b-acdd-3544-a00a-687c8809fe9c
823412,59,8,bottom,1,0,0,0,0,0,L,L,field_out,out,0,95.9,-11.0,13.0,ground_ball,medium,1,0,,,16f9137c-e889-3a49-99ad-0b3767e25fcc
823412,60,8,bottom,2,0,0,0,0,0,L,L,single,hit,0,97.9,14.0,272.0,line_drive,medium,1,0,,,ae4151a1-4324-3e35-898d-a5e369a9e7b1
823412,61,8,bottom,2,1,0,0,1,0,R,L,single,hit,0,86.5,13.0,172.0,line_drive,medium,1,0,,,a7d4bd1b-4827-3c8d-b756-589b4a4015fd
823412,62,8,bottom,2,1,1,1,3,1,L,L,single,hit,1,88.7,18.0,251.0,line_drive,medium,1,0,,,05e92b3c-bc1d-3ec9-9536-98b6fe30c0a9
823412,63,8,bottom,2,0,1,1,2,1,L,L,double,hit,1,100.1,22.0,374.0,line_drive,hard,1,0,,,6d876abd-d2e1-3d5d-be3e-c36554373b7b
823412,64,8,bottom,2,0,0,0,0,0,R,L,field_out,out,0,101.5,45.0,303.0,fly_ball,hard,1,0,,,5d43f663-cd02-32cb-a6ba-0e0c1d666ed2
823412,68,9,top,2,1,1,0,2,1,L,R,single,hit,1,74.2,20.0,222.0,line_drive,medium,1,0,,,7ae00289-cb7c-3dde-bf6f-ba66e9b41119
823412,69,9,top,2,1,0,0,1,0,R,R,field_out,out,0,83.8,-40.0,2.0,ground_ball,medium,1,0,,,8b345942-887d-3fea-92e1-680a2899a3d4
823489,0,1,top,0,0,0,0,0,0,L,L,field_out,out,0,75.7,39.0,247.0,fly_ball,medium,1,0,,,192c3944-71c4-3472-9173-8868387c578a
823489,1,1,top,1,0,0,0,0,0,R,L,single,hit,0,86.0,26.0,297.0,line_drive,medium,1,0,,,6520d8ca-1ec8-34c4-a7f5-6dcba9bc63a1
823489,2,1,top,1,1,0,0,1,0,R,L,single,hit,0,99.9,-4.0,36.0,ground_ball,medium,1,0,,,42a9e817-edcb-33ed-95ba-75e5b7374af9
823489,4,1,top,2,0,0,0,0,0,R,L,field_out,out,0,74.0,26.0,266.0,fly_ball,medium,1,0,,,ca741f6d-44a1-33ef-b68d-a33a15414b8b
823489,9,2,top,1,0,0,0,0,0,R,L,single,hit,0,85.2,14.0,182.0,line_drive,medium,1,0,,,035c1f25-b093-3119-bdb0-366a4ac3f1f5
823489,10,2,top,1,1,1,0,2,1,R,L,single,hit,0,75.4,18.0,180.0,line_drive,medium,1,0,,,2fb78805-2b9d-3e5b-8edc-4cdfb4b8d712
823489,13,2,bottom,0,0,0,0,0,0,L,R,field_out,out,0,85.0,51.0,228.0,fly_ball,medium,1,0,,,0a6da852-6ae3-37e8-b07f-bbc670131e56
823489,19,3,top,2,1,0,0,1,0,L,R,double,hit,0,92.0,10.0,148.0,line_drive,medium,1,0,,,d8a73ff5-e4cb-3b8b-8938-c965d188678a
823489,21,3,bottom,0,0,0,0,0,0,R,R,field_out,out,0,45.1,-43.0,2.0,ground_ball,soft,1,0,,,ccd15a21-bdbf-300f-bbee-334ee3186b48
823489,24,3,bottom,2,1,0,0,1,0,L,R,single,hit,0,95.2,15.0,282.0,line_drive,medium,1,0,,,27087df8-dd24-34a4-a193-9a464c72f4e0
823489,25,3,bottom,2,0,0,0,0,0,L,R,field_out,out,0,92.3,-1.0,35.0,ground_ball,medium,1,0,,,77917e2c-517a-3a6d-8579-82f6cb117868
823489,27,4,top,1,0,0,0,0,0,R,R,field_error,error,0,94.1,16.0,269.0,line_drive,medium,1,0,,,d7ad66dc-9140-3ede-af20-5c9d347746e7
823489,28,4,top,1,1,0,0,1,0,R,R,single,hit,0,92.6,0.0,52.0,ground_ball,medium,1,0,,,a379448b-3ba5-3ab7-bcac-b926fe2e959b
823489,29,4,top,1,0,0,0,0,0,L,R,field_out,out,0,76.8,54.0,210.0,fly_ball,medium,1,0,,,2f8b24bc-4d14-33fc-a01e-cceca0c7a988
823489,30,4,top,2,0,0,0,0,0,R,R,field_out,out,0,91.8,61.0,123.0,popup,medium,1,0,,,a11ebcf8-23f2-34b1-883a-54dfe901d470
823489,31,4,bottom,0,0,0,0,0,0,R,R,field_out,out,0,74.2,-54.0,2.0,ground_ball,medium,1,0,,,a2f9a773-38da-3bff-8f97-0a08d1ab21a6
823489,32,4,bottom,1,0,0,0,0,0,L,R,field_out,out,0,105.3,9.0,206.0,line_drive,medium,1,0,,,5d46cf89-793c-3735-8583-5ff18f124d7e
823489,33,4,bottom,2,0,0,0,0,0,L,R,field_out,out,0,91.6,61.0,147.0,popup,medium,1,0,,,b5ac507a-11b4-3a91-aae0-7c38d156b2ce
823489,36,5,top,2,0,0,0,0,0,L,R,field_out,out,0,68.9,-1.0,33.0,ground_ball,medium,1,0,,,7621ad42-e1a0-364c-9ffc-45bb66fef64b
823489,37,5,bottom,0,0,0,0,0,0,L,R,field_out,out,0,77.3,67.0,106.0,popup,medium,1,0,,,26c12ae3-b92f-31b8-a014-e00c2b4fa212
823489,38,5,bottom,1,0,0,0,0,0,R,R,field_out,out,0,99.4,28.0,386.0,fly_ball,medium,1,0,,,755e3e94-ee8f-3b54-8907-e6cc9a620144
823489,40,5,bottom,2,1,0,1,2,1,L,R,double,hit,1,106.6,14.0,318.0,line_drive,medium,1,0,,,7d0b73ab-ebb8-348c-956b-d8016534c240
823489,43,6,top,1,0,0,0,0,0,R,R,single,hit,0,94.1,7.0,134.0,ground_ball,medium,1,0,,,686ad8a4-d507-32b7-bb5b-e0a945addbf2
823489,45,6,top,2,0,0,0,0,0,R,R,field_out,out,0,86.5,74.0,84.0,popup,medium,1,0,,,4c98678c-344a-3479-8e20-a24336d7b8df
823489,49,6,bottom,1,1,1,1,3,1,L,L,single,hit,1,74.3,26.0,247.0,fly_ball,medium,1,0,,,4b1059ef-691a-3c1a-a4d1-3eaec822712c
823489,51,6,bottom,2,0,1,1,2,1,R,R,double,hit,2,92.8,27.0,301.0,fly_ball,medium,1,0,,,06befdbd-600a-31c4-8c42-a305e5404f11
823489,52,6,bottom,2,0,0,0,0,0,L,R,field_out,out,0,75.5,-49.0,3.0,ground_ball,medium,1,0,,,12260ee3-b83d-37b1-89c4-69182e810f3d
823489,55,7,top,1,1,0,0,1,0,R,L,single,hit,0,78.2,18.0,211.0,line_drive,medium,1,0,,,232b1319-63e0-308f-b29f-a6af28362f3f
823489,57,7,top,1,0,0,1,1,1,R,L,sac_fly,out,1,104.8,14.0,326.0,line_drive,hard,1,0,,,a8627430-c096-3021-98d1-acea1eb3ec6a
823489,59,7,bottom,0,0,0,0,0,0,L,R,single,hit,0,108.7,14.0,233.0,line_drive,hard,1,0,,,34289399-7b77-3168-bd6e-a87be38e298f
823489,60,7,bottom,0,1,0,0,1,0,L,R,double,hit,0,101.6,24.0,385.0,fly_ball,hard,1,0,,,415d5cda-8bb0-3be3-912b-8ceb151f761b
823489,61,7,bottom,0,0,0,0,0,0,L,R,field_out,out,0,97.4,-9.0,17.0,ground_ball,medium,1,0,,,46b91310-d0cf-377f-aadf-e93508bbe759
823489,62,7,bottom,1,0,1,1,2,1,R,R,single,hit,1,77.7,23.0,244.0,line_drive,medium,1,0,,,679fcb7c-c5f6-33b4-b3d2-395435122d9b
823489,63,7,bottom,1,1,1,1,3,1,L,L,single,hit,1,105.8,-13.0,10.0,ground_ball,medium,1,0,,,492aafc8-0399-309e-8588-c143c091ab4b
823489,65,7,bottom,2,0,0,0,0,0,L,L,field_out,out,0,102.1,6.0,111.0,ground_ball,medium,1,0,True,MJ,389ea8b9-f90a-3af8-8cc0-3d468ba7890d
823489,66,8,top,0,0,0,0,0,0,R,R,field_out,out,0,85.0,-28.0,4.0,ground_ball,medium,1,0,,,7982d4a2-fdee-3c66-88d8-4942f399ce2d
823489,68,8,top,2,0,0,0,0,0,R,R,field_out,out,0,92.6,38.0,319.0,fly_ball,medium,1,0,,,f3cd6eae-7a78-3463-babf-abde8b70ff1d
823489,72,9,top,0,0,0,0,0,0,L,R,home_run,hit,1,105.1,24.0,368.0,fly_ball,medium,1,0,,,13f0f005-f3ad-3bf2-afaf-3ed3365a4f37
823489,74,9,top,0,1,0,0,1,0,R,R,single,hit,0,93.6,-32.0,6.0,ground_ball,medium,1,0,,,709e86c9-449f-3f9d-87bc-0e379e60123c
823489,75,9,top,0,0,0,0,0,0,R,R,field_out,out,0,92.3,20.0,276.0,line_drive,medium,1,0,,,c1b03270-7db4-3adb-b61a-38044b5bf776
823489,76,9,top,1,1,1,0,2,1,L,R,double,hit,1,104.6,33.0,386.0,fly_ball,hard,1,0,,,1f13db6b-f3da-3501-abde-695df1eb2721
823491,3,1,bottom,0,0,0,0,0,0,R,L,field_out,out,0,86.1,30.0,318.0,fly_ball,medium,1,0,,,a7698b8a-65d7-36bb-9ade-5fd0dc4db61e
823491,4,1,bottom,1,0,0,0,0,0,L,L,field_out,out,0,103.2,-6.0,21.0,ground_ball,medium,1,0,,,6a00d676-87b5-3bde-9492-dc8ca5ea25d6
823491,5,1,bottom,2,0,0,0,0,0,R,L,single,hit,0,108.3,4.0,101.0,ground_ball,medium,1,0,,,f03da5e1-c701-3819-95fb-90f15dc88d43
823491,7,2,top,0,0,0,0,0,0,R,R,field_out,out,0,92.1,25.0,361.0,fly_ball,medium,1,0,,,09de4d29-5265-31cc-b6e3-45cf93a5a5b5
823491,8,2,top,1,0,0,0,0,0,R,R,field_out,out,0,62.4,-29.0,4.0,ground_ball,medium,1,0,,,2ccab6a0-a29f-3f2a-be1b-1d9b838aa9d1
823491,9,2,top,2,0,0,0,0,0,L,R,double,hit,0,96.1,15.0,205.0,line_drive,medium,1,0,,,0bc224a3-c447-3eb8-a058-9caa8723b18e
823491,11,2,bottom,0,0,0,0,0,0,R,L,field_out,out,0,92.9,5.0,79.0,ground_ball,medium,1,0,,,57d44084-0499-3b19-807a-a7ba79c25655
823491,12,2,bottom,1,0,0,0,0,0,L,L,field_out,out,0,103.7,22.0,380.0,line_drive,hard,1,0,,,648d128b-82a0-3117-8c8b-73cb9de874f2
823491,13,2,bottom,2,0,0,0,0,0,R,L,single,hit,0,102.7,15.0,271.0,line_drive,hard,1,0,,,5b109b66-3734-34b4-90a3-4d412d9cb37a
823491,14,2,bottom,2,0,0,0,0,0,R,L,field_out,out,0,67.0,58.0,154.0,popup,medium,1,0,,,8f4ae897-35c5-30c1-ba98-390327babb1d
823491,15,3,top,0,0,0,0,0,0,R,R,field_out,out,0,94.8,-16.0,9.0,ground_ball,medium,1,0,,,f1ff2bf5-086d-3fbf-ba30-ab5373133164
823491,16,3,top,1,0,0,0,0,0,R,R,field_out,out,0,104.1,39.0,358.0,fly_ball,hard,1,0,,,570e10b9-08e8-309a-9bbf-02e75cd196b5
823491,18,3,top,2,1,0,0,1,0,R,R,home_run,hit,2,104.9,24.0,407.0,fly_ball,medium,1,0,,,5ee1625f-09ca-3a2e-a19a-a3f36ac8770d
823491,21,3,bottom,1,0,0,0,0,0,R,L,field_out,out,0,79.3,41.0,252.0,fly_ball,medium,1,0,,,8ade5a03-a0e5-3896-aa4c-6f99e9231d3a
823491,24,4,top,0,1,0,0,1,0,R,R,single,hit,0,50.3,29.0,122.0,ground_ball,medium,1,0,,,22543110-6eae-38f6-b02e-4607ad532620
823491,27,4,top,1,1,1,1,3,1,R,R,single,hit,1,86.7,13.0,182.0,line_drive,medium,1,0,,,1abef100-82e9-372c-892f-43624c3c11a1
823491,28,4,top,1,1,1,1,3,1,R,R,force_out,out,0,61.4,11.0,94.0,ground_ball,medium,1,0,,,1ddb42bb-d0b2-316c-8ac5-e5bd9732c137
823491,29,4,top,2,1,1,1,3,1,L,R,home_run,hit,4,100.4,33.0,379.0,fly_ball,medium,1,0,,,4c94f243-688c-3b7b-9c60-dc9698332d53
823491,30,4,top,2,0,0,0,0,0,R,R,single,hit,0,110.5,10.0,171.0,line_drive,hard,1,0,,,08f3417c-b968-38dd-ac67-9e86218a931b
823491,31,4,top,2,0,0,0,0,0,L,R,field_out,out,0,80.5,38.0,269.0,fly_ball,medium,1,0,,,d017eda3-9e8f-3212-a2c6-d7d4a3e4fa94
823491,32,4,bottom,0,0,0,0,0,0,R,L,triple,hit,0,107.4,26.0,405.0,fly_ball,hard,1,0,,,cfaf2ae4-147b-3db8-8ea1-2ccba66a9c5e
823491,33,4,bottom,0,0,0,1,1,1,R,L,single,hit,1,87.9,14.0,216.0,line_drive,medium,1,0,,,49a6ec1d-ad19-3c91-a9e3-ecf5248cb99f
823491,35,4,bottom,1,0,0,0,0,0,L,L,field_out,out,0,72.4,50.0,207.0,fly_ball,medium,1,0,,,d136956e-0d5b-3fa2-b331-55d9aceaf4f9
823491,36,4,bottom,2,1,1,0,2,1,R,L,single,hit,0,83.0,-7.0,14.0,ground_ball,medium,1,0,,,2c112759-e4f5-3c35-81a9-158567cb1cb3
823491,37,4,bottom,2,0,0,0,0,0,R,L,field_out,out,0,87.3,70.0,98.0,popup,medium,1,0,,,97650d86-d79f-315a-a3ba-ec02fe569a94
823491,40,5,top,2,0,0,0,0,0,L,R,field_out,out,0,87.7,2.0,56.0,ground_ball,medium,1,0,,,df21548f-2c88-3153-94d5-a035a8be005a
823491,41,5,bottom,0,0,0,0,0,0,R,R,field_out,out,0,82.5,49.0,240.0,fly_ball,medium,1,0,,,1c33b809-992d-3586-bde4-c594c00e540d
823491,42,5,bottom,1,0,0,0,0,0,R,R,field_out,out,0,93.4,20.0,311.0,line_drive,medium,1,0,,,89d98d81-fd68-30b2-aeeb-0a790e6c39a0
823491,44,6,top,0,0,0,0,0,0,R,R,home_run,hit,1,105.2,22.0,369.0,fly_ball,hard,1,0,,,41d1e769-2897-3446-a5db-3802be110f2d
823491,45,6,top,0,0,0,0,0,0,R,R,field_out,out,0,63.7,52.0,160.0,popup,medium,1,0,,,ad598e51-918d-3f9f-a593-b9c7e1fe5afa
823491,46,6,top,1,0,0,0,0,0,R,R,field_out,out,0,107.0,-13.0,10.0,ground_ball,medium,1,0,,,1b57661b-4410-3b43-a4f7-3105fd99f667
823491,48,6,bottom,0,0,0,0,0,0,R,R,field_out,out,0,94.2,-19.0,6.0,ground_ball,medium,1,0,,,c3779c2a-35d3-39a6-83d3-16a81b27c91c
823491,49,6,bottom,1,0,0,0,0,0,R,R,single,hit,0,105.1,6.0,118.0,ground_ball,medium,1,0,,,9ce369ff-e649-3fbf-94d7-5b9e40c69817
823491,52,7,top,0,0,0,0,0,0,R,R,home_run,hit,1,112.8,27.0,471.0,fly_ball,medium,1,0,,,1629b648-03e1-3d39-9d20-68185b59bffd
823491,53,7,top,0,0,0,0,0,0,L,R,single,hit,0,101.6,12.0,242.0,line_drive,hard,1,0,,,91059b21-2d3b-32fa-8310-e493321ba1b1
823491,55,7,top,1,0,0,0,0,0,R,R,field_out,out,0,87.4,54.0,214.0,popup,medium,1,0,,,b07146bf-8e76-3bdf-a746-1e4535d325ed
823491,56,7,top,2,1,1,0,2,1,L,R,single,hit,0,101.3,13.0,263.0,line_drive,hard,1,0,,,bc775921-22a9-3d52-b966-31c33d223918
823491,57,7,top,2,0,0,0,0,0,R,R,field_out,out,0,86.7,59.0,164.0,popup,medium,1,0,,,6abf8969-d3e7-3f53-a4b5-0a5900d06ded
823491,59,7,bottom,1,0,0,0,0,0,R,R,single,hit,0,97.2,16.0,235.0,line_drive,medium,1,0,,,e48d3a0a-07d9-3bd0-af8f-0290d4710cf1
823491,61,7,bottom,2,0,0,0,0,0,R,R,field_out,out,0,79.9,-26.0,5.0,ground_ball,medium,1,0,,,7f000de8-50cc-3835-b7df-7fd54e1acda1
823491,62,8,top,0,0,0,0,0,0,R,R,single,hit,0,108.7,1.0,57.0,ground_ball,medium,1,0,,,263df0c2-9bb6-32c7-b09a-32d4898a52f3
823491,63,8,top,0,0,0,0,0,0,R,R,field_out,out,0,57.7,44.0,165.0,popup,medium,1,0,,,5c16d822-7428-34da-8a87-9d724d840ac0
823491,65,8,top,1,0,0,0,0,0,R,R,field_out,out,0,49.1,27.0,112.0,popup,medium,1,0,,,d9eeda6b-0b1b-36ea-901a-9aa85fb48c20
823491,66,8,top,2,1,1,1,3,1,L,R,single,hit,1,104.2,-4.0,32.0,ground_ball,medium,1,0,,,1193516e-6da8-38a9-9f89-3f3fb05af7f0
823491,68,8,bottom,0,0,0,0,0,0,L,R,single,hit,0,95.4,17.0,228.0,line_drive,medium,1,0,,,2c0f3f88-3f43-3314-a65a-fc0d2acc8a1e
823491,69,8,bottom,0,0,0,0,0,0,R,R,field_out,out,0,85.4,45.0,307.0,fly_ball,medium,1,0,,,24b735eb-9473-32ee-bd54-ef9a4da15995
823491,70,8,bottom,1,0,0,0,0,0,R,R,field_out,out,0,88.4,51.0,232.0,fly_ball,medium,1,0,,,aef16357-6b2a-32e1-b515-f7b1a0573012
823491,71,8,bottom,2,0,0,0,0,0,R,R,field_out,out,0,84.5,36.0,276.0,fly_ball,medium,1,0,,,5edd230c-192f-3225-a22a-78d6dc5df60e
823491,72,9,top,0,0,0,0,0,0,R,R,double,hit,0,97.4,1.0,55.0,ground_ball,medium,1,0,,,32dfbd63-f60d-34f3-939f-bc6bca4281c8
823491,73,9,top,0,0,1,0,1,1,L,R,field_out,out,0,101.5,-20.0,7.0,ground_ball,medium,1,0,,,493a9590-449a-35c1-8295-84ace6d71e7a
823491,77,9,top,2,0,0,0,0,0,L,R,field_out,out,0,80.0,37.0,268.0,fly_ball,medium,1,0,,,f36967fe-af8a-3247-bb43-3ddd7c5c905f
823491,78,9,bottom,0,0,0,0,0,0,L,R,single,hit,0,114.8,19.0,367.0,line_drive,hard,1,0,,,7ed14417-1665-38ca-ad0f-9d5c63c4ce10
823491,82,9,bottom,1,0,0,1,1,1,R,R,sac_fly,out,1,98.6,22.0,342.0,line_drive,medium,1,0,,,cf495fee-e84b-3b5e-a893-d1b0815dda5b
823492,2,1,top,1,0,0,0,0,0,R,R,field_out,out,0,82.8,67.0,108.0,popup,medium,1,0,,,6536256e-39d8-34ad-8e99-bf00e01cc7e0
823492,3,1,top,2,0,0,0,0,0,L,R,field_out,out,0,94.5,4.0,85.0,ground_ball,medium,1,0,,,db208b88-6164-328d-8064-934817d0b49b
823492,4,1,bottom,0,0,0,0,0,0,L,R,home_run,hit,1,108.4,36.0,379.0,fly_ball,medium,1,0,,,4ba04a9c-e4df-3b38-990a-d3f1da486eb9
823492,7,1,bottom,2,0,0,0,0,0,R,R,field_out,out,0,95.8,50.0,225.0,fly_ball,medium,1,0,,,00f4fd54-1ca5-36be-9774-ff58fa8aa034
823492,9,2,top,1,0,0,0,0,0,L,R,single,hit,0,69.8,21.0,209.0,line_drive,medium,1,0,,,e62ad83c-016d-3de3-a1de-0641d2bb53f8
823492,10,2,top,1,0,0,0,0,0,R,R,field_out,out,0,99.9,31.0,336.0,fly_ball,medium,1,0,,,5cd7fc5e-58cf-3a54-b3f7-c36ac1699daf
823492,12,2,bottom,0,0,0,0,0,0,L,R,double,hit,0,101.0,13.0,180.0,line_drive,hard,1,0,,,0fd680b5-2f86-37fa-8292-f334f42c8f75
823492,14,2,bottom,1,0,1,0,1,1,R,R,field_out,out,0,81.5,-2.0,32.0,ground_ball,medium,1,0,,,76335c33-3eda-316b-9c52-111ece2dd305
823492,15,2,bottom,2,0,0,1,1,1,L,R,single,hit,1,79.0,2.0,49.0,ground_ball,medium,1,0,,,bddc1d2d-5ea7-3cea-b180-6b4168690cf4
823492,16,2,bottom,2,1,0,0,1,0,R,R,field_error,error,0,81.7,-25.0,6.0,ground_ball,medium,1,0,,,77938264-bb6c-33e7-a687-5839aa6abe1e
823492,17,2,bottom,2,0,0,0,0,0,L,R,field_out,out,0,61.6,-62.0,1.0,ground_ball,medium,1,0,,,eec5c5b7-c60b-3259-997b-1dc83d8287a5
823492,18,3,top,0,0,0,0,0,0,L,R,field_out,out,0,91.9,66.0,142.0,popup,medium,1,0,,,2f3ec133-336b-3df6-a82a-57ef87ee2c37
823492,20,3,top,2,0,0,0,0,0,L,R,field_out,out,0,72.4,-41.0,3.0,ground_ball,medium,1,0,,,20e0e006-6c8e-3dc3-b810-f081cfd61472
823492,21,3,bottom,0,0,0,0,0,0,R,R,home_run,hit,1,102.5,25.0,384.0,fly_ball,medium,1,0,,,e9fc350a-7b5d-3c02-8318-0e666f3ef888
823492,22,3,bottom,0,0,0,0,0,0,L,R,single,hit,0,90.9,6.0,93.0,ground_ball,medium,1,0,,,45e002b1-92ad-312a-b13d-0b7dfae3f99a
823492,25,3,bottom,2,1,1,0,2,1,L,R,single,hit,0,97.2,-0.0,51.0,ground_ball,medium,1,0,False,MJ,8cef003c-6f1e-3d49-8fe9-9c76929b4a51
823492,27,3,bottom,2,1,1,1,3,1,L,R,home_run,hit,4,109.1,40.0,332.0,fly_ball,medium,1,0,,,9c2794ad-e180-38b9-8f81-4f24c7a46b54
823492,28,3,bottom,2,0,0,0,0,0,R,R,field_out,out,0,101.1,5.0,114.0,ground_ball,hard,1,0,,,92a0b3fc-e10b-366b-88f6-c3bfdc59a2eb
823492,30,4,top,1,0,0,0,0,0,R,R,field_out,out,0,93.3,64.0,144.0,popup,medium,1,0,,,c1445fa1-8f0b-30d0-a498-d5f63e6eb64d
823492,32,4,top,2,1,0,1,2,1,R,R,double,hit,1,74.7,48.0,202.0,fly_ball,medium,1,0,,,1eaadb46-a887-3f24-b3be-e6abdea55f5b
823492,34,4,bottom,0,0,0,0,0,0,L,R,home_run,hit,1,101.1,30.0,383.0,fly_ball,medium,1,0,,,d73dfaae-cdb9-39c6-997d-e714a20b0e4d
823492,36,4,bottom,1,0,0,0,0,0,L,R,field_out,out,0,73.9,55.0,162.0,popup,medium,1,0,,,cf47022f-a98f-3f74-94ed-e4ff3a6c6c74
823492,37,4,bottom,2,0,0,0,0,0,R,R,single,hit,0,75.9,17.0,177.0,line_drive,medium,1,0,,,bb7ee18a-6736-3887-9a2a-7120dfd5f882
823492,38,4,bottom,2,0,0,0,0,0,L,R,field_out,out,0,96.8,28.0,343.0,fly_ball,medium,1,0,,,927e201d-f43b-32cc-b41a-ce3f9fbffb39
823492,40,5,top,1,0,0,0,0,0,L,R,home_run,hit,1,98.7,31.0,375.0,fly_ball,medium,1,0,,,1e52f1f9-2350-3778-a460-933fdc60e224
823492,42,5,top,2,0,0,0,0,0,L,R,field_out,out,0,83.2,83.0,19.0,popup,medium,1,0,,,0cf23c56-6d8b-3b47-a0f1-b7781547676c
823492,43,5,bottom,0,0,0,0,0,0,L,R,field_out,out,0,104.8,48.0,255.0,fly_ball,hard,1,0,,,87aa06c6-de2f-3b44-a2c9-39625d804ef9
823492,44,5,bottom,1,0,0,0,0,0,R,R,field_out,out,0,65.4,44.0,193.0,popup,medium,1,0,,,e97d853f-e0d9-3499-b267-3535160cd537
823492,46,6,top,0,0,0,0,0,0,L,R,field_out,out,0,98.4,-25.0,5.0,ground_ball,medium,1,0,,,7a309962-0cf9-3fd4-818a-9fa64b37e74b
823492,49,6,top,2,1,0,0,1,0,R,L,single,hit,0,95.4,8.0,136.0,ground_ball,hard,1,0,,,6ba0e2bc-e8ab-3969-908d-adf5891e5b50
823492,50,6,top,2,0,0,0,0,0,L,L,field_out,out,0,85.7,-1.0,43.0,ground_ball,medium,1,0,,,7a027eca-9998-37d5-96b6-d87b487f116e
823492,51,6,bottom,0,0,0,0,0,0,R,R,field_out,out,0,88.0,21.0,299.0,line_drive,medium,1,0,,,a7c598f2-fcfc-3303-b69f-d22bcb5d8f4e
823492,55,7,top,0,0,0,0,0,0,R,R,field_error,error,0,103.6,-4.0,27.0,ground_ball,hard,1,0,,,d284fe72-a9c0-3a3f-a063-5d6bc35b3a0d
823492,56,7,top,0,0,0,0,0,0,L,R,field_out,out,0,87.7,53.0,192.0,fly_ball,medium,1,0,,,bf96a0ff-511a-3e91-b590-7357f3b1c0b8
823492,57,7,top,1,1,0,0,1,0,R,R,single,hit,0,58.4,-75.0,2.0,ground_ball,soft,1,0,,,0c2509ec-e501-3c39-b9f1-d22628e19d17
823492,58,7,top,1,1,1,0,2,1,L,L,field_out,out,0,78.6,-57.0,1.0,ground_ball,medium,1,0,,,5bc777d7-5719-333c-9208-5bd1fed5aa30
823492,59,7,top,2,0,0,0,0,0,L,L,field_out,out,0,51.0,2.0,32.0,ground_ball,soft,1,0,,,9c438bc3-d707-3431-974f-6c62d7425d05
823492,60,7,bottom,0,0,0,0,0,0,R,L,single,hit,0,106.6,9.0,206.0,line_drive,hard,1,0,,,f102b7e0-8c4d-324e-8dbb-083f9293746b
823492,63,7,bottom,1,1,1,0,2,1,R,L,force_out,out,0,76.3,-35.0,6.0,ground_ball,medium,1,0,,,4b5f1e69-db6b-3d54-913e-abf2ca4c7985
823492,64,7,bottom,2,0,0,0,0,0,L,L,field_out,out,0,66.5,19.0,169.0,line_drive,medium,1,0,,,e1e65de8-41a1-347a-897e-f8b66e093eb9
823492,65,8,top,0,0,0,0,0,0,R,R,field_out,out,0,,,,ground_ball,soft,0,0,False,MJ,22b4e409-748e-381f-a3d0-3d099e72179c
823492,66,8,top,1,0,0,0,0,0,L,R,field_out,out,0,88.3,34.0,282.0,fly_ball,medium,1,0,,,db3bb23f-a589-329e-a311-153f9735e6b7
823492,67,8,top,2,0,0,0,0,0,R,R,single,hit,0,108.4,-8.0,15.0,ground_ball,hard,1,0,,,550af4b1-e7bd-3841-b2a6-05aba7017066
823492,68,8,top,2,1,1,0,2,1,L,R,field_out,out,0,79.2,-4.0,28.0,ground_ball,medium,1,0,,,61dcacd2-d944-35d9-80e8-67f60a0c44ac
823492,69,8,bottom,0,0,0,0,0,0,R,R,single,hit,0,97.6,8.0,165.0,line_drive,medium,1,0,,,8e888a7b-520f-359a-8e70-30ac787ef6ad
823492,70,8,bottom,0,1,0,0,1,0,L,R,single,hit,0,75.6,18.0,186.0,line_drive,medium,1,0,,,c2c40540-bc58-356f-8620-a9de465a7e3c
823492,73,8,bottom,1,0,1,1,2,1,R,R,sac_fly,out,1,92.8,31.0,310.0,fly_ball,medium,1,0,,,3c9620e3-baf6-3b00-b7b3-3bf428584873
823492,74,8,bottom,2,0,0,0,0,0,L,R,field_out,out,0,96.8,53.0,262.0,fly_ball,medium,1,0,,,cb81b594-f53f-3f0b-91bc-fc881a5aac7a
823492,75,9,top,0,0,0,0,0,0,R,R,field_out,out,0,108.5,-14.0,12.0,ground_ball,hard,1,0,,,d6a1a54f-073f-3cde-8dea-8c8408f7c14b
823492,76,9,top,1,0,0,0,0,0,L,R,field_out,out,0,96.5,-19.0,6.0,ground_ball,medium,1,0,,,922b4760-98f9-39f3-a1c3-50f226e0f2df
823493,0,1,top,0,0,0,0,0,0,R,R,field_out,out,0,92.7,-33.0,5.0,ground_ball,medium,1,0,,,947ae81b-36da-30e3-a63f-7c998dbcc7ce
823493,2,1,top,2,0,0,0,0,0,R,R,field_out,out,0,97.7,22.0,326.0,line_drive,medium,1,0,,,06cf8edd-542f-30f5-a412-9fd6ed4be2a2
823493,4,1,bottom,1,0,0,0,0,0,L,L,field_out,out,0,87.0,76.0,56.0,popup,medium,1,0,,,a389a70e-0902-34d9-b31e-11bda99a94d2
823493,5,1,bottom,2,0,0,0,0,0,R,L,single,hit,0,105.6,-2.0,33.0,ground_ball,medium,1,0,,,f9089ef8-86bb-3aae-9137-be539cd51cf4
823493,8,2,top,1,0,0,0,0,0,L,R,field_out,out,0,91.5,-20.0,9.0,ground_ball,medium,1,0,,,faced159-0e9b-3cad-ba80-e5a2b53490ac
823493,10,2,top,2,1,1,0,2,1,L,R,single,hit,0,77.3,1.0,38.0,ground_ball,medium,1,0,,,830b78fb-326b-3394-a9c7-da765e80a493
823493,12,2,bottom,0,0,0,0,0,0,R,L,field_out,out,0,88.8,43.0,269.0,fly_ball,medium,1,0,,,87afff21-6db4-3740-91e0-86ef881cc05c
823493,13,2,bottom,1,0,0,0,0,0,R,L,field_out,out,0,106.0,3.0,80.0,ground_ball,medium,1,0,,,5b1f0a78-5d6f-33fa-a6f5-639cadd81168
823493,14,2,bottom,2,0,0,0,0,0,R,L,field_out,out,0,98.1,17.0,318.0,line_drive,medium,1,0,,,9bb2704b-bd9a-3b31-b280-afa9a3298a41
823493,16,3,top,0,1,1,0,2,1,R,R,single,hit,0,70.8,25.0,210.0,line_drive,medium,1,0,,,a2066180-012a-3e18-86ba-b97e12eab8f7
823493,18,3,top,1,0,1,0,1,1,R,R,single,hit,1,95.9,4.0,107.0,ground_ball,medium,1,0,,,88a57832-c7a0-3596-8e1a-477e1456162d
823493,20,3,top,2,0,0,0,0,0,L,R,field_out,out,0,88.9,1.0,64.0,ground_ball,medium,1,0,,,7694cdc7-94db-3770-b634-37af0d4e0d4a
823493,21,3,bottom,0,0,0,0,0,0,L,L,field_out,out,0,59.6,16.0,101.0,ground_ball,medium,1,0,,,9c8a885d-06cf-3eea-b090-157f1619cf2a
823493,23,3,bottom,2,0,0,0,0,0,R,L,field_out,out,0,79.1,1.0,43.0,ground_ball,medium,1,0,,,d77f80be-b021-3603-9ed5-d52abccb14d5
823493,28,4,bottom,0,0,0,0,0,0,L,L,field_out,out,0,100.9,15.0,298.0,line_drive,hard,1,0,,,ab078974-e0a0-3b97-82fe-d19843aab6d6
823493,29,4,bottom,1,0,0,0,0,0,R,L,field_out,out,0,86.7,25.0,300.0,line_drive,medium,1,0,,,13cab25a-fe6b-32af-8318-77e1356a794c
823493,30,4,bottom,2,0,0,0,0,0,L,L,field_out,out,0,88.2,-1.0,42.0,ground_ball,medium,1,0,,,abbb5ef8-607a-30c8-a8d6-bb144c9d9d2f
823493,31,5,top,0,0,0,0,0,0,R,R,single,hit,0,97.0,14.0,268.0,line_drive,medium,1,0,,,2820685e-700a-3b4f-92d9-4f8a34c9fa6d
823493,32,5,top,0,0,0,0,0,0,L,R,field_out,out,0,97.4,35.0,348.0,fly_ball,medium,1,0,,,b4a524b6-a43e-39a5-93fb-2e422f886493
823493,33,5,top,1,1,1,0,2,1,R,R,single,hit,1,108.2,17.0,354.0,line_drive,hard,1,0,,,7d17fa6b-57fe-3fc4-8593-4fec94e1eaa2
823493,34,5,top,1,1,0,0,1,0,L,L,single,hit,0,104.5,2.0,81.0,ground_ball,medium,1,0,,,e31c6d60-0f30-336a-bd8f-f94f2c8bd65f
823493,35,5,top,1,1,1,0,2,1,L,L,single,hit,0,94.7,-26.0,6.0,ground_ball,medium,1,0,,,7190271d-835a-37e2-ada5-16cf70e8e6ab
823493,36,5,top,1,1,1,1,3,1,R,L,force_out,out,0,57.8,-58.0,3.0,ground_ball,soft,1,0,,,ecffce73-deee-3722-8659-7d1a6fb69e4a
823493,37,5,top,2,0,0,0,0,0,R,L,field_out,out,0,86.6,-32.0,4.0,ground_ball,medium,1,0,,,0447766e-13e2-3814-b25b-514e409e58cc
823493,38,5,bottom,0,0,0,0,0,0,R,L,field_out,out,0,78.9,-4.0,23.0,ground_ball,medium,1,0,,,c23d5f6a-ab73-3e99-9a0e-29c1bc4440b2
823493,39,5,bottom,1,0,0,0,0,0,R,L,field_out,out,0,94.0,62.0,178.0,fly_ball,medium,1,0,,,d578c6d9-0f81-3fee-9ebb-cbbf387debaf
823493,40,5,bottom,2,0,0,0,0,0,R,L,field_out,out,0,76.7,46.0,226.0,fly_ball,medium,1,0,,,8963d7d2-f5b0-38da-ac6b-f09c582d3b92
823493,42,6,top,0,0,0,0,0,0,L,R,field_out,out,0,93.8,22.0,302.0,line_drive,medium,1,0,,,ef5bc243-7345-3930-a108-ba5e6f0835b5
823493,44,6,top,1,1,1,0,2,1,L,R,force_out,out,1,93.5,3.0,67.0,ground_ball,medium,1,0,,,fe8a725a-4d7f-3b07-b7f6-21dd2e4a2348
823493,45,6,top,2,0,0,0,0,0,R,R,field_out,out,0,107.4,14.0,321.0,line_drive,hard,1,0,,,f9554b71-109a-3392-9a5b-87a7a875be2d
823493,46,6,bottom,0,0,0,0,0,0,L,R,home_run,hit,1,102.1,28.0,403.0,fly_ball,medium,1,0,,,caebb00b-9e74-3e01-bf8e-c50ccff1d52d
823493,48,6,bottom,1,0,0,0,0,0,R,R,double,hit,0,92.0,-8.0,19.0,ground_ball,medium,1,0,,,904cfeea-6454-3e88-bd1d-88a3e14506ca
823493,49,6,bottom,1,0,1,0,1,1,L,R,field_out,out,0,88.4,-11.0,13.0,ground_ball,medium,1,0,,,281c3fcf-7dd5-32bb-ab8a-97d1ed81ae95
823493,51,7,top,0,0,0,0,0,0,L,R,field_out,out,0,86.5,65.0,147.0,popup,medium,1,0,,,8a24f63a-c04d-362a-a1f2-b084f78ca85e
823493,52,7,top,1,0,0,0,0,0,L,R,field_out,out,0,27.4,-14.0,10.0,bunt_grounder,soft,1,0,,,b25b7af2-1ba1-327a-a661-9cc76b331a97
823493,55,7,top,2,1,0,0,1,0,R,R,force_out,out,0,100.7,-9.0,15.0,ground_ball,medium,1,0,,,6805b5e8-2e3f-316b-9c77-b87b16672633
823493,57,7,bottom,0,1,0,0,1,0,R,R,field_out,out,0,54.4,-49.0,4.0,ground_ball,soft,1,0,False,MJ,e864b186-00a5-33b6-bc08-6859b9c79dec
823493,58,7,bottom,1,0,1,1,2,1,R,R,double,hit,1,110.1,12.0,347.0,line_drive,medium,1,0,,,5e1cdd6b-af70-3719-a708-4ab07a9dc167
823493,61,7,bottom,1,1,1,1,3,1,R,R,fielders_choice_out,fielders_choice,0,80.6,-16.0,10.0,ground_ball,medium,1,0,,,0bb37a22-7c3b-3498-8472-e6d6d42044a1
823493,62,7,bottom,2,1,1,1,3,1,R,R,single,hit,1,101.3,16.0,263.0,line_drive,hard,1,0,,,a9403c8b-51ad-31f8-afc0-7305ea23fad5
823493,63,7,bottom,2,0,0,0,0,0,L,L,field_out,out,0,101.2,-2.0,37.0,ground_ball,medium,1,0,,,cf745199-5df7-3cc2-95d8-9e254d1d5029
823493,64,8,top,0,0,0,0,0,0,L,R,double,hit,0,102.9,24.0,381.0,fly_ball,hard,1,0,,,f9e0ae7e-974c-3d57-b434-64626e4d2429
823493,65,8,top,0,0,1,0,1,1,R,R,field_out,out,0,90.9,42.0,281.0,fly_ball,medium,1,0,,,0c672a08-0978-3416-b033-7fe8d26a1f44
823493,66,8,top,1,1,0,1,2,1,L,R,fielders_choice_out,fielders_choice,0,88.9,-9.0,16.0,ground_ball,medium,1,0,,,8e01983c-f991-3f1d-9b5b-8e74b31fc6df
823493,67,8,top,2,0,1,0,1,1,R,R,field_out,out,0,59.3,65.0,99.0,popup,medium,1,0,,,4594aed8-ea4f-374c-87fc-36e91df91581
823493,69,8,bottom,1,0,0,0,0,0,L,L,field_out,out,0,97.3,41.0,294.0,fly_ball,medium,1,0,,,2d13f164-1ca4-3e77-94c1-b38ba47e44b1
823493,70,8,bottom,2,0,0,0,0,0,R,L,single,hit,0,104.3,10.0,269.0,line_drive,hard,1,0,,,d875f6a9-374d-3a71-a363-b26b607bb183
823493,71,8,bottom,2,1,1,1,3,1,R,L,home_run,hit,2,110.2,36.0,400.0,fly_ball,medium,1,0,,,4b0f0db1-8512-30ee-b34d-c319f9875333
823493,73,9,top,0,0,0,0,0,0,L,R,field_out,out,0,99.7,43.0,360.0,fly_ball,medium,1,0,,,05499854-2315-32b5-a503-39779ae7295b
823493,74,9,top,1,0,0,0,0,0,L,R,field_out,out,0,81.8,40.0,283.0,fly_ball,medium,1,0,,,81355840-3b03-32fa-be5e-eb83e24eb4b0
823493,75,9,top,2,0,0,0,0,0,R,R,single,hit,0,107.5,5.0,127.0,ground_ball,medium,1,0,,,b7c1ec0e-c8c7-37f5-b65d-32b461957f89
823493,76,9,top,2,1,0,0,1,0,R,R,field_out,out,0,91.6,24.0,334.0,line_drive,medium,1,0,,,acde054f-39ce-32f3-a54b-88430ab6060c
823494,0,1,top,0,0,0,0,0,0,R,L,field_out,out,0,69.8,-0.0,41.0,ground_ball,medium,1,0,,,c817cf98-e5b7-3f6a-88b0-0e5b73e5fee3
823494,1,1,top,1,0,0,0,0,0,R,L,field_out,out,0,,,,ground_ball,medium,0,0,,,7d3533a3-df05-3303-99c4-e5c908eee3da
823494,2,1,top,2,0,0,0,0,0,R,L,double,hit,0,95.5,2.0,68.0,ground_ball,medium,1,0,,,127ab1ca-3bf0-381f-b935-483396594992
823494,7,2,top,0,0,0,0,0,0,L,L,field_out,out,0,82.8,-6.0,24.0,ground_ball,medium,1,0,,,30ddaa9d-9b8a-3936-ac94-fe075d5d23c9
823494,8,2,top,1,0,0,0,0,0,R,L,field_out,out,0,69.6,-36.0,6.0,ground_ball,medium,1,0,,,d5c4708f-7ec8-3d47-a6f5-eb4cddef41c0
823494,9,2,top,2,0,0,0,0,0,R,L,field_out,out,0,112.7,-1.0,54.0,ground_ball,medium,1,0,,,12eca094-48ee-3de9-8c12-140e74afab25
823494,10,2,bottom,0,0,0,0,0,0,L,R,field_out,out,0,94.4,40.0,284.0,fly_ball,medium,1,0,,,d942a616-b0a7-3ec0-9dbe-472ed6da63ff
823494,11,2,bottom,1,0,0,0,0,0,L,R,field_out,out,0,93.9,28.0,323.0,fly_ball,medium,1,0,,,41f3843f-7c30-36bc-96b5-671343a831af
823494,13,3,top,0,0,0,0,0,0,R,L,single,hit,0,56.2,-49.0,3.0,ground_ball,soft,1,0,True,MJ,6374ba9c-272a-3409-aada-72959d849822
823494,15,3,top,0,1,1,0,2,1,R,L,field_out,out,0,100.2,28.0,354.0,fly_ball,medium,1,0,,,02a6cac9-fe89-3dfd-b309-7d7f6dea45f1
823494,16,3,top,1,0,1,1,2,1,R,L,field_out,out,1,95.7,-12.0,13.0,ground_ball,medium,1,0,,,9cb6d92d-5534-3426-9b24-25b01c666bcc
823494,17,3,top,2,0,0,0,0,0,R,L,field_out,out,0,71.5,-37.0,6.0,ground_ball,medium,1,0,False,MJ,6c3b2d9d-1294-3ead-b676-ee3ef6fbabbb
823494,18,3,bottom,0,0,0,0,0,0,R,R,field_out,out,0,65.6,-49.0,4.0,ground_ball,medium,1,0,,,092ee718-cd4c-397c-b502-67eb4f824530
823494,20,3,bottom,1,0,0,0,0,0,L,R,field_out,out,0,69.0,51.0,193.0,fly_ball,medium,1,0,,,1e971da3-4227-3eb9-a612-a2e5fcf925dd
823494,23,4,top,1,0,0,0,0,0,L,L,field_out,out,0,73.5,63.0,137.0,popup,medium,1,0,,,2c4da923-d9a3-3fa7-ba92-0c9678187aa0
823494,24,4,top,2,0,0,0,0,0,R,L,field_out,out,0,91.6,-28.0,6.0,ground_ball,medium,1,0,,,b040c9e0-e711-350f-845e-bdf02d8deb26
823494,26,4,bottom,0,0,0,0,0,0,R,R,field_out,out,0,107.3,15.0,320.0,line_drive,medium,1,0,,,d838ab51-241e-34ac-8b37-7277af373175
823494,29,5,top,0,0,0,0,0,0,R,L,single,hit,0,105.9,-28.0,5.0,ground_ball,medium,1,0,,,bcf7eb50-0847-3123-8314-01d6e823cf08
823494,30,5,top,0,0,0,0,0,0,R,L,field_out,out,0,92.2,20.0,321.0,line_drive,medium,1,0,,,ec167088-e589-3f87-8aac-fd03283cd438
823494,31,5,top,1,1,0,0,1,0,L,L,force_out,out,0,85.8,3.0,66.0,ground_ball,medium,1,0,False,MC,5c9d87fc-2208-3d88-856d-e17eee7f1f97
823494,32,5,top,2,0,0,0,0,0,R,L,field_out,out,0,65.5,39.0,185.0,popup,medium,1,0,,,9d05b27e-cf44-39aa-99c7-4119f37bb5dd
823494,33,5,bottom,0,0,0,0,0,0,L,R,field_out,out,0,73.0,-35.0,7.0,ground_ball,medium,1,0,,,8bdfe510-3ebe-3ec8-908e-e59660026095
823494,37,6,top,0,1,0,0,1,0,R,L,grounded_into_double_play,out,0,104.2,-2.0,32.0,ground_ball,medium,1,0,,,00f88657-bf2f-3c16-9bdd-e47786552f60
823494,40,6,bottom,1,0,0,0,0,0,L,R,field_out,out,0,65.1,44.0,183.0,popup,medium,1,0,,,39e63dea-d2f7-374f-bb0e-c6d55d7eba62
823494,41,6,bottom,2,0,0,0,0,0,L,R,field_out,out,0,80.6,36.0,271.0,fly_ball,medium,1,0,,,e357657b-9285-34bc-91ef-6adb51cd3c41
823494,42,7,top,0,0,0,0,0,0,L,L,single,hit,0,93.3,5.0,121.0,ground_ball,medium,1,0,,,db37ecf0-396d-3a00-90b9-23813899bb3d
823494,43,7,top,0,1,0,0,1,0,R,L,single,hit,0,72.0,34.0,233.0,fly_ball,medium,1,0,,,ad1a10f3-a8b2-3fcf-829a-0a8561a2a383
823494,44,7,top,0,0,1,0,1,1,R,L,field_out,out,0,97.2,38.0,320.0,fly_ball,medium,1,0,,,76ff127c-c6ee-3da1-82bb-97ed6fde8f6e
823494,45,7,top,1,1,0,1,2,1,R,L,single,hit,1,,,,bunt_grounder,medium,0,0,,,24e3a5b2-b8b9-368e-b8a2-b59891045782
823494,47,7,top,2,1,1,1,3,1,R,R,single,hit,2,102.0,9.0,207.0,line_drive,hard,1,0,False,MA,cce26ca5-763f-3da1-9abb-794d753c8d13
823494,48,7,top,2,0,0,0,0,0,R,R,field_out,out,0,92.2,-23.0,8.0,ground_ball,medium,1,0,,,b157e516-68e7-3f7e-9e1f-04d62668cfe4
823494,49,7,bottom,0,0,0,0,0,0,R,R,double,hit,0,110.5,14.0,297.0,line_drive,hard,1,0,,,34e9edce-dba9-3cca-b6d8-eb5d276e98d6
823494,50,7,bottom,0,0,1,0,1,1,L,R,field_out,out,0,72.0,-14.0,8.0,ground_ball,medium,1,0,,,c56b8ce9-c7d6-3e79-8191-3f5d7f3ba164
823494,53,7,bottom,2,1,0,1,2,1,R,R,single,hit,1,77.9,2.0,53.0,ground_ball,medium,1,0,,,298ac874-96f8-3f6f-8f39-64b0d66e5ee3
823494,54,7,bottom,2,0,0,0,0,0,L,R,field_out,out,0,70.3,-2.0,22.0,ground_ball,medium,1,0,False,MJ,584f74e8-7ec9-3cd5-985b-3a1c6aaa4598
823494,55,8,top,0,0,0,0,0,0,R,R,field_out,out,0,89.3,74.0,67.0,popup,medium,1,0,,,4d19e7e1-b53e-36d9-9ad4-81502e5c83e4
823494,56,8,top,1,0,0,0,0,0,R,R,double,hit,0,105.4,7.0,146.0,line_drive,medium,1,0,,,04387d5c-dcf8-30d4-8608-c7bd72d329b8
823494,58,8,top,2,0,0,0,0,0,R,L,field_out,out,0,97.8,26.0,361.0,fly_ball,medium,1,0,,,bd0a0b88-92e0-39ca-a62b-346714f90456
823494,59,8,bottom,0,0,0,0,0,0,R,L,field_out,out,0,83.9,-2.0,31.0,ground_ball,medium,1,0,,,1a21585d-2509-37e8-b757-3ef37cb151f9
823494,61,8,bottom,2,0,0,0,0,0,L,L,field_out,out,0,89.5,41.0,259.0,fly_ball,medium,1,0,,,cec3069f-49e4-3263-8c34-19d454e5bab1
823494,62,9,top,0,0,0,0,0,0,R,L,field_out,out,0,30.5,13.0,37.0,bunt_grounder,soft,1,0,,,bcdb20ad-c2e7-3d7a-8f67-740d601610cf
823494,63,9,top,1,0,0,0,0,0,R,L,single,hit,0,101.4,10.0,199.0,line_drive,hard,1,0,,,c32c27c2-da1e-3101-9160-aa9bfc882195
823494,64,9,top,1,1,1,0,2,1,L,L,single,hit,0,106.0,2.0,70.0,ground_ball,medium,1,0,True,MJ,653bb186-23ae-380e-9285-16336436af56
823494,65,9,top,1,1,1,1,3,1,R,R,single,hit,2,101.1,-8.0,22.0,ground_ball,medium,1,0,,,f36c3a11-6c44-3b28-81a5-0f824232d7cf
823494,67,9,top,2,0,0,0,0,0,R,R,field_out,out,0,93.8,44.0,267.0,fly_ball,medium,1,0,,,715fb10e-b2c0-35ef-819f-6adc8a0d20a9
823494,69,9,bottom,1,0,0,0,0,0,L,R,field_out,out,0,60.5,-17.0,9.0,ground_ball,medium,1,0,,,7805c31b-b15a-34eb-981a-96841d6982f0
823494,71,9,bottom,2,1,1,0,2,1,L,R,single,hit,0,70.4,48.0,208.0,fly_ball,medium,1,0,,,33162efc-1886-37b2-aa6b-428b8c0e4355
823494,72,9,bottom,2,0,0,0,0,0,R,R,field_out,out,0,74.5,3.0,61.0,ground_ball,medium,1,0,,,3e772c31-615a-3334-9fbe-b99a75030b64
823543,2,1,top,2,0,0,0,0,0,R,L,field_out,out,0,77.1,14.0,187.0,line_drive,medium,1,0,False,MJ,8a0467b5-eb13-3c71-8011-8102476fb17f
823543,3,1,bottom,0,0,0,0,0,0,L,R,field_out,out,0,99.6,47.0,322.0,fly_ball,medium,1,0,,,270e3975-e99e-3d18-870b-ee8266e050ac
823543,4,1,bottom,1,0,0,0,0,0,L,R,field_out,out,0,75.1,-15.0,13.0,ground_ball,medium,1,0,,,5645c132-ee24-39f0-9fe5-12037af750d6
823543,5,1,bottom,2,0,0,0,0,0,R,R,field_out,out,0,70.9,-16.0,11.0,ground_ball,medium,1,0,False,MJ,7a359d24-964a-3203-88bc-cf1aef297ab4
823543,7,2,top,1,0,0,0,0,0,L,L,single,hit,0,73.4,15.0,194.0,line_drive,medium,1,0,,,3e6e462d-0569-3363-9d68-1157adbaca7c
823543,8,2,top,1,1,0,0,1,0,R,L,grounded_into_double_play,out,0,94.7,-0.0,39.0,ground_ball,medium,1,0,,,4b0c43b6-69d7-3d0c-9367-a41758a01155
823543,10,2,bottom,1,0,0,0,0,0,R,R,field_out,out,0,93.2,50.0,237.0,fly_ball,medium,1,0,,,81e2e807-a6cc-33d8-aff6-a286a9e7e8ab
823543,11,2,bottom,2,0,0,0,0,0,L,R,field_out,out,0,95.5,28.0,352.0,fly_ball,medium,1,0,,,bdf34b79-76e1-3360-8dab-3a80d6e5625d
823543,12,3,top,0,0,0,0,0,0,L,L,field_out,out,0,63.7,0.0,31.0,ground_ball,medium,1,0,,,ece013bf-8155-3955-899e-049a5db780eb
823543,13,3,top,1,0,0,0,0,0,R,L,field_out,out,0,88.7,-7.0,13.0,ground_ball,medium,1,0,,,44891a2b-4308-3f35-8a2d-d3ae0e49496d
823543,19,4,top,1,0,0,0,0,0,L,L,field_out,out,0,102.5,29.0,335.0,fly_ball,hard,1,0,,,2fc42ed1-e22f-3e01-a5d8-f8a6b6c9bbba
823543,20,4,top,2,0,0,0,0,0,R,L,field_out,out,0,92.7,60.0,196.0,fly_ball,medium,1,0,,,1452ed72-aa87-3a67-acf8-6edb173a6c1b
823543,21,4,bottom,0,0,0,0,0,0,L,R,double,hit,0,87.5,16.0,207.0,line_drive,medium,1,0,,,04748b5c-8bed-384b-b5f5-a7d62e290c7f
823543,22,4,bottom,0,0,1,0,1,1,L,R,home_run,hit,2,102.8,24.0,382.0,fly_ball,medium,1,0,,,321c8635-016c-3da5-929a-56b4a973d957
823543,24,4,bottom,1,0,0,0,0,0,L,R,field_out,out,0,89.0,28.0,310.0,fly_ball,medium,1,0,,,ed8b3a3b-1e4a-3806-86bf-2c3d46b74793
823543,25,4,bottom,2,0,0,0,0,0,R,R,single,hit,0,102.3,0.0,55.0,ground_ball,medium,1,0,,,78e224c3-1873-3ff9-9283-d18f3c80c074
823543,26,4,bottom,2,1,1,0,2,1,L,R,single,hit,0,87.7,-5.0,20.0,ground_ball,medium,1,0,,,a221562c-9195-3bd5-aa43-d048de1f30fd
823543,28,5,top,0,0,0,0,0,0,L,L,field_out,out,0,62.9,-47.0,2.0,ground_ball,soft,1,0,,,d4d70339-52a1-3351-880e-703d4e13f640
823543,29,5,top,1,0,0,0,0,0,L,L,field_out,out,0,80.3,45.0,234.0,fly_ball,medium,1,0,,,86f18eec-aab0-3737-aa7f-c0ae0bc99ef9
823543,30,5,top,2,0,0,0,0,0,R,L,field_out,out,0,89.3,-11.0,11.0,ground_ball,medium,1,0,,,b2b975d6-73a0-3f91-b5ed-9772574649b0
823543,31,5,bottom,0,0,0,0,0,0,R,R,field_out,out,0,83.5,51.0,231.0,popup,medium,1,0,,,0689c728-1482-34dd-bfd6-ecb4f944ee56
823543,32,5,bottom,1,0,0,0,0,0,R,R,single,hit,0,16.6,32.0,24.0,bunt_grounder,soft,1,0,,,545cf913-fead-3948-a796-04102f3abee0
823543,34,5,bottom,1,0,0,0,0,0,L,R,field_out,out,0,77.3,77.0,33.0,popup,medium,1,0,,,8249ffb5-efcc-34a2-9599-0575c2ede771
823543,35,5,bottom,2,0,0,0,0,0,R,R,field_out,out,0,92.9,33.0,300.0,fly_ball,medium,1,0,,,225f7cd3-cd85-3257-9a19-0505507ba81c
823543,36,6,top,0,0,0,0,0,0,L,L,single,hit,0,102.2,12.0,243.0,line_drive,hard,1,0,,,c3011ce4-9a0f-38dc-997a-d820266644db
823543,38,6,top,1,1,0,0,1,0,L,L,double_play,out,0,90.3,18.0,285.0,line_drive,medium,1,0,,,de22438d-9854-3ae6-a228-c6776d4d6086
823543,39,6,bottom,0,0,0,0,0,0,L,R,field_out,out,0,84.2,31.0,292.0,fly_ball,medium,1,0,True,MJ,9c545b51-7363-39d8-82f3-8df56ae2db1d
823543,41,6,bottom,2,0,0,0,0,0,L,R,field_out,out,0,70.4,59.0,148.0,popup,medium,1,0,,,fe3101e6-bc0d-3b04-ad95-d65dee394759
823543,42,7,top,0,0,0,0,0,0,R,L,field_out,out,0,77.9,48.0,227.0,fly_ball,medium,1,0,,,07c1cbdd-0b24-38e5-88a7-d77d20be6815
823543,43,7,top,1,0,0,0,0,0,L,L,single,hit,0,98.9,16.0,267.0,line_drive,medium,1,0,,,c2026086-69d1-3079-8c76-26b7881179ce
823543,45,7,top,2,0,0,0,0,0,L,L,field_out,out,0,89.1,18.0,281.0,line_drive,medium,1,0,,,fa344813-e5aa-3197-a803-ea2e64212070
823543,47,7,bottom,1,0,0,0,0,0,R,R,field_out,out,0,80.6,-32.0,4.0,ground_ball,medium,1,0,,,6861ac48-f4ac-33ce-b277-fad0c9ecd021
823543,49,8,top,0,0,0,0,0,0,L,L,field_out,out,0,105.3,-20.0,9.0,ground_ball,medium,1,0,,,d3889376-a6a7-3ef6-875b-e22ad2d556d5
823543,51,8,top,2,0,0,0,0,0,L,L,field_out,out,0,102.9,-16.0,7.0,ground_ball,medium,1,0,,,76b0d7ee-3fbf-39dc-90fd-c37ae39b1eff
823543,53,8,bottom,1,0,0,0,0,0,L,R,field_out,out,0,89.5,50.0,260.0,fly_ball,medium,1,0,,,b1487f28-bd29-37ac-9787-a9e708255dd8
823543,55,9,top,0,0,0,0,0,0,L,R,field_out,out,0,99.0,-13.0,13.0,ground_ball,medium,1,0,,,d2e74828-977e-3263-be85-80fadebe0544
823543,56,9,top,1,0,0,0,0,0,L,R,field_out,out,0,90.0,46.0,264.0,fly_ball,medium,1,0,,,11fdb750-c4d7-3b27-a781-82c8bbbc02c7
823543,57,9,top,2,0,0,0,0,0,R,R,field_out,out,0,82.0,-11.0,14.0,ground_ball,medium,1,0,,,ab585a36-84bc-3e84-b57c-842d147b56be
823650,0,1,top,0,0,0,0,0,0,L,R,field_out,out,0,93.6,48.0,279.0,fly_ball,medium,1,0,,,1d26c547-2893-3e7d-a6ca-6cb72d430698
823650,1,1,top,1,0,0,0,0,0,R,R,single,hit,0,88.9,18.0,279.0,line_drive,medium,1,0,True,MD,12c05943-fd47-37ea-83e8-7bb83c516214
823650,2,1,top,1,1,0,0,1,0,L,R,grounded_into_double_play,out,0,69.6,-10.0,12.0,ground_ball,medium,1,0,,,c207354e-6165-3913-955f-97739f70d328
823650,4,1,bottom,0,1,1,0,2,1,R,L,single,hit,0,96.3,-8.0,15.0,ground_ball,medium,1,0,,,05f9722d-1a27-3048-b8c4-6427e43b9935
823650,5,1,bottom,0,0,0,1,1,1,R,L,sac_fly,out,1,94.8,29.0,362.0,fly_ball,medium,1,0,,,9dfa24b4-9c23-36e7-a498-d08162f0e3c8
823650,6,1,bottom,1,0,0,0,0,0,R,L,field_out,out,0,99.8,19.0,335.0,line_drive,medium,1,0,,,862a1877-e978-3e1c-bc18-b60da0266179
823650,7,1,bottom,2,0,0,0,0,0,L,L,field_out,out,0,89.7,23.0,306.0,line_drive,medium,1,0,,,1b7bab0d-7473-3281-b838-991d0bc981ab
823650,11,2,bottom,0,0,0,0,0,0,R,L,field_out,out,0,103.2,38.0,363.0,fly_ball,hard,1,0,,,992190b7-6aa9-3915-ba22-fd330c5c4b4c
823650,12,2,bottom,1,0,0,0,0,0,R,L,field_out,out,0,104.5,28.0,405.0,fly_ball,hard,1,0,,,9a9a5af1-0398-37f4-902c-e1318a531e39
823650,13,2,bottom,2,0,0,0,0,0,R,L,field_out,out,0,76.4,1.0,44.0,ground_ball,medium,1,0,,,056607fd-4b4b-3edf-a702-85912e487a37
823650,14,3,top,0,0,0,0,0,0,R,R,home_run,hit,1,98.3,31.0,385.0,fly_ball,medium,1,0,,,fe496fa5-d668-3c36-90da-7fa725d059b7
823650,15,3,top,0,0,0,0,0,0,L,R,field_out,out,0,76.4,44.0,237.0,popup,medium,1,0,,,6c81c337-749c-3eb0-9584-2894a02f7ad5
823650,16,3,top,1,0,0,0,0,0,L,R,field_out,out,0,95.8,40.0,313.0,fly_ball,medium,1,0,,,2eaaf731-8fce-3119-b451-a0687dae2ebe
823650,17,3,top,2,0,0,0,0,0,L,R,field_out,out,0,95.2,49.0,281.0,fly_ball,medium,1,0,,,ef4011d3-a7ff-3849-9f79-097715b682fd
823650,18,3,bottom,0,0,0,0,0,0,L,L,field_out,out,0,89.9,37.0,331.0,fly_ball,medium,1,0,,,08cd7af5-1325-3eac-9dad-62d248a2b4c0
823650,21,3,bottom,2,1,0,0,1,0,L,R,home_run,hit,2,102.9,25.0,366.0,fly_ball,medium,1,0,,,c3463116-308e-3a19-97a6-b822200630eb
823650,22,3,bottom,2,0,0,0,0,0,R,R,double,hit,0,71.4,26.0,217.0,fly_ball,medium,1,0,,,f39df6e2-5755-366c-a46f-bbfd625c31db
823650,23,3,bottom,2,0,0,0,0,0,L,L,field_out,out,0,99.9,-4.0,22.0,ground_ball,medium,1,0,,,e1e39e52-ad71-3f6f-81a7-f673624dbc11
823650,24,4,top,0,0,0,0,0,0,R,R,field_out,out,0,87.1,74.0,82.0,popup,medium,1,0,,,22029df8-c231-3b82-8125-1e2b005290b1
823650,25,4,top,1,0,0,0,0,0,L,R,field_out,out,0,44.0,-68.0,3.0,ground_ball,soft,1,0,,,57525258-2127-37da-bc09-a80c4d2e1b17
823650,26,4,top,2,0,0,0,0,0,R,R,field_out,out,0,82.6,-4.0,29.0,ground_ball,medium,1,0,,,22405c82-3116-3104-a968-07c83d13b489
823650,27,4,bottom,0,0,0,0,0,0,R,L,single,hit,0,99.2,11.0,181.0,line_drive,medium,1,0,,,91822e3b-0f92-3dd7-b3db-6ddadf82b327
823650,28,4,bottom,0,0,0,0,0,0,R,L,field_out,out,0,69.1,46.0,214.0,popup,medium,1,0,,,1a034557-f115-39f0-a584-9a2aa440d906
823650,31,5,top,0,0,0,0,0,0,R,R,field_out,out,0,89.3,75.0,71.0,popup,medium,1,0,,,8b51ca52-cd62-3759-9e9d-10f6bcac1149
823650,33,5,top,2,0,0,0,0,0,R,R,field_out,out,0,88.5,57.0,208.0,fly_ball,medium,1,0,,,0ec81d5e-c84f-32c6-9b99-76096c566b34
823650,34,5,bottom,0,0,0,0,0,0,L,L,single,hit,0,99.8,5.0,101.0,ground_ball,medium,1,0,,,2cb3a3e7-0f52-372f-8a12-398ae77e2b59
823650,39,5,bottom,1,1,1,1,3,1,L,L,single,hit,1,84.5,19.0,229.0,line_drive,medium,1,0,,,8b711be7-5e58-34b0-866c-2ebff51ffc9a
823650,41,5,bottom,2,0,0,0,0,0,R,L,field_out,out,0,99.2,53.0,264.0,fly_ball,medium,1,0,False,MJ,e06bab9d-e8f2-3001-adaf-df7709816a4c
823650,42,6,top,0,0,0,0,0,0,L,R,single,hit,0,88.5,20.0,270.0,line_drive,medium,1,0,,,df91f3fb-d07d-3934-b65f-e2bcc4ff1b87
823650,43,6,top,0,1,0,0,1,0,L,R,sac_bunt,out,0,29.0,-50.0,4.0,bunt_grounder,soft,1,0,,,e7b7a335-809e-3dfc-bb5a-17b3ec989f03
823650,44,6,top,1,0,1,0,1,1,L,R,field_out,out,0,82.1,-29.0,3.0,ground_ball,medium,1,0,,,2301423a-ea0a-3f6a-bd9f-b7ab966061f4
823650,45,6,top,2,0,0,0,0,0,R,R,field_out,out,0,88.3,2.0,56.0,ground_ball,medium,1,0,,,25d79145-cf7e-3c0a-a3d2-9b883b0060e8
823650,47,6,bottom,1,0,0,0,0,0,L,L,field_out,out,0,73.5,11.0,135.0,ground_ball,medium,1,0,,,1b6836dd-0f5d-3e5e-a9ee-45e3b27129b5
823650,48,6,bottom,2,0,0,0,0,0,R,L,field_out,out,0,68.9,-20.0,7.0,ground_ball,medium,1,0,,,7f44767b-67f3-3ef2-b840-c6693b412e31
823650,49,7,top,0,0,0,0,0,0,L,R,field_out,out,0,95.2,52.0,260.0,fly_ball,medium,1,0,,,e672c839-43d8-3521-b82a-2acafcc2432a
823650,50,7,top,1,0,0,0,0,0,R,R,field_out,out,0,84.1,32.0,310.0,fly_ball,medium,1,0,,,211d4755-30d3-3560-9a23-f2761488ac31
823650,51,7,top,2,0,0,0,0,0,R,R,field_out,out,0,101.1,2.0,82.0,ground_ball,hard,1,0,,,d094b79f-07ca-346f-9c3c-7a64574e06ec
823650,52,7,bottom,0,0,0,0,0,0,R,L,field_out,out,0,80.3,41.0,256.0,fly_ball,medium,1,0,,,4a314e40-e94b-3d1c-a3ad-8989c4fca681
823650,54,7,bottom,2,0,0,0,0,0,R,L,single,hit,0,82.7,15.0,188.0,line_drive,medium,1,0,,,8bf43538-5c20-3645-b228-1f842ad7f04d
823650,55,7,bottom,2,0,0,0,0,0,L,L,field_out,out,0,100.2,32.0,378.0,fly_ball,hard,1,0,,,a09a2a2a-630c-344d-9ab0-f392420bad4a
823650,56,8,top,0,0,0,0,0,0,R,L,home_run,hit,1,104.1,33.0,402.0,fly_ball,medium,1,0,,,08f1331b-a6c7-36ad-b452-5123cc312763
823650,57,8,top,0,0,0,0,0,0,R,L,field_out,out,0,85.9,29.0,313.0,fly_ball,medium,1,0,,,401229d0-7792-3172-b77b-6bd007aa5b0b
823650,58,8,top,1,0,0,0,0,0,R,L,field_out,out,0,79.5,70.0,108.0,popup,medium,1,0,,,4870b636-869d-3425-822f-53fd3031b30e
823650,59,8,top,2,0,0,0,0,0,R,L,field_out,out,0,84.8,28.0,313.0,fly_ball,medium,1,0,,,13cfa6ef-839d-3ebc-a146-d7c5fbca290c
823650,60,8,bottom,0,0,0,0,0,0,R,L,home_run,hit,1,105.2,22.0,412.0,line_drive,medium,1,0,,,817beeb9-669b-3ec7-bb84-af5ca065d7a1
823650,61,8,bottom,0,0,0,0,0,0,R,L,single,hit,0,98.8,12.0,189.0,line_drive,medium,1,0,,,db4aed10-89bb-3775-bc06-536d761dd108
823650,62,8,bottom,0,0,0,0,0,0,R,L,field_out,out,0,92.9,42.0,315.0,fly_ball,medium,1,0,,,11757f2a-7769-383c-8a5b-da5bd77f8b18
823650,63,8,bottom,1,1,0,0,1,0,L,L,single,hit,0,60.8,22.0,158.0,line_drive,medium,1,0,,,816cfb55-bac3-34bb-8c05-9ae16cc48750
823650,64,8,bottom,1,0,0,0,0,0,R,L,field_out,out,0,88.3,54.0,259.0,fly_ball,medium,1,0,,,c13fc1f9-74bc-36b1-aaea-e9a240a55b9d
823650,66,9,top,0,0,0,0,0,0,L,R,single,hit,0,105.7,-10.0,10.0,ground_ball,medium,1,0,,,e90ee36a-e932-39fa-a0d5-9079642610d0
823650,67,9,top,0,0,0,0,0,0,R,R,field_out,out,0,70.3,71.0,87.0,popup,medium,1,0,,,ca16a5c0-fc06-324c-800b-b5284f3b643f
823650,68,9,top,1,1,0,0,1,0,L,R,home_run,hit,2,104.0,37.0,387.0,fly_ball,medium,1,0,,,485e09ed-61c0-3825-8f12-69e86c070d33
823650,70,9,top,2,0,0,0,0,0,R,R,field_out,out,0,95.3,48.0,297.0,fly_ball,medium,1,0,,,99fc761d-4ea9-30f3-b3c2-9ebe0ad2263d
823652,0,1,top,0,0,0,0,0,0,L,R,double,hit,0,96.1,21.0,345.0,line_drive,medium,1,0,,,fe247709-26cd-36ab-8e30-703680ccede9
823652,2,1,top,0,1,1,1,3,1,L,R,single,hit,1,106.3,13.0,205.0,line_drive,hard,1,0,,,eb453377-476d-3314-a28c-bdcfadfbe22a
823652,3,1,top,0,1,0,1,2,1,R,R,field_out,out,1,44.7,-12.0,12.0,ground_ball,soft,1,0,,,f125ae84-5367-352d-87a4-101ec2f024bb
823652,4,1,top,1,0,0,0,0,0,R,R,field_out,out,0,84.1,67.0,130.0,popup,medium,1,0,,,9c062702-bb93-3b31-8dc9-25964bd4fd6b
823652,6,1,top,2,0,1,0,1,1,R,R,force_out,out,0,71.9,-21.0,9.0,ground_ball,medium,1,0,,,4f54186b-3558-3211-a036-7ea490b940e3
823652,7,1,bottom,0,0,0,0,0,0,R,R,field_out,out,0,91.6,34.0,319.0,fly_ball,medium,1,0,,,1e245145-e303-3ded-b505-601bca682f31
823652,9,1,bottom,2,0,0,0,0,0,L,R,field_out,out,0,98.5,-0.0,41.0,ground_ball,medium,1,0,,,474f8edc-ba0e-361a-ba7f-028204ce2091
823652,10,2,top,0,0,0,0,0,0,L,R,field_out,out,0,97.4,2.0,62.0,ground_ball,medium,1,0,,,a9942ca7-3ac7-371e-b09a-116f3c84714b
823652,11,2,top,1,0,0,0,0,0,R,R,field_out,out,0,96.5,39.0,320.0,fly_ball,medium,1,0,,,d9a1b4d2-1211-36e9-bbf3-c705cc8ab0ff
823652,14,2,bottom,0,1,0,0,1,0,R,R,single,hit,0,93.3,12.0,250.0,line_drive,medium,1,0,,,af2814c6-0b06-3c7b-b22e-6a414091dfac
823652,15,2,bottom,0,1,1,0,2,1,L,R,single,hit,0,86.2,17.0,233.0,line_drive,medium,1,0,,,e9abf674-8a70-31e5-9c46-0443fd3d28e9
823652,16,2,bottom,0,1,1,1,3,1,R,R,single,hit,2,75.9,21.0,237.0,line_drive,medium,1,0,,,caa27d31-6f6c-30ca-b797-0ad6d8ac324b
823652,18,2,bottom,1,1,0,1,2,1,R,R,single,hit,1,43.2,-66.0,3.0,bunt_grounder,medium,1,0,,,dd8f0fe2-5961-3109-bdb8-8d15fa30d9d1
823652,19,2,bottom,1,1,1,0,2,1,R,R,triple,hit,2,95.6,15.0,243.0,line_drive,medium,1,0,,,ba2cf590-e632-3f47-90e0-d9bef5cb967c
823652,20,2,bottom,1,0,0,1,1,1,L,R,field_out,out,0,52.3,31.0,152.0,line_drive,soft,1,0,,,7498e03d-e335-398b-bea4-00f5c59d14c2
823652,21,2,bottom,2,0,0,0,0,0,L,R,single,hit,0,99.1,-7.0,21.0,ground_ball,medium,1,0,,,65e083ea-f59f-35b5-bbbb-7b355d45bef4
823652,22,2,bottom,2,1,0,0,1,0,L,R,field_out,out,0,104.8,2.0,75.0,ground_ball,hard,1,0,,,4064866a-3708-3455-a3a3-5b00030aff4d
823652,24,3,top,1,0,0,0,0,0,L,R,field_out,out,0,106.9,19.0,381.0,line_drive,hard,1,0,,,7f11212b-5f32-3221-976f-bb3b607d72d8
823652,26,3,bottom,0,0,0,0,0,0,R,R,field_out,out,0,96.4,52.0,245.0,fly_ball,medium,1,0,,,56f7fbce-6d12-385e-b08f-b6b480fcfd5b
823652,30,4,top,1,0,0,0,0,0,L,R,field_out,out,0,73.4,-7.0,20.0,ground_ball,medium,1,0,,,80dec6a8-aaaf-30e9-a335-78def264dd0b
823652,31,4,top,2,0,0,0,0,0,R,R,field_out,out,0,94.3,36.0,338.0,fly_ball,medium,1,0,,,5aad326e-1cce-3e1a-8965-44f23542718f
823652,32,4,bottom,0,0,0,0,0,0,L,R,field_out,out,0,95.8,17.0,294.0,line_drive,medium,1,0,,,67d50d19-3f4a-388a-8645-a879ee9c50c3
823652,34,4,bottom,1,1,0,1,2,1,R,R,double,hit,1,105.8,22.0,398.0,fly_ball,hard,1,0,False,MJ,5d5c7fcf-77c1-3468-aeb3-63b795a21d72
823652,35,4,bottom,1,0,0,0,0,0,L,R,field_out,out,0,87.0,73.0,122.0,popup,medium,1,0,,,d9aa95b9-bce1-3d64-a736-9bef18a8d69f
823652,36,4,bottom,2,0,1,0,1,1,L,R,single,hit,1,90.0,21.0,282.0,line_drive,medium,1,0,,,44b249dc-2ede-31b1-8c49-994a02d1d0d6
823652,40,5,top,1,0,0,0,0,0,R,R,single,hit,0,80.7,18.0,228.0,line_drive,medium,1,0,,,ca566483-aa58-3f5b-9276-220c2c5e1462
823652,43,5,top,2,0,0,0,0,0,L,R,field_out,out,0,70.9,-15.0,10.0,ground_ball,medium,1,0,,,c3013d0f-c53a-3a11-9710-dde6e1a41b36
823652,44,5,bottom,0,0,0,0,0,0,L,R,field_out,out,0,90.0,11.0,171.0,line_drive,medium,1,0,,,c447655a-2d4f-32b3-8faa-394b4353773e
823652,45,5,bottom,1,0,0,0,0,0,R,R,field_out,out,0,90.4,58.0,191.0,popup,medium,1,0,,,6949b0b2-bbeb-3e35-ab20-086f4c67aaf5
823652,46,5,bottom,2,0,0,0,0,0,L,R,field_out,out,0,98.7,27.0,350.0,fly_ball,medium,1,0,,,7b986c44-03d8-3bb1-a091-306c178fab29
823652,47,6,top,0,0,0,0,0,0,R,R,field_out,out,0,103.6,-9.0,17.0,ground_ball,medium,1,0,,,7d8484b3-1841-3e57-9120-8cae1db863ef
823652,48,6,top,1,0,0,0,0,0,R,R,single,hit,0,100.0,-5.0,26.0,ground_ball,medium,1,0,,,0b82c589-1af9-357b-ab76-4a7021272dcb
823652,53,6,bottom,1,0,0,0,0,0,R,R,single,hit,0,71.8,42.0,223.0,fly_ball,medium,1,0,,,de85bfc3-447c-3aab-868a-4c89b472fd76
823652,54,6,bottom,1,0,0,0,0,0,L,R,field_out,out,0,91.2,57.0,245.0,fly_ball,medium,1,0,,,916aee84-b470-31c9-b128-cd6b0efd4716
823652,55,6,bottom,2,1,1,0,2,1,L,R,home_run,hit,2,103.9,27.0,398.0,fly_ball,medium,1,0,,,1d5d94e6-f64a-3f92-b84f-f566ff304dca
823652,56,6,bottom,2,0,0,0,0,0,L,R,field_out,out,0,92.9,-15.0,11.0,ground_ball,medium,1,0,,,02e439f3-0273-3a4e-982d-4be2231b9a03
823652,57,7,top,0,0,0,0,0,0,R,L,field_out,out,0,96.7,28.0,353.0,fly_ball,medium,1,0,,,a4c968c3-61f5-335a-9968-89acd6ae0d66
823652,59,7,top,2,0,0,0,0,0,R,L,single,hit,0,104.1,7.0,121.0,ground_ball,hard,1,0,,,c70844fc-004e-3897-b5de-cc1db60585fe
823652,61,7,bottom,0,0,0,0,0,0,R,R,field_out,out,0,67.2,-0.0,37.0,ground_ball,medium,1,0,,,0f540f3a-9b30-30ee-b582-6e72fae96cbc
823652,62,7,bottom,1,0,0,0,0,0,L,R,field_out,out,0,73.5,3.0,49.0,ground_ball,medium,1,0,,,064c52d7-b90c-31d5-9f33-1604e27a66bd
823652,65,8,top,0,1,0,0,1,0,R,R,grounded_into_double_play,out,0,88.9,0.0,46.0,ground_ball,medium,1,0,,,a91155b0-b7d7-3a5a-97d4-8076d3b81f29
823652,66,8,top,2,0,0,0,0,0,L,R,field_out,out,0,98.8,10.0,184.0,line_drive,medium,1,0,,,48729237-fc49-3342-9613-6dd71102d37f
823652,69,8,bottom,2,0,0,0,0,0,R,R,single,hit,0,65.7,37.0,184.0,popup,medium,1,0,,,c70eef66-b314-309c-9eff-4a8dedd345b7
823652,70,8,bottom,2,1,0,0,1,0,L,R,force_out,out,0,98.6,-9.0,10.0,ground_ball,medium,1,0,,,8d351ea3-e2a1-38cb-b1fd-1c0da565545c
823652,71,9,top,0,0,0,0,0,0,R,L,single,hit,0,100.7,-3.0,26.0,ground_ball,medium,1,0,,,9ac59640-8415-33bf-904d-a7b7776e2c5f
823652,72,9,top,0,1,0,0,1,0,R,L,grounded_into_double_play,out,0,81.3,-12.0,13.0,ground_ball,medium,1,0,True,MF,43eb9f93-0b0f-354b-91ab-8de479f4a789
823652,73,9,top,2,0,0,0,0,0,R,L,field_out,out,0,87.2,28.0,323.0,fly_ball,medium,1,0,,,f5127e37-9051-34d0-9d84-f709dc16f2a5
823653,0,1,top,0,0,0,0,0,0,L,R,field_out,out,0,97.1,69.0,114.0,popup,medium,1,0,,,d52b89ba-bbea-395f-bcb0-d4eab424a7e2
823653,1,1,top,1,0,0,0,0,0,R,R,field_out,out,0,94.0,52.0,249.0,fly_ball,medium,1,0,,,8eb54553-e84f-352d-9f0e-9011cb666626
823653,2,1,top,2,0,0,0,0,0,L,R,field_out,out,0,102.5,16.0,299.0,line_drive,hard,1,0,,,35baba3f-79c3-3e5c-8fa7-54a9598d8ad9
823653,3,1,bottom,0,0,0,0,0,0,R,R,double,hit,0,100.0,18.0,321.0,line_drive,hard,1,0,,,5b539bfe-e48e-3de5-8549-39db67152284
823653,4,1,bottom,0,0,1,0,1,1,L,R,field_out,out,0,97.9,-16.0,5.0,ground_ball,medium,1,0,,,64d97e09-f930-35d1-baa4-e3b2d7082f05
823653,5,1,bottom,1,0,0,1,1,1,L,R,field_out,out,1,98.3,-3.0,29.0,ground_ball,medium,1,0,,,ac36334d-963b-3773-9228-760c83742953
823653,6,1,bottom,2,0,0,0,0,0,L,R,field_out,out,0,93.2,-4.0,22.0,ground_ball,medium,1,0,,,13dea301-fecb-301c-8533-ad6d5f7efd92
823653,9,2,top,2,0,0,0,0,0,L,R,double,hit,0,98.7,24.0,347.0,fly_ball,medium,1,0,,,a68eb26a-9436-3f02-8e30-0266113e1ee5
823653,10,2,top,2,1,1,0,2,1,R,R,single,hit,1,73.2,41.0,240.0,fly_ball,medium,1,0,True,MJ,d8edda4d-c4c5-35ef-bd34-978a2ba201de
823653,11,2,top,2,0,1,1,2,1,L,R,double,hit,1,100.3,11.0,229.0,line_drive,hard,1,0,,,bab48cef-f84f-3d0c-a3ea-c526f44e7709
823653,12,2,top,2,0,1,1,2,1,L,R,double,hit,1,94.8,27.0,345.0,fly_ball,medium,1,0,,,5d2dd41c-09b7-3f16-8419-196efd7233ce
823653,13,2,top,2,0,1,1,2,1,L,R,double,hit,1,108.2,10.0,188.0,line_drive,hard,1,0,,,cb283e83-9c8d-3d39-b248-512f52fc083a
823653,15,2,bottom,0,0,0,0,0,0,L,R,field_out,out,0,92.6,43.0,284.0,fly_ball,medium,1,0,,,6508a330-7cc2-3cef-86a9-f0b853fa1c39
823653,17,2,bottom,1,1,0,0,1,0,R,R,grounded_into_double_play,out,0,92.6,-4.0,25.0,ground_ball,medium,1,0,,,a3f81120-4e15-31f3-bd4e-6fb390afc6c3
823653,18,3,top,0,0,0,0,0,0,L,R,field_out,out,0,101.6,42.0,347.0,fly_ball,hard,1,0,,,49d92cda-3b94-3418-b03d-bfdbd1ed97ed
823653,19,3,top,1,0,0,0,0,0,R,R,field_out,out,0,94.9,32.0,340.0,fly_ball,medium,1,0,,,294bf9a4-987e-3eeb-9279-3deb7c63ed5b
823653,20,3,top,2,0,0,0,0,0,R,R,single,hit,0,102.3,4.0,87.0,ground_ball,hard,1,0,,,b7267172-5676-399c-95d7-ef55b8c79939
823653,21,3,top,2,0,0,0,0,0,L,R,field_out,out,0,26.8,-54.0,3.0,bunt_grounder,soft,1,0,,,62fbf5bb-6dd7-30f0-a4d5-73901c80380d
823653,23,3,bottom,1,0,0,0,0,0,R,R,field_out,out,0,82.0,79.0,35.0,popup,medium,1,0,,,1a243131-df38-36a9-a8b5-0b179e981e10
823653,25,3,bottom,2,1,0,0,1,0,L,R,double,hit,0,69.6,15.0,128.0,line_drive,medium,1,0,,,3fa3c3d4-bf0e-3176-a27a-e673fa309f6d
823653,26,3,bottom,2,0,0,0,0,0,L,R,field_out,out,0,101.3,15.0,311.0,line_drive,hard,1,0,,,d0b1a000-8951-3afb-9b79-7dff7d9ad171
823653,27,4,top,0,0,0,0,0,0,R,R,home_run,hit,1,101.4,32.0,398.0,fly_ball,medium,1,0,,,51bcf6da-a88c-3dd1-b8a7-3b121b401248
823653,28,4,top,0,0,0,0,0,0,L,R,field_out,out,0,82.5,23.0,278.0,line_drive,medium,1,0,,,ff4ba65a-b12b-3aba-8890-db47d972fa62
823653,29,4,top,1,0,0,0,0,0,L,R,single,hit,0,106.3,5.0,122.0,ground_ball,hard,1,0,,,fd4b9cd5-17a6-3f40-86df-2fb8380d3a14
823653,30,4,top,1,1,0,0,1,0,L,R,field_out,out,0,83.2,7.0,97.0,ground_ball,medium,1,0,,,282c5756-07a7-30f3-86f7-fc552b55dadf
823653,32,4,bottom,0,0,0,0,0,0,L,R,field_out,out,0,85.0,-20.0,4.0,ground_ball,medium,1,0,,,ccfd2358-66c2-3066-9a81-c65947173a0e
823653,34,4,bottom,2,0,0,0,0,0,L,R,field_out,out,0,95.6,31.0,345.0,fly_ball,medium,1,0,,,0e922c7a-28c3-34d2-ab69-a2e2e0de92d5
823653,35,5,top,0,0,0,0,0,0,L,R,field_out,out,0,97.6,29.0,381.0,fly_ball,medium,1,0,,,80a0e6e3-1fba-367e-899e-d3331c44152f
823653,36,5,top,1,0,0,0,0,0,R,R,home_run,hit,1,105.5,23.0,415.0,fly_ball,medium,1,0,,,7021c0d1-04d3-34d0-8fbe-9e5705a82248
823653,37,5,top,1,0,0,0,0,0,R,R,single,hit,0,100.9,4.0,84.0,ground_ball,hard,1,0,,,a13f0813-56f4-3085-a5ca-5e90921eb323
823653,40,5,top,2,0,0,0,0,0,L,R,field_out,out,0,68.6,39.0,220.0,popup,medium,1,0,True,MJ,677d214c-f5eb-31d8-979f-88cafc5ba9a0
823653,42,5,bottom,1,0,0,0,0,0,L,R,double,hit,0,89.4,17.0,240.0,line_drive,medium,1,0,,,53dcb932-c6de-39e6-afd8-c7cafe1ebb68
823653,43,5,bottom,1,0,1,0,1,1,R,R,single,hit,0,104.4,5.0,137.0,ground_ball,hard,1,0,,,eb1ea91b-7a5d-3daa-84cf-ef73faf8fb16
823653,44,5,bottom,1,1,0,0,1,0,R,L,grounded_into_double_play,out,0,87.0,6.0,95.0,ground_ball,medium,1,0,,,d87d62a4-fcea-32c2-9a09-9fdb46deeb8a
823653,45,6,top,0,0,0,0,0,0,L,R,field_out,out,0,103.9,8.0,168.0,line_drive,hard,1,0,,,28e6a8c4-6012-35cd-90ba-22f206db31fa
823653,47,6,top,2,0,0,0,0,0,R,R,single,hit,0,96.5,12.0,218.0,line_drive,medium,1,0,,,b01ae233-fc0a-3635-a766-db7f3eec30e8
823653,48,6,top,2,1,1,0,2,1,L,R,single,hit,0,106.4,-7.0,14.0,ground_ball,hard,1,0,False,MS,0f68d6e8-8b75-386f-9f88-a5b580c02d29
823653,49,6,bottom,0,0,0,0,0,0,R,L,field_out,out,0,100.9,23.0,371.0,fly_ball,hard,1,0,,,ceecf633-6239-38e0-a0ef-4b3bbf0a8a5c
823653,50,6,bottom,1,0,0,0,0,0,L,L,single,hit,0,87.2,10.0,168.0,line_drive,medium,1,0,,,c76b1bbe-05b1-383e-b643-37b09cb85a0e
823653,51,6,bottom,1,0,0,0,0,0,R,L,field_out,out,0,91.8,55.0,236.0,fly_ball,medium,1,0,,,31660bd5-1b43-3dba-bc1e-913a254cecb6
823653,52,6,bottom,2,0,0,0,0,0,L,L,field_out,out,0,85.7,6.0,89.0,ground_ball,medium,1,0,,,9ff24199-f357-37ad-b50c-cd2c8e05b488
823653,57,7,bottom,0,0,0,0,0,0,L,R,double,hit,0,104.9,11.0,281.0,line_drive,hard,1,0,,,4bd60f41-c99f-364e-bb0b-476b187e726f
823653,58,7,bottom,0,0,1,0,1,1,R,R,fielders_choice_out,fielders_choice,0,99.7,-3.0,28.0,ground_ball,medium,1,0,True,MJ,8913cf32-0b1d-370f-859f-ea48641bdb3e
823653,59,7,bottom,1,1,0,0,1,0,L,R,field_out,out,0,60.2,-37.0,5.0,ground_ball,medium,1,0,,,8440d82d-c51c-30fe-8070-edc87af332ae
823653,60,7,bottom,2,0,0,0,0,0,R,R,field_out,out,0,93.7,21.0,315.0,line_drive,medium,1,0,,,15c3d173-f531-3520-a885-f3bdec250b3d
823653,61,8,top,0,0,0,0,0,0,L,L,single,hit,0,70.0,36.0,235.0,fly_ball,medium,1,0,,,d2351c4a-192f-31f3-a68a-dbd361b13867
823653,63,8,top,1,0,0,0,0,0,L,L,field_out,out,0,79.2,28.0,266.0,line_drive,medium,1,0,,,c199f2d3-29c7-302c-831e-f9015d46d9a0
823653,65,8,bottom,0,0,0,0,0,0,R,L,triple,hit,0,101.9,16.0,305.0,line_drive,hard,1,0,,,744db33a-572e-3a03-ab48-04ca709a96eb
823653,67,8,bottom,1,0,0,0,0,0,L,L,field_out,out,0,61.8,63.0,118.0,popup,medium,1,0,,,5c54c437-a55d-3353-8971-187701626016
823653,68,8,bottom,2,0,0,1,1,1,R,L,single,hit,1,103.4,15.0,306.0,line_drive,hard,1,0,,,2a70881d-a6ff-3952-9b98-c798f18034bf
823653,69,8,bottom,2,0,0,0,0,0,L,L,field_out,out,0,84.9,-22.0,6.0,ground_ball,medium,1,0,True,MJ,6d2ccd62-5467-3de2-bfe4-70c16799c7ab
823653,70,9,top,0,0,0,0,0,0,R,R,field_out,out,0,87.6,67.0,127.0,popup,medium,1,0,,,1872e87a-b093-3ccf-9127-ca6fa2fcbc26
823653,72,9,top,2,0,0,0,0,0,R,R,field_out,out,0,82.1,-0.0,39.0,ground_ball,medium,1,0,,,48fe1139-5bd9-323e-8db2-eb9071adb775
823731,0,1,top,0,0,0,0,0,0,R,R,field_out,out,0,78.4,26.0,274.0,line_drive,medium,1,0,,,846fb92b-973a-35a8-bfd6-07a4a8ddcd2d
823731,2,1,top,2,0,0,0,0,0,L,R,field_out,out,0,75.8,77.0,59.0,popup,medium,1,0,,,c55b9617-1838-37b3-8c5d-b384f6a94a95
823731,3,1,bottom,0,0,0,0,0,0,L,R,single,hit,0,106.4,-8.0,15.0,ground_ball,medium,1,0,,,5bda3821-0bec-3315-beab-17bf581af187
823731,4,1,bottom,0,1,0,0,1,0,L,R,single,hit,0,75.6,20.0,221.0,line_drive,medium,1,0,,,7a11430b-8ad5-30a5-966f-74dc3d1abc5e
823731,5,1,bottom,0,1,1,1,3,1,R,R,single,hit,1,106.1,7.0,135.0,ground_ball,medium,1,0,,,9eb4b7e0-c246-385c-bc4e-b1b8a81e3787
823731,6,1,bottom,0,1,0,1,2,1,L,R,single,hit,1,85.2,-3.0,34.0,ground_ball,medium,1,0,,,a5b0f5dd-f0a0-3cc9-bd8f-6e1adde0d680
823731,7,1,bottom,0,1,1,0,2,1,R,R,force_out,out,0,86.1,-14.0,7.0,ground_ball,medium,1,0,,,fdc13745-d097-34d2-b953-2fe3c136cea2
823731,8,1,bottom,1,1,0,1,2,1,L,R,single,hit,1,75.9,13.0,151.0,line_drive,medium,1,0,,,703873ee-d6d3-387b-8da6-1247cc637dbc
823731,9,1,bottom,1,1,1,0,2,1,R,R,single,hit,0,70.1,16.0,156.0,line_drive,medium,1,0,,,8599b204-4297-30ae-88f1-5dcd93ac41c5
823731,10,1,bottom,1,1,0,0,1,0,L,R,grounded_into_double_play,out,0,87.2,-28.0,5.0,ground_ball,medium,1,0,,,e0336a41-7441-34bd-9f3e-b5c39bda253a
823731,12,2,top,1,0,0,0,0,0,R,R,single,hit,0,79.9,22.0,235.0,line_drive,medium,1,0,,,8ea5dfca-c87a-35a1-af85-fb7f304e048b
823731,13,2,top,1,1,0,0,1,0,L,R,field_out,out,0,96.2,19.0,343.0,line_drive,medium,1,0,,,bdaf1aa7-fb2e-338a-a2a8-86d9f2e83bfc
823731,14,2,top,2,0,0,0,0,0,R,R,field_out,out,0,95.6,34.0,358.0,fly_ball,medium,1,0,,,5c897bfd-e1ab-32be-af62-303efdfc6609
823731,15,2,bottom,0,0,0,0,0,0,L,R,field_out,out,0,101.1,20.0,363.0,line_drive,hard,1,0,,,f20f9368-2fb0-3b1e-a77f-84e8b6f21b3a
823731,16,2,bottom,1,0,0,0,0,0,L,R,field_out,out,0,81.1,23.0,273.0,line_drive,medium,1,0,,,c92043a4-1f72-306a-a8fb-78505d2c9991
823731,18,3,top,0,0,0,0,0,0,L,R,field_out,out,0,97.4,28.0,360.0,fly_ball,medium,1,0,,,ba93a299-9c04-362f-bc55-c647a7e1aa98
823731,20,3,top,1,0,0,0,0,0,R,R,field_out,out,0,75.9,43.0,240.0,fly_ball,medium,1,0,,,3aaccecd-d174-3714-a084-7381a33b0550
823731,21,3,top,2,0,0,0,0,0,R,R,field_out,out,0,76.6,24.0,258.0,line_drive,medium,1,0,,,4f14dd50-e879-3224-8067-809d52f2ed25
823731,22,3,bottom,0,0,0,0,0,0,R,R,single,hit,0,94.3,15.0,260.0,line_drive,medium,1,0,,,97f170cc-b567-3609-854d-3b5d6be0a0e7
823731,23,3,bottom,0,0,0,0,0,0,L,R,field_out,out,0,105.8,8.0,179.0,line_drive,hard,1,0,,,e7d64608-ba9e-3126-a66d-6e2aca67caab
823731,24,3,bottom,1,1,0,0,1,0,R,R,home_run,hit,2,100.7,31.0,355.0,fly_ball,medium,1,0,,,aa7b712f-7f75-3782-ad0f-9200de9f317a
823731,25,3,bottom,1,0,0,0,0,0,L,R,field_out,out,0,72.3,55.0,191.0,popup,medium,1,0,,,20ac3263-5c34-3116-965c-3debdf8ffa15
823731,29,4,top,1,1,0,0,1,0,R,R,grounded_into_double_play,out,0,98.3,-1.0,43.0,ground_ball,medium,1,0,,,4fb7763b-13ac-3233-aa32-04c91ba73c99
823731,30,4,bottom,0,0,0,0,0,0,L,R,field_out,out,0,89.9,17.0,243.0,line_drive,medium,1,0,,,e8a5efb3-2672-323a-aa12-dc70cb84fb9f
823731,31,4,bottom,1,0,0,0,0,0,L,R,single,hit,0,55.0,-82.0,2.0,ground_ball,soft,1,0,,,9eb6d19d-96a2-306e-9a4c-40d4afe4eed9
823731,33,4,bottom,1,0,0,0,0,0,L,R,field_out,out,0,105.1,19.0,367.0,line_drive,hard,1,0,,,4c9f6b97-5918-3fe8-ac6c-fe1051a63966
823731,34,4,bottom,2,1,1,1,3,1,R,R,single,hit,1,102.1,-1.0,42.0,ground_ball,medium,1,0,,,f84c8a74-e2e6-3650-a09d-4f89d6a9804a
823731,35,4,bottom,2,0,0,0,0,0,L,R,field_out,out,0,87.7,-5.0,24.0,ground_ball,medium,1,0,,,b1721552-e7d7-3745-9903-e43d2961528f
823731,36,5,top,0,0,0,0,0,0,L,R,field_out,out,0,91.9,2.0,61.0,ground_ball,medium,1,0,,,a2479f8c-2a89-368f-ad14-6eea6a9b3d61
823731,38,5,top,2,0,0,0,0,0,L,R,field_out,out,0,83.7,-30.0,4.0,ground_ball,medium,1,0,,,846c73b9-a31c-3eaa-a328-035cd4a93441
823731,41,5,bottom,2,0,0,0,0,0,R,R,field_out,out,0,71.2,17.0,167.0,line_drive,medium,1,0,,,4ebd0406-e937-3d57-96aa-d99bc67659d8
823731,42,6,top,0,0,0,0,0,0,R,R,single,hit,0,102.3,12.0,238.0,line_drive,hard,1,0,,,5ade8b53-07c2-3f67-81d6-ab9ae655a97a
823731,44,6,top,1,0,0,0,0,0,R,L,field_out,out,0,102.5,24.0,397.0,fly_ball,hard,1,0,,,ad6dcc6b-cc8b-3f08-8c2e-ed103c9638c4
823731,46,6,top,2,0,0,0,0,0,L,L,field_out,out,0,69.9,57.0,165.0,popup,medium,1,0,,,c6c503d3-f33b-3fb8-a703-2590e881bf95
823731,47,6,bottom,0,0,0,0,0,0,L,L,field_out,out,0,94.0,1.0,57.0,ground_ball,medium,1,0,,,f72b4ff3-d8fa-3ab6-bb4c-d4396550c90a
823731,48,6,bottom,1,0,0,0,0,0,L,L,field_out,out,0,85.5,-21.0,10.0,ground_ball,medium,1,0,,,4df9e3b3-59cf-393d-8def-f76ff88996ea
823731,49,6,bottom,2,0,0,0,0,0,L,L,field_out,out,0,99.4,31.0,347.0,fly_ball,medium,1,0,,,08b33f20-5c86-3409-9480-a775b9e5894e
823731,50,7,top,0,0,0,0,0,0,R,L,field_out,out,0,93.5,41.0,317.0,fly_ball,medium,1,0,,,d4243044-ce7a-3782-8164-6011cb389a86
823731,52,7,top,2,0,0,0,0,0,R,L,field_out,out,0,88.4,24.0,315.0,line_drive,medium,1,0,,,def4eb5f-912d-3838-9418-edb2d5c54454
823731,53,7,bottom,0,0,0,0,0,0,L,L,field_out,out,0,75.5,8.0,88.0,ground_ball,medium,1,0,,,3d0f1c78-09f4-3d9b-a347-35e7488489e1
823731,54,7,bottom,1,0,0,0,0,0,R,L,field_out,out,0,68.2,-29.0,5.0,ground_ball,medium,1,0,,,bc843d38-ecc5-37a0-9072-5ecb59c9f715
823731,55,7,bottom,2,0,0,0,0,0,L,L,field_out,out,0,100.3,1.0,67.0,ground_ball,medium,1,0,,,dfb8386d-80e2-3c62-9061-f98eec10ba72
823731,56,8,top,0,0,0,0,0,0,L,R,triple,hit,0,96.3,27.0,368.0,fly_ball,medium,1,0,,,ed4201c1-bb49-3d7a-834f-14b8957ed670
823731,58,8,top,0,1,0,1,2,1,R,R,force_out,out,1,96.5,3.0,89.0,ground_ball,medium,1,0,True,MJ,6f30044d-9271-37a8-a74c-dfc404b644bd
823731,60,8,top,1,1,1,0,2,1,L,R,home_run,hit,3,104.7,31.0,397.0,fly_ball,medium,1,0,,,efab4df8-2aec-3d39-8239-849a36c0cbc9
823731,62,8,top,2,0,0,0,0,0,R,L,field_out,out,0,97.9,50.0,288.0,fly_ball,medium,1,0,,,28a41a4d-e84c-3228-bbef-0fe4f27c5f25
823731,63,8,bottom,0,0,0,0,0,0,R,R,field_out,out,0,88.5,-1.0,39.0,ground_ball,medium,1,0,,,c11f5934-8408-3419-8755-2662264fd7a2
823731,66,9,top,0,0,0,0,0,0,L,L,field_out,out,0,78.5,-24.0,6.0,ground_ball,medium,1,0,,,9ca64099-6ccd-3327-bf56-3cb2f9fc3c35
823731,67,9,top,1,0,0,0,0,0,R,L,field_out,out,0,58.8,60.0,132.0,popup,medium,1,0,,,9b8fe2de-2c84-390c-b8f5-ebe5e3378328
823733,1,1,top,1,0,0,0,0,0,R,R,field_out,out,0,67.5,50.0,186.0,popup,medium,1,0,,,af82008d-f858-312f-8f34-b2f56c3b8f7b
823733,3,1,bottom,0,0,0,0,0,0,R,L,field_out,out,0,105.8,0.0,50.0,ground_ball,medium,1,0,,,3d1b142e-79e7-3177-b25c-65c4fc3b7f0c
823733,6,2,top,0,0,0,0,0,0,R,R,single,hit,0,97.4,3.0,87.0,ground_ball,medium,1,0,,,0fbbbcfc-ed9f-33b0-8c86-cf7205c50e9a
823733,7,2,top,0,0,0,0,0,0,L,R,field_out,out,0,94.9,43.0,301.0,fly_ball,medium,1,0,True,MJ,15e3fc20-6932-3426-9f71-d0274775080d
823733,10,2,top,2,1,1,1,3,1,R,R,single,hit,1,,,,line_drive,medium,0,0,,,b28e0009-9f45-38d5-adac-300562a966dd
823733,14,2,bottom,1,1,0,0,1,0,R,L,single,hit,0,99.6,3.0,94.0,ground_ball,medium,1,0,,,10eee84f-13c3-30c3-ab5e-56f92d03db1f
823733,15,2,bottom,1,1,0,0,1,0,R,L,grounded_into_double_play,out,0,73.0,-6.0,21.0,ground_ball,medium,1,0,,,b53d2659-4584-30e6-a114-922ddd20397f
823733,16,3,top,0,0,0,0,0,0,L,R,field_out,out,0,80.3,84.0,45.0,popup,medium,1,0,,,185105e0-a24b-3d0b-8ff8-aacbd69ffc10
823733,18,3,top,2,0,0,0,0,0,L,R,home_run,hit,1,111.6,27.0,432.0,fly_ball,hard,1,0,,,c6e08bca-fb84-30f5-9b28-6d07b351b969
823733,19,3,top,2,0,0,0,0,0,R,R,field_out,out,0,96.3,51.0,254.0,fly_ball,medium,1,0,,,60004380-8f08-3330-ba8e-a0f181064e41
823733,20,3,bottom,0,0,0,0,0,0,R,L,double,hit,0,100.2,18.0,335.0,line_drive,medium,1,0,,,f4a45673-0145-3667-bc89-0e46e97aa149
823733,21,3,bottom,0,0,1,0,1,1,L,L,sac_bunt,out,0,37.1,-85.0,1.0,bunt_grounder,soft,1,0,,,fb6ac7fb-af99-326f-8b24-6bcfed0b50d4
823733,22,3,bottom,0,1,0,1,2,1,R,L,single,hit,1,102.3,23.0,346.0,fly_ball,hard,1,0,,,33c95c38-fc45-3c38-b4c9-6d8429b2fd25
823733,30,4,bottom,0,0,0,0,0,0,R,L,field_out,out,0,87.2,2.0,56.0,ground_ball,medium,1,0,,,12473625-7099-36ea-a163-4d9583065d8b
823733,31,4,bottom,1,0,0,0,0,0,R,L,field_out,out,0,81.6,-35.0,4.0,ground_ball,medium,1,0,,,353d1bd0-0f21-3bcc-97b8-1d9bc1fe5056
823733,32,4,bottom,2,0,0,0,0,0,R,L,field_out,out,0,96.0,29.0,360.0,fly_ball,medium,1,0,,,bfac8e6f-45b9-3f39-8ffd-3fb1a011c6f1
823733,34,5,top,1,0,0,0,0,0,L,L,field_out,out,0,71.5,-51.0,3.0,ground_ball,medium,1,0,,,8a831223-a788-3795-b782-5c7984378afb
823733,35,5,top,2,0,0,0,0,0,R,L,field_out,out,0,103.3,38.0,364.0,fly_ball,hard,1,0,,,797e7ce8-e7a9-3342-9f38-0eab92152236
823733,38,5,bottom,2,0,0,0,0,0,R,L,single,hit,0,62.6,-77.0,1.0,ground_ball,medium,1,0,,,d9a4a586-d449-3cc0-8f23-7b85a2f4e969
823733,39,5,bottom,2,1,0,0,1,0,L,L,home_run,hit,2,105.3,31.0,421.0,fly_ball,hard,1,0,,,69c0715a-73f9-371a-b9bd-45f21bdd1fdb
823733,40,5,bottom,2,0,0,0,0,0,L,L,field_out,out,0,104.8,-10.0,15.0,ground_ball,medium,1,0,,,c5e4b295-ff92-35d9-be52-0507171a6f91
823733,44,6,bottom,0,0,0,0,0,0,R,R,single,hit,0,97.1,13.0,244.0,line_drive,medium,1,0,,,b3566471-01d1-3097-8e23-4e3f058d2369
823733,45,6,bottom,0,0,0,0,0,0,L,R,field_out,out,0,104.0,36.0,380.0,fly_ball,hard,1,0,,,deca6dba-57a6-3369-98d8-be225255b087
823733,47,6,bottom,2,1,0,0,1,0,R,R,double,hit,0,87.5,9.0,143.0,ground_ball,medium,1,0,,,4fb4abd7-f8d5-3199-800e-b5caa1a6ccc3
823733,49,7,top,0,0,0,0,0,0,R,L,field_out,out,0,91.7,-12.0,11.0,ground_ball,medium,1,0,,,304d779f-7444-3e4e-b909-ab2d5a9b5c44
823733,50,7,top,1,0,0,0,0,0,L,L,field_out,out,0,60.2,-4.0,19.0,ground_ball,medium,1,0,,,24777235-4c93-3b6f-b747-31d97f72f323
823733,52,7,bottom,0,0,0,0,0,0,L,R,double,hit,0,107.0,22.0,352.0,line_drive,hard,1,0,,,ff6e4c02-347d-3b2f-8d35-c22ef9133e85
823733,53,7,bottom,0,0,0,0,0,0,R,R,field_out,out,0,83.3,45.0,261.0,fly_ball,medium,1,0,,,965ebe44-965b-3406-8284-28d783dc511b
823733,56,7,bottom,2,0,0,0,0,0,R,R,field_out,out,0,86.9,43.0,286.0,fly_ball,medium,1,0,,,56198cb6-340b-3716-b024-211d8028c7db
823733,57,8,top,0,0,0,0,0,0,L,L,field_out,out,0,74.8,-17.0,11.0,ground_ball,medium,1,0,,,c55b22e5-3101-3c84-8190-907e57767c9b
823733,59,8,top,2,0,0,0,0,0,R,L,field_out,out,0,80.2,31.0,291.0,fly_ball,medium,1,0,,,e2e7bbf3-1764-3bea-8ef0-9062836b698a
823733,61,8,bottom,1,0,0,0,0,0,L,R,field_out,out,0,94.6,28.0,322.0,fly_ball,medium,1,0,,,617af2eb-a96f-3d1c-81c0-5f82c341498e
823733,64,8,bottom,2,0,0,0,0,0,L,R,field_out,out,0,83.4,46.0,264.0,fly_ball,medium,1,0,,,bb00ec1c-029a-3d11-b52f-61b6946cfed3
823733,65,9,top,0,0,0,0,0,0,L,L,field_out,out,0,86.4,-9.0,6.0,ground_ball,medium,1,0,,,5612d512-b141-3389-b426-58e7b5755840
823733,66,9,top,1,0,0,0,0,0,R,L,field_out,out,0,78.2,4.0,75.0,ground_ball,medium,1,0,,,7fb31f00-8602-3ff0-8a1c-57800a74c6f2
823735,0,1,top,0,0,0,0,0,0,L,L,field_out,out,0,98.3,16.0,265.0,line_drive,medium,1,0,,,6a6e3f98-1d5f-3406-b714-2fed681a15be
823735,3,1,bottom,0,0,0,0,0,0,L,R,single,hit,0,103.1,5.0,132.0,ground_ball,hard,1,0,,,1d2054ee-bd51-3f25-8708-3032c17d4c89
823735,4,1,bottom,0,1,0,1,2,1,L,R,double,hit,1,100.6,22.0,341.0,line_drive,hard,1,0,,,13a12cf8-3b4d-324c-96f8-48c555b7fb81
823735,5,1,bottom,0,0,0,0,0,0,R,R,field_out,out,0,88.8,-24.0,7.0,ground_ball,medium,1,0,,,e528ca15-2799-330f-af8f-a975c9a82264
823735,6,1,bottom,1,0,0,0,0,0,L,R,field_out,out,0,82.7,29.0,299.0,fly_ball,medium,1,0,,,38352933-8b2f-3706-bf84-6802415c8373
823735,8,2,top,0,0,0,0,0,0,R,L,field_out,out,0,66.6,-6.0,17.0,ground_ball,medium,1,0,,,83b534e7-e7e8-3771-b4fb-cebd748a09af
823735,11,2,bottom,0,0,0,0,0,0,R,R,single,hit,0,97.7,-26.0,5.0,ground_ball,medium,1,0,,,d9ce5530-2d1e-3b0e-ba15-2b858851e782
823735,12,2,bottom,0,1,0,0,1,0,L,R,force_out,out,0,100.0,-2.0,31.0,ground_ball,hard,1,0,,,9cef5906-6b84-3925-8687-64b3654d96a2
823735,13,2,bottom,1,1,0,0,1,0,L,R,force_out,out,0,79.1,-33.0,3.0,ground_ball,medium,1,0,,,e4bd68f7-f9fd-34e4-85d2-e9b46c920ccd
823735,14,2,bottom,2,1,0,0,1,0,L,R,single,hit,0,100.5,15.0,275.0,line_drive,hard,1,0,,,23d9c7d4-8bff-3cb0-b66e-2bd4ff77cb47
823735,15,2,bottom,2,0,0,0,0,0,L,R,field_out,out,0,105.6,14.0,295.0,line_drive,medium,1,0,,,4fc7548b-2a24-3d64-9bcb-805a9759961e
823735,16,3,top,0,0,0,0,0,0,R,L,field_out,out,0,99.2,13.0,297.0,line_drive,medium,1,0,,,db72f8d4-c0e6-37af-8cde-a834617d42b6
823735,19,3,bottom,0,0,0,0,0,0,L,R,field_out,out,0,93.4,34.0,346.0,fly_ball,medium,1,0,,,6cbe9a56-6b03-32cd-85e7-72ebe7008b30
823735,20,3,bottom,1,0,0,0,0,0,R,R,field_out,out,0,101.7,20.0,353.0,line_drive,hard,1,0,,,895c993e-e2bf-3663-abda-b2a946374415
823735,22,4,top,0,0,0,0,0,0,L,L,field_out,out,0,78.6,6.0,73.0,ground_ball,medium,1,0,,,fc256985-3ab4-362f-a0e1-9a59a972569b
823735,23,4,top,1,0,0,0,0,0,R,L,home_run,hit,1,102.1,32.0,393.0,fly_ball,medium,1,0,,,8c7e1956-519e-351f-93ac-6257bf2e8c45
823735,25,4,top,2,0,0,0,0,0,R,L,field_out,out,0,104.4,16.0,371.0,line_drive,hard,1,0,,,8ec7d177-b72e-35c8-bc1d-07e1180c0dd9
823735,27,4,bottom,0,1,1,0,2,1,R,R,single,hit,0,104.2,12.0,252.0,line_drive,hard,1,0,,,a5c765f0-bb62-3628-9b2f-59d15381e50a
823735,28,4,bottom,0,1,0,1,2,1,L,R,force_out,out,1,96.0,-16.0,9.0,ground_ball,medium,1,0,,,6bcf9a2a-eb3d-36cf-ac15-a747c756caf1
823735,29,4,bottom,1,1,0,0,1,0,L,R,force_out,out,0,68.6,6.0,74.0,ground_ball,medium,1,0,,,46954c5d-d8b9-3260-a249-bdd6693868f4
823735,30,4,bottom,2,1,0,0,1,0,L,R,double,hit,0,97.5,11.0,168.0,line_drive,medium,1,0,,,fbcf4e29-2d49-3879-80b6-dcbbcd4140db
823735,31,4,bottom,2,0,0,0,0,0,L,R,field_out,out,0,76.6,-38.0,4.0,ground_ball,medium,1,0,,,53a8c707-984e-3923-9690-8913fae34f0b
823735,32,5,top,0,0,0,0,0,0,R,L,field_out,out,0,70.9,65.0,137.0,popup,medium,1,0,False,MJ,c80525a7-b2ff-3604-a035-90d564c8b705
823735,35,5,top,2,0,0,0,0,0,R,L,field_out,out,0,74.7,53.0,204.0,fly_ball,medium,1,0,,,1f005d10-892d-30fe-aed1-0ea7aa09fdc4
823735,36,5,bottom,0,0,0,0,0,0,L,R,double,hit,0,103.6,17.0,249.0,line_drive,hard,1,0,,,d78b29a3-0031-3969-93cb-00bea28e81bf
823735,37,5,bottom,0,0,1,0,1,1,R,R,field_out,out,0,100.3,25.0,341.0,fly_ball,medium,1,0,,,57e08eb5-a918-3c0f-bd9f-0a846cf53955
823735,38,5,bottom,1,0,0,1,1,1,L,R,single,hit,1,62.8,11.0,101.0,ground_ball,medium,1,0,,,856cc8ea-e0f3-30d8-bcc4-8c9279345b8c
823735,39,5,bottom,1,1,0,0,1,0,L,R,single,hit,0,60.9,-70.0,2.0,ground_ball,medium,1,0,True,MF,26c1cf7e-59ff-3bfe-8e81-71932050a716
823735,40,5,bottom,1,1,1,0,2,1,R,R,field_out,out,0,100.4,-15.0,12.0,ground_ball,hard,1,0,,,947bb6e8-25c1-362b-98fe-21f5f3d3f3a2
823735,44,6,top,0,0,0,0,0,0,L,L,field_out,out,0,64.9,55.0,156.0,popup,medium,1,0,,,13a96fd3-bd1e-32ce-b1ca-9f1ce1c8708e
823735,45,6,top,1,0,0,0,0,0,L,L,field_out,out,0,97.9,46.0,309.0,fly_ball,medium,1,0,,,44ea0049-6cc9-302c-9095-5987495a9997
823735,47,6,bottom,0,0,0,0,0,0,L,L,field_out,out,0,105.1,-9.0,16.0,ground_ball,hard,1,0,,,ee1e1241-2044-3bbe-9e36-1d4504a0d3fc
823735,48,6,bottom,1,0,0,0,0,0,L,L,field_out,out,0,84.3,-23.0,8.0,ground_ball,medium,1,0,,,c2ab7e6b-aed7-3d0b-a16c-5b22de0065a4
823735,49,6,bottom,2,0,0,0,0,0,R,L,field_out,out,0,87.7,34.0,313.0,fly_ball,medium,1,0,,,64592328-4a40-3a63-b56a-2f5b7e196d0c
823735,50,7,top,0,0,0,0,0,0,R,R,home_run,hit,1,105.9,24.0,411.0,fly_ball,medium,1,0,False,MJ,dcf3fc35-c282-3ad5-8a6e-13e2475911ec
823735,51,7,top,0,0,0,0,0,0,L,R,single,hit,0,94.9,8.0,155.0,line_drive,medium,1,0,,,0ee3e962-4380-3b4b-ae9c-2fdd38a20f28
823735,52,7,top,0,1,0,0,1,0,L,R,home_run,hit,2,109.6,32.0,414.0,fly_ball,medium,1,0,,,79280302-fa56-31ef-a62b-7a9481695e54
823735,53,7,top,0,0,0,0,0,0,R,R,field_out,out,0,96.1,-9.0,15.0,ground_ball,medium,1,0,,,a5cbf0f3-d705-3324-9562-1e2e3c02d90d
823735,55,7,top,2,0,0,0,0,0,L,R,field_out,out,0,96.9,-17.0,8.0,ground_ball,medium,1,0,,,f793c929-9734-36f1-8eeb-327fe025fa73
823735,57,7,bottom,1,0,0,0,0,0,L,R,field_out,out,0,80.7,29.0,292.0,line_drive,medium,1,0,,,2126ca31-c140-3d64-9a7c-1678d23be85b
823735,60,8,top,0,0,0,0,0,0,L,R,single,hit,0,73.6,19.0,194.0,line_drive,medium,1,0,,,a2ab50e1-5741-31f5-8a93-00d576a0ced8
823735,61,8,top,0,1,0,0,1,0,L,R,force_out,out,0,73.8,-3.0,25.0,ground_ball,medium,1,0,,,8d4d3051-7c23-3d0e-8cb1-bbf10071b9c2
823735,63,8,top,2,0,0,0,0,0,R,R,field_out,out,0,110.2,-27.0,6.0,ground_ball,hard,1,0,,,258e50a7-4bfb-3e3e-9905-ccbd3454ffaa
823735,64,8,bottom,0,0,0,0,0,0,R,R,single,hit,0,71.0,19.0,190.0,line_drive,medium,1,0,,,3b0627eb-6b3a-3c3c-b7ab-0e15ff161b15
823735,66,8,bottom,0,1,1,0,2,1,L,L,sac_bunt,out,0,33.6,-37.0,4.0,bunt_grounder,medium,1,0,,,1daa2b5a-b038-3f43-a96f-2a821c4203c7
823735,67,8,bottom,0,1,1,1,3,1,L,L,single,hit,2,89.9,-7.0,23.0,ground_ball,medium,1,0,,,be8b33db-cce3-3a02-8a5d-528d50e0d309
823735,68,8,bottom,0,1,1,1,3,1,R,R,single,hit,1,103.1,-0.0,44.0,ground_ball,medium,1,0,,,c6bd523e-3201-34c9-ab59-094f6d69f66f
823735,69,8,bottom,0,0,0,1,1,1,L,R,sac_fly,out,1,89.4,25.0,323.0,line_drive,medium,1,0,,,4e10055d-9d88-3715-9481-ac737ae7aa22
823735,71,8,bottom,1,1,0,0,1,0,R,R,grounded_into_double_play,out,0,91.4,-1.0,38.0,ground_ball,medium,1,0,,,ca0079f6-3fe2-38f1-b224-287b16d3577a
823735,72,9,top,0,0,0,0,0,0,L,R,single,hit,0,96.8,7.0,170.0,line_drive,medium,1,0,,,c3d3a2f7-c539-3c25-9a00-0846d5c9ec16
823735,73,9,top,0,0,0,0,0,0,L,R,field_out,out,0,100.4,56.0,262.0,fly_ball,hard,1,0,,,fc2683ee-6584-3cd7-b157-01a840baa453
823735,74,9,top,1,0,0,0,0,0,R,R,field_out,out,0,100.8,22.0,302.0,line_drive,hard,1,0,,,38065918-b85c-3b84-8bd9-6dcb16399fc5
823813,0,1,top,0,0,0,0,0,0,L,R,double,hit,0,103.5,21.0,386.0,line_drive,hard,1,0,,,3c8d367b-765a-3a46-a753-6b024edb5613
823813,1,1,top,0,0,1,0,1,1,R,R,field_out,out,0,80.4,-1.0,34.0,ground_ball,medium,1,0,True,MJ,ea63c7c9-601b-398e-b47c-d2222e1f0a56
823813,2,1,top,1,0,0,1,1,1,L,R,sac_fly,out,1,79.9,57.0,188.0,fly_ball,medium,1,0,,,dff6de06-92df-3af3-8ee3-e5f41d9eb882
823813,3,1,top,2,0,0,0,0,0,L,R,single,hit,0,55.7,-27.0,4.0,ground_ball,medium,1,0,,,4b113cf4-638e-38da-ad8b-d4a4653b72f0
823813,5,1,bottom,0,0,0,0,0,0,R,L,single,hit,0,93.4,1.0,64.0,ground_ball,medium,1,0,,,0befa2b0-bebc-3193-8135-269449620448
823813,6,1,bottom,0,0,0,0,0,0,R,L,field_out,out,0,101.2,29.0,384.0,fly_ball,hard,1,0,,,8be00ad2-fc2f-301e-86a2-ff29061e7539
823813,7,1,bottom,1,1,0,0,1,0,L,L,force_out,out,0,100.8,2.0,60.0,ground_ball,medium,1,0,,,464e6e7c-62d4-3d57-a5f4-4e4823c59190
823813,8,1,bottom,2,0,0,0,0,0,R,L,field_out,out,0,88.4,-30.0,6.0,ground_ball,medium,1,0,,,21e4e1ed-cfe4-3466-90ad-5e84a1d4e1d4
823813,11,2,top,1,0,1,0,1,1,L,R,home_run,hit,2,104.9,23.0,402.0,fly_ball,medium,1,0,,,9566f657-694d-38f2-bba3-26f0c282ea57
823813,13,2,top,1,1,0,0,1,0,L,R,single,hit,0,105.5,-25.0,6.0,ground_ball,hard,1,0,,,c1c75f9d-e530-3016-baf0-8245ee83e24d
823813,14,2,top,1,1,1,1,3,1,R,R,fielders_choice,fielders_choice,0,79.4,-8.0,16.0,ground_ball,medium,1,0,,,84174beb-4b28-3c84-a99b-ff17308b1672
823813,15,2,top,1,0,0,0,0,0,L,R,field_out,out,0,91.8,65.0,172.0,popup,medium,1,0,,,1a8666f4-c77c-31c9-9934-686bcab7a1b8
823813,16,2,top,2,0,0,0,0,0,L,R,field_out,out,0,108.4,-6.0,20.0,ground_ball,hard,1,0,,,b67d4407-7ed9-3936-b7b4-69e4b8ed8f06
823813,19,2,bottom,2,0,0,0,0,0,L,L,field_out,out,0,101.4,23.0,367.0,fly_ball,hard,1,0,,,3c3d7f47-b2e8-363f-8ce4-dcf9b800d5ba
823813,21,3,top,1,0,0,0,0,0,L,L,field_out,out,0,91.1,60.0,184.0,popup,medium,1,0,,,c3133445-2523-3c06-952e-e68c08ed5417
823813,23,3,bottom,0,0,0,0,0,0,R,L,field_out,out,0,55.5,59.0,126.0,popup,medium,1,0,,,b148d44c-47f1-36d6-817b-0106ecb863a2
823813,25,3,bottom,2,0,0,0,0,0,R,L,field_out,out,0,81.8,-11.0,14.0,ground_ball,medium,1,0,,,deb0e581-7c94-364c-bcd7-137503393715
823813,26,4,top,0,0,0,0,0,0,L,L,field_out,out,0,79.8,23.0,274.0,line_drive,medium,1,0,,,1cdac992-f412-366e-b20c-8fa577a72780
823813,27,4,top,1,0,0,0,0,0,R,L,triple,hit,0,103.0,8.0,227.0,line_drive,medium,1,0,,,e74448e1-8215-3760-ac81-fc4ed800bb9d
823813,28,4,top,1,0,0,1,1,1,L,L,double,hit,1,62.2,22.0,159.0,line_drive,soft,1,0,,,c1661520-9c5f-30a8-97b8-b7adc3de8460
823813,29,4,top,1,0,1,0,1,1,R,L,field_out,out,0,71.4,-34.0,5.0,ground_ball,medium,1,0,,,756b28c1-fd30-369a-b757-3f293f38b1b7
823813,30,4,top,2,0,0,1,1,1,L,L,single,hit,1,84.5,1.0,53.0,ground_ball,medium,1,0,,,8f84ac9b-0504-3790-aad0-5e13864b7196
823813,31,4,top,2,1,0,0,1,0,L,L,single,hit,0,107.9,10.0,228.0,line_drive,hard,1,0,,,103d4ba6-cef9-3b5c-bd93-8a4523f4224a
823813,33,4,bottom,0,0,0,0,0,0,R,L,field_out,out,0,92.1,34.0,339.0,fly_ball,medium,1,0,True,MJ,b86d9ef3-fd48-3112-87a9-dc0c7616ca28
823813,34,4,bottom,1,0,0,0,0,0,L,L,field_out,out,0,87.7,72.0,125.0,popup,medium,1,0,True,MJ,2bcdd69b-d48a-33ed-af2a-8d59f3c9e990
823813,35,4,bottom,2,0,0,0,0,0,R,L,home_run,hit,1,98.3,29.0,384.0,fly_ball,medium,1,0,,,2580bf9b-2a6d-3e3f-8846-5d97ee4959a7
823813,36,4,bottom,2,0,0,0,0,0,R,L,single,hit,0,76.7,16.0,189.0,line_drive,medium,1,0,,,ccbe662c-f1f3-3c3b-a468-3be90bd45f8a
823813,38,4,bottom,2,1,1,1,3,1,L,L,single,hit,1,82.4,5.0,82.0,ground_ball,medium,1,0,,,f0b55a25-829d-32e9-80fc-4de65ab6725f
823813,39,4,bottom,2,1,0,0,1,0,R,L,force_out,out,0,109.3,-1.0,50.0,ground_ball,hard,1,0,,,d636b2b0-1847-3e95-a3b1-6bfb9d48f8eb
823813,40,5,top,0,0,0,0,0,0,L,L,field_out,out,0,78.1,37.0,268.0,fly_ball,medium,1,0,,,3690f4d5-a033-38f9-8617-85c6d4974200
823813,41,5,top,1,0,0,0,0,0,R,L,field_out,out,0,98.4,-10.0,14.0,ground_ball,medium,1,0,,,0259f24e-4f88-36df-8f6f-3a58877f8477
823813,44,5,bottom,0,0,0,0,0,0,R,R,field_out,out,0,91.2,53.0,233.0,fly_ball,medium,1,0,False,MJ,f6bd4431-f4ba-3adc-9576-915b8a9eed72
823813,47,5,bottom,2,0,0,0,0,0,R,R,field_out,out,0,87.7,-6.0,14.0,ground_ball,medium,1,0,,,1a2188c6-b6d6-329a-a087-c275befe69f0
823813,48,6,top,0,0,0,0,0,0,R,L,field_out,out,0,100.8,8.0,161.0,line_drive,medium,1,0,,,e1af046b-70d8-31ab-9663-702833f05214
823813,50,6,top,2,0,0,0,0,0,R,R,field_out,out,0,93.4,31.0,359.0,fly_ball,medium,1,0,,,756ddc7a-60c5-3b3a-b694-5b5f3a6ed3fe
823813,51,6,bottom,0,0,0,0,0,0,R,R,field_out,out,0,71.4,-9.0,18.0,ground_ball,medium,1,0,,,9cd3b20f-8f4f-38f5-8706-f58bc890c759
823813,53,6,bottom,2,0,0,0,0,0,L,R,field_out,out,0,96.2,42.0,312.0,fly_ball,medium,1,0,,,8367c333-f9d8-3d71-8a36-61b62b3dc48d
823813,55,7,top,1,0,0,0,0,0,L,R,field_out,out,0,104.4,-17.0,7.0,ground_ball,medium,1,0,,,6bce5718-7032-3a54-b606-fff8b981ee50
823813,56,7,top,2,0,0,0,0,0,R,R,field_out,out,0,108.0,1.0,57.0,ground_ball,medium,1,0,,,8b0c5b4d-54ff-38af-9ea3-bd425d2ad825
823813,57,7,bottom,0,0,0,0,0,0,R,R,field_out,out,0,96.7,10.0,200.0,line_drive,medium,1,0,,,a96599e9-4ff9-3912-83fb-b485adca0821
823813,58,7,bottom,1,0,0,0,0,0,R,R,field_out,out,0,78.7,36.0,268.0,fly_ball,medium,1,0,,,790c5303-0e35-3cfe-ba39-2183980c7f14
823813,59,7,bottom,2,0,0,0,0,0,R,R,single,hit,0,60.0,-80.0,2.0,ground_ball,soft,1,0,False,MF,bd6f953e-4ad8-3665-8420-171f2dcc021b
823813,60,7,bottom,2,1,0,0,1,0,R,R,triple,hit,1,107.3,15.0,267.0,line_drive,hard,1,0,,,253e3ceb-0ded-31d2-b926-34f6e15561f5
823813,61,7,bottom,2,0,0,0,0,0,L,R,field_out,out,0,86.2,27.0,314.0,line_drive,medium,1,0,,,48ffc900-9365-34ac-9e4d-43a551c5beb7
823813,62,8,top,0,0,0,0,0,0,L,R,field_out,out,0,63.4,34.0,205.0,popup,medium,1,0,,,435e3767-3599-3b55-b638-7a488848442f
823813,63,8,top,1,0,0,0,0,0,L,R,field_out,out,0,82.0,-14.0,10.0,ground_ball,medium,1,0,,,c606e268-9e3d-3cb7-aa31-bf2a2c8e58f9
823813,66,8,bottom,0,0,0,0,0,0,R,L,single,hit,0,102.4,1.0,74.0,ground_ball,hard,1,0,,,998c4977-b20f-3195-a943-eff268595338
823813,67,8,bottom,0,1,0,0,1,0,R,L,grounded_into_double_play,out,0,81.7,5.0,88.0,ground_ball,medium,1,0,,,e9a54835-b7c3-3027-9f63-0243dc56dfda
823813,69,9,top,0,0,0,0,0,0,L,R,single,hit,0,72.8,17.0,197.0,line_drive,medium,1,0,,,94b3205f-9e63-39e9-9092-cbca5b5a24f1
823813,71,9,top,1,0,0,0,0,0,L,R,field_out,out,0,99.2,38.0,357.0,fly_ball,medium,1,0,,,ac867dc6-b854-35b0-881a-007054d421cc
823813,72,9,top,2,1,0,0,1,0,L,R,home_run,hit,2,103.5,23.0,407.0,fly_ball,medium,1,0,,,ba0f4e27-bbf8-3578-a049-2f9e346af74b
823813,73,9,top,2,0,0,0,0,0,R,R,field_out,out,0,97.0,49.0,287.0,fly_ball,medium,1,0,,,2956b09e-f540-300a-ac6f-c129085c065a
823813,74,9,bottom,0,0,0,0,0,0,L,R,single,hit,0,93.2,14.0,214.0,line_drive,medium,1,0,,,fcb556fc-5b10-3bad-ac7d-01787b4432ac
823813,75,9,bottom,0,0,0,0,0,0,R,R,field_out,out,0,100.5,17.0,306.0,line_drive,medium,1,0,,,6f5fdcb8-dcd4-3b99-932a-2c73e53ee9b2
823813,76,9,bottom,1,0,0,0,0,0,R,R,field_out,out,0,81.4,39.0,276.0,fly_ball,medium,1,0,,,c4c935e9-d957-3ac2-8969-3b5907e026b7
823813,77,9,bottom,2,0,0,0,0,0,R,R,field_out,out,0,106.6,-25.0,4.0,ground_ball,medium,1,0,,,8eb795e4-b1f4-3343-92c1-b4a490ab0085
823814,0,1,top,0,0,0,0,0,0,R,R,field_out,out,0,93.4,53.0,249.0,fly_ball,medium,1,0,,,a6b28b43-63a8-34e5-ad4f-cd35341a2a3a
823814,1,1,top,1,0,0,0,0,0,L,R,field_out,out,0,92.3,-15.0,7.0,ground_ball,medium,1,0,,,ab33c736-1179-3641-8f5d-cfc5df65fb49
823814,4,1,bottom,1,0,0,0,0,0,R,R,field_out,out,0,103.8,-5.0,19.0,ground_ball,medium,1,0,,,8f5e8174-47bf-3116-9fe9-97524284e03e
823814,5,1,bottom,2,0,0,0,0,0,R,R,field_out,out,0,97.3,29.0,339.0,fly_ball,medium,1,0,,,5ea28349-491d-3c9c-b78c-a4e60555ce99
823814,7,2,top,1,0,0,0,0,0,L,R,field_out,out,0,89.5,46.0,301.0,fly_ball,medium,1,0,,,aa7999e5-ffe1-38a9-ac26-cf9cfe6b4ada
823814,8,2,top,2,0,0,0,0,0,R,R,single,hit,0,102.4,-7.0,22.0,ground_ball,medium,1,0,,,9388d645-b301-3e35-97c1-fe62b16998d6
823814,10,2,bottom,0,0,0,0,0,0,R,R,field_out,out,0,96.9,2.0,67.0,ground_ball,medium,1,0,,,a5ffbb85-2dc4-39e2-81c0-7d0ee7d9ff42
823814,11,2,bottom,1,0,0,0,0,0,L,R,field_out,out,0,61.9,65.0,121.0,popup,medium,1,0,,,c53e144a-df95-3725-acba-e2d4e12da665
823814,13,2,bottom,2,0,0,0,0,0,R,R,field_out,out,0,86.9,5.0,81.0,ground_ball,medium,1,0,,,cbd999a8-ad15-3942-b241-11fbfdfe92d7
823814,14,3,top,0,0,0,0,0,0,R,R,field_out,out,0,80.6,-23.0,8.0,ground_ball,medium,1,0,,,5bf92b6d-8cbf-305e-a5b1-95f7c2561f39
823814,15,3,top,1,0,0,0,0,0,L,R,field_out,out,0,86.8,28.0,321.0,fly_ball,medium,1,0,,,bb6e9a24-9499-3176-b9ca-551a15ae31f5
823814,16,3,top,2,0,0,0,0,0,R,R,home_run,hit,1,101.8,32.0,385.0,fly_ball,medium,1,0,,,a3db31df-04df-3a6d-94fd-f32e401d4979
823814,19,3,bottom,0,1,0,0,1,0,R,R,sac_bunt,out,0,51.3,-60.0,5.0,bunt_grounder,soft,1,0,,,89015e84-f14f-3967-91cb-eabbf12608d4
823814,21,3,bottom,2,0,0,0,0,0,R,R,field_out,out,0,96.5,-2.0,35.0,ground_ball,medium,1,0,,,0101f1c3-8701-3b06-91af-f0ef542323f7
823814,22,4,top,0,0,0,0,0,0,L,R,field_out,out,0,98.0,33.0,383.0,fly_ball,medium,1,0,,,8a7540f7-6d47-35f1-bfda-506c7a5e20f4
823814,23,4,top,1,0,0,0,0,0,R,R,field_out,out,0,89.0,-34.0,4.0,ground_ball,medium,1,0,,,f7f11dcd-e42d-3f29-97d8-71399c9323b1
823814,24,4,top,2,0,0,0,0,0,L,R,field_out,out,0,99.9,33.0,384.0,fly_ball,medium,1,0,,,f46fc4d3-5628-3285-a823-b45dcc03ea82
823814,25,4,bottom,0,0,0,0,0,0,R,R,home_run,hit,1,105.0,28.0,395.0,fly_ball,medium,1,0,,,b2245bf0-e2a1-3086-b6be-397bdbc3c953
823814,26,4,bottom,0,0,0,0,0,0,R,R,field_out,out,0,61.2,78.0,50.0,popup,medium,1,0,,,395bc8ec-5bdc-31f5-a98e-2c3aa6d66270
823814,27,4,bottom,1,0,0,0,0,0,L,R,single,hit,0,46.3,-28.0,6.0,ground_ball,medium,1,0,,,18c64d7c-afbf-3269-805d-10f0d85e4568
823814,28,4,bottom,1,1,0,0,1,0,R,R,force_out,out,0,78.2,-5.0,24.0,ground_ball,medium,1,0,,,ce15244e-fec1-3484-9588-0313e8bceb80
823814,29,4,bottom,2,1,0,0,1,0,R,R,field_out,out,0,107.2,-16.0,10.0,ground_ball,medium,1,0,False,MJ,47fc62b3-e568-3f67-9419-f8a99302bad0
823814,30,5,top,0,0,0,0,0,0,R,R,single,hit,0,91.4,13.0,210.0,line_drive,medium,1,0,,,17b166b3-5fe0-3c48-880d-acb493e7cc6b
823814,32,5,top,0,1,1,0,2,1,R,R,field_out,out,0,80.5,-47.0,3.0,ground_ball,medium,1,0,,,e49bd4af-c487-3fac-9cf1-e701cb80ff3b
823814,34,5,top,2,0,0,0,0,0,R,R,field_out,out,0,75.0,65.0,149.0,popup,medium,1,0,,,3a13672b-b0e9-3af1-8b29-e53ab1bbda92
823814,35,5,bottom,0,0,0,0,0,0,R,R,single,hit,0,89.6,14.0,210.0,line_drive,medium,1,0,,,cff2e7ee-f4d2-32ea-a2a5-5248c833ddb7
823814,36,5,bottom,0,1,0,0,1,0,R,R,force_out,out,0,62.1,-31.0,6.0,ground_ball,medium,1,0,,,bb27acc4-ce60-367a-a570-fe4df5fbaa6d
823814,37,5,bottom,1,0,0,0,0,0,L,R,field_out,out,0,109.3,17.0,305.0,line_drive,hard,1,0,,,85237972-4b19-325d-9c34-78d0609e5424
823814,38,5,bottom,2,0,0,0,0,0,R,R,field_out,out,0,105.4,15.0,325.0,line_drive,hard,1,0,,,94d83206-69c6-35e5-979c-b13d630090a2
823814,39,6,top,0,0,0,0,0,0,R,R,field_out,out,0,97.5,26.0,348.0,fly_ball,medium,1,0,,,2b945400-ac46-328d-adcb-a13953a2d671
823814,40,6,top,1,0,0,0,0,0,L,R,field_out,out,0,104.9,-2.0,30.0,ground_ball,medium,1,0,,,7d146d68-3070-3f4c-bee6-385b7d4ffa7e
823814,42,6,top,2,0,0,0,0,0,L,R,field_out,out,0,98.9,4.0,78.0,ground_ball,medium,1,0,,,24a151ab-038a-34f2-9f34-7fcbd7e1e3ea
823814,43,6,bottom,0,0,0,0,0,0,R,R,double,hit,0,106.7,14.0,326.0,line_drive,hard,1,0,,,5ea67d80-dd46-31d1-a630-28b0753ddb94
823814,44,6,bottom,0,0,0,0,0,0,R,R,field_out,out,0,108.0,-10.0,16.0,ground_ball,medium,1,0,,,ac4cf6a3-625d-3963-ad9e-fbf1321aae18
823814,45,6,bottom,1,0,1,0,1,1,L,R,field_out,out,0,97.5,8.0,132.0,ground_ball,medium,1,0,,,1e62af18-531a-3193-b24c-7ad2fcde0237
823814,46,6,bottom,2,0,0,1,1,1,R,R,single,hit,1,70.1,10.0,103.0,ground_ball,medium,1,0,,,645a6973-c813-3a3b-a56f-ef0de0041660
823814,47,6,bottom,2,1,0,0,1,0,R,R,single,hit,0,98.5,-3.0,36.0,ground_ball,medium,1,0,,,6c3cf815-35a0-3c32-9192-c479d9618ad5
823814,48,6,bottom,2,1,1,1,3,1,R,R,double,hit,2,98.4,2.0,61.0,ground_ball,medium,1,0,,,cce56807-9ae1-3c21-8424-aaa2b30b306b
823814,52,7,top,1,1,1,0,2,1,R,R,single,hit,0,65.8,36.0,197.0,line_drive,soft,1,0,,,547d4959-2ca9-3277-92b9-d7f522358695
823814,53,7,top,1,1,0,1,2,1,L,R,field_out,out,1,79.9,-47.0,2.0,ground_ball,medium,1,0,,,57d99de3-b92c-3504-baee-19fd594cff54
823814,54,7,top,2,0,1,0,1,1,R,R,single,hit,1,98.5,10.0,231.0,line_drive,medium,1,0,,,09a70b4d-88e3-3dd0-916b-3cdf02a3c2f6
823814,56,7,bottom,0,0,0,0,0,0,L,R,home_run,hit,1,110.2,34.0,439.0,fly_ball,medium,1,0,,,e2688ace-87d9-3c3a-a40d-f1f3ca846f85
823814,57,7,bottom,0,0,0,0,0,0,R,R,field_out,out,0,97.4,0.0,54.0,ground_ball,medium,1,0,,,47bb248e-1a73-3875-88d1-88e1a6e2b155
823814,60,8,top,0,0,0,0,0,0,L,R,field_out,out,0,83.7,27.0,297.0,line_drive,medium,1,0,,,44727019-0276-358a-839c-799172b2fb36
823814,61,8,top,1,0,0,0,0,0,R,R,field_out,out,0,96.9,52.0,255.0,fly_ball,medium,1,0,,,2458353e-2888-393d-9965-49d330a5c863
823814,63,8,bottom,0,0,0,0,0,0,L,R,field_out,out,0,86.1,-4.0,32.0,ground_ball,medium,1,0,,,e57b0c78-5ec7-3c6c-a8d0-ac7ead6e7ce6
823814,66,9,top,0,0,0,0,0,0,R,R,field_error,error,0,101.6,-24.0,6.0,ground_ball,medium,1,0,,,2be0d3dc-7088-3d4b-bea4-7824dd293f4a
823814,67,9,top,0,0,0,0,0,0,R,R,field_out,out,0,89.3,23.0,327.0,line_drive,medium,1,0,,,508a4555-0738-3079-a5e6-3c3adfd46d8d
823814,68,9,top,1,0,0,0,0,0,R,R,field_out,out,0,87.0,34.0,327.0,fly_ball,medium,1,0,True,MJ,b502c204-dc5b-3ea2-9307-1642ade699cb
823816,1,1,top,1,0,0,0,0,0,R,R,field_error,error,0,88.0,5.0,78.0,ground_ball,medium,1,0,,,00fd8c85-ec48-3f35-9302-fd55c020dfd7
823816,2,1,top,1,0,0,0,0,0,L,R,field_out,out,0,100.3,42.0,323.0,fly_ball,hard,1,0,,,7e9b320b-2add-3f85-a3de-5bef3a505544
823816,4,1,bottom,0,0,0,0,0,0,R,L,single,hit,0,85.7,11.0,221.0,line_drive,medium,1,0,,,4622c789-915f-3d3e-88ff-ba1b427249cc
823816,5,1,bottom,0,1,0,0,1,0,L,L,single,hit,0,90.5,15.0,227.0,line_drive,medium,1,0,,,d08578ae-55e2-3793-a5af-87c77acedfa8
823816,6,1,bottom,0,0,0,0,0,0,R,L,field_out,out,0,97.1,80.0,35.0,popup,medium,1,0,,,bba1ab5a-7be3-3abe-be5f-a95b507eb566
823816,7,1,bottom,1,1,1,0,2,1,R,L,field_out,out,0,75.0,-50.0,4.0,ground_ball,medium,1,0,,,80f6f1b7-6143-302b-a9ad-d3b964f78f23
823816,8,1,bottom,2,0,0,0,0,0,L,L,field_out,out,0,65.6,-47.0,3.0,ground_ball,medium,1,0,,,da7cc211-6fd4-395c-b467-8e5c8f8a7f98
823816,9,2,top,0,0,0,0,0,0,R,R,field_out,out,0,65.9,80.0,42.0,popup,medium,1,0,,,f417f036-f183-3f32-a6fe-1afa33b9f3bd
823816,10,2,top,1,0,0,0,0,0,L,R,field_out,out,0,88.2,58.0,211.0,fly_ball,medium,1,0,,,48f7da14-63b2-3a27-9c2e-b98a2b60aa00
823816,13,2,bottom,0,1,0,0,1,0,R,L,grounded_into_double_play,out,0,90.1,6.0,117.0,ground_ball,medium,1,0,,,d507b102-6467-3a7c-9daa-1ebed8827591
823816,14,2,bottom,2,0,0,0,0,0,L,L,field_out,out,0,98.8,9.0,155.0,line_drive,medium,1,0,,,bd1404c5-3fb0-3134-bbdb-5a64dd6d302f
823816,16,3,top,1,0,0,0,0,0,R,R,field_out,out,0,106.0,-4.0,32.0,ground_ball,medium,1,0,,,4074e4ac-c2a6-387a-8b41-0574ff2e61bd
823816,17,3,top,2,0,0,0,0,0,L,R,field_out,out,0,96.2,-7.0,9.0,ground_ball,medium,1,0,,,0cfb743b-2a62-3fb6-9239-60cc043d0854
823816,18,3,bottom,0,0,0,0,0,0,R,L,field_out,out,0,90.5,44.0,288.0,fly_ball,medium,1,0,,,d0c3be05-6c17-3072-b396-ad86f31e83da
823816,19,3,bottom,1,0,0,0,0,0,R,L,field_out,out,0,91.7,37.0,311.0,fly_ball,medium,1,0,,,22630573-0d16-3775-9c80-9b046d54e987
823816,20,3,bottom,2,0,0,0,0,0,L,L,field_out,out,0,67.3,-44.0,2.0,ground_ball,medium,1,0,,,8d5b1b28-8caa-3260-9dd0-94b7e1f7cedf
823816,23,4,top,1,0,0,0,0,0,L,R,field_out,out,0,88.1,82.0,4.0,popup,medium,1,0,,,0736099b-b252-3908-9240-b06290825cbc
823816,24,4,top,2,0,0,0,0,0,R,R,field_out,out,0,94.0,19.0,307.0,line_drive,medium,1,0,,,2e46f597-808c-3eee-9ed7-fb4cdbf6c0a8
823816,25,4,bottom,0,0,0,0,0,0,R,R,field_out,out,0,96.0,35.0,358.0,fly_ball,medium,1,0,,,c6ba7994-e017-34c6-9135-eee45bcf36cf
823816,26,4,bottom,1,0,0,0,0,0,R,R,field_out,out,0,83.3,-22.0,7.0,ground_ball,medium,1,0,,,ba400c80-c25f-3e55-95d3-db6f0a3dce87
823816,28,4,bottom,2,0,0,0,0,0,R,R,field_out,out,0,101.8,-14.0,8.0,ground_ball,medium,1,0,,,61f28f92-8170-3598-9d88-628ca9c47bb0
823816,31,5,top,2,0,0,0,0,0,R,R,field_out,out,0,79.9,12.0,137.0,line_drive,medium,1,0,,,d03abedd-a392-305f-8cf9-b2f88013d48b
823816,34,5,bottom,1,0,0,0,0,0,R,R,field_out,out,0,76.7,60.0,163.0,popup,medium,1,0,,,74c74bce-52ae-332b-bcff-0b3189e94b0d
823816,36,5,bottom,2,0,0,0,0,0,L,R,field_out,out,0,101.5,22.0,387.0,line_drive,hard,1,0,,,9574dc6d-b705-395f-adb9-bfe90c6380ff
823816,37,6,top,0,0,0,0,0,0,R,R,single,hit,0,108.3,8.0,156.0,line_drive,hard,1,0,,,b87e8e75-0e17-364e-895b-4c66cb3976ce
823816,38,6,top,0,1,0,0,1,0,L,R,grounded_into_double_play,out,0,84.4,-14.0,6.0,ground_ball,medium,1,0,,,c6bad80a-b07b-3af3-bf30-c18174de2a01
823816,39,6,top,2,0,0,0,0,0,R,R,field_out,out,0,80.6,0.0,37.0,ground_ball,medium,1,0,,,c9254699-40f4-3dc2-a680-215df2851622
823816,40,6,bottom,0,0,0,0,0,0,R,R,field_out,out,0,94.4,-15.0,11.0,ground_ball,medium,1,0,,,20a1ad4a-63e7-3f1e-ac17-37a728d363c2
823816,41,6,bottom,1,0,0,0,0,0,R,R,single,hit,0,103.1,2.0,86.0,ground_ball,medium,1,0,,,8a006f70-ee98-32e0-b278-d435408ec86a
823816,42,6,bottom,1,1,1,0,2,1,L,R,single,hit,0,99.8,5.0,93.0,ground_ball,medium,1,0,,,8a8ab4b9-97ec-353e-bc85-fc0f73471aec
823816,43,6,bottom,1,1,0,0,1,0,R,R,grounded_into_double_play,out,0,107.3,-2.0,39.0,ground_ball,medium,1,0,,,4235b201-07ce-33f8-b640-6b6ee0e3984c
823816,44,7,top,0,0,0,0,0,0,L,R,field_out,out,0,78.4,31.0,262.0,fly_ball,medium,1,0,,,7290754a-7c71-34e2-8879-858e93973591
823816,45,7,top,1,0,0,0,0,0,L,R,field_out,out,0,111.6,1.0,61.0,ground_ball,medium,1,0,,,b36bac24-bd36-3725-a4ae-1ae5c44b87ec
823816,46,7,top,2,0,0,0,0,0,R,R,field_out,out,0,99.6,-1.0,43.0,ground_ball,medium,1,0,,,f3bae85a-0031-3e90-9d7f-45515adcb357
823816,47,7,bottom,0,0,0,0,0,0,R,R,field_out,out,0,106.1,10.0,186.0,line_drive,medium,1,0,,,5f9cb049-8fb8-3d05-a76b-f7b4aaed65ae
823816,48,7,bottom,1,0,0,0,0,0,L,R,home_run,hit,1,107.5,27.0,428.0,fly_ball,medium,1,0,,,cac9b8d4-b8b1-3430-8812-3b4b264a414c
823816,49,7,bottom,1,0,0,0,0,0,R,R,field_out,out,0,83.0,66.0,144.0,popup,medium,1,0,,,b03ef02d-6c0f-3b85-89c4-9582cf98cc3f
823816,50,7,bottom,2,0,0,0,0,0,R,R,field_out,out,0,103.9,-22.0,6.0,ground_ball,medium,1,0,,,146d38a6-f288-3031-913f-32cfb17f2702
823816,51,8,top,0,0,0,0,0,0,L,R,field_out,out,0,97.8,-6.0,15.0,ground_ball,medium,1,0,,,da900e64-19bd-3bd9-81da-a809fe4e474b
823816,52,8,top,1,0,0,0,0,0,L,R,field_out,out,0,96.9,62.0,192.0,popup,medium,1,0,,,fc5e0bf9-a2f6-3917-a758-c8f9bab4585d
823816,54,8,bottom,0,0,0,0,0,0,L,R,triple,hit,0,98.7,28.0,383.0,fly_ball,medium,1,0,,,25586aa5-3eef-3d55-88a7-2debc5e9598c
823816,55,8,bottom,0,0,0,1,1,1,R,R,single,hit,1,101.4,8.0,178.0,line_drive,hard,1,0,,,a285d9e4-4cc8-3464-9067-f8d9c4399fe0
823816,56,8,bottom,0,1,0,0,1,0,R,R,single,hit,0,94.2,9.0,199.0,line_drive,medium,1,0,,,e97a4383-df7c-31c4-823c-571a9525d792
823816,57,8,bottom,1,0,1,0,1,1,L,R,home_run,hit,1,102.4,28.0,402.0,fly_ball,medium,1,0,,,b02616a5-b06a-3e30-b6fd-689f166d4792
823816,58,8,bottom,2,0,0,0,0,0,R,R,single,hit,0,109.1,9.0,250.0,line_drive,hard,1,0,,,7932ecb3-0c23-354a-a372-cb2653e577d6
823816,59,8,bottom,2,0,0,0,0,0,R,R,field_out,out,0,86.6,-8.0,16.0,ground_ball,medium,1,0,,,20e1460d-f60f-3617-ab2d-f438ec7bb498
823816,60,9,top,0,0,0,0,0,0,R,R,field_out,out,0,70.1,18.0,173.0,line_drive,medium,1,0,,,946a6757-39b2-303f-8df7-327928bd540a
823816,61,9,top,1,0,0,0,0,0,L,R,field_out,out,0,90.9,-28.0,3.0,ground_ball,medium,1,0,,,8f84dd05-5e0b-3ea5-a7a5-39df934aed98
823816,62,9,top,2,0,0,0,0,0,R,R,field_out,out,0,92.2,21.0,314.0,line_drive,medium,1,0,,,c3031680-6598-3956-ad28-bdef386e0f70
823894,0,1,top,0,0,0,0,0,0,R,R,single,hit,0,97.9,9.0,154.0,ground_ball,medium,1,0,,,1fa9c1f3-b207-3a25-b889-73b7f2ca7757
823894,1,1,top,0,1,0,0,1,0,L,R,force_out,out,0,85.9,-8.0,16.0,ground_ball,medium,1,0,,,3d24643b-ce9f-307c-90c8-ad2b3f0a7c05
823894,2,1,top,1,0,0,0,0,0,R,R,field_out,out,0,90.3,42.0,319.0,fly_ball,medium,1,0,,,48977020-ec51-387a-84fd-67827b862238
823894,3,1,top,2,1,0,0,1,0,R,R,field_out,out,0,86.1,24.0,318.0,line_drive,medium,1,0,,,f88e87f2-b2ae-3622-b9f2-f09bdd2f3046
823894,4,1,bottom,0,0,0,0,0,0,R,L,field_out,out,0,87.8,37.0,309.0,fly_ball,medium,1,0,,,713c518b-1148-305a-8d28-0483ae017c8f
823894,5,1,bottom,1,0,0,0,0,0,L,L,single,hit,0,99.0,8.0,130.0,ground_ball,medium,1,0,,,fe20498b-6550-3d31-ab5f-66d5d179b355
823894,6,1,bottom,1,1,0,0,1,0,R,L,force_out,out,0,74.6,-19.0,8.0,ground_ball,medium,1,0,,,f87c0f88-3dce-363b-a203-443a4dffa480
823894,8,2,top,0,0,0,0,0,0,L,R,field_out,out,0,76.2,-37.0,2.0,ground_ball,medium,1,0,,,f05b2b76-659b-3ab4-b36e-ecab86894125
823894,9,2,top,1,0,0,0,0,0,R,R,field_out,out,0,104.2,-8.0,15.0,ground_ball,hard,1,0,,,28fff8b6-4056-3b81-b4cf-c5797202ab17
823894,11,2,bottom,0,1,0,0,1,0,R,L,single,hit,0,104.0,11.0,221.0,line_drive,hard,1,0,,,e859c334-bb6f-32ad-b486-c8cc0749cfed
823894,12,2,bottom,1,0,0,0,0,0,L,L,single,hit,0,78.8,24.0,233.0,line_drive,medium,1,0,,,0c9ea1b1-eb8a-3f1d-a09c-60013eccffff
823894,14,2,bottom,2,1,0,0,1,0,L,L,field_out,out,0,94.4,21.0,284.0,line_drive,medium,1,0,,,5cc888ca-8ef8-335e-890b-5209d2c33673
823894,15,3,top,0,0,0,0,0,0,R,R,field_out,out,0,88.8,-19.0,5.0,ground_ball,medium,1,0,,,9f7f6936-7253-33c8-bf2a-19bcd82f5bb7
823894,16,3,top,1,0,0,0,0,0,L,R,field_out,out,0,64.3,75.0,59.0,popup,medium,1,0,,,54558aba-f5b9-305e-802b-ec70972829e8
823894,18,3,bottom,0,0,0,0,0,0,R,L,field_out,out,0,92.0,35.0,327.0,fly_ball,medium,1,0,,,9d938439-0399-36cf-a098-68e6bf107fed
823894,19,3,bottom,1,0,0,0,0,0,R,L,field_out,out,0,85.4,-5.0,18.0,ground_ball,medium,1,0,,,d3480476-daff-3631-97f9-d2da54131af0
823894,21,3,bottom,2,1,0,0,1,0,R,L,single,hit,0,92.2,15.0,250.0,line_drive,medium,1,0,,,77b31027-bd1e-3b30-9ff9-d249563a83a0
823894,22,3,bottom,2,0,0,0,0,0,L,L,field_out,out,0,85.0,22.0,287.0,line_drive,medium,1,0,,,3e90e011-9dde-3450-a0cd-f51749a7d675
823894,24,4,top,0,1,0,0,1,0,R,R,home_run,hit,2,108.6,25.0,409.0,fly_ball,hard,1,0,,,1408049a-b0ac-3be7-9dc9-cb31feb6c3db
823894,25,4,top,0,0,0,0,0,0,R,R,single,hit,0,104.6,-3.0,28.0,ground_ball,hard,1,0,,,cafad8a6-291b-36e1-ab65-d009a2b04220
823894,26,4,top,0,1,0,0,1,0,L,R,force_out,out,0,78.3,-27.0,6.0,ground_ball,medium,1,0,,,45723968-ea43-3792-93b9-034614da9921
823894,28,4,top,1,0,0,0,0,0,L,R,field_out,out,0,88.6,22.0,286.0,line_drive,medium,1,0,,,7573841f-2b0b-3c84-868e-186fcdd18195
823894,29,4,top,2,0,1,0,1,1,R,R,force_out,out,0,66.4,-7.0,15.0,ground_ball,medium,1,0,,,725c5d0c-fced-3af5-a965-ee8091ca0b06
823894,30,4,bottom,0,0,0,0,0,0,R,L,single,hit,0,72.1,10.0,120.0,ground_ball,medium,1,0,,,b751dd53-abb8-3163-949a-0354f44e1764
823894,31,4,bottom,0,1,0,0,1,0,L,L,single,hit,0,72.7,31.0,240.0,fly_ball,medium,1,0,,,12e59af7-0ab8-3458-bca1-b0d11dc2b373
823894,32,4,bottom,0,1,1,0,2,1,R,L,single,hit,0,71.3,35.0,246.0,fly_ball,medium,1,0,False,MC,5fb4d7e0-3043-3100-b44d-fdac1605c32b
823894,33,4,bottom,0,0,0,0,0,0,L,L,field_out,out,0,76.1,41.0,258.0,fly_ball,medium,1,0,,,c57ad079-45b3-315c-8020-f32679f5462d
823894,34,4,bottom,1,0,0,1,1,1,L,R,sac_fly,out,1,99.1,18.0,297.0,line_drive,medium,1,0,,,0f9be4f5-189d-38ca-967d-14574855f38f
823894,37,5,top,0,0,0,0,0,0,L,R,single,hit,0,103.5,-4.0,27.0,ground_ball,hard,1,0,,,0d6632a3-5333-3011-9724-aab2251268c1
823894,38,5,top,0,1,0,0,1,0,R,R,single,hit,0,62.7,-55.0,4.0,ground_ball,medium,1,0,,,2783b5dc-8c46-3185-b307-3248f58eac05
823894,39,5,top,0,1,1,1,3,1,L,R,fielders_choice,fielders_choice,0,32.6,-49.0,4.0,bunt_grounder,soft,1,0,,,22f97d9a-458c-34ce-95be-06b5e1fe0bb3
823894,40,5,top,0,0,0,1,1,1,R,R,sac_fly,out,1,80.6,49.0,243.0,fly_ball,medium,1,0,,,e9987d51-3aa3-324c-8f8d-2c6adf51d2de
823894,41,5,top,1,0,1,0,1,1,R,R,field_out,out,0,54.8,-45.0,5.0,ground_ball,soft,1,0,,,9af89e00-6a6a-3b4c-a843-478cc8ef904e
823894,42,5,top,2,0,0,0,0,0,L,R,field_out,out,0,94.9,23.0,300.0,line_drive,medium,1,0,,,9ec7e6e3-4201-38ca-aaed-261c042a3f00
823894,44,5,bottom,0,1,0,0,1,0,L,L,grounded_into_double_play,out,0,101.0,4.0,79.0,ground_ball,hard,1,0,,,c62b2267-61d0-3e37-89e4-74974bb533bf
823894,45,5,bottom,2,0,0,0,0,0,R,L,single,hit,0,96.8,-2.0,35.0,ground_ball,medium,1,0,,,2c937def-6582-3417-ae58-435f41feb977
823894,46,5,bottom,2,0,0,0,0,0,L,L,field_out,out,0,46.1,-6.0,13.0,ground_ball,soft,1,0,,,6de20a13-1477-31b2-9cc7-493379432ba6
823894,48,6,top,1,0,0,0,0,0,L,R,field_out,out,0,80.9,65.0,140.0,popup,medium,1,0,,,6418500f-a3b0-3707-a9bb-3ab217b14e79
823894,50,6,bottom,0,0,0,0,0,0,R,R,double,hit,0,77.4,9.0,113.0,ground_ball,medium,1,0,True,MJ,6513b173-88ae-33cb-9a99-5676db483c81
823894,53,6,bottom,2,0,0,0,0,0,R,R,field_out,out,0,91.9,-19.0,10.0,ground_ball,medium,1,0,True,MJ,b4409617-528b-3367-b281-8fd55c074312
823894,54,7,top,0,0,0,0,0,0,R,L,single,hit,0,90.8,9.0,133.0,ground_ball,medium,1,0,,,497beb4c-4235-34b5-a95b-73c9ee1cc8de
823894,55,7,top,0,1,0,0,1,0,R,L,field_out,out,0,89.6,-23.0,7.0,ground_ball,medium,1,0,,,27087e99-b242-33d2-88d6-366335f34c14
823894,57,7,top,1,1,0,0,1,0,R,L,grounded_into_double_play,out,0,109.8,-2.0,41.0,ground_ball,hard,1,0,,,8a6e50b4-675a-3924-bc51-3927d0dddf1d
823894,58,7,bottom,0,0,0,0,0,0,L,R,field_out,out,0,103.4,36.0,384.0,fly_ball,hard,1,0,,,2c8fa950-86a1-3c2b-b659-7020bb9e41b9
823894,60,7,bottom,1,0,0,0,0,0,L,R,field_out,out,0,80.3,31.0,294.0,fly_ball,medium,1,0,False,MJ,eeda3555-fb11-3b1f-995c-85ea7ccc479a
823894,62,8,top,0,0,0,0,0,0,R,L,field_out,out,0,91.5,-27.0,4.0,ground_ball,medium,1,0,,,f61c8986-866e-3415-8c62-611e003ea740
823894,63,8,top,1,0,0,0,0,0,L,L,field_out,out,0,100.9,-2.0,37.0,ground_ball,hard,1,0,,,20813fcf-6b10-305c-a809-b86f1fa7e5f1
823894,65,8,bottom,0,0,0,0,0,0,L,L,field_out,out,0,63.8,61.0,133.0,popup,medium,1,0,,,139a40ed-fe1e-3845-b3b0-5739368cbdf4
823894,66,8,bottom,1,0,0,0,0,0,R,L,single,hit,0,92.8,20.0,304.0,line_drive,medium,1,0,,,d3ecddd8-d2c5-30c4-bfb4-ec6c13f7aeb4
823894,67,8,bottom,1,0,0,0,0,0,R,L,field_out,out,0,84.2,24.0,281.0,line_drive,medium,1,0,,,88cdd6e6-5386-3682-848d-611850d7ea01
823894,68,8,bottom,2,0,0,0,0,0,R,L,field_out,out,0,99.5,-2.0,37.0,ground_ball,medium,1,0,,,ebfb7fdf-857a-3293-85b0-9a60697acf27
823894,69,9,top,0,0,0,0,0,0,L,L,field_out,out,0,88.5,18.0,268.0,line_drive,medium,1,0,,,6b8ce16a-a8ab-310f-9df2-1e9033a145b2
823894,71,9,top,1,1,1,1,3,1,R,R,single,hit,1,89.2,-34.0,5.0,ground_ball,medium,1,0,,,dd1ac2c3-8e7f-3e67-ad2f-5517b1e2564c
823894,72,9,top,1,1,0,0,1,0,R,R,double,hit,0,114.3,9.0,221.0,line_drive,hard,1,0,,,eab19502-57b6-368a-833c-2ef091b5770e
823894,73,9,top,1,0,1,1,2,1,L,R,fielders_choice_out,fielders_choice,0,68.8,5.0,70.0,ground_ball,medium,1,0,,,a9f3a5c6-bd8f-3775-a40f-e6c6971feb2d
823894,74,9,top,2,0,0,0,0,0,R,R,field_out,out,0,92.1,63.0,166.0,popup,medium,1,0,,,2e26d83e-6d1e-33fa-93fd-ef18320ca74c
823894,78,9,bottom,2,1,1,0,2,1,L,R,field_out,out,0,101.3,24.0,333.0,line_drive,hard,1,0,,,16cd83c7-e0cd-3e40-9758-05e541590306
823895,2,1,top,2,0,0,0,0,0,R,R,field_out,out,0,94.2,55.0,245.0,fly_ball,medium,1,0,,,66c9fcee-b9fd-3957-a0e2-08b6526a64d6
823895,3,1,bottom,0,0,0,0,0,0,L,R,field_out,out,0,103.9,37.0,382.0,fly_ball,hard,1,0,,,94ab78a3-66a2-3e88-b33c-daee8922fbed
823895,4,1,bottom,1,0,0,0,0,0,R,R,double,hit,0,102.7,14.0,316.0,line_drive,hard,1,0,,,48271ce2-c8c3-3fbf-8693-415c0463b140
823895,5,1,bottom,1,0,1,0,1,1,L,R,field_out,out,0,78.5,-17.0,7.0,ground_ball,medium,1,0,,,577f4b56-d399-3cd0-b6ca-9dbeee9909ca
823895,8,2,top,1,0,0,0,0,0,L,R,field_out,out,0,79.2,13.0,134.0,ground_ball,medium,1,0,,,02daa2e5-dcc1-33f9-a192-4e6da9377e2f
823895,9,2,top,2,0,0,0,0,0,R,R,field_out,out,0,77.9,50.0,219.0,fly_ball,medium,1,0,,,00773a18-7127-3050-bb33-9580d14b9042
823895,14,3,top,1,0,0,0,0,0,R,R,field_out,out,0,28.3,-25.0,8.0,bunt_grounder,medium,1,0,,,82922dc8-6d5b-3970-a0da-061dc3718507
823895,16,3,bottom,0,0,0,0,0,0,L,R,field_out,out,0,97.2,29.0,368.0,fly_ball,medium,1,0,,,23ddc812-f42d-3f78-99a4-d6286753b3bb
823895,18,3,bottom,2,0,0,0,0,0,L,R,single,hit,0,98.6,16.0,249.0,line_drive,medium,1,0,,,dfc68854-2296-39bd-b685-2c317ab54ce7
823895,19,3,bottom,2,1,0,0,1,0,R,R,single,hit,0,87.9,16.0,238.0,line_drive,medium,1,0,,,d053a951-fdce-366e-b58d-c38d3375bd0f
823895,24,4,top,2,0,0,0,0,0,R,R,field_out,out,0,99.5,36.0,371.0,fly_ball,medium,1,0,,,25cf0f1f-35f7-36e5-a9c9-90d3259dbf2e
823895,26,4,bottom,0,0,0,0,0,0,L,R,field_out,out,0,91.1,35.0,340.0,fly_ball,medium,1,0,,,6c8e5dd7-954c-3fa6-bab2-265f0c9b6d6e
823895,29,4,bottom,2,1,1,0,2,1,L,R,field_out,out,0,85.3,-7.0,10.0,ground_ball,medium,1,0,,,227f1852-d275-37c3-b948-060037de1cd0
823895,31,5,top,1,0,0,0,0,0,R,R,field_out,out,0,91.2,-34.0,6.0,ground_ball,medium,1,0,,,a2c6bc4f-b313-3fdc-b180-ab1c2fe28afc
823895,33,5,bottom,0,0,0,0,0,0,L,R,field_out,out,0,77.2,32.0,275.0,fly_ball,medium,1,0,,,b2814a15-bd49-3dda-9bd4-9e8915ab5546
823895,34,5,bottom,1,0,0,0,0,0,L,R,field_out,out,0,98.2,29.0,372.0,fly_ball,medium,1,0,,,ea8d12ea-517f-3eb9-a31b-4d269215d33d
823895,35,5,bottom,2,0,0,0,0,0,R,R,single,hit,0,103.5,8.0,154.0,line_drive,hard,1,0,,,56d774ad-659a-3bae-a69e-d9c1242c4a37
823895,36,5,bottom,2,1,1,0,2,1,L,L,single,hit,0,99.1,13.0,224.0,line_drive,medium,1,0,,,8b58260d-527d-3107-9bb4-1398359f72c8
823895,39,6,top,1,0,0,0,0,0,L,R,single,hit,0,60.0,20.0,141.0,ground_ball,medium,1,0,,,5036430e-c0d8-3bac-8374-779d1ddac8f7
823895,40,6,top,1,1,1,0,2,1,R,R,single,hit,0,102.3,1.0,55.0,ground_ball,hard,1,0,,,48bdcde9-95f8-3095-9a96-b547e47eef51
823895,41,6,top,1,0,0,1,1,1,L,R,sac_fly,out,1,85.6,36.0,325.0,fly_ball,medium,1,0,,,5873ef6e-a1b5-3fc7-a612-23fc2d1bc90d
823895,43,6,bottom,0,0,0,0,0,0,L,L,field_out,out,0,85.8,-13.0,12.0,ground_ball,medium,1,0,,,c818a934-fee2-340c-bc46-5fc7a985aee6
823895,44,6,bottom,1,0,0,0,0,0,L,L,field_out,out,0,96.2,67.0,159.0,popup,medium,1,0,True,MI,647c14af-9ab5-3076-880f-2fe41affa903
823895,45,6,bottom,2,0,0,0,0,0,R,R,field_out,out,0,95.0,27.0,323.0,fly_ball,medium,1,0,,,2f0cde62-ebd8-32d5-93ce-b57c2507cc02
823895,46,7,top,0,0,0,0,0,0,R,R,field_out,out,0,76.1,59.0,175.0,popup,soft,1,0,True,MJ,84ecb7f4-1616-3a00-bb92-028ebf440f18
823895,47,7,top,1,0,0,0,0,0,L,R,double,hit,0,110.4,21.0,356.0,line_drive,hard,1,0,,,5e177c57-70ee-37ee-8fd0-e2c65dbeddf1
823895,49,7,top,1,1,1,1,3,1,R,L,single,hit,1,96.1,4.0,88.0,ground_ball,medium,1,0,,,f7ea5d4f-9b06-3b4b-a946-31b89e864554
823895,51,7,top,2,1,1,1,3,1,L,L,single,hit,1,94.6,15.0,262.0,line_drive,medium,1,0,,,672ad946-697a-340b-9d83-78a9f5ad6eaa
823895,52,7,top,2,1,1,1,3,1,R,L,single,hit,1,101.7,0.0,59.0,ground_ball,hard,1,0,,,5c3ea447-c345-3975-850a-e05f9e742f37
823895,53,7,top,2,0,0,0,0,0,L,L,field_out,out,0,94.5,-20.0,8.0,ground_ball,medium,1,0,,,44de4273-0854-3154-a0a0-4a7e7c00e333
823895,54,7,bottom,0,0,0,0,0,0,L,R,field_out,out,0,67.5,-47.0,3.0,ground_ball,medium,1,0,,,027db4ec-782e-3fb1-b0ae-1bbc46e52a6c
823895,55,7,bottom,1,0,0,0,0,0,L,R,field_out,out,0,74.1,-14.0,8.0,ground_ball,medium,1,0,,,705c513b-452a-31d3-8967-eb1293d853d0
823895,57,8,top,0,0,0,0,0,0,R,R,field_out,out,0,86.3,35.0,298.0,fly_ball,medium,1,0,,,19b6e16e-0b26-3274-87f6-9c837d36ae57
823895,61,8,bottom,0,1,1,0,2,1,L,L,single,hit,0,99.8,2.0,67.0,ground_ball,medium,1,0,,,a9aabf90-33c2-36d2-aa21-5a6d32d75ff5
823895,63,8,bottom,1,0,0,0,0,0,L,L,field_out,out,0,78.2,53.0,196.0,fly_ball,medium,1,0,,,a54ecbfd-aba5-3ede-abcf-fd3170bedf01
823895,64,8,bottom,2,1,0,1,2,1,R,L,field_out,out,0,95.1,38.0,322.0,fly_ball,medium,1,0,,,18cf5a06-5a1c-3a17-b855-2d991802e076
823895,65,9,top,0,0,0,0,0,0,R,R,field_out,out,0,89.8,-37.0,5.0,ground_ball,medium,1,0,,,9ac6e370-31eb-32cd-834d-ea69477a337d
823895,69,9,bottom,1,0,0,0,0,0,L,R,field_out,out,0,91.3,57.0,223.0,fly_ball,medium,1,0,,,caa0e3b2-fea5-3ad1-9f84-15a0c10c7a01
823895,71,9,bottom,2,1,1,1,3,1,L,R,double,hit,1,106.8,18.0,373.0,line_drive,hard,1,0,,,a151270e-bd03-35ea-b594-9609ddda44e6
823895,72,9,bottom,2,0,0,0,0,0,R,R,field_out,out,0,86.0,3.0,63.0,ground_ball,medium,1,0,,,71a0ad71-8d4e-339c-98e2-68ae45c13c80
823897,0,1,top,0,0,0,0,0,0,R,R,single,hit,0,98.7,11.0,214.0,line_drive,medium,1,0,,,c9bbb942-4450-32c7-bba9-6ba168cfe267
823897,1,1,top,0,1,0,0,1,0,L,R,force_out,out,0,98.9,-10.0,14.0,ground_ball,medium,1,0,,,09115ab5-e272-32f5-92c1-564505257c54
823897,2,1,top,1,1,0,0,1,0,R,R,force_out,out,0,58.8,-7.0,20.0,ground_ball,medium,1,0,,,53cbe800-fccb-3c2a-820e-47bc7d42b1e1
823897,4,1,bottom,0,0,0,0,0,0,R,R,field_out,out,0,91.6,-26.0,6.0,ground_ball,medium,1,0,,,d22b71e3-e053-3994-b357-d1619bcfa8e6
823897,7,2,top,0,0,0,0,0,0,L,L,field_out,out,0,87.8,27.0,320.0,fly_ball,medium,1,0,,,503bdf8e-61e8-3536-bc3e-ebdcb0b35a1f
823897,8,2,top,1,0,0,0,0,0,R,L,field_error,error,0,97.4,-1.0,38.0,ground_ball,medium,1,0,,,ff1b819a-6807-36b3-a1cd-109faac3644a
823897,9,2,top,1,1,0,0,1,0,R,L,force_out,out,0,106.0,-12.0,10.0,ground_ball,medium,1,0,,,063f872a-70ea-3fbe-8916-309754084b4b
823897,10,2,top,2,1,0,0,1,0,R,L,single,hit,0,96.5,-2.0,38.0,ground_ball,medium,1,0,,,330fe381-83ed-3950-acce-7ef90049e860
823897,11,2,top,2,0,0,0,0,0,L,L,field_out,out,0,83.6,-18.0,9.0,ground_ball,medium,1,0,,,33e3a50e-f4a0-38a0-9cd3-73c1d23659ec
823897,12,2,bottom,0,0,0,0,0,0,L,R,field_out,out,0,71.3,-7.0,20.0,ground_ball,medium,1,0,,,22dbadfc-3329-312a-b453-84846c6e1a98
823897,13,2,bottom,1,0,0,0,0,0,L,R,field_out,out,0,48.8,-55.0,4.0,ground_ball,soft,1,0,,,56b5804b-76c2-3fd9-b6c2-55771f2bc8d9
823897,14,2,bottom,2,0,0,0,0,0,R,R,single,hit,0,83.3,4.0,68.0,ground_ball,medium,1,0,,,d18789b7-7436-3c31-9982-edf7aa395481
823897,15,2,bottom,2,1,0,0,1,0,L,R,single,hit,0,76.7,22.0,220.0,line_drive,medium,1,0,,,30f73671-3c1f-324e-b7fb-662754c39e52
823897,19,2,bottom,2,1,1,1,3,1,L,R,single,hit,2,92.5,1.0,55.0,ground_ball,medium,1,0,,,06834e2b-3b3f-33e0-91ae-c8973dbb09f1
823897,20,2,bottom,2,0,0,0,0,0,R,R,field_out,out,0,96.6,37.0,346.0,fly_ball,medium,1,0,,,8630533b-782a-343d-96a4-8b0589955ce3
823897,21,3,top,0,0,0,0,0,0,R,R,field_out,out,0,98.4,25.0,358.0,fly_ball,medium,1,0,,,53121391-61af-37f9-9e40-a5f31674631b
823897,22,3,top,1,0,0,0,0,0,L,R,field_out,out,0,79.2,-12.0,12.0,ground_ball,medium,1,0,,,c288c598-a0bd-3f75-96c4-3a43831d6fa7
823897,24,3,top,2,0,0,0,0,0,R,R,field_out,out,0,49.7,55.0,111.0,popup,medium,1,0,,,034534a2-52c1-3121-8ce9-6551327295dc
823897,25,3,bottom,0,0,0,0,0,0,L,R,field_out,out,0,98.2,32.0,380.0,fly_ball,medium,1,0,,,255a8827-02da-3b43-8d73-ac08cfe08528
823897,26,3,bottom,1,0,0,0,0,0,L,R,single,hit,0,101.0,13.0,204.0,line_drive,hard,1,0,,,b27441b7-ac4b-3e16-b480-5dd912bf3cca
823897,29,4,top,0,0,0,0,0,0,L,R,field_out,out,0,91.1,27.0,332.0,fly_ball,medium,1,0,,,703f3e63-80bd-33b8-8cc4-daf0a6443012
823897,31,4,top,2,0,0,0,0,0,R,R,single,hit,0,101.7,-3.0,38.0,ground_ball,medium,1,0,,,6c312089-ff44-3df6-8954-d7c7e4ce6dac
823897,32,4,top,2,1,0,0,1,0,R,R,single,hit,0,84.5,18.0,235.0,line_drive,medium,1,0,,,7da43784-bbda-3618-b9e7-0d18fd0abef6
823897,34,4,bottom,0,0,0,0,0,0,R,R,field_out,out,0,87.7,4.0,90.0,ground_ball,medium,1,0,,,266c9c6b-f245-32d5-a58d-97bc222ba672
823897,35,4,bottom,1,0,0,0,0,0,L,R,field_out,out,0,88.2,61.0,185.0,popup,medium,1,0,,,971cafd4-34b6-3937-8dc2-c231708c579d
823897,36,4,bottom,2,0,0,0,0,0,R,R,double,hit,0,99.8,20.0,326.0,line_drive,medium,1,0,,,680ffc94-5994-3887-baf9-982b89f5ae2a
823897,37,4,bottom,2,0,1,0,1,1,L,R,single,hit,1,77.8,21.0,247.0,line_drive,medium,1,0,,,5457394a-6191-3747-a9b2-859ac9e54ea4
823897,41,5,top,2,0,0,0,0,0,R,R,field_out,out,0,55.5,-50.0,4.0,ground_ball,soft,1,0,,,1c287d34-2fd0-321e-b717-7ffe6a3d83b0
823897,43,5,bottom,1,0,0,0,0,0,L,L,field_out,out,0,91.5,39.0,304.0,fly_ball,medium,1,0,,,482df76d-3057-3251-8c71-e34284b4833b
823897,44,5,bottom,2,0,0,0,0,0,R,L,field_out,out,0,93.5,37.0,323.0,fly_ball,medium,1,0,,,1ac73701-a8db-3869-8fe6-9eaca0e6d225
823897,46,6,top,1,0,0,0,0,0,L,R,field_out,out,0,79.8,-37.0,5.0,ground_ball,medium,1,0,,,4d3b54bf-05d4-3a8e-bef1-5dc259816e3c
823897,47,6,top,2,0,0,0,0,0,L,R,single,hit,0,91.6,14.0,244.0,line_drive,medium,1,0,,,7904ace0-12e8-3b7a-82b9-86503445c200
823897,48,6,top,2,0,0,0,0,0,R,R,field_out,out,0,99.4,7.0,162.0,line_drive,medium,1,0,,,c3597f1d-e469-3a13-a724-71e1ade40a3e
823897,49,6,bottom,0,0,0,0,0,0,L,L,triple,hit,0,97.4,17.0,265.0,line_drive,medium,1,0,,,d1da19c3-9fbe-3459-8b22-89a309eb77b6
823897,50,6,bottom,0,0,0,1,1,1,R,L,double_play,out,0,72.0,29.0,245.0,fly_ball,medium,1,0,,,5cfe4ae8-0b1a-36ea-baf4-8356cac075d6
823897,51,6,bottom,2,0,0,0,0,0,R,L,home_run,hit,1,106.8,19.0,390.0,line_drive,medium,1,0,,,b4654dbb-84e6-3540-abde-cba9608edce1
823897,52,6,bottom,2,0,0,0,0,0,R,L,field_out,out,0,81.4,31.0,301.0,fly_ball,medium,1,0,,,ee894370-042a-3155-9a43-699f8ce372b3
823897,53,7,top,0,0,0,0,0,0,R,R,field_out,out,0,88.1,-37.0,4.0,ground_ball,medium,1,0,,,f0e9f673-ba34-318e-b6be-904136dee564
823897,54,7,top,1,0,0,0,0,0,L,R,field_out,out,0,81.5,82.0,46.0,popup,medium,1,0,,,b714d427-cd90-3e8a-910b-82db74a022d3
823897,57,7,bottom,1,0,0,0,0,0,R,R,home_run,hit,1,101.9,30.0,396.0,fly_ball,medium,1,0,,,17872a64-3b23-39c0-b27f-643f9f1271c2
823897,58,7,bottom,1,0,0,0,0,0,L,R,field_out,out,0,60.6,29.0,176.0,popup,medium,1,0,True,MJ,4b65a7ba-1d15-3290-8508-c67941897f30
823897,59,7,bottom,2,0,0,0,0,0,L,R,field_out,out,0,92.2,-8.0,12.0,ground_ball,medium,1,0,,,6a0b1d87-580d-3272-8ec6-6978429fcb33
823897,60,8,top,0,0,0,0,0,0,R,L,field_out,out,0,91.0,48.0,268.0,fly_ball,medium,1,0,,,677b2069-c79d-30f0-9775-0453880f9176
823897,64,8,bottom,0,0,0,0,0,0,R,R,field_out,out,0,61.0,49.0,166.0,popup,medium,1,0,,,8da7d6f1-036e-324b-b1e4-3e8516569b8c
823897,68,8,bottom,2,0,0,0,0,0,R,R,field_out,out,0,92.4,24.0,335.0,line_drive,medium,1,0,,,67991210-2683-30b4-937c-b27d08b9868c
823897,69,9,top,0,0,0,0,0,0,L,L,field_out,out,0,70.4,14.0,144.0,ground_ball,medium,1,0,,,d65561f0-239c-34eb-8430-fb7ae5383de2
823897,71,9,top,2,0,0,0,0,0,R,L,field_out,out,0,61.7,-10.0,9.0,ground_ball,medium,1,0,,,f8fae5d8-1aca-3dbd-8183-95e3a46f5fd7
824055,0,1,top,0,0,0,0,0,0,R,L,field_out,out,0,70.6,-26.0,7.0,ground_ball,medium,1,0,,,8bdc1a9f-7ed4-3a27-852f-9857d8c7b2ac
824055,1,1,top,1,0,0,0,0,0,L,L,field_out,out,0,76.6,40.0,251.0,fly_ball,medium,1,0,,,2e7dd290-55ee-3bbf-ad14-846570b20ed3
824055,2,1,top,2,0,0,0,0,0,R,L,single,hit,0,99.3,2.0,61.0,ground_ball,medium,1,0,,,6a03bbe3-fed6-3f0a-8aaf-070de1ea81a4
824055,3,1,top,2,0,0,0,0,0,L,L,field_out,out,0,79.9,-31.0,4.0,ground_ball,medium,1,0,,,5fd841d5-d8d8-3597-b6b3-5b10f9f2c663
824055,5,1,bottom,0,0,0,0,0,0,R,L,field_out,out,0,81.4,42.0,280.0,fly_ball,medium,1,0,,,41d38175-5c7d-380e-9ccd-f04fad2c195b
824055,6,1,bottom,1,1,0,0,1,0,L,L,double,hit,0,101.6,8.0,148.0,line_drive,hard,1,0,,,8e22253f-9689-373e-8836-33eec713393d
824055,7,1,bottom,1,0,1,1,2,1,R,L,single,hit,1,95.8,13.0,231.0,line_drive,medium,1,0,,,55c0ce99-11e1-3129-9e7d-b389b7198ef5
824055,8,1,bottom,1,0,0,0,0,0,L,L,field_out,out,0,72.8,42.0,243.0,fly_ball,medium,1,0,,,63b03307-d2b2-3ae9-96ee-ef64248b0aca
824055,9,1,bottom,2,1,0,0,1,0,R,L,force_out,out,0,99.5,3.0,77.0,ground_ball,medium,1,0,,,5e34b70e-b0eb-3359-8b5f-6cd164d8f03d
824055,10,2,top,0,0,0,0,0,0,R,L,single,hit,0,67.5,44.0,207.0,fly_ball,medium,1,0,,,b82569fe-c3a4-3728-b0f6-cdf1b638607d
824055,11,2,top,0,1,0,0,1,0,R,L,grounded_into_double_play,out,0,98.4,-24.0,7.0,ground_ball,medium,1,0,,,2a48caff-fdc4-34cf-8f2b-5d9db057cdb1
824055,12,2,top,2,0,0,0,0,0,R,L,field_out,out,0,87.0,-14.0,10.0,ground_ball,medium,1,0,,,312277a5-3224-36fd-9a86-e8057587def8
824055,14,2,bottom,1,0,0,0,0,0,L,L,single,hit,0,98.1,-12.0,13.0,ground_ball,medium,1,0,,,dbd8e386-b144-3ff5-b2e1-536fe355ef9b
824055,15,2,bottom,1,0,0,0,0,0,R,L,field_out,out,0,74.6,79.0,41.0,popup,medium,1,0,,,52b5daaf-3a46-3cad-a0b9-36acd70653ef
824055,16,2,bottom,2,1,0,0,1,0,R,L,single,hit,0,99.6,5.0,136.0,ground_ball,medium,1,0,,,ab635779-a3b0-35ce-a693-6295f565f8c3
824055,17,2,bottom,2,1,0,0,1,0,R,L,force_out,out,0,86.2,-4.0,19.0,ground_ball,medium,1,0,,,7778c1ed-b2dd-3734-89df-f0ca7ceef504
824055,18,3,top,0,0,0,0,0,0,L,L,home_run,hit,1,103.2,27.0,380.0,fly_ball,medium,1,0,,,05c44471-095b-395b-a048-5aa289cea518
824055,19,3,top,0,0,0,0,0,0,L,L,single,hit,0,80.1,18.0,234.0,line_drive,medium,1,0,,,fdf8efb2-6b1e-37c7-9f97-045e3c5d692e
824055,20,3,top,0,0,0,0,0,0,R,L,field_out,out,0,83.8,46.0,253.0,fly_ball,medium,1,0,,,766c8d55-6a85-336a-9352-767545a35109
824055,21,3,top,1,0,0,0,0,0,L,L,field_out,out,0,58.5,73.0,65.0,popup,soft,1,0,,,c1f54615-2713-3ffd-8f92-25bb49a6a658
824055,22,3,top,2,1,0,0,1,0,R,L,force_out,out,0,101.5,-13.0,8.0,ground_ball,medium,1,0,,,265933f1-a4af-3d3a-bc81-00f566125f83
824055,23,3,bottom,0,0,0,0,0,0,L,L,single,hit,0,114.2,8.0,263.0,line_drive,medium,1,0,,,278bd51a-4fb9-337e-9e3b-a2afa589ef02
824055,24,3,bottom,0,0,0,0,0,0,R,L,field_out,out,0,100.5,33.0,391.0,fly_ball,hard,1,0,,,f6372d21-458c-3b56-80b9-9e727da63833
824055,26,3,bottom,2,1,1,0,2,1,R,L,single,hit,0,91.7,7.0,153.0,ground_ball,medium,1,0,,,2c39369f-1b21-310e-8d43-485b2aab19f6
824055,27,3,bottom,2,0,0,0,0,0,R,L,field_out,out,0,86.3,-8.0,10.0,ground_ball,medium,1,0,,,4fd0b0bf-8ecb-38d8-aadb-4a50bafa4aad
824055,28,4,top,0,0,0,0,0,0,L,L,field_out,out,0,99.1,-12.0,11.0,ground_ball,medium,1,0,,,525af94d-3aa5-399e-8894-a45ab25578b3
824055,30,4,top,2,0,0,0,0,0,R,L,single,hit,0,107.1,7.0,148.0,line_drive,hard,1,0,,,34202fea-d88f-3578-a2ff-2cf74c1a34b5
824055,32,4,bottom,0,0,0,0,0,0,L,R,field_out,out,0,100.1,4.0,90.0,ground_ball,medium,1,0,,,f1b9cc73-2743-34fa-a0b3-e2bf21bdddf4
824055,33,4,bottom,1,0,0,0,0,0,R,R,field_out,out,0,71.3,7.0,78.0,ground_ball,medium,1,0,,,0da8da7b-f753-398c-a80c-a297fde1d906
824055,36,5,top,0,0,0,0,0,0,L,L,field_out,out,0,78.1,38.0,279.0,fly_ball,medium,1,0,,,f9692fe7-d807-3435-9b24-76a0c1a397e7
824055,37,5,top,1,0,0,0,0,0,L,L,field_error,error,0,58.0,-38.0,4.0,ground_ball,medium,1,0,,,475414b6-61e2-32b3-9716-43e099911acc
824055,38,5,top,1,0,0,0,0,0,R,L,field_out,out,0,90.8,50.0,247.0,fly_ball,medium,1,0,,,94a71024-c7b8-32e0-a854-fc3dffc2f0e3
824055,41,5,bottom,1,0,0,0,0,0,R,R,field_out,out,0,90.3,-12.0,8.0,ground_ball,medium,1,0,,,571edc16-9bc9-37a4-98aa-017b2740aea6
824055,42,5,bottom,2,0,0,0,0,0,L,R,home_run,hit,1,106.0,26.0,434.0,fly_ball,medium,1,0,,,7cd3c980-b6b5-30b0-b34d-e27d93f06210
824055,44,5,bottom,2,0,0,0,0,0,R,R,field_out,out,0,80.9,-8.0,15.0,ground_ball,medium,1,0,,,40d99686-cee2-3e4b-a4b3-92835c1f9742
824055,45,6,top,0,0,0,0,0,0,L,L,field_out,out,0,56.0,72.0,65.0,popup,soft,1,0,,,c54a2c37-a086-3237-b9a1-40472ae2bb38
824055,46,6,top,1,0,0,0,0,0,R,L,home_run,hit,1,112.0,24.0,440.0,fly_ball,medium,1,0,,,9cf41543-f176-35a6-be93-98c9fe67ef59
824055,47,6,top,1,0,0,0,0,0,L,L,single,hit,0,77.7,17.0,197.0,line_drive,medium,1,0,,,954ac1b0-cba5-332f-8327-04769709f14e
824055,48,6,top,1,1,1,0,2,1,R,R,single,hit,0,95.5,11.0,217.0,line_drive,medium,1,0,,,881e17ed-a072-353a-a2d2-8f1cb8f5f008
824055,49,6,top,1,0,0,0,0,0,L,R,field_out,out,0,95.5,-13.0,8.0,ground_ball,medium,1,0,,,cfe1b6ab-86d4-356a-ab82-74e9db84d908
824055,51,6,bottom,0,0,0,0,0,0,L,R,single,hit,0,100.0,13.0,224.0,line_drive,hard,1,0,,,6da3b8c3-a509-307c-95a9-60c27ae77d07
824055,52,6,bottom,0,0,0,0,0,0,R,R,field_out,out,0,94.4,46.0,245.0,fly_ball,medium,1,0,,,e8bf151f-5448-3b07-bcd8-243e27f15125
824055,53,6,bottom,1,1,0,0,1,0,R,R,grounded_into_double_play,out,0,96.8,-11.0,13.0,ground_ball,medium,1,0,,,3bd7c920-8553-3d2c-b917-a72797f7a469
824055,54,7,top,0,0,0,0,0,0,L,L,field_out,out,0,99.2,26.0,372.0,fly_ball,medium,1,0,,,fb993aa6-156f-3440-b32a-642103b2b5b9
824055,55,7,top,1,0,0,0,0,0,L,L,field_out,out,0,84.1,-9.0,15.0,ground_ball,medium,1,0,True,MF,322f48c2-04fd-3a92-a19f-b45be3404751
824055,57,7,bottom,0,0,0,0,0,0,R,R,field_out,out,0,83.5,36.0,288.0,fly_ball,medium,1,0,,,00a6d9b3-ba6c-3b19-a9ca-9abf9e24cff6
824055,58,7,bottom,1,0,0,0,0,0,L,R,field_out,out,0,100.6,38.0,368.0,fly_ball,hard,1,0,,,2795816e-89f7-3177-8b97-de149f41abbf
824055,60,8,top,0,0,0,0,0,0,L,L,field_out,out,0,79.6,31.0,283.0,fly_ball,medium,1,0,,,93b377b2-5be2-3d3e-aeac-b7a7d8a2380e
824055,62,8,top,1,0,0,0,0,0,L,R,field_out,out,0,93.1,34.0,341.0,fly_ball,medium,1,0,,,4225cf56-12e0-3764-a354-53c0abdbfc39
824055,63,8,top,2,0,0,0,0,0,R,R,field_out,out,0,66.8,-46.0,3.0,ground_ball,medium,1,0,,,02701797-1fc3-3a2b-8ab4-afcbc3682f25
824055,64,8,bottom,0,0,0,0,0,0,L,R,home_run,hit,1,104.2,28.0,378.0,fly_ball,medium,1,0,,,01183118-b45f-3a21-a041-72142cb00ab6
824055,65,8,bottom,0,0,0,0,0,0,L,R,field_out,out,0,101.6,29.0,376.0,fly_ball,hard,1,0,,,fd8c370d-8b63-3d8b-b184-487415002de5
824055,68,9,top,0,0,0,0,0,0,L,R,field_out,out,0,83.3,61.0,197.0,popup,medium,1,0,,,fbcaad9f-1a65-381f-b3ff-689b0201cfa5
824055,70,9,top,2,0,0,0,0,0,L,R,single,hit,0,101.4,2.0,63.0,ground_ball,hard,1,0,,,8168836f-727c-3413-96e4-b6ca6ffcef9a
824055,71,9,top,2,1,0,0,1,0,L,R,field_out,out,0,86.4,67.0,179.0,popup,medium,1,0,,,234d903b-012f-3b61-bad8-f638db1c24ce
824057,1,1,top,0,1,0,0,1,0,L,R,grounded_into_double_play,out,0,100.2,-14.0,8.0,ground_ball,medium,1,0,,,12784bd6-5c36-3256-954b-c198278c8d67
824057,2,1,top,2,0,0,0,0,0,L,R,field_out,out,0,64.8,76.0,67.0,popup,medium,1,0,,,bee6a0bd-11b9-358d-bc3f-090707167f3c
824057,3,1,bottom,0,0,0,0,0,0,L,R,double,hit,0,107.9,21.0,347.0,fly_ball,hard,1,0,,,a1f23402-8917-3631-b1e7-8dab6e151e7c
824057,4,1,bottom,0,0,1,0,1,1,R,R,single,hit,0,66.7,25.0,199.0,line_drive,medium,1,0,,,9fb432cd-32b4-315f-b5f8-401c9c0648ea
824057,5,1,bottom,0,1,1,1,3,1,L,R,double,hit,1,105.3,1.0,70.0,ground_ball,medium,1,0,,,11b454e2-b73f-3bba-9040-713edcc02aac
824057,6,1,bottom,0,0,1,0,1,1,R,R,field_out,out,0,81.4,-28.0,4.0,ground_ball,medium,1,0,,,977bb0dc-9335-3382-a04e-b79d122c695d
824057,8,1,bottom,2,0,0,1,1,1,L,R,single,hit,1,102.4,13.0,220.0,line_drive,hard,1,0,,,e68a52aa-a9ef-309c-a48c-2940eacdc81a
824057,9,1,bottom,2,0,0,0,0,0,L,R,field_out,out,0,90.9,-16.0,10.0,ground_ball,medium,1,0,,,17824d4a-7858-3d1a-9eb7-f54d7810709e
824057,10,2,top,0,0,0,0,0,0,R,R,field_error,error,0,85.7,1.0,51.0,ground_ball,medium,1,0,,,7537c343-f9b0-3986-997d-0b20dd3460fb
824057,11,2,top,0,1,0,0,1,0,L,R,double,hit,0,103.1,20.0,333.0,line_drive,hard,1,0,,,fec99f9b-d7a0-345e-83c4-02ffc46a54b1
824057,12,2,top,0,0,1,1,2,1,L,R,sac_fly,out,1,106.5,17.0,338.0,line_drive,hard,1,0,,,16654fab-11a9-34aa-b0f8-dd18e406ea84
824057,13,2,top,1,0,0,0,0,0,L,R,field_out,out,0,89.4,74.0,80.0,popup,medium,1,0,,,306bc2af-862d-3475-b215-97992c36824e
824057,14,2,top,2,0,0,1,1,1,L,R,home_run,hit,2,94.5,29.0,342.0,fly_ball,medium,1,0,False,NH,42268ae1-c860-3bc3-b798-1dbdbda8aa75
824057,15,2,top,2,0,0,0,0,0,L,R,double,hit,0,101.1,22.0,368.0,line_drive,hard,1,0,,,c344476e-a29b-35ef-8878-77a753cc3528
824057,16,2,top,2,0,1,0,1,1,L,R,triple,hit,1,89.9,21.0,279.0,line_drive,medium,1,0,,,e763941b-a2f4-3e5a-857d-5d7ddb2fa928
824057,17,2,top,2,0,0,0,0,0,L,R,field_out,out,0,87.7,59.0,204.0,popup,medium,1,0,,,ffc94ff9-f63f-3368-a6ef-5eea2a84a7a6
824057,18,2,bottom,0,0,0,0,0,0,L,R,field_out,out,0,77.5,-7.0,15.0,ground_ball,medium,1,0,,,f68f75ce-7aff-32b7-8d6e-ccb594f08f75
824057,19,2,bottom,1,0,0,0,0,0,L,R,field_out,out,0,82.0,-29.0,6.0,ground_ball,medium,1,0,,,b6e32646-e2b5-3ab5-96e6-5ba61eb179a4
824057,20,2,bottom,2,0,0,0,0,0,L,R,double,hit,0,108.0,22.0,412.0,fly_ball,hard,1,0,,,85af83eb-8065-34c9-b03e-82ac3006841e
824057,22,3,top,0,0,0,0,0,0,L,R,home_run,hit,1,107.9,20.0,400.0,line_drive,medium,1,0,,,5ca8a46b-b405-3877-9712-d79482441a9d
824057,23,3,top,0,0,0,0,0,0,R,R,field_out,out,0,104.9,5.0,130.0,ground_ball,medium,1,0,,,4e64d72f-d938-3814-a6f8-c6e766ac1c66
824057,25,3,top,2,0,0,0,0,0,L,R,field_out,out,0,95.5,19.0,312.0,line_drive,medium,1,0,,,f91c6594-5d0d-3e32-86d6-f5703b2c1ff6
824057,27,3,bottom,1,0,0,0,0,0,R,R,field_out,out,0,88.3,27.0,312.0,fly_ball,medium,1,0,False,MJ,c472d89d-45c2-3708-bf3b-98b896a0c16a
824057,31,4,top,2,0,0,0,0,0,L,R,field_out,out,0,76.6,72.0,93.0,popup,medium,1,0,,,9f7500b9-dc9f-3471-8c93-584af16b0b54
824057,32,4,bottom,0,0,0,0,0,0,L,R,field_out,out,0,85.4,-5.0,29.0,ground_ball,medium,1,0,,,b4d62ba3-9dcd-30bf-b7a5-9d53c3f0df30
824057,33,4,bottom,1,0,0,0,0,0,L,R,single,hit,0,77.1,24.0,250.0,line_drive,medium,1,0,,,439d6cd2-5a23-30b3-96d2-eaa9d5816d00
824057,34,4,bottom,1,1,0,0,1,0,L,R,double_play,out,0,65.0,14.0,121.0,line_drive,medium,1,0,,,ff8276a4-0725-3bd4-b0a2-6aa20f1254de
824057,35,5,top,0,0,0,0,0,0,L,R,field_out,out,0,95.8,22.0,334.0,line_drive,medium,1,0,,,77e60ef7-6e07-3edc-bdfe-ae1f2a87b257
824057,36,5,top,1,0,0,0,0,0,L,R,field_out,out,0,103.2,10.0,173.0,line_drive,hard,1,0,,,48b35ce3-a0e4-3553-ae35-8e93e7b6f6b3
824057,37,5,top,2,0,0,0,0,0,L,R,field_out,out,0,91.7,24.0,341.0,line_drive,medium,1,0,,,4108e648-002b-314c-b3b6-60112a7ebe1b
824057,40,5,bottom,1,1,0,0,1,0,R,R,grounded_into_double_play,out,0,97.3,-10.0,19.0,ground_ball,medium,1,0,,,3abfa6bf-139f-3a4f-8951-452c2c2a9143
824057,41,6,top,0,0,0,0,0,0,R,R,field_out,out,0,95.2,50.0,280.0,fly_ball,medium,1,0,,,191d16c6-f453-306f-868e-eb89867f9cca
824057,42,6,top,1,0,0,0,0,0,L,R,triple,hit,0,102.2,27.0,388.0,fly_ball,hard,1,0,,,a481b8c5-a2cc-30fb-8b86-9fe45415e730
824057,43,6,top,1,0,0,1,1,1,L,R,sac_fly,out,1,90.5,45.0,286.0,fly_ball,medium,1,0,,,21356b2c-5e34-382e-a9a0-4127e2aa1c51
824057,44,6,top,2,0,0,0,0,0,L,R,field_out,out,0,80.6,-25.0,4.0,ground_ball,medium,1,0,,,3734dc0c-f899-3e56-9df8-3db836e82d67
824057,45,6,bottom,0,0,0,0,0,0,L,R,field_out,out,0,81.5,-48.0,3.0,ground_ball,medium,1,0,,,a52e2ef2-282d-3d38-a415-1aab71162b88
824057,46,6,bottom,1,0,0,0,0,0,R,R,double,hit,0,109.9,15.0,307.0,line_drive,hard,1,0,,,f03ff468-edbf-328e-be97-b9ae3cc76a65
824057,48,6,bottom,1,0,0,0,0,0,L,R,field_out,out,0,87.2,32.0,326.0,fly_ball,medium,1,0,,,0c11faf7-19f8-355e-8842-ad28daa45519
824057,51,7,top,1,0,0,0,0,0,R,L,home_run,hit,1,98.0,45.0,354.0,fly_ball,medium,1,0,,,95ee62a8-9a4c-3e53-9f72-5bd3b714a093
824057,52,7,top,1,0,0,0,0,0,L,L,single,hit,0,88.9,-4.0,17.0,ground_ball,medium,1,0,,,62ab582c-9f63-36e3-82d1-4e0e549d31c8
824057,53,7,top,1,1,0,0,1,0,R,L,grounded_into_double_play,out,0,104.0,-13.0,8.0,ground_ball,medium,1,0,,,c1fb3b62-0225-3e22-b0b7-38b77706d1f3
824057,54,7,bottom,0,0,0,0,0,0,L,R,field_out,out,0,99.3,15.0,296.0,line_drive,medium,1,0,,,09d5ac51-6c71-3441-9df3-1f686c297982
824057,56,7,bottom,2,0,0,0,0,0,L,R,field_out,out,0,107.9,37.0,374.0,fly_ball,hard,1,0,,,d499e093-f5a0-3b30-9e43-a392248f8a68
824057,57,8,top,0,0,0,0,0,0,L,R,field_out,out,0,80.2,7.0,109.0,ground_ball,medium,1,0,,,593bf7f1-b333-3f2b-9cf2-b973a8664a9a
824057,58,8,top,1,0,0,0,0,0,R,R,single,hit,0,103.7,23.0,355.0,fly_ball,hard,1,0,,,2653c4b9-b278-3187-a7ac-fac41ddc9968
824057,59,8,top,1,1,1,0,2,1,L,R,single,hit,0,89.7,12.0,198.0,line_drive,medium,1,0,,,a36a53f7-31f9-3285-9e64-297207dc8154
824057,60,8,top,1,0,0,0,0,0,L,R,field_out,out,0,104.5,5.0,119.0,line_drive,medium,1,0,,,b99da7e3-4f11-3b21-a99a-572874b4484d
824057,61,8,top,2,0,0,0,0,0,L,R,field_out,out,0,88.3,76.0,55.0,popup,medium,1,0,,,1d3fcaec-9db8-3f57-b4e9-6d911e810326
824057,62,8,bottom,0,0,0,0,0,0,R,R,double,hit,0,86.7,15.0,234.0,line_drive,medium,1,0,,,37fb57cb-e74f-385e-b985-89fb15d4ae3d
824057,63,8,bottom,0,0,1,1,2,1,L,R,double,hit,1,104.2,13.0,227.0,line_drive,hard,1,0,,,09fdc2ac-4488-3cda-b4de-0f2c7eeeb518
824057,64,8,bottom,0,0,1,0,1,1,R,R,field_out,out,0,82.7,-47.0,3.0,ground_ball,medium,1,0,,,325b1dc0-75d1-3b80-8bf9-f03171f24a79
824057,65,8,bottom,1,0,0,1,1,1,L,R,single,hit,1,81.3,24.0,264.0,line_drive,medium,1,0,,,2981cd71-0f01-3ec6-8491-53a7132d87f4
824057,66,8,bottom,1,0,0,0,0,0,L,R,field_out,out,0,93.6,9.0,159.0,line_drive,medium,1,0,,,0b47c327-a613-34f1-ae28-a87fa03e9359
824057,67,8,bottom,2,0,0,0,0,0,L,R,field_out,out,0,93.0,40.0,312.0,fly_ball,medium,1,0,,,444c7b19-ffde-34e9-8ea9-84867f7938e4
824057,68,9,top,0,0,0,0,0,0,L,R,home_run,hit,1,100.3,29.0,380.0,fly_ball,medium,1,0,,,f4be92a2-2539-3046-a7ba-58cf88f0620f
824057,69,9,top,0,0,0,0,0,0,L,R,home_run,hit,1,99.1,34.0,373.0,fly_ball,medium,1,0,,,52bfdb86-707b-391b-aef3-0e8c4e4ceba3
824057,70,9,top,0,0,0,0,0,0,L,R,single,hit,0,88.5,6.0,111.0,ground_ball,medium,1,0,,,f460b683-50ea-3633-911f-d75ce7193539
824057,71,9,top,0,1,0,0,1,0,L,R,force_out,out,0,75.4,-17.0,5.0,ground_ball,medium,1,0,,,af464d3b-167d-34ca-9549-d299bf2cc471
824057,73,9,top,1,1,1,0,2,1,R,R,force_out,out,0,57.7,11.0,100.0,ground_ball,medium,1,0,,,8e64667f-124e-338b-9049-cb38399f65a9
824057,75,9,top,2,1,1,1,3,1,L,R,single,hit,2,92.1,-12.0,16.0,ground_ball,medium,1,0,,,d94172a2-a1d0-34fb-8b7d-d4711b69cea7
824057,77,9,top,2,0,0,0,0,0,L,R,field_out,out,0,101.1,29.0,396.0,fly_ball,hard,1,0,False,MJ,d312987d-4789-3a15-8d60-67c4b0a61612
824057,78,9,bottom,0,0,0,0,0,0,L,R,field_out,out,0,73.4,-22.0,4.0,ground_ball,medium,1,0,,,288ec140-0940-388e-8f57-007dca7a83d2
824057,79,9,bottom,1,0,0,0,0,0,L,R,field_out,out,0,105.6,13.0,339.0,line_drive,hard,1,0,,,7313fc54-81de-36c8-9ff8-7675ce48f6dd
824057,80,9,bottom,2,0,0,0,0,0,L,R,field_out,out,0,90.9,40.0,326.0,fly_ball,medium,1,0,,,82ad922a-88b8-3019-849d-2a10431bf630
824058,1,1,top,0,1,0,0,1,0,R,L,field_error,error,0,102.6,-11.0,13.0,ground_ball,medium,1,0,,,be23b7c9-3331-3649-b179-806913082cd0
824058,2,1,top,0,1,1,0,2,1,L,L,field_out,out,0,96.5,25.0,369.0,fly_ball,medium,1,0,,,7c2439b3-29ce-3771-baad-a1ba1575206a
824058,4,1,top,1,1,1,1,3,1,R,L,single,hit,2,105.1,-7.0,22.0,ground_ball,medium,1,0,,,a5410cad-3caf-30d6-b91f-1cbed9325a40
824058,5,1,top,1,0,1,0,1,1,R,L,field_out,out,0,93.3,33.0,364.0,fly_ball,medium,1,0,,,9bffd166-25d5-378f-8382-a79fa8eafa17
824058,9,1,bottom,1,1,0,1,2,1,L,R,double,hit,1,104.2,16.0,314.0,line_drive,hard,1,0,,,de951fe4-6270-3fb6-9fe2-8100bcdcedbf
824058,10,1,bottom,1,1,1,0,2,1,R,R,single,hit,0,99.4,8.0,184.0,ground_ball,medium,1,0,,,8bb9a697-191f-38f4-9041-1ba2a29cbdb3
824058,14,2,top,0,0,0,0,0,0,R,L,home_run,hit,1,98.8,30.0,389.0,fly_ball,medium,1,0,,,e4ed650e-0e38-3d18-8de9-e057aa2b7e28
824058,16,2,top,1,0,0,0,0,0,L,L,field_out,out,0,90.2,-18.0,6.0,ground_ball,medium,1,0,,,60530e76-cd98-3601-838d-19ba52b89f08
824058,17,2,top,2,0,0,0,0,0,R,L,field_out,out,0,78.6,84.0,22.0,popup,medium,1,0,,,b3b59201-3e12-3fe0-9f86-c0af813204a0
824058,18,2,bottom,0,1,0,0,1,0,L,R,single,hit,0,29.9,-15.0,9.0,bunt_grounder,soft,1,0,,,4e135d6a-e3e7-3324-9834-fa3dab45e305
824058,19,2,bottom,0,0,0,0,0,0,L,R,field_out,out,0,81.8,52.0,236.0,fly_ball,medium,1,0,True,MJ,b3dbd384-4775-36b0-a1d2-08ac8af32355
824058,20,2,bottom,1,0,1,0,1,1,L,R,home_run,hit,2,108.2,24.0,389.0,fly_ball,medium,1,0,,,8b090cc4-94d6-3eeb-85cd-dfe8fe9cb1ca
824058,21,2,bottom,1,0,0,0,0,0,R,R,field_out,out,0,100.2,18.0,349.0,line_drive,hard,1,0,,,cc235f25-946d-3b3b-adc8-18ea12d791c4
824058,22,2,bottom,2,0,0,0,0,0,L,R,single,hit,0,103.7,-24.0,7.0,ground_ball,medium,1,0,,,f4b4f574-0442-356a-806e-cccf8ec9d7c1
824058,23,2,bottom,2,0,0,0,0,0,R,R,field_out,out,0,78.3,-30.0,5.0,ground_ball,medium,1,0,False,MJ,55d19db3-5feb-3ab9-86d4-7cbd529ebd2a
824058,24,3,top,0,0,0,0,0,0,L,L,double,hit,0,109.6,9.0,193.0,line_drive,hard,1,0,,,eb8a9fa1-fd4c-3b4e-ae3c-3a9c72969e7c
824058,25,3,top,0,0,0,0,0,0,R,L,field_out,out,0,93.3,50.0,276.0,fly_ball,medium,1,0,,,68a1efa1-3a4a-3beb-b9ae-3e0411be1456
824058,27,3,top,1,0,0,0,0,0,R,L,field_out,out,0,91.8,56.0,221.0,fly_ball,medium,1,0,,,ee25dd4f-a3d1-3f07-b5ad-5db76b503146
824058,28,3,top,2,0,0,0,0,0,L,L,field_out,out,0,80.6,29.0,276.0,line_drive,medium,1,0,,,fa79749a-a22c-3e06-81ca-dc8e69fabf79
824058,30,3,bottom,1,0,0,0,0,0,R,R,field_out,out,0,89.7,46.0,274.0,fly_ball,medium,1,0,,,f9eb4556-9183-3b07-abc7-11ed2ba6baba
824058,33,4,top,0,1,0,0,1,0,R,L,single,hit,0,90.5,17.0,262.0,line_drive,medium,1,0,,,454906fd-c647-3056-823c-0f5cfbc4a5b3
824058,34,4,top,0,1,1,0,2,1,L,L,sac_bunt,out,0,28.0,-12.0,11.0,bunt_grounder,soft,1,0,,,aad59798-6050-3df8-a16e-1d31771100b5
824058,35,4,top,1,0,1,1,2,1,R,L,sac_fly,out,1,97.7,20.0,329.0,line_drive,medium,1,0,,,af6aa854-3578-3031-8d52-d9641481b870
824058,38,4,bottom,0,1,0,0,1,0,L,R,sac_bunt,out,0,24.3,-44.0,4.0,bunt_grounder,soft,1,0,,,4165566f-0fcf-35a1-b898-b6bc9f881631
824058,39,4,bottom,1,0,1,1,2,1,L,L,sac_fly,out,1,86.4,29.0,320.0,fly_ball,medium,1,0,,,a8af1352-a2d2-3f87-a173-e9f619e47512
824058,40,4,bottom,2,0,0,0,0,0,R,L,single,hit,0,78.3,20.0,237.0,line_drive,medium,1,0,,,242f5a2d-c81b-313f-9e2c-b0c4d42a7a30
824058,41,4,bottom,2,1,1,0,2,1,L,L,single,hit,1,91.9,10.0,199.0,line_drive,medium,1,0,,,5c4945a9-c66e-3da6-a9e0-2dc537ecaaf3
824058,42,4,bottom,2,1,1,0,2,1,R,L,single,hit,0,56.3,-50.0,4.0,ground_ball,soft,1,0,,,a8e96a47-53f1-3ca4-b4c1-5dbf1e97c9f1
824058,43,5,top,0,0,0,0,0,0,R,L,double,hit,0,108.8,9.0,159.0,line_drive,hard,1,0,,,ca7a117d-f629-3f10-a7bb-2fd53a53b8ee
824058,44,5,top,0,0,0,0,0,0,R,L,field_out,out,0,86.5,-6.0,20.0,ground_ball,medium,1,0,,,51c1906b-218a-3f27-943b-e2bc171c0417
824058,45,5,top,1,0,1,0,1,1,R,L,home_run,hit,2,104.3,30.0,422.0,fly_ball,medium,1,0,,,aba32fc4-70ff-3335-927b-7dc3fa64e6bc
824058,46,5,top,1,0,0,0,0,0,L,L,double,hit,0,94.3,50.0,256.0,fly_ball,medium,1,0,,,4433abc8-f5d2-313d-857d-7d6a9c4c1152
824058,47,5,top,1,1,1,0,2,1,R,L,fielders_choice,fielders_choice,0,36.4,4.0,25.0,ground_ball,soft,1,0,,,69757521-b014-3cd2-8f4a-125ba0ab576e
824058,48,5,top,1,0,1,1,2,1,R,L,field_out,out,1,93.3,2.0,67.0,ground_ball,medium,1,0,,,2199532d-1c66-3001-bdbb-b359eec1afe5
824058,49,5,top,2,0,0,0,0,0,L,L,field_out,out,0,94.6,28.0,373.0,fly_ball,medium,1,0,,,4ddbee2b-0f31-3734-b29f-158ccb4037c1
824058,50,5,bottom,0,0,0,0,0,0,L,R,field_out,out,0,96.3,33.0,366.0,fly_ball,medium,1,0,,,85e786ec-16c3-3e31-9e0e-aa08b9059c07
824058,51,5,bottom,1,0,0,0,0,0,R,R,field_out,out,0,74.5,14.0,133.0,line_drive,medium,1,0,,,a35e33a8-c5a1-386b-b3f3-3ce44e48eaf2
824058,52,5,bottom,2,0,0,0,0,0,L,R,field_error,error,0,59.6,23.0,124.0,ground_ball,medium,1,0,,,ab5d8d60-439e-3961-8d55-8981e034045d
824058,53,5,bottom,2,1,0,0,1,0,L,R,force_out,out,0,79.0,-9.0,19.0,ground_ball,medium,1,0,,,0c78d7d4-2302-37d4-9e69-c0f9a90281a2
824058,54,6,top,0,0,0,0,0,0,R,L,single,hit,0,87.0,7.0,127.0,ground_ball,medium,1,0,,,07b316a0-6208-3e84-91fe-8f0b573d213a
824058,55,6,top,0,1,0,0,1,0,L,L,force_out,out,0,89.7,-20.0,7.0,ground_ball,medium,1,0,,,88216609-740b-3b1c-9d91-f2a9450e1e18
824058,56,6,top,1,0,0,0,0,0,R,L,field_out,out,0,102.8,40.0,325.0,fly_ball,hard,1,0,,,f4cf4d73-e67b-3180-b343-bf7ec31cd580
824058,57,6,top,2,0,0,0,0,0,R,L,field_out,out,0,96.3,-8.0,16.0,ground_ball,medium,1,0,,,c1223b9e-c2b0-3bf7-aa7e-5b1f906a068d
824058,58,6,bottom,0,0,0,0,0,0,L,R,field_out,out,0,80.5,65.0,142.0,popup,medium,1,0,,,8e92e829-3726-3255-b311-5157fe1d8fa7
824058,59,6,bottom,1,0,0,0,0,0,L,R,field_out,out,0,83.7,56.0,230.0,fly_ball,medium,1,0,,,98fd665d-396b-325e-bc84-e5938cf7775e
824058,61,7,top,0,0,0,0,0,0,R,L,field_out,out,0,97.6,1.0,60.0,ground_ball,medium,1,0,,,77427871-4d8f-396b-b9fa-ff77e4f9d64c
824058,62,7,top,1,0,0,0,0,0,L,L,field_out,out,0,96.9,-11.0,13.0,ground_ball,medium,1,0,,,109573af-7121-369c-be16-18043bef01ba
824058,63,7,top,2,0,0,0,0,0,R,L,field_out,out,0,96.8,31.0,344.0,fly_ball,medium,1,0,,,04eb84e5-930b-3d25-b975-73f213612242
824058,65,7,bottom,1,0,0,0,0,0,R,L,field_out,out,0,96.1,46.0,302.0,fly_ball,medium,1,0,,,14f73989-aab5-37ad-a9ec-12f8a29e2cb9
824058,66,7,bottom,2,0,0,0,0,0,L,L,single,hit,0,71.9,39.0,231.0,fly_ball,medium,1,0,,,89383506-6cb6-3aa8-83bd-e74aa29465fc
824058,67,7,bottom,2,0,0,0,0,0,R,L,field_out,out,0,91.8,-22.0,6.0,ground_ball,medium,1,0,,,51b924c2-9eb9-3c16-a5b5-de69845fed78
824058,68,8,top,0,0,0,0,0,0,L,R,field_out,out,0,72.4,-17.0,10.0,ground_ball,medium,1,0,,,d32258d8-8dd2-3765-8b99-a9e1c4dd19b9
824058,70,8,top,1,0,0,0,0,0,L,R,field_out,out,0,91.8,30.0,353.0,fly_ball,medium,1,0,,,0f24c3f3-fd79-3afd-8e9a-17ce11ec3d5e
824058,73,8,top,2,0,0,0,0,0,L,R,field_out,out,0,62.9,-43.0,4.0,ground_ball,medium,1,0,,,c5aa6609-24b6-3e38-af18-8841c6cdd140
824058,74,8,bottom,0,0,0,0,0,0,L,R,single,hit,0,91.1,-3.0,31.0,ground_ball,medium,1,0,,,f5e7e8ef-8f57-380b-b23e-bf9f0c2f3505
824058,75,8,bottom,0,1,0,0,1,0,L,R,double_play,out,0,94.0,35.0,326.0,fly_ball,medium,1,0,,,0c98c0ff-773c-3c16-9279-06ea4de9f70a
824058,76,8,bottom,2,0,0,0,0,0,L,R,single,hit,0,73.7,22.0,234.0,line_drive,medium,1,0,,,60826a43-63f7-35d2-b975-86eb997b8e5a
824058,77,8,bottom,2,1,0,0,1,0,L,R,home_run,hit,2,108.4,38.0,418.0,fly_ball,medium,1,0,,,ba551aca-09b4-3231-ac79-9735b8c3051f
824058,78,8,bottom,2,0,0,0,0,0,R,R,field_out,out,0,85.3,55.0,206.0,fly_ball,medium,1,0,,,57e61e0f-c2db-3530-b556-df160d780bc5
824058,80,9,top,0,0,0,0,0,0,L,R,field_out,out,0,82.3,60.0,184.0,fly_ball,medium,1,0,,,f16d03db-9504-325e-afc1-ae32b9496fdd
824058,83,9,top,1,1,1,1,3,1,L,R,force_out,out,0,73.5,-47.0,2.0,ground_ball,medium,1,0,,,3cad51f2-2751-3990-94d9-8cff3a822c7d
824058,87,9,top,2,1,1,1,3,1,L,R,double,hit,2,94.1,11.0,215.0,line_drive,medium,1,0,,,91036993-6f48-3ed2-83ca-49384d5c86b3
824058,88,9,bottom,0,0,0,0,0,0,L,R,field_out,out,0,89.4,10.0,151.0,line_drive,medium,1,0,,,bbda7208-adf8-361d-a55c-3d7b9cc8a5eb
824058,90,9,bottom,1,0,0,0,0,0,L,R,field_out,out,0,66.9,44.0,197.0,fly_ball,medium,1,0,,,e3e2919f-8d9f-3c62-a480-a28cad601d50
824058,91,9,bottom,2,1,1,0,2,1,R,R,home_run,hit,2,107.3,28.0,434.0,fly_ball,medium,1,0,,,9ff01080-9b3a-34ec-9900-dace1e23c3fd
824058,92,9,bottom,2,0,0,0,0,0,L,R,field_out,out,0,89.4,-4.0,24.0,ground_ball,medium,1,0,,,fd865b60-efb0-3bb6-acc8-80d62b164f46
824059,0,1,top,0,0,0,0,0,0,L,R,single,hit,0,95.3,-2.0,25.0,ground_ball,medium,1,0,,,b9dc84fb-eda2-3080-a780-691f4e755c90
824059,1,1,top,0,1,0,0,1,0,L,R,sac_bunt,out,0,38.6,-34.0,5.0,bunt_grounder,soft,1,0,,,3107856c-400c-36e0-ada4-16ff9efc43bb
824059,2,1,top,0,1,1,1,3,1,R,R,single,hit,1,96.3,13.0,198.0,line_drive,medium,1,0,,,4a6fbcfb-84f5-3792-8933-1897e443c1c7
824059,4,1,top,1,0,0,1,1,1,L,R,sac_fly,out,1,96.1,22.0,324.0,line_drive,medium,1,0,,,21503a87-d38b-36ab-8bfe-659101b08c29
824059,5,1,top,2,1,1,0,2,1,L,R,single,hit,1,103.6,1.0,52.0,ground_ball,medium,1,0,,,2945f51f-abcf-3197-961b-a0b441923fb3
824059,6,1,top,2,1,1,0,2,1,R,R,single,hit,0,66.0,30.0,196.0,fly_ball,medium,1,0,,,818191d0-2ce3-34d8-98aa-f476f69c1206
824059,7,1,top,2,0,0,0,0,0,L,R,field_out,out,0,97.5,41.0,326.0,fly_ball,medium,1,0,,,23151b2f-9b65-3147-bceb-576669fe42fb
824059,9,1,bottom,1,0,0,0,0,0,R,R,double,hit,0,109.4,-5.0,23.0,ground_ball,medium,1,0,,,10d18804-aa4e-3939-b10e-e286fa629e33
824059,10,1,bottom,1,0,0,0,0,0,L,R,field_out,out,0,91.1,70.0,105.0,popup,medium,1,0,,,5f00a166-2034-3251-bf38-35fb62afe874
824059,12,2,top,0,0,0,0,0,0,L,R,single,hit,0,96.3,15.0,266.0,line_drive,medium,1,0,,,467aee01-f931-32c8-8f64-26c43a0c0225
824059,15,2,top,0,1,1,1,3,1,R,R,single,hit,1,102.7,14.0,279.0,line_drive,hard,1,0,,,1bd9af1d-1d87-34a9-b90e-9d29421d7f64
824059,16,2,top,0,1,0,1,2,1,L,R,force_out,out,1,82.7,-3.0,23.0,ground_ball,medium,1,0,,,c0d8692b-8b71-3234-99e0-1da4dadc2678
824059,18,2,top,2,0,0,0,0,0,L,L,field_out,out,0,80.4,22.0,259.0,line_drive,medium,1,0,True,MJ,f99c258c-d050-3e1c-9aa6-3d0c56f76fb6
824059,19,2,bottom,0,0,0,0,0,0,L,R,field_out,out,0,101.7,31.0,404.0,fly_ball,hard,1,0,,,090657ca-6e06-39a8-989b-9e2950a7fb76
824059,21,2,bottom,2,0,0,0,0,0,L,R,single,hit,0,88.3,14.0,228.0,line_drive,medium,1,0,,,c9622167-b2a0-3345-bef6-2179e36b55a7
824059,22,2,bottom,2,1,0,0,1,0,L,R,single,hit,0,89.2,-3.0,28.0,ground_ball,medium,1,0,,,2f8d81ef-67cb-38d2-a0ac-5caebcfe5828
824059,24,3,top,0,0,0,0,0,0,R,L,double,hit,0,98.4,12.0,184.0,line_drive,medium,1,0,,,791e24a1-547b-3b8f-9132-77c301b600b6
824059,27,3,top,2,0,0,0,0,0,L,L,field_out,out,0,91.8,35.0,321.0,fly_ball,medium,1,0,,,fe8cb536-4de3-3158-b9a6-e2e8d42323a6
824059,28,3,bottom,0,0,0,0,0,0,L,R,field_out,out,0,90.7,46.0,282.0,fly_ball,medium,1,0,,,fac70698-d5ae-3299-bf6e-c550bcabfefd
824059,29,3,bottom,1,0,0,0,0,0,R,R,field_out,out,0,98.0,8.0,170.0,line_drive,medium,1,0,,,ff359930-70df-39e4-aec6-93a6f12d0d3b
824059,30,3,bottom,2,0,0,0,0,0,L,R,field_out,out,0,90.7,41.0,299.0,fly_ball,medium,1,0,,,3b37ee73-c150-3d0a-bc34-1690e98673ec
824059,31,4,top,0,0,0,0,0,0,L,R,home_run,hit,1,105.6,28.0,424.0,fly_ball,medium,1,0,,,fdc2da52-1613-3d53-93ac-45ba23b31269
824059,33,4,top,0,1,1,0,2,1,L,R,single,hit,0,102.3,23.0,310.0,line_drive,hard,1,0,,,52003b2e-9c80-3502-9cb4-1356ed8e738f
824059,35,4,top,0,1,1,1,3,1,L,R,force_out,out,1,97.5,-12.0,12.0,ground_ball,medium,1,0,,,8d42c8bc-eb0a-3c53-aa68-6c69fe7dfb7c
824059,37,4,top,2,0,0,0,0,0,L,R,field_out,out,0,91.8,48.0,280.0,fly_ball,medium,1,0,,,20be181c-36c6-3e59-8f10-df6c8a2f2084
824059,38,4,bottom,0,0,0,0,0,0,R,R,home_run,hit,1,110.1,20.0,419.0,line_drive,medium,1,0,,,f110ada9-e07e-3889-9f5c-220bfd591b3f
824059,40,4,bottom,1,0,0,0,0,0,R,R,field_out,out,0,66.7,14.0,134.0,ground_ball,medium,1,0,,,10aad4e0-75ae-37ac-8318-4774477614ef
824059,42,5,top,0,0,0,0,0,0,L,R,field_out,out,0,100.9,-0.0,53.0,ground_ball,medium,1,0,,,8e1dc411-821d-3b30-9e3a-0d600b37ddb6
824059,43,5,top,1,0,0,0,0,0,L,R,single,hit,0,100.6,13.0,259.0,line_drive,hard,1,0,,,92e9f75d-9657-3201-b2b8-99fa6b610c0f
824059,48,5,top,2,0,0,0,0,0,L,R,field_out,out,0,101.1,7.0,123.0,ground_ball,medium,1,0,,,b9b63c3c-201f-3264-8229-dacd0e8eead0
824059,49,5,bottom,0,0,0,0,0,0,L,R,single,hit,0,101.8,2.0,63.0,ground_ball,medium,1,0,,,8dde9ef3-0e61-3ad8-93d1-12684c4687a3
824059,50,5,bottom,0,1,0,0,1,0,L,R,grounded_into_double_play,out,0,70.2,7.0,85.0,ground_ball,medium,1,0,True,MJ,458f3c3e-1ac2-33e4-a33e-15272956a9bb
824059,53,6,top,1,0,0,0,0,0,L,R,field_out,out,0,87.9,53.0,250.0,fly_ball,medium,1,0,,,55925a02-16bf-31bb-8ec6-43888b9be695
824059,54,6,top,2,0,0,0,0,0,L,R,field_out,out,0,72.0,-22.0,7.0,ground_ball,medium,1,0,,,e6c21029-e168-37ef-a541-4be7c0a932a5
824059,55,6,bottom,0,0,0,0,0,0,R,R,field_out,out,0,99.3,37.0,351.0,fly_ball,medium,1,0,,,b371a3d2-bfcf-36fd-a7d5-3726cf343cef
824059,56,6,bottom,1,0,0,0,0,0,L,R,field_out,out,0,94.7,44.0,274.0,fly_ball,medium,1,0,True,MJ,061bb429-e4e1-3a94-9605-ea10ebb258b7
824059,57,6,bottom,2,0,0,0,0,0,R,R,field_out,out,0,83.4,-21.0,8.0,ground_ball,medium,1,0,,,a9d962be-75ce-3f4c-9b33-3bcab586f131
824059,58,7,top,0,0,0,0,0,0,L,R,field_out,out,0,62.9,39.0,200.0,popup,medium,1,0,,,a14bd405-8200-3794-9d54-cf312d28f751
824059,59,7,top,1,0,0,0,0,0,L,R,single,hit,0,91.3,19.0,252.0,line_drive,medium,1,0,,,72413262-d686-3f25-b1c7-ddfa0abe1af5
824059,62,7,bottom,0,0,0,0,0,0,L,R,field_out,out,0,75.9,-15.0,10.0,ground_ball,medium,1,0,,,f1fd0704-6f36-3703-93fb-4f88cabdb0b7
824059,64,7,bottom,2,0,0,0,0,0,L,R,double,hit,0,103.8,23.0,356.0,fly_ball,hard,1,0,,,b4ea09d3-f0f9-308c-91b3-bc0c20161d1c
824059,68,8,top,2,0,0,0,0,0,R,R,field_out,out,0,82.1,45.0,267.0,fly_ball,medium,1,0,,,4eacdebd-0b86-3c5f-825a-477dd48d526a
824059,70,8,bottom,1,0,0,0,0,0,L,R,field_out,out,0,86.0,41.0,299.0,fly_ball,medium,1,0,False,MJ,8880fd37-32b6-3456-9e19-2d1de26f0e12
824059,71,8,bottom,2,0,0,0,0,0,R,R,field_out,out,0,102.9,22.0,391.0,line_drive,hard,1,0,,,42551b11-fa61-30c2-a1ce-29e3ef92352a
824059,72,9,top,0,0,0,0,0,0,R,R,field_out,out,0,65.3,43.0,197.0,popup,medium,1,0,,,89c449cc-9f58-33cf-ab24-a365d3ebcc6a
824059,73,9,top,1,0,0,0,0,0,L,R,double,hit,0,100.1,23.0,334.0,line_drive,hard,1,0,,,d03750e8-c11f-3372-96cd-926a3f696c07
824059,74,9,top,1,0,1,0,1,1,L,R,field_out,out,0,77.1,-12.0,14.0,ground_ball,medium,1,0,,,96aa52e1-2a2b-3d38-909d-6b434d235cd3
824059,77,9,bottom,0,0,0,0,0,0,L,R,field_out,out,0,97.5,11.0,167.0,line_drive,medium,1,0,,,e0d0fedf-211b-3bc5-ae1a-c6de0463ff50
824059,79,9,bottom,1,0,0,0,0,0,L,R,field_out,out,0,99.7,32.0,388.0,fly_ball,medium,1,0,,,f51b84d4-755a-34de-9dae-ac6c180b8711
824059,80,9,bottom,2,1,0,0,1,0,R,R,double,hit,0,97.3,18.0,323.0,line_drive,medium,1,0,,,eb57d599-9109-3115-a061-6e0325247025
824059,81,9,bottom,2,0,0,0,0,0,L,R,field_out,out,0,66.7,-28.0,6.0,ground_ball,medium,1,0,True,MJ,1c74dbf9-9993-3861-a545-7502833f0842
824060,0,1,top,0,0,0,0,0,0,L,R,field_out,out,0,87.4,25.0,293.0,line_drive,medium,1,0,,,19b2d2af-bdb7-379e-9a25-60ddd1ddcbd8
824060,2,1,top,2,0,0,0,0,0,R,R,field_out,out,0,60.2,14.0,105.0,ground_ball,medium,1,0,,,d2cb4b51-8b74-36a5-b14b-58f98920067e
824060,3,1,bottom,0,0,0,0,0,0,L,L,single,hit,0,94.0,5.0,86.0,ground_ball,medium,1,0,,,8e0b2a9c-74b7-3a99-802e-79674d11f64c
824060,4,1,bottom,0,1,1,0,2,1,R,L,single,hit,0,95.9,-10.0,9.0,ground_ball,medium,1,0,False,MJ,3d96e502-889e-3ae4-8473-bd0c518f4581
824060,5,1,bottom,0,1,0,0,1,0,L,L,field_out,out,0,101.6,-3.0,28.0,ground_ball,hard,1,0,,,9afb8ffb-3dac-3ff0-b539-208a3a9e6704
824060,6,1,bottom,1,0,1,1,2,1,R,L,single,hit,2,90.1,-10.0,14.0,ground_ball,medium,1,0,,,bda44776-1f4e-381b-b811-0be3f9ce4e2e
824060,7,1,bottom,1,1,0,1,2,1,L,L,double,hit,1,90.0,11.0,194.0,line_drive,medium,1,0,,,14d83c89-0d66-30ce-a1f2-fb63c5037713
824060,9,1,bottom,2,0,1,0,1,1,L,R,single,hit,0,86.3,-3.0,26.0,ground_ball,medium,1,0,,,794f5d0d-4b3f-38b6-8b8f-47cdb15092d6
824060,10,1,bottom,2,0,0,0,0,0,L,R,field_out,out,0,100.2,31.0,369.0,fly_ball,hard,1,0,,,5b80074b-8600-3186-91c4-b09ecb450cc3
824060,11,2,top,0,0,0,0,0,0,L,R,field_out,out,0,106.8,45.0,324.0,fly_ball,hard,1,0,,,eb1577e1-ab2f-3a78-b327-fe79d5a05b6f
824060,12,2,top,1,0,0,0,0,0,L,R,field_out,out,0,87.4,40.0,288.0,fly_ball,medium,1,0,,,fb972ca3-c7c0-37f4-b03d-5f0281ada29a
824060,13,2,top,2,0,0,0,0,0,L,R,field_out,out,0,74.9,-27.0,5.0,ground_ball,medium,1,0,,,a0b55d8d-9471-394d-9798-6f97edbcaf49
824060,14,2,bottom,0,0,0,0,0,0,L,R,field_out,out,0,76.1,-64.0,1.0,ground_ball,medium,1,0,,,186401e7-3a78-3a06-bae2-45646ebb896d
824060,15,2,bottom,1,0,0,0,0,0,L,R,single,hit,0,104.5,-8.0,18.0,ground_ball,hard,1,0,,,9f1bad59-0d11-384a-9b6e-038dd3c00f8c
824060,17,2,bottom,2,1,0,0,1,0,L,R,single,hit,0,90.4,19.0,282.0,line_drive,medium,1,0,,,d34a8351-ebc2-3e11-b504-b58712b00c8a
824060,19,2,bottom,2,0,0,0,0,0,L,R,field_out,out,0,90.6,42.0,293.0,fly_ball,medium,1,0,,,165d60a3-63c8-38c3-85cf-1fb4838944ef
824060,20,3,top,0,0,0,0,0,0,R,R,single,hit,0,34.0,-48.0,5.0,bunt_grounder,medium,1,0,,,92693e6d-b87a-3601-8858-bf902265419f
824060,22,3,top,1,1,1,0,2,1,L,R,single,hit,0,109.7,3.0,85.0,ground_ball,hard,1,0,,,e8ad386b-4419-34f6-b7e9-42f161f20fce
824060,24,3,top,1,1,1,1,3,1,L,R,single,hit,2,100.3,15.0,280.0,line_drive,hard,1,0,,,ecab76c0-f485-3bdd-9ad8-937aee830db1
824060,25,3,top,1,1,1,1,3,1,R,R,single,hit,1,64.2,28.0,204.0,fly_ball,medium,1,0,,,5a1b6d4c-41d8-378b-8ac4-8c3178866d35
824060,26,3,top,1,1,0,1,2,1,L,R,double,hit,1,107.1,20.0,292.0,line_drive,hard,1,0,,,fa830113-5d24-3457-9974-5892b39d321f
824060,27,3,top,1,1,1,1,3,1,L,R,fielders_choice_out,fielders_choice,0,88.0,-18.0,8.0,ground_ball,medium,1,0,,,ae2ce3c9-f681-330b-ba1a-0e47e68a7689
824060,29,3,top,2,0,0,0,0,0,R,R,field_out,out,0,50.9,87.0,20.0,popup,soft,1,0,,,a1d034c1-87d0-30b4-9a2a-687cd8536843
824060,30,3,bottom,0,0,0,0,0,0,R,R,single,hit,0,95.7,8.0,148.0,line_drive,medium,1,0,,,6e545c5a-caac-3566-ae04-d36028e75faa
824060,31,3,bottom,0,0,0,0,0,0,L,R,field_out,out,0,94.2,24.0,339.0,line_drive,medium,1,0,,,7caad100-29fe-3758-a970-2a2de1d63ff0
824060,32,3,bottom,1,1,0,0,1,0,L,R,grounded_into_double_play,out,0,97.7,-13.0,15.0,ground_ball,medium,1,0,,,bfed4e8f-94ac-30e4-b041-2f5b0e0c2a8b
824060,34,4,top,1,0,0,0,0,0,L,R,single,hit,0,103.1,-32.0,4.0,ground_ball,hard,1,0,,,2c49848f-8ce6-3060-b8d9-466c4907da6a
824060,35,4,top,1,1,0,0,1,0,L,R,single,hit,0,101.9,13.0,234.0,line_drive,hard,1,0,,,4b072b38-134e-33d4-930d-1b48c8f9d19e
824060,37,4,top,1,1,0,0,1,0,R,L,grounded_into_double_play,out,0,76.7,10.0,124.0,ground_ball,medium,1,0,,,286b6a78-ee84-3a92-8dcc-f3c79c8cab8b
824060,40,4,bottom,1,1,0,0,1,0,R,L,grounded_into_double_play,out,0,101.6,-8.0,16.0,ground_ball,hard,1,0,,,f24c47fb-26cc-3a78-a6fe-c2a0e0cd859d
824060,41,5,top,0,0,0,0,0,0,L,L,field_out,out,0,100.5,35.0,384.0,fly_ball,hard,1,0,,,afa5da9d-ee76-3ef9-8c5f-217b04e71a63
824060,42,5,top,1,0,0,0,0,0,R,L,field_out,out,0,101.6,51.0,286.0,fly_ball,hard,1,0,,,3c90cb7b-da3e-3daf-a621-d2df9eac0295
824060,43,5,top,2,0,0,0,0,0,L,L,field_out,out,0,100.4,17.0,292.0,line_drive,hard,1,0,,,d95f8cbc-0b2b-392d-9c2a-da3f219b2d02
824060,45,5,bottom,1,0,0,0,0,0,R,L,single,hit,0,92.5,14.0,243.0,line_drive,medium,1,0,,,923a48d3-2607-30b5-a521-87445ff5de2c
824060,46,5,bottom,1,1,0,0,1,0,L,L,force_out,out,0,79.4,-34.0,4.0,ground_ball,medium,1,0,,,51e8b73f-49c0-3a22-8b0e-d6b1311dfa14
824060,47,5,bottom,2,0,0,0,0,0,R,L,field_out,out,0,106.5,23.0,402.0,fly_ball,hard,1,0,,,69797b6a-6691-371d-b3bf-959754ba2e5c
824060,48,6,top,0,1,0,0,1,0,R,L,single,hit,0,93.3,15.0,191.0,line_drive,medium,1,0,,,1db89ba9-8584-3baa-8473-933bc79a6de3
824060,49,6,top,1,0,0,0,0,0,L,L,field_out,out,0,55.0,-21.0,8.0,ground_ball,soft,1,0,,,3339feda-dcfd-392b-abc8-321cf7a1fd03
824060,50,6,top,2,0,0,0,0,0,R,L,field_out,out,0,90.2,-25.0,7.0,ground_ball,medium,1,0,,,7e39a0c0-0347-30a4-88da-b1d197e0d1fc
824060,51,6,bottom,0,0,0,0,0,0,L,L,field_out,out,0,89.4,35.0,336.0,fly_ball,medium,1,0,,,d99a802a-f986-3015-b910-f26abd768d8d
824060,54,7,top,0,0,0,0,0,0,L,L,field_out,out,0,101.1,-6.0,20.0,ground_ball,hard,1,0,,,444700cb-4375-3c76-954e-8742bef77baf
824060,56,7,top,2,0,0,0,0,0,R,L,field_out,out,0,95.6,66.0,137.0,popup,medium,1,0,,,a7a6c194-c033-30d6-80ed-81368ad96a96
824060,57,7,bottom,0,0,0,0,0,0,L,L,single,hit,0,106.4,16.0,309.0,line_drive,hard,1,0,,,443fd317-2ec5-3e64-8f53-6fedd84454d8
824060,58,7,bottom,0,1,0,0,1,0,R,L,force_out,out,0,80.8,-13.0,9.0,ground_ball,medium,1,0,,,3541a5ca-9b76-321a-9ced-5aad55c16b03
824060,59,7,bottom,1,1,0,0,1,0,L,L,field_out,out,0,72.2,-16.0,6.0,ground_ball,medium,1,0,,,b21e8360-047a-3b99-8c5a-d008f96fb462
824060,60,7,bottom,2,0,1,1,2,1,R,L,double,hit,1,96.3,20.0,326.0,line_drive,medium,1,0,False,MJ,311da042-11bf-35fc-85ee-78fcc860f74c
824060,61,7,bottom,2,0,0,0,0,0,L,L,field_out,out,0,89.6,29.0,329.0,fly_ball,medium,1,0,,,751ab3c9-1167-329c-a8c8-37557a0522a6
824060,63,8,top,1,0,0,0,0,0,R,R,field_out,out,0,89.8,-48.0,2.0,ground_ball,medium,1,0,,,6c968cbd-5d9b-3aed-95b4-9ea069587d57
824060,64,8,top,2,0,0,0,0,0,L,R,field_out,out,0,55.6,55.0,128.0,popup,soft,1,0,,,b496de3e-9b8b-3d78-8ba7-ee6ea94da633
824060,65,8,bottom,0,0,0,0,0,0,R,R,field_out,out,0,66.1,-36.0,4.0,ground_ball,medium,1,0,,,58b82b2b-791e-32e5-93f5-b53954491865
824060,66,8,bottom,1,0,0,0,0,0,L,R,single,hit,0,92.8,13.0,197.0,line_drive,medium,1,0,,,86fb51d2-3ecc-38e5-b393-8f537fd9917d
824060,67,8,bottom,1,1,0,0,1,0,L,R,field_out,out,0,43.2,37.0,113.0,popup,soft,1,0,,,c7dbb72d-e599-37a1-8d12-3499d9ab5be3
824060,71,9,top,2,0,0,0,0,0,L,R,single,hit,0,104.2,7.0,118.0,ground_ball,hard,1,0,,,a6cce599-b4a7-317b-ba47-dae5120b281d
824060,72,9,top,2,0,0,0,0,0,L,R,field_out,out,0,99.2,28.0,381.0,fly_ball,medium,1,0,,,181322da-d4b6-3e3b-9b1d-479f9656e3ca
824061,0,1,top,0,0,0,0,0,0,R,L,field_out,out,0,88.9,20.0,283.0,line_drive,medium,1,0,,,139a9eb1-3153-38f0-8a7c-e4d0d9000bc0
824061,2,1,top,1,1,0,0,1,0,R,L,single,hit,0,100.2,1.0,63.0,ground_ball,medium,1,0,,,c4f3557b-397f-3bed-9ad8-528cc0b1e026
824061,4,1,top,1,1,1,1,3,1,R,L,single,hit,2,82.7,18.0,207.0,line_drive,medium,1,0,,,1abefd39-db24-3ca6-8476-7b9a6655253d
824061,5,1,top,1,1,0,0,1,0,L,L,grounded_into_double_play,out,0,98.1,-4.0,30.0,ground_ball,medium,1,0,,,6d32eef8-4584-35dd-8329-dc643c84cc68
824061,6,1,bottom,0,0,0,0,0,0,L,L,single,hit,0,75.6,14.0,174.0,line_drive,medium,1,0,,,9a2fb877-2d37-3799-b6c0-c5ecb0032d1b
824061,7,1,bottom,0,1,1,0,2,1,R,L,single,hit,0,97.3,-4.0,24.0,ground_ball,medium,1,0,,,67e4c7a0-acc2-3979-9aa9-cd3f937fae34
824061,9,1,bottom,2,0,0,0,0,0,R,L,field_out,out,0,91.6,27.0,346.0,fly_ball,medium,1,0,,,3bb22c01-2e5f-3a4f-b4f6-605173a6a845
824061,10,2,top,0,0,0,0,0,0,R,L,home_run,hit,1,105.3,27.0,414.0,fly_ball,medium,1,0,,,82a7bdf3-b4bb-3624-849d-466c064345f7
824061,13,2,top,2,0,0,0,0,0,R,L,field_out,out,0,82.4,-21.0,6.0,ground_ball,medium,1,0,,,a36a06a8-f084-32e0-a8b8-b681f1440fa4
824061,14,2,bottom,0,0,0,0,0,0,L,L,field_out,out,0,93.0,39.0,310.0,fly_ball,medium,1,0,,,a6e58267-6686-3181-b104-6710378fc85b
824061,15,2,bottom,1,0,0,0,0,0,R,L,field_out,out,0,91.1,38.0,300.0,fly_ball,medium,1,0,,,6ed9675d-2503-3826-96fd-00f53cd85a84
824061,16,2,bottom,2,0,0,0,0,0,L,L,field_out,out,0,103.2,-3.0,28.0,ground_ball,medium,1,0,,,d2c13103-13fd-3750-ad22-94c7909ca710
824061,17,3,top,0,0,0,0,0,0,R,L,field_out,out,0,97.6,-3.0,37.0,ground_ball,medium,1,0,,,93c8de44-7334-3757-8e78-03912483b210
824061,18,3,top,1,0,0,0,0,0,R,L,double,hit,0,109.7,17.0,322.0,line_drive,hard,1,0,,,f2f4c4fb-1c29-320c-a16c-ed46bc56c202
824061,20,3,top,1,1,1,0,2,1,R,L,home_run,hit,3,102.9,30.0,410.0,fly_ball,medium,1,0,,,406c3269-1032-37a4-ba10-3ff92b4894e1
824061,21,3,top,1,0,0,0,0,0,L,L,field_out,out,0,66.1,59.0,173.0,popup,medium,1,0,False,MJ,18ba4346-8651-3caa-99a6-dbca279b1e03
824061,22,3,top,2,0,0,0,0,0,R,L,field_out,out,0,91.0,-18.0,10.0,ground_ball,medium,1,0,,,d9af68c0-d521-3712-ae9f-b17cd931d692
824061,23,3,bottom,0,0,0,0,0,0,R,L,home_run,hit,1,102.1,32.0,384.0,fly_ball,medium,1,0,True,MJ,30acb9c8-855e-3a08-9363-00f3f4be67dc
824061,26,3,bottom,2,0,0,0,0,0,R,L,double,hit,0,109.9,21.0,353.0,line_drive,hard,1,0,,,1f41293c-22ad-35f4-975f-4bfcacf1b972
824061,27,3,bottom,2,0,0,0,0,0,L,L,field_out,out,0,75.1,-3.0,24.0,ground_ball,medium,1,0,,,d89cae28-d06d-3acf-876e-ead424c7534a
824061,28,4,top,0,0,0,0,0,0,L,L,field_out,out,0,78.8,-2.0,31.0,ground_ball,medium,1,0,,,53c0fd1f-b10c-3888-8a00-945428a14c3f
824061,29,4,top,1,0,0,0,0,0,R,L,field_out,out,0,92.6,12.0,189.0,line_drive,medium,1,0,,,7a110616-04c4-32a4-b85c-fa528d27a826
824061,30,4,top,2,0,0,0,0,0,R,L,single,hit,0,95.2,-6.0,20.0,ground_ball,medium,1,0,,,f67a13d2-6140-39eb-baff-88c65f9f7d68
824061,32,4,top,2,1,1,0,2,1,R,L,home_run,hit,3,105.2,29.0,415.0,fly_ball,medium,1,0,,,628ea1ed-c57b-3a75-bb1b-cc0d821a5dcb
824061,33,4,top,2,0,0,0,0,0,L,L,field_out,out,0,96.2,-0.0,46.0,ground_ball,medium,1,0,,,0567a6c5-e22d-36bb-8a6b-459c1e76890d
824061,35,4,bottom,0,1,0,0,1,0,L,L,single,hit,0,103.4,9.0,226.0,line_drive,hard,1,0,,,6bdebb6f-dbdf-3376-8ee6-36f752c738b6
824061,36,4,bottom,0,1,1,1,3,1,R,L,single,hit,1,78.5,20.0,207.0,line_drive,medium,1,0,,,04fc1be2-210d-3a98-8fba-5be98e16c22a
824061,37,4,bottom,0,0,0,0,0,0,L,L,field_out,out,0,58.6,69.0,82.0,popup,soft,1,0,,,63362a84-b758-330c-8598-75a328280d26
824061,38,4,bottom,1,1,1,1,3,1,R,L,field_out,out,1,106.5,-9.0,12.0,ground_ball,medium,1,0,,,8156166d-2ff7-3928-82c6-1f43d094ac48
824061,40,5,top,0,0,0,0,0,0,R,R,field_out,out,0,68.5,-48.0,4.0,ground_ball,medium,1,0,,,aa8a0f46-ab2c-3753-b0fa-16169f558b5a
824061,45,5,bottom,0,1,0,0,1,0,R,L,single,hit,0,106.3,6.0,142.0,line_drive,medium,1,0,,,5dd3d2f2-a0d6-362e-887b-93808e58973e
824061,46,5,bottom,0,0,1,0,1,1,L,L,field_out,out,0,94.2,39.0,326.0,fly_ball,medium,1,0,,,c98f4f35-8b1e-37ee-990f-58eb2509fbca
824061,47,5,bottom,1,1,0,1,2,1,R,L,field_out,out,1,64.2,-41.0,4.0,ground_ball,medium,1,0,,,feee6cb7-8daf-3f0c-b35d-c36bce6ff679
824061,48,5,bottom,2,0,0,0,0,0,L,L,field_out,out,0,99.9,-8.0,13.0,ground_ball,medium,1,0,,,d627d41b-034d-3c91-b24b-05f656ac58bf
824061,49,6,top,0,0,0,0,0,0,L,R,field_out,out,0,49.9,-67.0,2.0,ground_ball,soft,1,0,,,87289eb6-1fc6-30da-adc8-965d92e4feda
824061,50,6,top,1,0,0,0,0,0,R,R,field_out,out,0,93.8,74.0,54.0,popup,medium,1,0,,,265f0f7f-d055-3e44-ba7c-3e3c8f099dce
824061,53,6,bottom,1,0,0,0,0,0,L,L,field_out,out,0,96.8,-15.0,8.0,ground_ball,medium,1,0,,,f689a51e-9a67-39cc-a652-7a68d9aa58c1
824061,54,6,bottom,2,0,0,0,0,0,R,L,field_out,out,0,95.8,46.0,298.0,fly_ball,medium,1,0,,,156c4e4d-e6c1-3955-ba2b-ad234c33f562
824061,55,7,top,0,0,0,0,0,0,R,R,double,hit,0,99.1,16.0,307.0,line_drive,medium,1,0,,,8491d200-49fb-3a68-bd71-5c9743c6a455
824061,56,7,top,0,0,1,0,1,1,L,R,home_run,hit,2,109.1,24.0,373.0,fly_ball,medium,1,0,,,822fa930-f52c-3c9d-bd13-e11206d17aac
824061,59,7,top,1,1,0,0,1,0,R,R,single,hit,0,56.3,-59.0,3.0,ground_ball,soft,1,0,,,cfab714b-9d6a-3a0f-a367-5ba7dc78193a
824061,61,7,top,2,1,1,0,2,1,L,R,single,hit,0,75.4,-43.0,3.0,ground_ball,medium,1,0,,,ea5cf83a-3cf5-30a2-b8e5-dcd494d95e24
824061,63,7,top,2,1,1,1,3,1,L,R,single,hit,2,100.7,13.0,264.0,line_drive,hard,1,0,,,f927ff1f-d066-3310-a556-17b12b02e073
824061,65,7,bottom,0,0,0,0,0,0,L,R,field_out,out,0,88.2,1.0,59.0,ground_ball,medium,1,0,,,e5c4863c-455f-302c-bb50-d8f24b529324
824061,66,7,bottom,1,0,0,0,0,0,L,R,field_out,out,0,83.9,-8.0,10.0,ground_ball,medium,1,0,,,25c54644-0a5a-35d4-a829-13ad04e5e252
824061,67,7,bottom,2,0,0,0,0,0,R,R,field_out,out,0,107.1,13.0,334.0,line_drive,hard,1,0,,,188d521c-d7ae-3874-9b1e-27a33dd306ad
824061,69,8,top,1,0,0,0,0,0,R,R,single,hit,0,88.5,-23.0,7.0,ground_ball,medium,1,0,,,49f85e7b-5203-3ee1-bb98-bec0c0d923e5
824061,71,8,top,2,0,0,0,0,0,R,R,field_out,out,0,79.9,-2.0,33.0,ground_ball,medium,1,0,,,e73e5c76-e456-3cae-88a5-53b4639e72c9
824061,72,8,bottom,0,0,0,0,0,0,L,R,double,hit,0,107.2,22.0,399.0,line_drive,hard,1,0,,,5e6e2cd7-f5b4-388b-a39e-c3d9241ae606
824061,74,8,bottom,0,1,1,0,2,1,L,R,double,hit,1,91.6,10.0,137.0,line_drive,medium,1,0,False,MO,1fd21fa0-b5ca-3087-8471-b181bfa1c630
824061,75,8,bottom,0,0,0,1,1,1,L,R,sac_fly,out,1,84.9,51.0,251.0,fly_ball,medium,1,0,,,52690b9c-418d-30bc-bd47-22b3fe1fe13a
824061,76,8,bottom,1,0,1,1,2,1,L,R,double,hit,1,94.1,26.0,325.0,fly_ball,medium,1,0,,,6a875399-21f5-38a2-94c9-31af5c47dc1e
824061,77,8,bottom,1,0,0,0,0,0,R,R,field_out,out,0,76.4,40.0,262.0,fly_ball,medium,1,0,,,bd15440e-d0cb-3d6d-81f8-e4ac4e3a60a4
824061,79,9,top,0,0,0,0,0,0,L,R,field_out,out,0,79.0,32.0,262.0,fly_ball,medium,1,0,,,961ab1f7-b302-30b6-9076-c6e4519fcb1b
824061,82,9,bottom,0,0,0,0,0,0,L,R,field_out,out,0,99.0,46.0,310.0,fly_ball,medium,1,0,,,2bda08c4-d9c3-3fe1-8890-2178ff60d23a
824061,83,9,bottom,1,0,0,0,0,0,R,R,single,hit,0,88.7,10.0,159.0,line_drive,medium,1,0,,,32ab39b7-b591-30bc-bc15-e841a827315c
824061,84,9,bottom,1,1,1,0,2,1,L,R,single,hit,0,101.8,1.0,155.0,ground_ball,medium,1,0,,,66a32cd1-d540-3a4c-a1d9-50d33f99bd3d
824061,86,9,bottom,1,1,1,1,3,1,L,R,home_run,hit,4,104.5,32.0,412.0,fly_ball,medium,1,0,,,e53f4dd8-6816-3870-bdac-12f533a4a702
824061,87,9,bottom,1,0,0,0,0,0,L,R,field_out,out,0,91.2,37.0,334.0,fly_ball,medium,1,0,,,cd1d9c36-77c1-3bf0-99b1-a22079e35693
824061,88,9,bottom,2,0,0,0,0,0,L,R,field_out,out,0,91.9,30.0,346.0,fly_ball,medium,1,0,,,9e5e6c84-6d44-3ad0-80bd-125ff3637957
824217,0,1,top,0,0,0,0,0,0,R,R,home_run,hit,1,101.8,22.0,385.0,line_drive,medium,1,0,,,9914cc65-b83b-311d-b0e5-b48d19bfcaa0
824217,3,1,top,2,0,0,0,0,0,R,R,field_out,out,0,84.6,-20.0,8.0,ground_ball,medium,1,0,,,6b22b5a2-7102-3422-8e40-3a9886f59cd6
824217,4,1,bottom,0,0,0,0,0,0,L,R,field_out,out,0,89.6,-1.0,36.0,ground_ball,medium,1,0,,,16d54bbe-4302-381a-adea-5e2e918bc4c0
824217,8,2,top,0,1,0,0,1,0,R,R,single,hit,0,69.0,25.0,201.0,fly_ball,medium,1,0,,,d24e8a6d-ae13-3036-a0d1-12ebb5cb5dfb
824217,9,2,top,0,1,1,1,3,1,L,R,single,hit,1,101.3,6.0,142.0,ground_ball,medium,1,0,,,ef05982b-6d12-36e3-9294-129af7baadde
824217,12,2,top,1,1,0,0,1,0,R,R,grounded_into_double_play,out,0,104.9,5.0,125.0,ground_ball,medium,1,0,,,1e156917-6a8b-3fd8-9e86-d9f48066d017
824217,14,2,bottom,1,0,0,0,0,0,R,R,field_out,out,0,70.7,-15.0,10.0,ground_ball,medium,1,0,,,42ae959a-6e99-350c-a7c4-7684d2767d2f
824217,18,3,top,1,0,0,0,0,0,R,R,field_out,out,0,91.3,55.0,271.0,fly_ball,medium,1,0,True,MJ,38e0517a-dcad-3c05-9e13-1bcc3f36e9d0
824217,21,3,bottom,0,0,0,0,0,0,L,R,field_out,out,0,92.5,36.0,318.0,fly_ball,medium,1,0,,,17d5b731-362e-3e90-900d-5ed6b4eaca8a
824217,22,3,bottom,1,1,0,0,1,0,R,R,grounded_into_double_play,out,0,71.3,-3.0,25.0,ground_ball,medium,1,0,,,9610f92e-7954-3e77-96f4-c062487f119d
824217,23,4,top,0,0,0,0,0,0,R,R,single,hit,0,100.9,-3.0,27.0,ground_ball,medium,1,0,,,ccac3991-dd08-325f-9fac-fc63032c6ea8
824217,24,4,top,0,1,0,0,1,0,L,R,sac_bunt,out,0,40.5,-59.0,3.0,bunt_grounder,medium,1,0,,,2c491b02-a3a6-376c-8614-3dab988dffaa
824217,26,4,top,2,0,1,1,2,1,R,R,double,hit,1,102.4,17.0,246.0,line_drive,medium,1,0,,,6fae5c34-733c-3818-890f-c1f9f29341ca
824217,27,4,top,2,0,1,0,1,1,R,R,single,hit,1,85.2,14.0,184.0,line_drive,medium,1,0,,,89dd5203-182c-341c-a98b-a33cedcea68f
824217,28,4,top,2,0,0,0,0,0,L,R,field_out,out,0,73.5,3.0,57.0,ground_ball,medium,1,0,,,ca021390-89b9-3fc5-92d2-1859dfed6e00
824217,29,4,bottom,0,0,0,0,0,0,L,R,field_out,out,0,89.6,55.0,234.0,fly_ball,medium,1,0,,,27062740-b364-3d28-861c-2b10456abdff
824217,30,4,bottom,1,0,0,0,0,0,R,R,field_out,out,0,99.2,19.0,313.0,line_drive,medium,1,0,,,3a8290d4-fbb2-3fcf-b9c7-eb07da2b3e34
824217,31,4,bottom,2,0,0,0,0,0,L,R,single,hit,0,91.0,-9.0,14.0,ground_ball,medium,1,0,,,687da8a2-93f6-34cd-9269-c8d98e9a4294
824217,33,5,top,0,0,0,0,0,0,L,R,field_out,out,0,82.6,-2.0,38.0,ground_ball,medium,1,0,,,8de7ac2c-6ffa-3261-9c5f-ffceb13153c0
824217,34,5,top,1,0,0,0,0,0,R,R,field_out,out,0,64.4,-31.0,5.0,ground_ball,medium,1,0,,,c852f847-3cf2-321f-8780-53b7cdc6376c
824217,35,5,top,2,0,0,0,0,0,L,R,field_out,out,0,92.2,22.0,324.0,line_drive,medium,1,0,,,616c665a-4ab5-3ddf-8084-45cd66e7a632
824217,36,5,bottom,0,0,0,0,0,0,R,R,field_out,out,0,95.5,-22.0,4.0,ground_ball,medium,1,0,,,77738f66-cbd8-3dc0-b083-c226d734e07b
824217,39,5,bottom,2,1,0,0,1,0,L,R,field_out,out,0,83.2,67.0,144.0,popup,medium,1,0,False,MJ,4185d75c-dbba-3c7d-a6cf-082e9024f731
824217,40,6,top,0,0,0,0,0,0,R,R,field_out,out,0,97.2,33.0,373.0,fly_ball,medium,1,0,,,4f2dfdf3-3774-3231-86f8-e3fe90c673f7
824217,41,6,top,1,0,0,0,0,0,L,R,single,hit,0,90.6,16.0,236.0,line_drive,medium,1,0,,,0aebf3ee-ef65-3bad-97ff-50925e56c2c6
824217,42,6,top,1,0,0,0,0,0,L,R,field_out,out,0,69.7,59.0,170.0,popup,medium,1,0,,,e2af02fd-1361-3e08-9737-6b2c845fb2ca
824217,44,6,bottom,0,0,0,0,0,0,R,R,field_out,out,0,75.9,-40.0,4.0,ground_ball,medium,1,0,,,353cb62b-5729-321a-bf64-2f9f4971b279
824217,46,6,bottom,2,0,0,0,0,0,R,R,field_out,out,0,52.1,37.0,132.0,ground_ball,medium,1,0,,,cdf53be0-a597-34d3-b514-8478f7d85129
824217,47,7,top,0,0,0,0,0,0,R,R,field_out,out,0,69.9,-3.0,36.0,ground_ball,medium,1,0,,,912dc6c4-09d3-3ebd-b91d-9b64a9a10948
824217,49,7,top,2,0,0,0,0,0,L,R,field_out,out,0,86.3,33.0,332.0,fly_ball,medium,1,0,,,c1d2b1ca-ad12-3813-9ab8-3261bc1c21d9
824217,50,7,bottom,0,0,0,0,0,0,L,R,home_run,hit,1,100.6,32.0,393.0,fly_ball,medium,1,0,,,563fe49b-fa1f-3044-b730-6774bd106596
824217,51,7,bottom,0,0,0,0,0,0,L,R,field_out,out,0,74.6,10.0,118.0,ground_ball,medium,1,0,,,e01b31b9-4358-3f1b-a76e-6883d122e225
824217,52,7,bottom,1,0,0,0,0,0,R,R,home_run,hit,1,109.8,29.0,443.0,fly_ball,medium,1,0,True,MJ,2a56b22c-2f09-325a-8322-f5391fb0bc2b
824217,57,8,top,1,0,0,0,0,0,L,R,field_out,out,0,85.8,-27.0,3.0,ground_ball,medium,1,0,,,f3d990d6-7c94-3129-a93c-0a4ea0083b40
824217,58,8,top,2,0,0,0,0,0,R,R,field_out,out,0,92.3,6.0,117.0,line_drive,medium,1,0,,,504dd3aa-58df-3ef8-abd1-6b37c6555c4e
824217,59,8,bottom,0,0,0,0,0,0,R,R,field_out,out,0,78.5,48.0,245.0,fly_ball,medium,1,0,,,c6d81a7b-c3b6-3e0e-94b1-ee7de5276924
824217,60,8,bottom,1,0,0,0,0,0,L,R,field_out,out,0,82.6,69.0,138.0,popup,medium,1,0,,,d47a1e8c-f804-37fe-92d8-60569c3fbe78
824217,62,9,top,0,0,0,0,0,0,L,R,field_out,out,0,77.5,38.0,261.0,fly_ball,medium,1,0,False,MJ,4c6607c1-af33-3bb0-baba-c100848c98d8
824217,64,9,top,2,0,0,0,0,0,R,R,field_out,out,0,97.9,55.0,273.0,fly_ball,medium,1,0,,,b4b11d37-2799-3b41-9a8f-bf815f203e3f
824217,65,9,bottom,0,0,0,0,0,0,R,L,field_out,out,0,98.0,-32.0,3.0,ground_ball,medium,1,0,,,0eb600ff-a059-301a-8600-3fc257e12cad
824219,0,1,top,0,0,0,0,0,0,L,R,field_out,out,0,90.7,56.0,250.0,fly_ball,medium,1,0,,,cfc96dc6-0d6e-3fed-89c2-9e4454b8bc84
824219,1,1,top,1,0,0,0,0,0,L,R,field_out,out,0,80.1,63.0,173.0,popup,medium,1,0,,,55179af5-49ad-3f51-a56b-833693ca3ff0
824219,2,1,top,2,0,0,0,0,0,L,R,field_out,out,0,79.2,48.0,225.0,popup,medium,1,0,,,52e99500-88c0-34e5-9507-3e535c21f620
824219,3,1,bottom,0,0,0,0,0,0,L,R,field_out,out,0,95.8,18.0,329.0,line_drive,medium,1,0,,,563de900-5563-3ad4-8562-32c4e34e9dc4
824219,4,1,bottom,1,0,0,0,0,0,R,R,single,hit,0,89.3,22.0,324.0,line_drive,medium,1,0,,,216ef12a-2090-3e38-bf37-05c2f0e8fd89
824219,5,1,bottom,1,1,0,0,1,0,L,R,single,hit,0,72.7,36.0,250.0,fly_ball,medium,1,0,False,MJ,2c5b9122-a7e9-31d5-b0db-096c8f13a8af
824219,6,1,bottom,1,1,0,0,1,0,R,R,grounded_into_double_play,out,0,103.4,-3.0,25.0,ground_ball,medium,1,0,,,90b9788d-6c44-38be-8b53-b1feed302b1a
824219,8,2,top,1,0,0,0,0,0,R,R,single,hit,0,97.0,14.0,251.0,line_drive,medium,1,0,,,cc76efb7-5d96-3f9c-ae9f-75bf694f20b3
824219,10,2,top,2,0,0,0,0,0,L,R,field_out,out,0,85.2,35.0,294.0,fly_ball,medium,1,0,,,7fd167bc-4297-3b69-9902-f0b4f6d21fbe
824219,11,2,bottom,0,0,0,0,0,0,L,R,field_out,out,0,97.7,-7.0,12.0,ground_ball,medium,1,0,,,40b4cf9e-6f0b-3241-b5f3-876a519b102d
824219,14,3,top,0,0,0,0,0,0,L,R,field_out,out,0,83.9,37.0,297.0,fly_ball,medium,1,0,,,083f2484-a793-34d9-8477-94ebf162c3a8
824219,18,3,bottom,0,1,0,0,1,0,R,R,single,hit,0,103.1,10.0,182.0,line_drive,hard,1,0,,,b64c67f5-fe9a-3245-99f5-7123a35b7486
824219,19,3,bottom,0,0,0,0,0,0,L,R,field_out,out,0,82.2,26.0,289.0,line_drive,medium,1,0,,,a4bd20cf-7a4d-3426-b61a-016d75ff3679
824219,23,4,top,0,0,0,0,0,0,L,R,home_run,hit,1,104.7,31.0,416.0,fly_ball,medium,1,0,,,62728a00-4a87-3bea-9e7d-1ed338e6c8c7
824219,24,4,top,0,0,0,0,0,0,L,R,field_out,out,0,84.9,-32.0,3.0,ground_ball,medium,1,0,,,8b575c19-8618-35a0-acb7-6b1c149288bf
824219,26,4,top,2,0,0,0,0,0,R,R,field_out,out,0,92.4,60.0,210.0,fly_ball,medium,1,0,,,7fa0481f-3e01-39fd-941d-3a84e980b9bc
824219,27,4,bottom,0,0,0,0,0,0,L,R,double,hit,0,79.7,3.0,76.0,ground_ball,medium,1,0,,,4599e14d-a0bb-33cd-b4f9-c9bf3c683a23
824219,31,4,bottom,2,1,1,0,2,1,R,R,fielders_choice,fielders_choice,0,108.6,-0.0,51.0,ground_ball,medium,1,0,,,9856719e-bea5-371e-a844-c2f4fa7840aa
824219,35,5,top,2,0,0,0,0,0,L,R,home_run,hit,1,104.4,32.0,407.0,fly_ball,medium,1,0,,,b366d054-7e48-365d-adfa-3855c4a1a43b
824219,36,5,top,2,0,0,0,0,0,R,R,single,hit,0,102.6,18.0,283.0,line_drive,hard,1,0,,,a6961be2-d044-372d-91f5-5c584d201b03
824219,37,5,top,2,1,1,0,2,1,L,R,single,hit,0,93.1,2.0,66.0,ground_ball,medium,1,0,False,MA,e848a73f-4ccc-3136-81a4-eaaa82926908
824219,39,5,bottom,0,1,0,0,1,0,L,R,force_out,out,0,97.2,-33.0,4.0,ground_ball,medium,1,0,,,11a0d657-7a1d-3969-825d-545b42a7dd8c
824219,42,6,top,0,0,0,0,0,0,L,R,field_out,out,0,81.4,81.0,24.0,popup,medium,1,0,,,f69e8462-db7e-36b1-ad6b-50072a66e45f
824219,43,6,top,1,0,0,0,0,0,L,R,single,hit,0,78.5,17.0,187.0,line_drive,medium,1,0,,,c65a05cb-dca8-3375-bbad-5c0a01b62a12
824219,44,6,top,1,0,0,0,0,0,L,R,field_out,out,0,85.0,71.0,103.0,popup,medium,1,0,,,7d818556-5177-3c50-bac2-958df4d0d4b7
824219,45,6,top,2,0,0,0,0,0,R,R,field_out,out,0,97.6,16.0,281.0,line_drive,medium,1,0,,,dc456324-11ae-30ef-bb2e-e789b2586cd7
824219,46,6,bottom,0,0,0,0,0,0,R,R,field_out,out,0,104.1,-20.0,5.0,ground_ball,medium,1,0,,,f8c7b8e1-9282-3a20-966e-3ceeffd8960e
824219,48,6,bottom,1,1,0,0,1,0,R,L,single,hit,0,101.6,10.0,169.0,line_drive,hard,1,0,,,1d8bdc62-a6fd-3348-9041-61d0f81919a1
824219,49,6,bottom,1,1,1,0,2,1,R,L,double,hit,1,103.8,13.0,306.0,line_drive,hard,1,0,,,7cbd075e-29dd-32f3-8c3e-873662a2740c
824219,51,6,bottom,2,0,0,0,0,0,R,L,field_out,out,0,76.7,-42.0,3.0,ground_ball,medium,1,0,,,e3cc9a5e-533f-3adf-bdd9-bfbe6f0708e1
824219,52,7,top,0,0,0,0,0,0,L,L,field_out,out,0,94.6,30.0,366.0,fly_ball,medium,1,0,,,dcfa6009-f1be-3af8-a9b8-f21adddb2631
824219,53,7,top,1,0,0,0,0,0,R,L,field_out,out,0,105.0,-32.0,4.0,ground_ball,medium,1,0,,,6deaff6c-107c-34c0-91e7-4b50ade6f1c0
824219,54,7,top,2,0,0,0,0,0,R,L,field_out,out,0,86.3,-9.0,11.0,ground_ball,medium,1,0,,,bd14f5c0-da6a-314b-8b49-6566d34a3445
824219,55,7,bottom,0,0,0,0,0,0,L,L,field_out,out,0,47.5,13.0,69.0,ground_ball,medium,1,0,,,b99e37a4-d883-366a-9313-7b84deae74e1
824219,56,7,bottom,1,0,0,0,0,0,R,L,field_out,out,0,101.9,4.0,79.0,ground_ball,medium,1,0,,,db3b1f3f-6da5-3773-b4ff-2e45f84e0d8f
824219,57,7,bottom,2,0,0,0,0,0,L,L,field_out,out,0,79.4,3.0,48.0,ground_ball,medium,1,0,,,042eb8c9-b372-315b-b7ef-49ee15ee5678
824219,58,8,top,0,0,0,0,0,0,R,L,single,hit,0,,,,ground_ball,medium,0,0,,,f9bb1015-dfe5-37ec-8429-f26c97a1d814
824219,59,8,top,0,1,0,0,1,0,L,L,field_out,out,0,38.8,-16.0,10.0,ground_ball,soft,1,0,,,988004b9-f640-356b-bce7-fdfa68ece49a
824219,60,8,top,1,0,1,0,1,1,L,L,field_out,out,0,104.1,-20.0,6.0,ground_ball,medium,1,0,,,b759d8ad-55ed-33d7-a577-87b419d64a03
824219,61,8,top,2,0,0,1,1,1,L,R,triple,hit,1,106.8,11.0,175.0,line_drive,hard,1,0,,,00cc1bc0-4220-3420-8d0d-ac0b88225205
824219,62,8,top,2,0,0,0,0,0,L,R,field_out,out,0,91.0,0.0,49.0,ground_ball,medium,1,0,,,5c738fa9-166c-3660-8d2e-8410bf824957
824219,63,8,bottom,0,0,0,0,0,0,R,R,single,hit,0,72.1,24.0,209.0,line_drive,medium,1,0,,,a69667f9-03b7-38e9-a66b-fe00deed101e
824219,64,8,bottom,0,1,0,0,1,0,R,R,grounded_into_double_play,out,0,73.7,-0.0,36.0,ground_ball,medium,1,0,,,6f59a607-6819-3744-af05-0f4c450725e9
824219,66,9,top,0,0,0,0,0,0,R,R,double,hit,0,103.2,23.0,362.0,fly_ball,hard,1,0,,,e676b1a9-8de4-3e12-b6b9-0776ad0a72d8
824219,67,9,top,0,0,1,0,1,1,L,R,field_out,out,0,91.9,-26.0,5.0,ground_ball,medium,1,0,,,9931cd61-c64e-34c5-a625-3661b4bb25b4
824219,71,9,bottom,1,0,0,0,0,0,L,L,single,hit,0,100.4,-8.0,18.0,ground_ball,medium,1,0,,,325cffba-8eb5-36d5-b674-60f10417537b
824219,72,9,bottom,1,1,0,0,1,0,R,L,double,hit,0,100.9,9.0,188.0,line_drive,hard,1,0,,,3a15994f-5110-3f58-97f4-28a617cb439a
824219,73,9,bottom,1,0,1,1,2,1,L,L,field_out,out,1,73.8,-16.0,10.0,ground_ball,medium,1,0,,,7c80debb-b3e5-3bd7-af66-9cca595cc70d
824219,74,9,bottom,2,0,0,1,1,1,R,L,home_run,hit,2,100.7,35.0,400.0,fly_ball,medium,1,0,,,0f8f18d0-c3a1-3ec2-834a-19e13be6ba67
824220,0,1,top,0,0,0,0,0,0,R,R,field_out,out,0,106.4,-1.0,46.0,ground_ball,medium,1,0,,,2df93081-9faf-34c5-b467-80961a36b467
824220,1,1,top,1,0,0,0,0,0,L,R,field_out,out,0,67.1,-11.0,11.0,ground_ball,medium,1,0,,,1a3402c9-d55f-3d37-80fa-3e72935d26d1
824220,4,1,bottom,1,0,0,0,0,0,R,R,field_out,out,0,95.3,39.0,332.0,fly_ball,medium,1,0,,,908b921c-c00d-3615-a113-bb6c5f4e8c3b
824220,5,1,bottom,2,0,0,0,0,0,L,R,field_out,out,0,96.4,32.0,334.0,fly_ball,medium,1,0,,,39faa7f5-b4d6-3efc-a85f-e9c4bae94c6c
824220,7,2,top,0,0,0,0,0,0,R,R,field_out,out,0,96.0,24.0,357.0,line_drive,medium,1,0,,,5dfba3cb-2342-391c-956c-9a27fa263ee9
824220,8,2,top,1,1,1,0,2,1,L,R,single,hit,1,89.8,11.0,160.0,line_drive,medium,1,0,,,f6c2ef76-fe32-319e-90ba-137b70334b3d
824220,10,2,top,2,1,0,1,2,1,L,R,double,hit,1,95.7,22.0,365.0,line_drive,medium,1,0,,,ef71e813-762b-3dc2-8699-342416b473c8
824220,13,2,bottom,0,0,0,0,0,0,L,R,field_out,out,0,84.6,40.0,297.0,fly_ball,medium,1,0,,,73bbea5d-cb82-317a-b3fe-8dbb2a7d3448
824220,14,2,bottom,1,0,0,0,0,0,R,R,field_out,out,0,97.0,27.0,372.0,fly_ball,medium,1,0,,,ef960b76-d615-3ded-8188-41fa91eccd2d
824220,15,2,bottom,2,1,1,0,2,1,L,R,single,hit,0,98.2,-20.0,7.0,ground_ball,medium,1,0,,,b182cb33-55fc-3466-bcea-58e7613fa1db
824220,16,2,bottom,2,1,0,1,2,1,R,R,triple,hit,2,101.5,13.0,268.0,line_drive,hard,1,0,,,b6176644-9736-36e8-8fd4-a2739cedba47
824220,17,2,bottom,2,0,0,0,0,0,R,R,field_out,out,0,84.4,41.0,276.0,fly_ball,medium,1,0,,,a71a7df0-9079-3f52-9ca1-39328376c5b5
824220,21,3,top,2,0,0,0,0,0,L,R,field_out,out,0,100.0,-20.0,8.0,ground_ball,medium,1,0,,,576eec25-e06b-3c0b-86a1-fdc3aeef00f4
824220,22,3,bottom,0,0,0,0,0,0,L,R,field_out,out,0,96.5,-7.0,15.0,ground_ball,medium,1,0,,,e2247a96-1eae-3e78-95fb-0bdb1811fbe3
824220,23,3,bottom,1,0,0,0,0,0,R,R,field_out,out,0,88.3,-42.0,3.0,ground_ball,medium,1,0,,,f53db733-4929-3fe7-88ef-e1a32835b9fc
824220,25,3,bottom,2,1,1,0,2,1,R,R,single,hit,0,63.9,28.0,202.0,fly_ball,medium,1,0,,,ff2dae9f-61ea-3d66-afeb-02416d9d7019
824220,27,3,bottom,2,1,1,1,3,1,R,R,single,hit,2,86.2,14.0,210.0,line_drive,medium,1,0,True,MJ,f8929445-fc55-3fcf-8aa6-bfde06e5c8a7
824220,30,3,bottom,2,0,0,0,0,0,R,L,field_out,out,0,89.7,23.0,320.0,line_drive,medium,1,0,,,9e4c4ff5-66a8-385d-81c1-99873c2acf90
824220,32,4,top,1,0,0,0,0,0,L,R,field_out,out,0,89.0,-12.0,9.0,ground_ball,medium,1,0,,,9465f401-9e21-37f3-a056-7b7104010603
824220,33,4,top,2,0,0,0,0,0,R,R,field_out,out,0,90.0,22.0,281.0,line_drive,medium,1,0,,,87ebd9bb-b81f-350e-954f-4cb5dc3fc248
824220,34,4,bottom,0,0,0,0,0,0,L,L,single,hit,0,20.0,12.0,22.0,bunt_grounder,soft,1,0,,,59009f00-1b1e-3601-ba1a-bfa49823a6b1
824220,35,4,bottom,0,1,0,0,1,0,R,L,force_out,out,0,36.6,-43.0,5.0,bunt_grounder,soft,1,0,,,dd59a5cd-d9e7-3ca9-a843-20fbfb9ca2dd
824220,39,4,bottom,2,1,0,0,1,0,R,L,force_out,out,0,100.0,-2.0,33.0,ground_ball,medium,1,0,,,cb333466-c32b-3d6c-b019-eeef21992b22
824220,41,5,top,1,0,0,0,0,0,L,R,single,hit,0,102.5,4.0,126.0,ground_ball,medium,1,0,,,98780eaa-725d-3f3b-a06a-4c5b6c68a2d9
824220,42,5,top,1,0,0,0,0,0,R,R,field_out,out,0,95.5,31.0,358.0,fly_ball,medium,1,0,,,fb216632-5be6-358f-916f-dfaaffd84d14
824220,44,5,bottom,0,0,0,0,0,0,L,R,field_out,out,0,94.3,-19.0,5.0,ground_ball,medium,1,0,,,bb85f165-4287-364a-9c72-2eb9b21674cb
824220,45,5,bottom,1,0,0,0,0,0,R,R,double,hit,0,84.2,52.0,238.0,fly_ball,medium,1,0,True,MJ,d9f98cfd-cc98-3cfa-965a-33124d76316d
824220,46,5,bottom,1,0,0,0,0,0,R,R,field_out,out,0,80.0,75.0,65.0,popup,medium,1,0,,,8493e1d9-a017-3689-9b9e-f11fe2e6c2e5
824220,47,5,bottom,2,0,0,0,0,0,L,R,field_out,out,0,100.4,41.0,353.0,fly_ball,hard,1,0,,,47f20c67-2f1b-3017-9a50-ca938ec5c689
824220,48,6,top,0,0,0,0,0,0,L,R,field_out,out,0,101.9,-5.0,21.0,ground_ball,medium,1,0,,,571dc4c8-167d-3221-bfd4-23153822518b
824220,52,6,bottom,0,0,0,0,0,0,R,R,field_out,out,0,101.9,4.0,84.0,ground_ball,medium,1,0,,,5d75ac77-356b-33fd-9cbb-2b832c59a6af
824220,53,6,bottom,1,0,0,0,0,0,L,R,field_out,out,0,103.0,39.0,379.0,fly_ball,hard,1,0,,,4915b5eb-426a-3909-a0be-2261200d661a
824220,55,6,bottom,2,1,1,0,2,1,L,R,single,hit,0,73.3,46.0,228.0,fly_ball,medium,1,0,,,b6ab846b-3f41-3aae-9cdf-b098c28b62f7
824220,56,6,bottom,2,1,1,1,3,1,R,R,fielders_choice,fielders_choice,0,110.8,-3.0,27.0,ground_ball,medium,1,0,,,1f4965bb-564a-3447-99ff-d1cbac628531
824220,57,6,bottom,2,0,0,0,0,0,L,R,field_out,out,0,60.5,60.0,127.0,popup,medium,1,0,,,24b01bb5-cdd5-39d6-ba6d-a4fa0199e76c
824220,58,7,top,0,0,0,0,0,0,R,L,field_out,out,0,79.0,2.0,48.0,ground_ball,medium,1,0,,,046f6f82-027f-378f-860b-a3a767148287
824220,61,7,bottom,0,0,0,0,0,0,R,R,home_run,hit,1,105.2,35.0,387.0,fly_ball,medium,1,0,,,be64ac17-7052-33f8-9a24-051a1223ca31
824220,62,7,bottom,0,0,0,0,0,0,R,R,single,hit,0,105.1,10.0,229.0,line_drive,hard,1,0,,,99ceee2b-f014-34fc-9c9b-958dc49da022
824220,64,7,bottom,1,0,1,0,1,1,R,R,field_out,out,0,65.2,-59.0,2.0,ground_ball,medium,1,0,,,740d6fd1-7c41-3987-a0dc-178a51cf5f21
824220,67,8,top,0,1,0,0,1,0,L,L,grounded_into_double_play,out,0,99.5,-8.0,16.0,ground_ball,medium,1,0,,,5a73933c-f99c-31a9-bad7-b2bbcab7b626
824220,69,8,top,2,1,1,0,2,1,L,L,single,hit,0,100.5,2.0,61.0,ground_ball,medium,1,0,,,fc23be20-aa04-3355-b626-0fd960d52ecb
824220,70,8,top,2,1,1,1,3,1,R,L,single,hit,1,71.9,28.0,231.0,fly_ball,medium,1,0,,,b1c04256-dfc5-3dab-ab45-e68cb263ec7c
824220,71,8,top,2,1,1,1,3,1,L,L,single,hit,1,100.6,18.0,300.0,line_drive,hard,1,0,,,b9db8e8c-dd5f-34d9-812d-728d32cf27b8
824220,72,8,top,2,1,0,1,2,1,R,L,home_run,hit,3,105.1,31.0,422.0,fly_ball,medium,1,0,,,f48426da-a2a1-3eef-9b00-6113708401e8
824220,73,8,top,2,0,0,0,0,0,R,L,field_out,out,0,84.2,-34.0,2.0,ground_ball,medium,1,0,,,18d89bdd-0858-3c3b-80c3-2f292a75b0f4
824220,74,8,bottom,0,0,0,0,0,0,R,L,double,hit,0,106.3,13.0,266.0,line_drive,hard,1,0,,,b236e5f1-a3b8-3d4b-9369-8c2f2d6c0b31
824220,75,8,bottom,0,0,0,0,0,0,L,L,field_out,out,0,95.2,18.0,294.0,line_drive,medium,1,0,,,a638c243-2194-3786-ae1c-94dfb9b4073f
824220,76,8,bottom,1,0,0,0,0,0,R,L,field_out,out,0,107.2,35.0,408.0,fly_ball,hard,1,0,,,da3874b9-a1ef-3dfa-b693-119074258752
824220,77,8,bottom,2,0,0,0,0,0,R,L,field_out,out,0,99.2,-2.0,35.0,ground_ball,medium,1,0,False,MJ,a4dcdbf8-1d92-32cc-a501-7b63b6f5c5e1
824220,78,9,top,0,0,0,0,0,0,L,R,field_out,out,0,103.0,-27.0,4.0,ground_ball,medium,1,0,,,7c4a47a0-7649-3a25-a18f-56212a83a1e0
824221,1,1,top,1,0,0,0,0,0,L,R,field_out,out,0,72.3,-12.0,8.0,ground_ball,medium,1,0,,,ddb11881-8672-39c6-a5ef-175a7a07aa49
824221,2,1,top,2,0,0,0,0,0,L,R,field_out,out,0,108.0,15.0,313.0,line_drive,hard,1,0,,,fd855846-4c74-366d-9f83-e175f54d2941
824221,4,1,bottom,0,1,1,1,3,1,R,L,double,hit,1,101.9,24.0,378.0,fly_ball,hard,1,0,,,cdecf197-aa81-324b-9fa6-9a45c468e7a6
824221,5,1,bottom,0,0,0,0,0,0,L,L,field_out,out,0,49.7,-18.0,9.0,ground_ball,soft,1,0,,,2f89b03b-21ed-3110-afa6-04609fda3cc5
824221,6,1,bottom,1,0,1,0,1,1,R,L,single,hit,0,88.2,13.0,190.0,line_drive,medium,1,0,,,13e7f70c-73c5-3008-bfa5-4bb026816877
824221,7,1,bottom,1,1,0,0,1,0,R,L,double,hit,0,105.0,19.0,360.0,line_drive,hard,1,0,,,dbe11a9c-08e6-38b6-9648-4d279320ac9c
824221,10,2,top,0,0,0,0,0,0,L,R,field_out,out,0,94.1,21.0,339.0,line_drive,medium,1,0,,,7ea221a6-7fa2-3a4a-835c-169d223d271e
824221,11,2,top,1,0,0,0,0,0,R,R,single,hit,0,76.9,16.0,184.0,line_drive,medium,1,0,,,e049e176-c516-310d-88ec-60f663553ef6
824221,14,2,top,2,0,0,0,0,0,L,R,field_out,out,0,79.6,24.0,260.0,line_drive,medium,1,0,,,8387fc64-6824-3ec5-abac-20282519b9f2
824221,16,2,bottom,1,0,0,0,0,0,R,L,field_out,out,0,98.1,37.0,343.0,fly_ball,medium,1,0,,,6776782c-000d-35e7-a4a0-a29f38c550c9
824221,17,2,bottom,2,0,0,0,0,0,R,L,field_out,out,0,76.2,60.0,173.0,popup,medium,1,0,True,MJ,b2da5d19-9fd8-3a1d-b989-b43dbbf5d278
824221,18,3,top,0,0,0,0,0,0,R,R,double,hit,0,109.3,-24.0,6.0,ground_ball,medium,1,0,,,7a755b1b-f236-3c69-a1af-09bf053202d8
824221,20,3,top,1,0,0,0,0,0,L,R,field_out,out,0,92.8,54.0,255.0,fly_ball,medium,1,0,,,bdf45f60-69dd-3993-87bb-f51c945a737d
824221,21,3,top,2,0,0,0,0,0,L,R,field_out,out,0,95.8,18.0,280.0,line_drive,medium,1,0,,,ca31cb4b-3dd5-34f7-a5c6-d72f8aa93cd1
824221,22,3,bottom,0,0,0,0,0,0,R,L,field_out,out,0,95.0,34.0,335.0,fly_ball,medium,1,0,,,51eb38ab-2b06-355e-820c-c74208459f55
824221,23,3,bottom,1,0,0,0,0,0,L,L,field_out,out,0,65.6,80.0,32.0,popup,medium,1,0,,,1dff9442-1afd-3823-9fee-2adafd62044a
824221,24,3,bottom,2,0,0,0,0,0,R,L,double,hit,0,82.7,8.0,108.0,ground_ball,medium,1,0,,,65aa7231-f6ac-375a-b954-6fd1f12f1c0e
824221,25,3,bottom,2,0,0,0,0,0,R,L,field_out,out,0,84.5,-7.0,13.0,ground_ball,medium,1,0,,,091e30bc-255d-3625-b2fb-2988ca11f12c
824221,28,4,top,1,0,0,0,0,0,L,R,field_out,out,0,90.9,48.0,281.0,fly_ball,medium,1,0,,,7cedb544-031d-3cd2-a5be-58933f3c429c
824221,32,4,bottom,1,1,0,0,1,0,R,L,home_run,hit,2,107.8,29.0,426.0,fly_ball,medium,1,0,,,4a0db500-7f5f-3e84-b203-c5b23bbcf9b1
824221,33,4,bottom,1,0,0,0,0,0,R,L,field_out,out,0,100.6,9.0,149.0,line_drive,hard,1,0,,,e7bfb6b5-4c45-38dc-a4fe-99ecf371bb78
824221,34,4,bottom,2,0,0,0,0,0,R,L,field_out,out,0,74.4,12.0,148.0,line_drive,medium,1,0,,,de2d218b-eb9b-3c3b-bd9f-32bf433ad426
824221,35,5,top,0,0,0,0,0,0,L,R,field_out,out,0,90.6,63.0,182.0,popup,medium,1,0,,,45f44252-9758-3c28-8393-2584511dad78
824221,36,5,top,1,0,0,0,0,0,R,R,single,hit,0,100.4,12.0,233.0,line_drive,hard,1,0,,,04a5ed6a-e93c-31be-a104-d3918e2ca598
824221,38,5,top,2,0,0,0,0,0,L,R,field_out,out,0,70.9,52.0,212.0,fly_ball,medium,1,0,,,a9ef51c6-0d67-36a0-87f1-9e5dd9dd2786
824221,39,5,bottom,0,0,0,0,0,0,R,R,field_out,out,0,92.9,23.0,298.0,line_drive,medium,1,0,,,b8373fcf-f060-39c5-8445-c8e0fe60b99e
824221,41,5,bottom,1,1,0,0,1,0,R,R,double,hit,0,101.2,-1.0,35.0,ground_ball,medium,1,0,,,02acffe4-502b-307a-a743-532c537a4b04
824221,42,5,bottom,1,0,1,1,2,1,R,R,home_run,hit,3,99.9,25.0,375.0,fly_ball,medium,1,0,,,c4d1d0e1-dbe2-37ae-b242-35799163717c
824221,43,5,bottom,1,0,0,0,0,0,R,R,double,hit,0,100.8,23.0,396.0,line_drive,hard,1,0,,,8801fb33-cd2a-3c6a-8aa1-898de1cbb458
824221,44,5,bottom,1,0,1,0,1,1,R,R,home_run,hit,2,97.1,36.0,380.0,fly_ball,medium,1,0,False,MJ,fcebccd5-0aab-31fb-b8d1-2e7a4c12e3fa
824221,46,5,bottom,1,0,0,0,0,0,R,R,field_out,out,0,83.5,78.0,65.0,popup,medium,1,0,,,881694f1-1f55-3aa5-a4d7-049c16791bf6
824221,47,5,bottom,2,0,0,0,0,0,R,R,field_out,out,0,87.5,22.0,285.0,line_drive,medium,1,0,,,b2f32dd8-913b-3a15-8138-79edf2f69faf
824221,48,6,top,0,0,0,0,0,0,L,R,field_out,out,0,78.3,68.0,129.0,popup,medium,1,0,,,bf19e7c0-68f5-3f49-bda1-51311313b455
824221,51,6,bottom,0,0,0,0,0,0,R,R,single,hit,0,99.0,4.0,85.0,ground_ball,medium,1,0,,,2e74bdb2-0613-339d-aa22-6516bd7a43e8
824221,53,6,bottom,1,0,0,0,0,0,R,R,field_out,out,0,96.8,16.0,290.0,line_drive,medium,1,0,,,24499371-d792-3e3e-9743-1242fa825057
824221,55,7,top,0,0,0,0,0,0,L,R,field_out,out,0,90.7,-8.0,13.0,ground_ball,medium,1,0,,,6eb516a7-552f-337a-9217-f3386fc06254
824221,56,7,top,1,0,0,0,0,0,R,R,field_out,out,0,65.7,69.0,97.0,popup,medium,1,0,,,029d1163-63ff-3d5d-bf6f-79df47e264c1
824221,57,7,top,2,0,0,0,0,0,L,R,field_out,out,0,82.2,45.0,266.0,fly_ball,medium,1,0,,,bb95b1a8-a2d3-324f-a05a-760bb48dd8a2
824221,58,7,bottom,0,0,0,0,0,0,R,R,single,hit,0,95.4,-1.0,44.0,ground_ball,medium,1,0,,,85ba7c7d-9209-3d38-90e8-1f8353a269ad
824221,59,7,bottom,0,1,0,0,1,0,R,R,grounded_into_double_play,out,0,87.2,-4.0,24.0,ground_ball,medium,1,0,,,4d936f85-09cf-34c0-9224-f1d8246fc1d8
824221,60,7,bottom,2,0,0,0,0,0,L,R,field_out,out,0,101.7,17.0,291.0,line_drive,hard,1,0,,,bb9246f8-7c83-3397-97b2-4ac83986502a
824221,62,8,top,1,0,0,0,0,0,L,L,single,hit,0,111.0,-6.0,22.0,ground_ball,medium,1,0,,,773ee674-0ccd-3702-8b18-5ae90aab7377
824221,64,8,top,2,1,0,0,1,0,R,L,home_run,hit,2,100.0,32.0,349.0,fly_ball,medium,1,0,,,a9ab4d6e-3510-3a4e-94bc-e19f5a53c07b
824221,65,8,top,2,0,0,0,0,0,R,L,field_out,out,0,97.3,-13.0,9.0,ground_ball,medium,1,0,,,9adc7eeb-b8d4-3cb7-a610-2e88cb27adf9
824221,66,8,bottom,0,0,0,0,0,0,R,R,field_out,out,0,94.1,26.0,329.0,fly_ball,medium,1,0,,,e09cd0ee-116e-33fc-9bf6-10e5ae012a01
824221,68,8,bottom,2,0,0,0,0,0,R,R,double,hit,0,92.1,-13.0,12.0,ground_ball,medium,1,0,,,dbfd4c07-fdf8-3600-8b6e-352005eb25ab
824221,69,8,bottom,2,0,0,0,0,0,L,R,field_out,out,0,91.5,74.0,129.0,popup,medium,1,0,,,56e1393b-023d-3258-8549-4abf24620769
824221,70,9,top,0,0,0,0,0,0,R,R,field_out,out,0,53.7,-15.0,10.0,ground_ball,medium,1,0,,,9e3ba8ab-73bd-3f8c-aec4-12bfeecc5114
824221,72,9,top,2,0,0,0,0,0,R,R,field_out,out,0,103.7,-37.0,3.0,ground_ball,medium,1,0,,,49602a60-72b4-3f18-8f8d-7888c22585fa
824222,1,1,top,1,0,0,0,0,0,L,R,field_out,out,0,83.9,-15.0,6.0,ground_ball,medium,1,0,,,c7841e09-6e5d-3229-9b6a-c3e17c9b4a3f
824222,6,1,bottom,2,0,0,0,0,0,R,R,field_out,out,0,104.8,30.0,412.0,fly_ball,hard,1,0,,,fc02cf6c-0ec5-3bc0-a2ec-abee55e0a118
824222,7,2,top,0,0,0,0,0,0,L,R,home_run,hit,1,106.4,26.0,418.0,fly_ball,medium,1,0,,,205b01b6-b472-3b61-a932-e8eda7840c81
824222,8,2,top,0,0,0,0,0,0,R,R,single,hit,0,100.6,22.0,351.0,line_drive,hard,1,0,,,a348ad21-4561-3978-ad54-c85b3966fb04
824222,9,2,top,0,0,0,0,0,0,L,R,field_out,out,0,71.1,67.0,105.0,popup,medium,1,0,,,3570a54d-38fe-3bc5-be3d-1f6f8a0eb2a8
824222,10,2,top,1,1,0,0,1,0,R,R,grounded_into_double_play,out,0,63.0,-14.0,12.0,ground_ball,medium,1,0,,,bbfd315e-bd82-3e07-976d-600aad81d64b
824222,11,2,bottom,0,0,0,0,0,0,R,R,field_out,out,0,92.2,39.0,312.0,fly_ball,medium,1,0,,,c79c833d-81e4-385f-a8dd-6a31a0c96095
824222,12,2,bottom,1,0,0,0,0,0,L,R,single,hit,0,71.0,27.0,223.0,fly_ball,medium,1,0,,,2275a113-4d03-36f6-8342-d7cee847306d
824222,15,3,top,0,0,0,0,0,0,L,R,field_out,out,0,88.6,25.0,319.0,line_drive,medium,1,0,,,443f6dd6-77b5-3043-aebf-6d77b3b98dee
824222,16,3,top,1,0,0,0,0,0,L,R,field_out,out,0,38.1,-18.0,10.0,bunt_grounder,medium,1,0,,,33d32aaf-f7a2-3a3b-825d-ab4329780289
824222,17,3,top,2,0,0,0,0,0,L,R,field_out,out,0,82.9,-18.0,10.0,ground_ball,medium,1,0,,,f814ad1d-615c-372c-b340-1bdb8fa19c65
824222,18,3,bottom,0,0,0,0,0,0,R,R,field_out,out,0,105.9,16.0,329.0,line_drive,hard,1,0,,,f533d98a-55ac-3d27-920a-b575f45c6da5
824222,21,3,bottom,2,1,0,0,1,0,L,L,double,hit,0,96.5,20.0,262.0,line_drive,medium,1,0,,,4573f26f-432a-3597-85e9-c80e5f8bdb0e
824222,23,4,top,0,0,0,0,0,0,L,R,field_out,out,0,98.9,30.0,349.0,fly_ball,medium,1,0,,,ed065830-4d49-3125-aef9-4cd7ef2cf16c
824222,24,4,top,1,0,0,0,0,0,R,R,field_out,out,0,109.3,14.0,312.0,line_drive,hard,1,0,,,c51b3d5c-14de-3a4a-9258-cb05f318ed4b
824222,26,4,bottom,0,0,0,0,0,0,R,L,double,hit,0,80.0,8.0,102.0,ground_ball,medium,1,0,,,3ea517a0-e88e-353b-9769-5a5b99f2c78e
824222,29,4,bottom,1,1,0,0,1,0,R,L,grounded_into_double_play,out,0,89.3,4.0,90.0,ground_ball,medium,1,0,,,8acfc9cd-5e72-3883-b2a2-4f0bc5da3a61
824222,31,5,top,1,0,0,0,0,0,L,R,field_out,out,0,91.2,30.0,350.0,fly_ball,medium,1,0,,,faea039b-7c98-31b9-843f-03ef267f4801
824222,32,5,top,2,0,0,0,0,0,R,R,field_out,out,0,107.6,1.0,58.0,ground_ball,hard,1,0,,,f16e1d2f-f23e-3862-8831-c7ab54c68599
824222,33,5,bottom,0,0,0,0,0,0,R,L,field_out,out,0,93.1,35.0,344.0,fly_ball,medium,1,0,,,abca50ff-9717-3797-b8c3-ec41b8a729ea
824222,34,5,bottom,1,0,0,0,0,0,R,L,single,hit,0,72.9,21.0,221.0,line_drive,medium,1,0,False,MJ,e3788425-cf29-37e8-a7b8-0106dc1d5522
824222,35,5,bottom,1,1,0,0,1,0,R,L,grounded_into_double_play,out,0,101.8,-13.0,9.0,ground_ball,hard,1,0,,,8426bce3-3766-3b95-8a0d-91fde7bb3209
824222,36,6,top,0,0,0,0,0,0,L,R,field_out,out,0,83.9,10.0,146.0,line_drive,medium,1,0,,,c075b0d2-8086-37f5-8723-787cec148e59
824222,38,6,top,2,0,0,0,0,0,L,R,single,hit,0,103.5,6.0,145.0,ground_ball,hard,1,0,,,d041c1ba-9947-3de4-8039-d46b17dc5958
824222,39,6,top,2,0,0,0,0,0,L,R,field_out,out,0,82.6,22.0,272.0,line_drive,medium,1,0,,,5101f1cc-fbbc-3838-b77e-ab6bb3e5975b
824222,41,6,bottom,0,1,0,0,1,0,R,L,force_out,out,0,87.1,8.0,114.0,ground_ball,medium,1,0,,,900b55b8-4ea2-3051-b9da-9e533f3989d5
824222,42,6,bottom,1,1,0,0,1,0,R,L,force_out,out,0,70.1,-46.0,3.0,ground_ball,medium,1,0,,,48dc0251-0b80-3455-ab9c-694f0978a0d3
824222,43,6,bottom,2,1,1,0,2,1,L,L,single,hit,0,89.2,12.0,230.0,line_drive,medium,1,0,,,98fc4eeb-2283-3e3d-8e99-1af217e88a8b
824222,45,6,bottom,2,0,0,0,0,0,R,L,field_out,out,0,88.0,29.0,336.0,fly_ball,medium,1,0,,,48d98a5d-7271-3770-9146-7176633c4f07
824222,46,7,top,0,0,0,0,0,0,R,R,single,hit,0,93.3,-6.0,12.0,ground_ball,medium,1,0,,,daceeb18-728a-3f51-9cc0-81ab052230ed
824222,47,7,top,0,1,1,0,2,1,L,R,home_run,hit,2,104.2,30.0,404.0,fly_ball,medium,1,0,,,1ed0d481-a654-3aaf-9bb5-e2c27c7cc09a
824222,49,7,top,1,0,0,0,0,0,L,R,field_out,out,0,85.1,49.0,237.0,fly_ball,medium,1,0,,,140a8ba2-5971-31d5-9aaa-3dedc3d94296
824222,50,7,top,2,0,0,0,0,0,R,R,field_out,out,0,95.4,-2.0,34.0,ground_ball,medium,1,0,,,ef6e6b8f-8c45-3b09-9439-dec99cb84ca4
824222,51,7,bottom,0,0,0,0,0,0,R,L,field_out,out,0,106.7,-10.0,13.0,ground_ball,hard,1,0,,,81b0447d-90f3-3020-99a9-3403aa6072c9
824222,52,7,bottom,1,0,0,0,0,0,R,L,field_out,out,0,88.6,9.0,155.0,line_drive,medium,1,0,,,0e49b4c4-15f1-3dcf-9c79-d523f085cbe9
824222,53,7,bottom,2,0,0,0,0,0,R,L,single,hit,0,100.0,13.0,241.0,line_drive,hard,1,0,,,81ca7cbf-5386-3233-994c-b925b8f7af04
824222,54,7,bottom,2,1,0,0,1,0,L,L,single,hit,0,35.3,-57.0,2.0,ground_ball,soft,1,0,,,a813230e-6750-3d54-99fd-8396523d6c01
824222,55,7,bottom,2,0,0,0,0,0,R,R,field_out,out,0,61.3,-0.0,33.0,ground_ball,medium,1,0,,,114274c7-b201-34f1-9092-f1c65de8976a
824222,56,8,top,0,0,0,0,0,0,R,L,single,hit,0,98.7,11.0,236.0,line_drive,medium,1,0,,,643c755b-eb52-3cda-9eb6-5389dfc927bf
824222,57,8,top,0,1,0,0,1,0,R,L,force_out,out,0,93.1,-36.0,4.0,ground_ball,medium,1,0,,,a7a16506-5f4b-3553-ab32-beac46e95bc3
824222,61,8,bottom,1,0,0,0,0,0,L,R,field_out,out,0,106.7,1.0,63.0,ground_ball,hard,1,0,,,1fddbd12-3e38-3ab8-a8e8-8d745c9ba6c4
824222,63,8,bottom,2,0,0,0,0,0,R,R,field_out,out,0,78.5,-14.0,14.0,ground_ball,medium,1,0,,,f82690c2-58ef-3fbc-884c-79e481f20592
824222,64,9,top,0,0,0,0,0,0,R,R,single,hit,0,81.3,16.0,215.0,line_drive,medium,1,0,,,85a72980-de33-34d4-bf5e-d54139836816
824222,65,9,top,0,0,0,0,0,0,L,R,field_out,out,0,91.9,70.0,105.0,popup,medium,1,0,,,5b71f494-8e90-3167-b730-0567e6166ee1
824222,66,9,top,1,0,0,0,0,0,R,R,field_out,out,0,94.5,35.0,330.0,fly_ball,medium,1,0,,,8649e340-49b0-367b-a064-535c06d45e12
824222,67,9,top,2,1,0,0,1,0,L,R,field_out,out,0,99.8,15.0,324.0,line_drive,medium,1,0,,,b79d198f-66c7-3912-b7d1-57ee9ed08da1
824223,1,1,top,1,0,0,0,0,0,R,L,field_out,out,0,99.6,-19.0,8.0,ground_ball,medium,1,0,,,08d1c0cb-354d-3ce8-a6c4-574c29b95d3e
824223,3,1,bottom,0,0,0,0,0,0,L,L,field_out,out,0,55.4,-4.0,20.0,ground_ball,medium,1,0,,,7c1f8e1f-e62d-30d9-a32f-12eb5d11150d
824223,4,1,bottom,1,0,0,0,0,0,R,L,single,hit,0,87.4,16.0,233.0,line_drive,medium,1,0,,,1072e8f5-8710-3b14-9b3c-8a4ab06afffe
824223,5,1,bottom,1,0,0,0,0,0,R,L,field_out,out,0,83.4,43.0,278.0,fly_ball,medium,1,0,,,1d9452ae-f48e-3b58-b047-f93724733409
824223,6,1,bottom,2,0,0,0,0,0,L,L,field_out,out,0,75.8,-16.0,6.0,ground_ball,medium,1,0,,,f5d0f719-0d2f-391e-92a8-387ed5b2dae1
824223,7,2,top,0,0,0,0,0,0,L,L,field_out,out,0,72.6,-1.0,36.0,ground_ball,medium,1,0,,,a14568b3-79e8-3dbe-b04b-b77fc99cb763
824223,8,2,top,1,0,0,0,0,0,R,L,field_out,out,0,81.2,68.0,145.0,popup,medium,1,0,,,b3e8ea1b-bdbb-3a7b-a230-0fef0438341c
824223,11,2,bottom,0,1,0,0,1,0,L,L,sac_bunt,out,0,31.8,11.0,37.0,bunt_grounder,soft,1,0,,,f2f150e8-1704-3b90-a234-913adec8f933
824223,15,3,top,1,0,0,0,0,0,R,L,field_out,out,0,63.9,-68.0,1.0,ground_ball,medium,1,0,,,296b704b-dc63-37fd-b39e-dd792ee030e2
824223,16,3,top,2,0,0,0,0,0,R,L,field_out,out,0,104.0,-3.0,26.0,ground_ball,medium,1,0,,,b5340dae-5ea4-3b4e-8e83-c999b60a4eb8
824223,17,3,bottom,0,0,0,0,0,0,L,R,field_out,out,0,100.7,42.0,347.0,fly_ball,hard,1,0,,,280e71a0-6b04-303a-903d-4c18bb836a2b
824223,18,3,bottom,1,0,0,0,0,0,L,R,double,hit,0,103.2,22.0,298.0,fly_ball,hard,1,0,,,9d6c2614-6140-31cb-a9d8-abb2ef7c1224
824223,19,3,bottom,1,0,1,0,1,1,R,R,field_out,out,0,60.8,7.0,68.0,ground_ball,medium,1,0,,,a2a5b3f8-026a-3caa-8725-713dd069c616
824223,20,3,bottom,2,0,0,0,0,0,R,R,field_out,out,0,103.8,-23.0,5.0,ground_ball,medium,1,0,,,b595456f-05cb-3d19-b099-b5655aa47347
824223,21,4,top,0,0,0,0,0,0,L,L,field_out,out,0,87.8,-14.0,8.0,ground_ball,medium,1,0,,,ead3bd73-14f9-3612-9a9e-7e367503290f
824223,23,4,top,2,0,0,0,0,0,R,L,single,hit,0,98.6,12.0,189.0,line_drive,medium,1,0,,,2cd792f8-5712-373c-bd17-00dbfc27208c
824223,25,4,top,2,0,0,0,0,0,R,L,field_out,out,0,101.8,-34.0,3.0,ground_ball,medium,1,0,,,e7d0333a-f18d-3091-9c79-bb3609ce4e4d
824223,27,4,bottom,0,0,0,0,0,0,R,R,field_out,out,0,73.0,48.0,226.0,popup,medium,1,0,,,dd95c7fa-c5fa-3dc8-9e3e-5cbf11dd0749
824223,28,4,bottom,1,1,0,0,1,0,L,R,grounded_into_double_play,out,0,93.3,-10.0,9.0,ground_ball,medium,1,0,True,MJ,fdcae3d1-ca3d-313f-9271-c9296e766d64
824223,29,5,top,0,0,0,0,0,0,R,L,field_out,out,0,82.1,73.0,106.0,popup,medium,1,0,,,1d35c171-7302-3245-a4d0-b6e66f2762f6
824223,31,5,top,1,0,0,0,0,0,R,L,field_out,out,0,105.1,15.0,305.0,line_drive,hard,1,0,,,62d309ca-fcc8-39b4-9d42-82f116ea4e2b
824223,35,5,bottom,1,0,0,0,0,0,R,R,field_out,out,0,77.9,-28.0,5.0,ground_ball,medium,1,0,,,9996bc1f-8efd-3e33-bf9c-906f18fb1dfc
824223,37,5,bottom,2,1,1,0,2,1,L,L,single,hit,0,78.0,-27.0,7.0,ground_ball,medium,1,0,,,1264caff-7269-3bf5-a22d-d5a9b9be4c27
824223,39,6,top,0,0,0,0,0,0,R,L,single,hit,0,104.4,0.0,46.0,ground_ball,medium,1,0,,,0fc37ba1-a1c2-37d5-aa79-ffc075e20def
824223,40,6,top,0,1,0,0,1,0,R,L,single,hit,0,89.2,19.0,276.0,line_drive,medium,1,0,,,3294872e-58d8-3739-ae2b-8533062900d0
824223,41,6,top,0,1,1,1,3,1,L,L,single,hit,1,83.0,14.0,165.0,line_drive,medium,1,0,,,d65aad4e-f014-3446-9470-b5c6a15f6a2a
824223,42,6,top,1,0,0,0,0,0,R,R,field_out,out,0,88.0,61.0,191.0,fly_ball,medium,1,0,,,164de780-0b56-323e-a2c7-b129bb8d8936
824223,43,6,top,2,0,1,0,1,1,R,R,home_run,hit,2,107.1,28.0,422.0,fly_ball,medium,1,0,,,00c5f613-4a29-349e-9554-6d2e5c5bf10a
824223,44,6,top,2,0,0,0,0,0,R,R,field_out,out,0,66.6,9.0,92.0,ground_ball,medium,1,0,,,6e0c82cb-f0df-3e12-93c2-b5af1d992545
824223,45,6,bottom,0,0,0,0,0,0,R,L,home_run,hit,1,100.5,30.0,404.0,fly_ball,medium,1,0,,,6b99397b-63b6-3336-becb-ab38d998c578
824223,46,6,bottom,0,0,0,0,0,0,L,L,field_out,out,0,93.0,26.0,343.0,fly_ball,medium,1,0,,,4cb28bb4-7d07-32e6-af81-24426ab00c85
824223,47,6,bottom,1,0,0,0,0,0,R,L,field_out,out,0,98.2,65.0,173.0,popup,medium,1,0,,,f312f70d-b010-3b36-bfc0-632fd9ba8bce
824223,48,6,bottom,2,0,0,0,0,0,L,L,double,hit,0,64.6,14.0,122.0,line_drive,medium,1,0,,,4aa24cef-6f64-391e-9957-209d0fb80699
824223,51,7,top,1,0,0,0,0,0,L,R,single,hit,0,75.9,31.0,275.0,fly_ball,medium,1,0,,,8181a7cb-da7b-3a96-b65f-7bd9c84df56c
824223,52,7,top,1,1,1,1,3,1,L,R,field_out,out,1,96.9,-12.0,13.0,ground_ball,medium,1,0,,,f4157546-c873-3235-aec4-f597bf37d8a3
824223,57,7,bottom,2,0,0,0,0,0,R,R,field_out,out,0,92.2,45.0,260.0,fly_ball,medium,1,0,,,54899e1d-7aec-352d-b5b8-ff719b39a929
824223,58,8,top,0,0,0,0,0,0,R,R,field_out,out,0,89.3,30.0,335.0,fly_ball,medium,1,0,,,cd13dcdd-0764-3450-951f-f65540ac1cf2
824223,60,8,top,1,1,0,0,1,0,R,R,grounded_into_double_play,out,0,105.4,-7.0,20.0,ground_ball,medium,1,0,,,3fb46fc4-35bf-3f76-a201-5979803a79cd
824223,61,8,bottom,0,0,0,0,0,0,R,L,field_out,out,0,93.1,-15.0,9.0,ground_ball,medium,1,0,,,bf70645a-be70-3591-b3b3-28bfa8634122
824223,63,8,bottom,1,0,0,0,0,0,R,L,field_out,out,0,104.0,9.0,153.0,line_drive,hard,1,0,,,4335550d-68e1-31cf-8807-0dc20cef31ec
824223,66,9,top,0,0,0,0,0,0,R,R,field_out,out,0,96.1,63.0,166.0,popup,medium,1,0,,,ab0f7270-adac-3de4-be9f-197493103b78
824223,67,9,top,1,0,0,0,0,0,L,R,field_out,out,0,91.7,40.0,292.0,fly_ball,medium,1,0,,,aac27f83-f3e0-30c5-8d72-06be0edc0d9e
824223,68,9,top,2,0,0,0,0,0,R,R,field_out,out,0,100.6,27.0,395.0,fly_ball,hard,1,0,,,c65bd5a5-14dd-39de-932d-2acc5a85a909
824223,70,9,bottom,1,0,0,0,0,0,L,R,single,hit,0,77.3,19.0,230.0,line_drive,medium,1,0,,,48c85e19-1c39-343f-96ad-a3a07a94cce9
824223,71,9,bottom,1,1,0,0,1,0,L,R,single,hit,0,105.1,13.0,271.0,line_drive,hard,1,0,,,67e3d043-5e79-38c2-ac2d-60bb5c8d3229
824223,72,9,bottom,1,0,0,0,0,0,R,R,field_out,out,0,79.2,77.0,31.0,popup,medium,1,0,,,98e76e52-2c22-3355-9b5e-dc86b64d9bde
824223,73,9,bottom,2,1,1,1,3,1,R,R,single,hit,1,76.9,13.0,165.0,line_drive,medium,1,0,,,a3636cae-737c-349e-9a87-9276bac873be
824223,74,9,bottom,2,0,0,0,0,0,L,R,field_out,out,0,82.6,51.0,230.0,fly_ball,medium,1,0,,,391f7959-65b4-3d09-aae1-64020a1c90d2
824298,0,1,top,0,0,0,0,0,0,L,R,single,hit,0,99.1,4.0,93.0,ground_ball,medium,1,0,,,7797597b-2f06-3f78-b825-504ce578d050
824298,2,1,top,0,1,1,0,2,1,R,R,home_run,hit,3,105.6,35.0,416.0,fly_ball,medium,1,0,,,ee12f7c1-35f6-363a-b2fa-84126ada1494
824298,3,1,top,0,0,0,0,0,0,L,R,triple,hit,0,101.4,26.0,421.0,fly_ball,hard,1,0,,,9c0c79cf-e12b-35de-b73d-bc5b20ae7ea2
824298,4,1,top,0,0,0,1,1,1,L,R,single,hit,1,72.2,43.0,214.0,fly_ball,medium,1,0,,,dd2defac-149f-3147-a7b4-d0934742e9c1
824298,5,1,top,0,1,0,0,1,0,R,R,home_run,hit,2,102.5,30.0,419.0,fly_ball,medium,1,0,,,4bcde050-45bc-3854-bba7-7c20172bae38
824298,7,1,top,0,1,0,0,1,0,R,R,grounded_into_double_play,out,0,93.2,-5.0,28.0,ground_ball,medium,1,0,,,7959150b-91f7-30f6-bf0d-db3241351a0c
824298,8,1,top,2,0,0,0,0,0,R,R,field_out,out,0,102.3,42.0,374.0,fly_ball,hard,1,0,,,46c31b84-6203-3443-862f-514ebb06de9a
824298,9,1,bottom,0,0,0,0,0,0,L,L,single,hit,0,82.8,-13.0,11.0,ground_ball,medium,1,0,,,2fdef214-4ba1-36a6-8cdb-c90eb937576d
824298,10,1,bottom,0,0,0,0,0,0,R,L,field_out,out,0,102.6,20.0,297.0,line_drive,hard,1,0,,,c2479394-8059-3b04-af64-dc866ecfcd01
824298,11,1,bottom,1,0,0,0,0,0,R,L,field_out,out,0,81.1,31.0,309.0,fly_ball,medium,1,0,,,5eb7cd6c-1a1a-3b5d-a915-ae965c5eb186
824298,12,1,bottom,2,0,0,0,0,0,L,L,field_out,out,0,92.8,36.0,349.0,fly_ball,medium,1,0,,,b96f6013-bcf6-30a9-9cf1-059a46c5a494
824298,13,2,top,0,0,0,0,0,0,L,R,single,hit,0,106.8,13.0,316.0,line_drive,hard,1,0,,,cfc01eea-b158-372c-8765-6198753e024c
824298,14,2,top,0,1,0,1,2,1,L,R,double,hit,1,105.2,23.0,418.0,fly_ball,hard,1,0,,,997c2844-1ac7-3ff4-aea0-54d3f134c7f4
824298,15,2,top,0,0,1,0,1,1,R,R,field_out,out,0,90.5,41.0,306.0,fly_ball,medium,1,0,,,d8386d45-b3b3-31f5-a332-2bce611289c7
824298,16,2,top,1,0,0,1,1,1,L,R,single,hit,1,82.6,62.0,195.0,fly_ball,medium,1,0,,,c3f5205f-a562-38e9-80bc-9289add6b81b
824298,17,2,top,1,1,0,0,1,0,L,R,force_out,out,0,104.6,-1.0,43.0,ground_ball,hard,1,0,,,861924bf-9f6b-3b60-8e17-1b04271081b7
824298,18,2,top,2,1,0,0,1,0,R,R,single,hit,0,91.6,18.0,267.0,line_drive,medium,1,0,,,ebb0b9e7-b8f8-396d-b3e3-4133ba0428e3
824298,19,2,top,2,0,0,0,0,0,L,R,field_out,out,0,80.5,-12.0,9.0,ground_ball,medium,1,0,,,206a627a-4fa4-3cd7-9aae-3021cd015c4d
824298,20,2,bottom,0,0,0,0,0,0,R,L,single,hit,0,53.7,-9.0,11.0,ground_ball,soft,1,0,,,b6b3e4cb-04db-375c-909c-70935dd9632e
824298,22,2,bottom,1,1,0,0,1,0,L,L,force_out,out,0,100.0,-9.0,14.0,ground_ball,hard,1,0,,,d941b64c-7f95-371f-8e6e-755372697550
824298,24,3,top,0,0,0,0,0,0,R,R,field_out,out,0,95.9,41.0,352.0,fly_ball,medium,1,0,,,4d2adb78-bbda-369e-bff2-65d6ead75601
824298,25,3,top,1,0,0,0,0,0,R,R,field_out,out,0,87.6,28.0,341.0,fly_ball,medium,1,0,,,9067aef7-23bd-3c6d-b1c9-0ce9012dc961
824298,26,3,top,2,0,0,0,0,0,L,R,single,hit,0,73.5,16.0,181.0,line_drive,medium,1,0,,,78026d61-eaed-3bdb-aed4-9c1fd2f6ac43
824298,28,3,top,2,0,0,0,0,0,R,R,field_out,out,0,99.1,51.0,286.0,fly_ball,medium,1,0,,,6ae6bf6f-907e-34df-97e1-bf655836af48
824298,29,3,bottom,0,0,0,0,0,0,R,L,field_out,out,0,97.7,64.0,203.0,fly_ball,medium,1,0,,,b4b2f22b-b6a1-38d7-87a4-bea89a629a86
824298,30,3,bottom,1,0,0,0,0,0,L,L,field_out,out,0,89.4,71.0,109.0,popup,medium,1,0,,,104da73b-f9fc-3a7c-b807-ca97108e0993
824298,31,3,bottom,2,0,0,0,0,0,R,L,single,hit,0,76.6,27.0,259.0,line_drive,medium,1,0,,,8238f530-b114-36ff-8ee6-e1c05242d176
824298,32,3,bottom,2,0,0,0,0,0,R,L,field_out,out,0,97.1,10.0,176.0,line_drive,medium,1,0,,,1c8f4732-2894-3e1d-9cbd-96ae38d8ce03
824298,34,4,top,0,1,0,1,2,1,L,R,double,hit,1,101.1,22.0,368.0,line_drive,hard,1,0,,,47521291-8165-3bf2-9ded-e0012e1f9396
824298,36,4,top,1,0,0,0,0,0,L,R,single,hit,0,85.7,7.0,112.0,ground_ball,medium,1,0,,,43a07f48-ada4-3302-885b-7bd5b67ce028
824298,37,4,top,1,1,1,1,3,1,R,R,single,hit,1,109.0,16.0,313.0,line_drive,hard,1,0,,,87d35a77-87e0-338f-9ee7-f5b237eb448b
824298,39,4,top,2,0,0,0,0,0,L,R,field_out,out,0,81.6,-11.0,17.0,ground_ball,medium,1,0,,,0bdbbd90-bf79-3e52-9e5c-a6a8fa581529
824298,40,4,bottom,0,0,0,0,0,0,L,L,single,hit,0,79.1,12.0,168.0,line_drive,medium,1,0,,,b9629749-d05f-3831-8edb-3bba2223180f
824298,41,4,bottom,0,1,0,0,1,0,R,L,single,hit,0,91.4,14.0,226.0,line_drive,medium,1,0,,,b1c02f06-0cb9-3333-85f6-9d598f39678a
824298,42,4,bottom,0,1,1,0,2,1,R,L,single,hit,0,76.6,26.0,258.0,line_drive,medium,1,0,,,89973f58-0656-3772-8c58-a85ce7c76056
824298,43,4,bottom,0,1,1,1,3,1,L,L,force_out,out,1,90.6,5.0,90.0,ground_ball,medium,1,0,,,5ce4ff2a-5c42-3489-b925-c00a22a7bb24
824298,45,4,bottom,2,0,0,0,0,0,R,L,field_out,out,0,73.3,53.0,216.0,fly_ball,medium,1,0,,,27ada7fc-a1f7-335c-b0ed-148d3bf1fe21
824298,46,5,top,0,0,0,0,0,0,L,R,field_out,out,0,83.0,60.0,188.0,fly_ball,medium,1,0,,,d697b489-c7e6-3ee8-b202-5dff30122a4f
824298,48,5,top,2,0,0,0,0,0,L,R,single,hit,0,97.3,10.0,210.0,line_drive,medium,1,0,,,c953be1b-6f87-39ee-8a74-95d1ff206dbe
824298,50,5,top,2,1,1,1,3,1,R,R,single,hit,1,73.3,47.0,239.0,fly_ball,medium,1,0,,,a573c284-cdd3-3357-b0f3-51d298100694
824298,52,5,bottom,0,0,0,0,0,0,L,L,field_out,out,0,80.6,62.0,176.0,fly_ball,medium,1,0,,,0dddb0d3-4331-3366-be25-600cdf69fc57
824298,53,5,bottom,1,0,0,0,0,0,R,L,double,hit,0,102.0,23.0,348.0,fly_ball,hard,1,0,,,6c69b6bc-84a5-39b2-8a36-5df778f17000
824298,54,5,bottom,1,0,0,0,0,0,R,L,field_out,out,0,74.7,35.0,270.0,fly_ball,medium,1,0,,,def0cf06-a204-36da-bbc9-a558aa5c9449
824298,55,5,bottom,2,0,0,0,0,0,L,L,field_out,out,0,84.7,-14.0,14.0,ground_ball,medium,1,0,,,f4547c66-6baf-3f6c-9e5a-ba9c68d04e40
824298,56,6,top,0,0,0,0,0,0,R,R,home_run,hit,1,108.7,22.0,401.0,fly_ball,medium,1,0,,,a4a2eeef-e170-3700-aa0c-45d754adb8af
824298,57,6,top,0,0,0,0,0,0,R,R,field_out,out,0,95.9,-8.0,16.0,ground_ball,medium,1,0,,,a040f515-0db1-3cb4-ab69-a56b184cbc2d
824298,58,6,top,1,0,0,0,0,0,L,R,field_out,out,0,79.4,3.0,55.0,ground_ball,medium,1,0,,,9eeca657-9cd7-3050-aa6e-dcd39ac58ec3
824298,60,6,bottom,0,0,0,0,0,0,R,L,field_out,out,0,93.7,70.0,130.0,popup,medium,1,0,,,79f40928-8af0-31a8-9233-03860a45e9d0
824298,61,6,bottom,1,0,0,0,0,0,R,L,home_run,hit,1,107.8,22.0,397.0,fly_ball,medium,1,0,,,61f1559b-ac4b-32e3-b761-af7f16b0fa54
824298,62,6,bottom,1,0,0,0,0,0,L,L,field_out,out,0,81.2,54.0,244.0,fly_ball,medium,1,0,,,172f73cd-9d5d-38f6-b3b0-f735ebda0c40
824298,63,6,bottom,2,0,0,0,0,0,R,L,single,hit,0,103.9,13.0,219.0,line_drive,hard,1,0,,,849583e6-2aba-390a-ad63-960a60efd49f
824298,64,6,bottom,2,0,0,0,0,0,R,L,field_out,out,0,49.2,-48.0,4.0,ground_ball,soft,1,0,,,7119a58b-6909-378b-b524-c9e73d5e4511
824298,65,7,top,0,0,0,0,0,0,R,R,field_out,out,0,101.6,-9.0,13.0,ground_ball,hard,1,0,,,062c4140-79df-3fcf-8983-c56089251e22
824298,66,7,top,1,0,0,0,0,0,L,R,field_out,out,0,98.2,21.0,326.0,line_drive,medium,1,0,,,bb31e865-2c1a-317a-a119-0e9791e4f266
824298,67,7,top,2,0,0,0,0,0,R,R,single,hit,0,87.2,16.0,249.0,line_drive,medium,1,0,,,8a9f5d89-677f-3f1e-a9a7-1233167a4b07
824298,68,7,top,2,0,0,0,0,0,R,R,field_out,out,0,56.1,-46.0,6.0,ground_ball,medium,1,0,,,d0bd475c-2092-3bfd-ad41-7211d5410223
824298,69,7,bottom,0,0,0,0,0,0,L,R,double,hit,0,93.2,17.0,239.0,line_drive,medium,1,0,,,8f792bd4-5704-3b29-9c32-b8883a6d1811
824298,70,7,bottom,0,0,1,0,1,1,L,R,field_out,out,0,97.7,33.0,399.0,fly_ball,medium,1,0,,,35e11326-aaa6-3a3b-ad24-0778ed2b3b72
824298,71,7,bottom,1,0,0,1,1,1,R,R,single,hit,1,70.6,18.0,180.0,line_drive,medium,1,0,,,4664baa2-eaac-3d24-971f-5e99a49f27bc
824298,73,7,bottom,1,1,1,0,2,1,L,R,home_run,hit,3,105.7,24.0,404.0,fly_ball,medium,1,0,,,c05cced9-72d2-3a1b-b598-132fb5205056
824298,74,7,bottom,1,0,0,0,0,0,R,R,field_out,out,0,97.3,-19.0,7.0,ground_ball,medium,1,0,,,7a5b2754-b056-33b5-a19f-0c17da61bd8f
824298,75,7,bottom,2,0,0,0,0,0,R,R,single,hit,0,107.5,3.0,92.0,line_drive,medium,1,0,,,b4b72c9f-2436-3cf6-856f-d0dfa903b50d
824298,77,8,top,0,0,0,0,0,0,L,R,field_out,out,0,104.7,5.0,132.0,line_drive,hard,1,0,,,c965e878-e70b-3eb0-b082-731cdd6a4068
824298,78,8,top,1,0,0,0,0,0,R,R,field_out,out,0,84.4,11.0,145.0,line_drive,medium,1,0,,,4ab794d9-600a-36d3-a2f9-76f1db72c1fe
824298,81,8,bottom,1,0,0,0,0,0,L,R,home_run,hit,1,97.1,30.0,397.0,fly_ball,medium,1,0,,,482338df-adbe-30c4-8440-2842eccee461
824298,82,8,bottom,1,0,0,0,0,0,L,R,double,hit,0,104.1,20.0,370.0,line_drive,hard,1,0,,,f92acc67-6a56-38b3-8f4a-cbcd1064d792
824298,83,8,bottom,1,0,0,0,0,0,R,R,field_out,out,0,66.6,18.0,166.0,line_drive,medium,1,0,True,MJ,e40f0f9b-cdb5-3f2b-b8b9-1c778dc7e3e8
824298,84,8,bottom,2,0,1,1,2,1,L,R,double,hit,1,97.2,18.0,280.0,line_drive,medium,1,0,,,eef219cf-03fa-37b8-9020-0b016d66746f
824298,85,8,bottom,2,0,1,0,1,1,L,R,single,hit,0,100.9,6.0,121.0,ground_ball,hard,1,0,,,d0e87e69-144d-3b51-b29c-fb421169384a
824298,86,8,bottom,2,0,0,0,0,0,R,R,field_out,out,0,94.2,29.0,382.0,fly_ball,medium,1,0,,,803610f0-b647-3640-acea-9ead3f5454a4
824298,87,9,top,0,0,0,0,0,0,L,R,field_out,out,0,93.4,-33.0,6.0,ground_ball,medium,1,0,,,82ac8dad-5313-3ec8-bf42-734cf2eabeaa
824298,88,9,top,1,0,0,0,0,0,R,R,triple,hit,0,98.4,19.0,308.0,line_drive,medium,1,0,,,3791a799-c40c-394e-8756-ecdfb82f8e73
824298,89,9,top,1,0,0,0,0,0,R,R,field_out,out,0,80.8,62.0,167.0,fly_ball,medium,1,0,,,87899ecd-2c88-3e43-a9a5-bfa1b907a92a
824301,1,1,top,1,1,0,0,1,0,L,R,field_error,error,0,88.8,19.0,285.0,line_drive,medium,1,0,,,70881ee1-e0bf-3d6b-8d11-01db89831faf
824301,2,1,top,1,0,1,0,1,1,R,R,single,hit,1,104.7,-0.0,51.0,ground_ball,medium,1,0,,,a9924853-85d9-39b2-8d53-fc8b19934b39
824301,4,1,top,2,1,0,0,1,0,L,R,single,hit,0,104.3,10.0,227.0,line_drive,hard,1,0,,,503a9271-9d45-30c5-b54d-de0e4a9e3dad
824301,5,1,top,2,1,1,1,3,1,R,R,single,hit,1,98.0,11.0,223.0,line_drive,medium,1,0,,,da28163b-983a-3586-acf2-fc2265a49812
824301,6,1,top,2,1,1,0,2,1,L,R,triple,hit,2,95.6,-3.0,29.0,ground_ball,medium,1,0,,,a77fbb9c-5a25-3287-8784-f102d244ef61
824301,7,1,top,2,0,0,0,0,0,L,R,field_out,out,0,101.0,25.0,352.0,fly_ball,hard,1,0,,,e70120c9-0207-3c8f-848e-ff03f1889f22
824301,8,1,bottom,0,0,0,0,0,0,L,R,field_out,out,0,98.4,16.0,292.0,line_drive,medium,1,0,,,0331ae70-b35c-3e5c-96c3-8b94801073c3
824301,9,1,bottom,1,0,0,0,0,0,L,R,field_out,out,0,42.7,-74.0,3.0,ground_ball,soft,1,0,,,115cc8bd-11aa-370a-ae8a-e2283abeecc2
824301,10,1,bottom,2,0,0,0,0,0,R,R,field_out,out,0,68.5,-14.0,12.0,ground_ball,medium,1,0,,,367143e1-9458-3d12-94c5-80040620b993
824301,12,2,top,1,0,0,0,0,0,L,R,field_out,out,0,81.3,-19.0,7.0,ground_ball,medium,1,0,,,5f1f1abe-a4f1-3c83-9f70-495c3a957d55
824301,13,2,top,2,0,0,0,0,0,L,R,field_out,out,0,97.1,-24.0,7.0,ground_ball,medium,1,0,,,c854e3f5-918a-3048-93b1-ec6cb3c80401
824301,14,2,bottom,0,0,0,0,0,0,L,R,field_out,out,0,102.5,17.0,302.0,line_drive,hard,1,0,,,430bd913-a7fe-34e9-9c3f-039a3e7ae155
824301,16,2,bottom,1,1,0,1,2,1,L,R,double,hit,1,93.6,28.0,372.0,fly_ball,medium,1,0,,,2b2815f5-60d0-3d18-975e-4e11a7e31446
824301,17,2,bottom,1,0,1,0,1,1,L,R,field_out,out,0,86.3,-4.0,23.0,ground_ball,medium,1,0,,,6184a39c-15a6-3241-97a9-dcc4157922c1
824301,19,3,top,0,0,0,0,0,0,R,R,field_out,out,0,83.1,72.0,108.0,popup,medium,1,0,,,7a0eaeab-9aa2-33ce-9d09-f45bab5e9aa1
824301,20,3,top,1,0,0,0,0,0,L,R,field_out,out,0,90.2,-17.0,8.0,ground_ball,medium,1,0,,,eaf1a150-929a-37df-af8d-877628fbceda
824301,22,3,bottom,0,0,0,0,0,0,R,R,single,hit,0,66.5,24.0,205.0,line_drive,medium,1,0,,,98eb51a8-8faf-35ef-ad8a-7255f8939755
824301,23,3,bottom,0,1,1,0,2,1,L,R,single,hit,0,94.9,1.0,53.0,ground_ball,medium,1,0,,,9d610a20-b277-33f6-af55-a6df830c6607
824301,25,3,bottom,1,1,0,1,2,1,R,R,sac_fly,out,1,93.1,46.0,320.0,fly_ball,medium,1,0,,,1bae2124-246e-3378-9b91-014892ca8582
824301,26,3,bottom,2,0,0,0,0,0,L,R,field_out,out,0,64.6,56.0,176.0,fly_ball,medium,1,0,,,00fef687-f341-3641-a404-e146771d4f71
824301,28,4,top,1,0,0,0,0,0,L,R,field_out,out,0,82.2,28.0,311.0,line_drive,medium,1,0,,,c019a346-6795-30bc-b3a1-b56560dae86a
824301,30,4,bottom,0,0,0,0,0,0,R,R,field_out,out,0,88.5,41.0,325.0,fly_ball,medium,1,0,,,0e13c94a-5c70-38b6-95a2-2c750734fd1d
824301,31,4,bottom,1,0,0,0,0,0,L,R,field_out,out,0,93.5,8.0,147.0,line_drive,medium,1,0,,,629e8784-24a7-3f68-9b21-05fb26f271ff
824301,32,4,bottom,2,0,0,0,0,0,L,R,field_out,out,0,100.4,-6.0,18.0,ground_ball,medium,1,0,,,c5b6a898-9985-3aac-a68d-2b684a81d7c9
824301,33,5,top,0,0,0,0,0,0,R,R,field_out,out,0,107.2,-24.0,6.0,ground_ball,medium,1,0,,,76260400-0965-3ec3-b73f-ea62346bd339
824301,35,5,top,2,0,0,0,0,0,L,R,field_out,out,0,104.4,-12.0,13.0,ground_ball,medium,1,0,,,510b9b30-942c-3194-93e1-7e57f9c62ff8
824301,36,5,bottom,0,0,0,0,0,0,L,R,field_out,out,0,75.9,30.0,264.0,fly_ball,medium,1,0,,,7a1903d3-9ea2-3d21-bba0-8bb673093145
824301,37,5,bottom,1,0,0,0,0,0,R,R,field_out,out,0,47.8,-77.0,3.0,ground_ball,soft,1,0,,,1ade3d1e-d27c-38aa-b771-925e49b154af
824301,38,5,bottom,2,0,0,0,0,0,L,R,field_out,out,0,48.1,-58.0,3.0,ground_ball,soft,1,0,,,95d861d1-a4b5-3573-bfd6-a64b25353a03
824301,39,6,top,0,0,0,0,0,0,R,R,single,hit,0,90.5,7.0,121.0,ground_ball,medium,1,0,,,92aa154a-3c25-3514-a613-26f6af5a7022
824301,41,6,top,2,0,0,0,0,0,L,R,field_out,out,0,96.2,9.0,146.0,line_drive,medium,1,0,,,3fab4c2d-6ca4-3e20-bd05-d47dc15663c0
824301,42,6,bottom,0,0,0,0,0,0,L,R,field_out,out,0,101.8,-1.0,50.0,ground_ball,medium,1,0,,,37af83c4-1f38-336e-abd4-13489a357d4c
824301,43,6,bottom,1,0,0,0,0,0,R,R,single,hit,0,67.7,23.0,204.0,line_drive,medium,1,0,,,19e24244-db5b-3ffd-b318-1b7dbce42cac
824301,44,6,bottom,1,0,0,0,0,0,L,R,field_out,out,0,93.8,48.0,300.0,fly_ball,medium,1,0,,,2b119bf5-84b6-3f43-88b5-695126299fdc
824301,46,7,top,0,0,0,0,0,0,R,L,field_out,out,0,81.5,-7.0,11.0,ground_ball,medium,1,0,,,d797c86e-7262-3bf4-98ce-d51bae9e0829
824301,47,7,top,1,0,0,0,0,0,L,L,field_out,out,0,102.8,-5.0,23.0,ground_ball,medium,1,0,True,MJ,ec067c30-ef98-394b-b2b4-a5890d5b6b49
824301,49,7,bottom,0,0,0,0,0,0,R,L,field_out,out,0,92.4,21.0,327.0,line_drive,medium,1,0,,,01e58186-1d65-3a25-b1c0-91808c2b0a7a
824301,52,8,top,0,0,0,0,0,0,R,L,home_run,hit,1,105.9,23.0,368.0,fly_ball,medium,1,0,,,1b4460e5-b820-383f-99c0-a9e9b796c86b
824301,53,8,top,0,0,0,0,0,0,R,L,field_out,out,0,101.6,17.0,323.0,line_drive,hard,1,0,,,3c4274d4-a27d-322a-9690-509380300bb4
824301,54,8,top,1,0,0,0,0,0,R,L,single,hit,0,70.0,-48.0,4.0,ground_ball,medium,1,0,,,42f2117e-6ccc-3b07-93f4-14cf8e810fd7
824301,55,8,top,1,1,0,0,1,0,R,L,single,hit,0,69.6,39.0,237.0,fly_ball,medium,1,0,,,a32ecd6d-b30d-3047-912e-34831c93612a
824301,56,8,top,1,1,0,0,1,0,R,L,grounded_into_double_play,out,0,98.8,-23.0,7.0,ground_ball,medium,1,0,,,a7866fd6-3a46-3764-843e-1c97388bc4fb
824301,57,8,bottom,0,0,0,0,0,0,R,L,home_run,hit,1,101.5,25.0,386.0,fly_ball,medium,1,0,,,72c51c67-a878-3c16-b4e4-2b677a3c2868
824301,58,8,bottom,0,0,0,0,0,0,L,L,field_out,out,0,44.9,-23.0,7.0,ground_ball,soft,1,0,,,fd209017-01d9-358a-a625-60eae3cc0766
824301,59,8,bottom,1,0,0,0,0,0,L,R,field_out,out,0,75.5,-8.0,17.0,ground_ball,medium,1,0,,,729ce992-c75f-330c-804e-4093ef20227a
824301,60,8,bottom,2,0,0,0,0,0,R,R,single,hit,0,103.1,11.0,239.0,line_drive,hard,1,0,,,9454f33e-a99d-3080-8170-d2a01ca9b5d8
824301,61,8,bottom,2,0,0,0,0,0,L,R,field_out,out,0,63.9,68.0,109.0,popup,medium,1,0,,,7ff91b71-545d-3f7b-8ea0-50c4b526ea80
824301,62,9,top,0,0,0,0,0,0,L,R,field_out,out,0,77.4,68.0,128.0,popup,medium,1,0,,,bc52ab6c-a2f2-33f6-88e6-586ea188c54e
824301,64,9,top,2,0,0,0,0,0,L,R,field_out,out,0,94.9,22.0,333.0,line_drive,medium,1,0,,,167d2843-d451-3d0a-8c76-9467135de43c
824301,65,9,bottom,0,0,0,0,0,0,R,R,single,hit,0,100.7,-13.0,12.0,ground_ball,medium,1,0,,,61f72de5-bc41-377a-bcba-4c9738f61559
824301,66,9,bottom,0,1,0,0,1,0,L,R,force_out,out,0,65.9,-46.0,4.0,ground_ball,medium,1,0,,,904f4483-785f-30dc-bcca-2a87bb2f6c8a
824301,68,9,bottom,1,1,1,0,2,1,R,R,field_out,out,0,86.7,-37.0,4.0,ground_ball,medium,1,0,,,b414b04a-1564-3ee9-b08a-ec77203557fa
824301,69,9,bottom,2,0,0,0,0,0,R,R,field_out,out,0,67.1,71.0,109.0,popup,medium,1,0,,,abd2f9f2-4d3a-3143-9b36-5f8dff16ebf2
824302,0,1,top,0,0,0,0,0,0,R,L,single,hit,0,107.9,3.0,88.0,ground_ball,medium,1,0,,,1a19764f-4103-3931-a264-71fefb629366
824302,1,1,top,0,0,0,0,0,0,R,L,field_out,out,0,84.1,77.0,70.0,popup,medium,1,0,,,8e69949c-19b6-3d8e-a2ae-3e9ca975cc5a
824302,2,1,top,1,1,0,1,2,1,R,L,double,hit,1,106.8,10.0,261.0,line_drive,medium,1,0,,,88ab2a94-da75-3522-b6eb-90fca24ba079
824302,3,1,top,1,0,1,0,1,1,R,L,single,hit,1,101.1,-25.0,6.0,ground_ball,medium,1,0,,,a105a65c-09c5-3bb6-8795-4cc9dca34f98
824302,4,1,top,1,1,0,0,1,0,R,L,single,hit,0,103.8,12.0,296.0,line_drive,hard,1,0,,,5a0445da-ebc0-33f5-a33c-cc667de3f1ed
824302,6,1,top,2,1,1,0,2,1,L,L,double,hit,1,102.2,22.0,358.0,line_drive,hard,1,0,,,4aae05b8-1676-3499-97a3-dde9a9df5a17
824302,8,1,top,2,0,0,0,0,0,R,L,field_out,out,0,103.9,4.0,109.0,ground_ball,medium,1,0,,,ffcc25b5-80e8-3eb0-94c8-2ba3ae055ed3
824302,10,1,bottom,1,0,0,0,0,0,R,R,field_out,out,0,83.9,77.0,54.0,popup,medium,1,0,,,5b964578-1c8f-3a99-b80b-9d1c2e5e50b4
824302,12,2,top,0,0,0,0,0,0,R,L,field_out,out,0,81.0,77.0,96.0,popup,medium,1,0,,,79001b8d-8c0a-36c7-a5dd-ff274734b2cd
824302,13,2,top,1,0,0,0,0,0,R,L,single,hit,0,101.2,-24.0,8.0,ground_ball,medium,1,0,,,db9c814f-f380-3ad0-abbf-9c0424bd71fc
824302,14,2,top,1,1,0,0,1,0,R,L,field_out,out,0,81.0,-11.0,10.0,ground_ball,medium,1,0,,,50fdd021-d0a6-3c0d-bad6-624e36d43b11
824302,15,2,top,2,0,0,0,0,0,R,L,field_out,out,0,87.6,26.0,316.0,line_drive,medium,1,0,,,f14b8fe7-df6d-3073-b0b4-a6ce9ad9c11c
824302,16,2,bottom,0,0,0,0,0,0,R,R,field_error,error,0,56.9,-16.0,10.0,ground_ball,medium,1,0,,,793259b7-59b3-3dc4-8b46-ea76853c185c
824302,19,3,top,0,0,0,0,0,0,R,L,double,hit,0,107.3,17.0,319.0,line_drive,hard,1,0,,,e393bba7-9497-3756-8f35-15b0ba4fa9f8
824302,20,3,top,0,0,0,0,0,0,R,L,field_out,out,0,98.4,-1.0,47.0,ground_ball,medium,1,0,,,dc0e3ac2-7f09-3b5c-9791-856f00c7c537
824302,21,3,top,1,0,1,0,1,1,L,L,field_out,out,0,105.7,21.0,394.0,line_drive,hard,1,0,,,f228d4fe-e1b2-3759-b5b3-3af9e3cf4acf
824302,22,3,top,2,0,0,1,1,1,R,L,double,hit,1,110.9,20.0,383.0,line_drive,hard,1,0,,,add27725-2b53-3b14-8570-d26266187328
824302,24,3,bottom,0,0,0,0,0,0,L,R,home_run,hit,1,106.8,40.0,431.0,fly_ball,medium,1,0,,,0af2a82f-939c-348b-ac70-43615d47fc48
824302,25,3,bottom,0,0,0,0,0,0,L,R,double,hit,0,87.1,16.0,227.0,line_drive,medium,1,0,,,557be387-b6da-389d-9123-c166ac544c74
824302,26,3,bottom,0,0,0,0,0,0,L,R,field_error,error,0,95.3,61.0,231.0,fly_ball,medium,1,0,,,f54ce9bb-7098-3d46-84b2-335bbeaf7954
824302,27,3,bottom,0,1,1,0,2,1,L,R,force_out,out,0,75.1,-17.0,9.0,ground_ball,medium,1,0,,,514080e7-5b95-36dc-8970-33b830b96c49
824302,28,3,bottom,1,0,0,1,1,1,R,R,sac_fly,out,1,88.3,24.0,302.0,line_drive,medium,1,0,,,4ca5ad80-4ed2-3375-b71d-e6a4e415aa41
824302,30,4,top,0,1,0,0,1,0,R,L,single,hit,0,76.1,24.0,256.0,line_drive,medium,1,0,,,eed8412c-b59e-359e-bd74-696d9e61bc75
824302,31,4,top,0,0,1,0,1,1,L,R,field_out,out,0,57.5,-83.0,3.0,ground_ball,soft,1,0,,,f9573f9a-c94a-31aa-b0a4-d35b4bf49271
824302,32,4,top,1,0,0,1,1,1,R,R,sac_fly,out,1,89.7,33.0,334.0,fly_ball,medium,1,0,,,edbe5437-5514-34d8-a126-bdbfac7aed3d
824302,33,4,top,2,0,0,0,0,0,L,R,single,hit,0,104.3,10.0,173.0,line_drive,hard,1,0,,,774e1273-0178-31bd-a70e-595f2135540b
824302,35,4,bottom,0,0,0,0,0,0,L,R,field_out,out,0,97.7,-19.0,5.0,ground_ball,medium,1,0,,,017004df-bb60-39f7-956a-0c795423ea30
824302,36,4,bottom,1,0,0,0,0,0,R,R,field_out,out,0,98.0,42.0,351.0,fly_ball,medium,1,0,,,240980b9-2a97-3d69-9936-bd6efccc628c
824302,37,4,bottom,2,0,0,0,0,0,L,R,field_out,out,0,103.1,-17.0,5.0,ground_ball,medium,1,0,,,70858e29-06b9-3833-b72e-04fdb6bcf592
824302,38,5,top,0,0,0,0,0,0,R,R,double,hit,0,89.9,1.0,44.0,ground_ball,medium,1,0,,,34c333e2-56b4-3e46-bf81-8d1b066abc60
824302,39,5,top,0,0,1,0,1,1,L,R,field_out,out,0,,,,ground_ball,medium,0,0,,,51165f79-5a53-374b-95b6-50706903152a
824302,40,5,top,1,0,0,1,1,1,R,R,sac_fly,out,1,84.4,38.0,319.0,fly_ball,medium,1,0,,,32b524d7-8a3e-31dc-b2a3-0961eff8362e
824302,41,5,top,2,0,0,0,0,0,R,R,field_out,out,0,87.9,70.0,145.0,popup,medium,1,0,,,f7b04f93-eeaf-34ff-9cf8-952a98f0267b
824302,42,5,bottom,0,0,0,0,0,0,R,R,field_out,out,0,89.8,49.0,290.0,fly_ball,medium,1,0,,,d05a45da-aae6-34dd-ae52-ce00f94e7321
824302,44,5,bottom,2,0,0,0,0,0,L,R,field_out,out,0,77.4,62.0,171.0,popup,medium,1,0,,,da055cf9-9102-339e-8162-f2291875af8f
824302,46,6,top,0,1,0,0,1,0,L,R,field_out,out,0,82.9,-38.0,4.0,ground_ball,medium,1,0,,,04e3f8ad-a192-3882-bfbe-096de6454bf4
824302,47,6,top,1,0,0,0,0,0,R,R,field_out,out,0,95.5,22.0,331.0,line_drive,medium,1,0,,,c2d43650-5669-34ad-90e0-ee827ca649e7
824302,48,6,top,2,0,0,0,0,0,L,R,field_out,out,0,95.4,32.0,357.0,fly_ball,medium,1,0,,,1cd5f4f4-b072-3f91-8146-447508d098ed
824302,50,6,bottom,1,0,0,0,0,0,L,R,field_out,out,0,100.3,9.0,165.0,line_drive,hard,1,0,,,127dddb3-8dbb-3b1d-bcf1-d9a676f3fcc1
824302,52,6,bottom,2,0,0,0,0,0,L,R,field_out,out,0,87.2,34.0,324.0,fly_ball,medium,1,0,,,3d06dd75-47be-399d-af30-6d6b168a1e99
824302,53,7,top,0,0,0,0,0,0,R,R,home_run,hit,1,106.2,25.0,421.0,fly_ball,medium,1,0,,,9b6c28a8-8ad0-3473-936e-1b1f1bc03c78
824302,54,7,top,0,0,0,0,0,0,R,R,field_out,out,0,97.8,32.0,395.0,fly_ball,medium,1,0,,,0633d28b-8b63-3129-8f62-8042941ff3fe
824302,55,7,top,1,0,0,0,0,0,L,R,field_out,out,0,100.1,-11.0,11.0,ground_ball,medium,1,0,,,dccbfdb2-3c49-3000-ad48-42a72854fc50
824302,56,7,top,2,0,0,0,0,0,R,R,field_out,out,0,85.3,2.0,59.0,ground_ball,medium,1,0,,,c4d2da47-dde2-348b-b233-5106e8a80ada
824302,61,8,top,0,0,0,0,0,0,R,R,field_out,out,0,57.8,-28.0,6.0,ground_ball,medium,1,0,,,1024dc83-31d7-388c-846b-d0a162ac68a5
824302,62,8,top,1,0,0,0,0,0,L,R,field_out,out,0,78.4,57.0,204.0,fly_ball,medium,1,0,,,0ed43339-fa9d-3797-add2-9282f35a1135
824302,63,8,top,2,0,0,0,0,0,L,R,field_out,out,0,96.2,-21.0,8.0,ground_ball,medium,1,0,,,64e657cd-4bca-36f8-8bc2-8f96491617a4
824302,65,8,bottom,0,0,0,0,0,0,L,R,field_out,out,0,93.0,58.0,255.0,fly_ball,medium,1,0,,,f4f8b44b-bf8c-3779-928a-9c15cd0dbaa7
824302,68,9,top,0,0,0,0,0,0,R,R,field_out,out,0,68.7,-1.0,27.0,ground_ball,medium,1,0,,,8e6d2216-aadb-3d6a-b268-95c10c8e518d
824302,69,9,top,1,0,0,0,0,0,L,R,single,hit,0,100.3,12.0,224.0,line_drive,hard,1,0,,,db5509b4-60da-332c-880a-da92e504de82
824302,70,9,top,1,0,0,0,0,0,R,R,field_out,out,0,65.6,54.0,175.0,popup,medium,1,0,,,b160787d-8663-3c00-88aa-e74c3f03631c
824302,72,9,bottom,0,0,0,0,0,0,L,R,field_out,out,0,99.5,40.0,392.0,fly_ball,medium,1,0,,,0a90a667-602d-338c-bfb1-0bba5e851b38
824302,73,9,bottom,1,0,0,0,0,0,R,R,field_out,out,0,88.6,0.0,49.0,ground_ball,medium,1,0,,,8163c2e7-48e3-3062-a2f7-931384801591
824302,74,9,bottom,2,0,0,0,0,0,L,R,single,hit,0,101.6,-1.0,46.0,ground_ball,medium,1,0,,,f4a43781-af47-3776-b42a-0bb527d06587
824302,75,9,bottom,2,1,0,0,1,0,R,R,force_out,out,0,104.9,-3.0,35.0,ground_ball,medium,1,0,,,ed480a85-8d2b-3bc5-8d2f-af1c193eb8af
824542,0,1,top,0,0,0,0,0,0,L,L,field_out,out,0,76.1,-1.0,35.0,ground_ball,medium,1,0,,,079fd0cc-7602-32c3-9de7-0c4d9bb2b859
824542,1,1,top,1,0,0,0,0,0,R,L,single,hit,0,77.8,17.0,183.0,line_drive,medium,1,0,,,77cbc05d-74bc-3f12-9ad0-bcbd65446855
824542,4,1,bottom,0,0,0,0,0,0,R,L,field_out,out,0,88.9,49.0,254.0,fly_ball,medium,1,0,,,15b16d4c-4576-3f6d-ae88-39215d2f842a
824542,5,1,bottom,1,0,0,0,0,0,R,L,field_out,out,0,104.0,2.0,69.0,ground_ball,medium,1,0,,,b59ad890-250f-331a-919e-e2d9dc6cce79
824542,6,1,bottom,2,0,0,0,0,0,L,L,field_out,out,0,78.2,13.0,126.0,ground_ball,medium,1,0,,,e2241aa7-7d73-3fe4-b666-cc5c485b4934
824542,8,2,top,1,0,0,0,0,0,R,L,single,hit,0,69.6,18.0,171.0,line_drive,medium,1,0,,,04d6bab6-113f-3617-9756-6fb5e3437fd6
824542,9,2,top,1,1,0,0,1,0,L,L,double_play,out,0,100.9,8.0,150.0,line_drive,medium,1,0,,,df615754-f3cd-37be-bff5-b7c981991b03
824542,10,2,bottom,0,0,0,0,0,0,R,L,field_out,out,0,87.8,-26.0,6.0,ground_ball,medium,1,0,,,41f1b03c-50dd-33a5-8006-25292cc58b85
824542,11,2,bottom,1,0,0,0,0,0,L,L,double,hit,0,70.4,19.0,168.0,line_drive,medium,1,0,,,6f60aa07-48cb-3fa6-b272-63f950b6441e
824542,13,2,bottom,2,0,0,0,0,0,L,L,field_out,out,0,76.1,33.0,270.0,fly_ball,medium,1,0,,,fdf341af-f84a-3e0b-9652-fb7d92eff9e2
824542,14,3,top,0,0,0,0,0,0,R,L,single,hit,0,105.5,11.0,218.0,line_drive,hard,1,0,,,386fdf11-3abf-3afc-a313-6671118624ab
824542,15,3,top,0,1,0,0,1,0,R,L,single,hit,0,73.7,24.0,245.0,line_drive,medium,1,0,,,1aaed01b-36ef-3b78-9767-20c4e3908fa0
824542,16,3,top,0,1,1,0,2,1,L,L,sac_bunt,out,0,28.6,-28.0,9.0,bunt_grounder,soft,1,0,,,0736bb88-53ae-3247-9613-06612688360d
824542,17,3,top,1,0,1,1,2,1,R,L,sac_fly,out,1,101.0,48.0,291.0,fly_ball,medium,1,0,,,a10bad54-a7b5-3bda-88fe-c3997b56330b
824542,19,3,top,2,0,0,0,0,0,R,L,field_out,out,0,86.2,-7.0,19.0,ground_ball,medium,1,0,,,f9577458-d93f-3582-8031-cf2f568c5fac
824542,20,3,bottom,0,0,0,0,0,0,R,L,single,hit,0,90.2,11.0,199.0,line_drive,medium,1,0,,,63adc571-6194-32a0-bfdb-020cff0e963e
824542,21,3,bottom,0,0,0,0,0,0,R,L,field_out,out,0,70.0,58.0,160.0,popup,medium,1,0,,,8193ba6e-9622-349d-b92b-9d57d0b52378
824542,22,3,bottom,1,1,1,0,2,1,R,L,home_run,hit,2,111.5,20.0,408.0,line_drive,medium,1,0,False,MA,3c70de76-8d78-3594-9d32-268343f4ea6a
824542,23,3,bottom,1,0,0,0,0,0,R,L,field_out,out,0,78.2,81.0,77.0,popup,medium,1,0,,,ba2278f2-fcf3-361b-bf69-7f77e8b6aeb6
824542,24,3,bottom,2,0,0,0,0,0,L,L,double,hit,0,104.6,36.0,385.0,fly_ball,hard,1,0,,,9f3d7c10-ea95-3965-aa4e-cec43aae6609
824542,25,3,bottom,2,0,1,0,1,1,R,L,home_run,hit,2,93.8,29.0,345.0,fly_ball,medium,1,0,,,14dc34aa-981e-3378-9a52-42f24c62b660
824542,27,3,bottom,2,1,0,0,1,0,R,L,single,hit,0,90.6,16.0,222.0,line_drive,medium,1,0,,,272b7b2a-1e65-36c6-87e8-799dd1e0219f
824542,28,3,bottom,2,0,0,0,0,0,L,L,field_out,out,0,94.2,-13.0,9.0,ground_ball,medium,1,0,,,f055fcdd-5ed2-3e99-b6e0-de5624ef3d30
824542,29,4,top,0,0,0,0,0,0,R,L,single,hit,0,76.9,10.0,142.0,ground_ball,medium,1,0,,,e4bebee1-3208-3096-a3d0-e1aacc35e09f
824542,30,4,top,0,1,0,0,1,0,R,L,force_out,out,0,66.1,-6.0,22.0,ground_ball,medium,1,0,,,b07b152a-638a-389f-b9c0-b4db0090d36d
824542,33,4,top,2,0,1,0,1,1,R,L,force_out,out,0,99.5,-20.0,6.0,ground_ball,medium,1,0,,,7488e5de-bbeb-3c50-bca7-49cabc0c6e11
824542,35,4,bottom,1,0,0,0,0,0,R,L,double,hit,0,101.2,20.0,353.0,line_drive,hard,1,0,,,19459b29-f6ae-32a7-adb1-a38146e7dc0c
824542,36,4,bottom,1,1,1,0,2,1,R,L,fielders_choice_out,fielders_choice,0,100.8,-8.0,20.0,ground_ball,medium,1,0,,,78e24abd-2d5f-368e-8475-db06e3283cfb
824542,37,4,bottom,2,0,0,0,0,0,R,L,field_out,out,0,82.6,-4.0,20.0,ground_ball,medium,1,0,,,29add4bd-96b9-3ded-b701-1996782499d4
824542,38,5,top,0,0,0,0,0,0,L,L,field_out,out,0,80.0,1.0,46.0,ground_ball,medium,1,0,,,a277e0a5-a090-3392-99b0-e01766f15835
824542,40,5,top,1,1,0,0,1,0,R,L,grounded_into_double_play,out,0,97.5,-5.0,18.0,ground_ball,medium,1,0,,,8348120d-d0c3-3811-95e7-92430142f99d
824542,41,5,bottom,0,0,0,0,0,0,L,L,field_out,out,0,95.9,27.0,342.0,fly_ball,medium,1,0,,,84da3e1b-4467-38ae-b4bf-28106333a1af
824542,42,5,bottom,1,0,0,0,0,0,R,L,field_out,out,0,101.4,36.0,375.0,fly_ball,hard,1,0,,,34feb5f1-287f-3cc9-a29e-9f019c34ddcc
824542,43,5,bottom,2,0,0,0,0,0,L,L,field_out,out,0,82.3,28.0,293.0,line_drive,medium,1,0,,,4cfa5110-5288-3aef-a011-39f9a3bab019
824542,47,6,top,2,0,0,0,0,0,L,R,field_out,out,0,98.0,1.0,71.0,ground_ball,medium,1,0,,,e6fde1af-ca55-36fe-85be-913339b5b22f
824542,48,6,bottom,0,0,0,0,0,0,R,L,field_out,out,0,89.1,-33.0,6.0,ground_ball,medium,1,0,,,09107822-eccc-3393-86fe-dc93593ba74b
824542,50,6,bottom,2,1,0,0,1,0,R,L,field_error,error,0,98.8,-6.0,20.0,ground_ball,medium,1,0,,,516d48c6-0992-349e-b648-d8ab6a7d66f7
824542,51,6,bottom,2,0,0,0,0,0,R,L,field_out,out,0,94.4,-16.0,8.0,ground_ball,medium,1,0,,,b74afffb-d123-315b-b9f9-e5063f9e8aa9
824542,53,7,top,1,0,0,0,0,0,R,R,field_out,out,0,93.6,72.0,106.0,popup,medium,1,0,,,2a8ab123-11b9-3f71-babb-4ef6a7ce105c
824542,54,7,top,2,0,0,0,0,0,L,R,field_out,out,0,94.5,10.0,165.0,line_drive,medium,1,0,,,f7e0559a-c1d5-362c-b68f-bc9e5f3d4b5a
824542,55,7,bottom,0,0,0,0,0,0,L,R,field_out,out,0,87.3,39.0,285.0,fly_ball,medium,1,0,,,bf4fc4f1-7230-3602-8ae9-5d1d44bc6bc5
824542,56,7,bottom,1,0,0,0,0,0,R,R,field_out,out,0,96.5,6.0,104.0,ground_ball,medium,1,0,,,80519e6a-dd0d-3b74-afb3-c9cea9e7267b
824542,58,8,top,0,0,0,0,0,0,R,R,field_out,out,0,90.1,18.0,285.0,line_drive,medium,1,0,,,5b9926a1-e0a7-3861-aaee-7503bfd897e6
824542,59,8,top,1,0,0,0,0,0,R,R,field_out,out,0,90.9,39.0,308.0,fly_ball,medium,1,0,,,6fc1cca7-3a4f-3106-ae81-ebb6d4fa9740
824542,60,8,top,2,0,0,0,0,0,L,R,home_run,hit,1,102.4,28.0,360.0,fly_ball,medium,1,0,,,e2b3694f-5209-3169-a401-f36939a133eb
824542,61,8,top,2,0,0,0,0,0,R,R,field_out,out,0,110.0,-16.0,8.0,ground_ball,medium,1,0,,,798a1fad-8142-3beb-9873-3282435690fc
824542,63,8,bottom,1,0,0,0,0,0,L,R,single,hit,0,95.4,11.0,180.0,line_drive,medium,1,0,,,74c06425-f54e-3e87-b721-89d82c7a7dc5
824542,64,8,bottom,1,1,0,0,1,0,L,R,field_out,out,0,96.0,33.0,326.0,fly_ball,medium,1,0,,,058146da-ec2d-3a32-8a80-f8fc3e44e5f8
824542,66,9,top,0,0,0,0,0,0,L,R,field_out,out,0,62.3,87.0,20.0,popup,medium,1,0,,,689cfe11-2e12-38fa-9294-cd3047fcb64f
824543,0,1,top,0,0,0,0,0,0,L,R,field_error,error,0,83.5,-29.0,4.0,ground_ball,medium,1,0,,,b5f8f5a1-d8f1-3419-ae9b-00fe841c680e
824543,1,1,top,0,1,1,0,2,1,L,R,single,hit,0,96.6,-3.0,38.0,ground_ball,medium,1,0,,,1f8ab9c2-0e5c-35fc-aad6-1c3928f66223
824543,3,1,top,1,1,1,1,3,1,L,R,single,hit,1,96.8,12.0,198.0,line_drive,medium,1,0,,,6592508d-6c77-393b-beba-4e74c1b27186
824543,5,1,top,1,1,1,1,3,1,L,R,single,hit,2,103.0,3.0,74.0,ground_ball,medium,1,0,,,4192e5fa-82a9-38fc-ac8c-b3b2622af7f3
824543,6,1,top,1,0,0,0,0,0,L,R,field_out,out,0,103.9,19.0,327.0,line_drive,hard,1,0,,,4e113882-df52-301d-a7cf-aea2da40f947
824543,8,1,bottom,0,0,0,0,0,0,R,L,field_out,out,0,93.2,64.0,191.0,fly_ball,medium,1,0,,,fbbfd2db-2456-3ffe-bacc-62636de149d1
824543,9,1,bottom,1,0,0,0,0,0,R,L,field_out,out,0,72.7,14.0,139.0,ground_ball,medium,1,0,,,e79b3c01-bd30-31d0-82eb-3239c370adf0
824543,10,1,bottom,2,0,0,0,0,0,R,L,field_out,out,0,95.3,67.0,125.0,popup,medium,1,0,,,3ac940a6-9065-3ddf-8572-fa903ef67523
824543,11,2,top,0,0,0,0,0,0,R,L,single,hit,0,103.6,6.0,122.0,ground_ball,medium,1,0,,,f86160a7-9765-3c8f-80fa-820c36c8bf0f
824543,12,2,top,0,1,0,0,1,0,L,L,grounded_into_double_play,out,0,90.9,-27.0,4.0,ground_ball,medium,1,0,,,8be58eac-943c-3cd9-b25d-b0d106c9d117
824543,14,2,bottom,0,0,0,0,0,0,L,L,field_out,out,0,80.4,28.0,279.0,line_drive,medium,1,0,,,c4f688e9-6d44-3ba7-8624-bd8999aac0ac
824543,15,2,bottom,1,0,0,0,0,0,R,L,home_run,hit,1,101.8,39.0,367.0,fly_ball,medium,1,0,,,bb0874a4-07e7-3e0a-81c9-735934e6c9a6
824543,17,2,bottom,2,0,0,0,0,0,L,L,field_out,out,0,99.1,3.0,60.0,ground_ball,medium,1,0,,,6e77b5c3-5b30-37a7-a729-b2f7cb505eeb
824543,18,3,top,0,0,0,0,0,0,R,L,home_run,hit,1,106.4,25.0,381.0,fly_ball,medium,1,0,,,0cf87c7f-cd9b-3bb9-92e5-231dd83e6e69
824543,19,3,top,0,0,0,0,0,0,R,L,field_out,out,0,97.2,44.0,325.0,fly_ball,medium,1,0,,,c127126b-3421-31f7-b186-d94ac7b2376b
824543,20,3,top,1,0,0,0,0,0,R,L,field_out,out,0,97.3,25.0,355.0,fly_ball,medium,1,0,,,be06be62-ec2e-311d-9c48-9efb2cb29c87
824543,21,3,top,2,0,0,0,0,0,R,L,field_out,out,0,100.3,6.0,167.0,line_drive,medium,1,0,,,2cbeb409-ea87-3a2b-94e6-2bc986ff7e24
824543,22,3,bottom,0,0,0,0,0,0,R,L,home_run,hit,1,107.8,22.0,406.0,fly_ball,medium,1,0,,,01f7185c-0936-346d-82b7-a42be55d7f34
824543,23,3,bottom,0,0,0,0,0,0,L,L,field_out,out,0,92.8,43.0,298.0,fly_ball,medium,1,0,,,12563b72-c7b3-3782-96d1-26a43457fbf7
824543,29,4,top,1,0,0,0,0,0,L,L,field_out,out,0,95.1,19.0,294.0,line_drive,medium,1,0,,,2f2bdcf8-cee1-3a05-9f17-bd70ba9e0fb6
824543,30,4,top,2,0,0,0,0,0,R,L,home_run,hit,1,105.7,31.0,422.0,fly_ball,medium,1,0,,,93332915-7ebc-3faf-9c6e-63ba5de190d5
824543,31,4,top,2,0,0,0,0,0,L,L,single,hit,0,105.1,-1.0,44.0,ground_ball,medium,1,0,,,f71c8055-7eee-3fa0-a96b-ac4022500422
824543,32,4,top,2,0,0,0,0,0,R,L,field_out,out,0,104.3,20.0,332.0,line_drive,hard,1,0,,,22042764-5da2-3e89-af44-4b02e73698f3
824543,33,4,bottom,0,0,0,0,0,0,R,R,field_out,out,0,96.9,47.0,292.0,fly_ball,medium,1,0,,,da8b93ae-13d4-3ad9-bc4b-ab392834e716
824543,35,4,bottom,2,0,0,0,0,0,L,R,field_out,out,0,81.2,29.0,261.0,line_drive,medium,1,0,,,27982fde-5f0b-3a10-a916-759dc4022fa9
824543,36,5,top,0,0,0,0,0,0,R,R,field_out,out,0,90.0,39.0,295.0,fly_ball,medium,1,0,,,236cda33-8b1a-31c2-a67b-c978afe8e00d
824543,39,5,bottom,0,0,0,0,0,0,R,R,field_out,out,0,93.8,41.0,300.0,fly_ball,medium,1,0,,,be49f6fc-4910-3276-8ed6-6a052838f0a4
824543,40,5,bottom,1,0,0,0,0,0,L,R,single,hit,0,100.6,16.0,252.0,line_drive,hard,1,0,,,12fc82cf-02f0-36b9-909e-9267142107f9
824543,41,5,bottom,1,0,0,0,0,0,R,R,field_out,out,0,78.0,76.0,58.0,popup,medium,1,0,,,68004227-a5de-32ea-b557-b7da9fbe316d
824543,43,5,bottom,2,0,0,0,0,0,R,R,field_out,out,0,77.8,70.0,102.0,popup,medium,1,0,,,9561dcbf-bb7a-303e-ad01-9aa19a0e286f
824543,45,6,top,1,0,0,0,0,0,L,L,field_out,out,0,83.9,38.0,271.0,fly_ball,medium,1,0,,,4bba93ca-a868-383e-b2c6-b47a339e1834
824543,48,6,bottom,1,0,0,0,0,0,L,R,field_out,out,0,101.5,20.0,322.0,line_drive,hard,1,0,,,73b098ef-3e1e-3c4e-abb9-53ef4ac87ae9
824543,49,6,bottom,2,0,0,0,0,0,L,R,single,hit,0,83.7,9.0,109.0,ground_ball,medium,1,0,,,6eb71ee0-13fd-32c6-9df5-a3108e91a6c4
824543,50,6,bottom,2,1,1,0,2,1,L,R,single,hit,0,91.2,13.0,178.0,line_drive,medium,1,0,False,MJ,3c5b1c85-19df-34ea-86e0-abe5b2c19c28
824543,52,7,top,0,0,0,0,0,0,R,L,field_out,out,0,104.5,-1.0,47.0,ground_ball,medium,1,0,,,3aea6dac-c003-3a82-9324-5ba68e7a79ee
824543,53,7,top,1,0,0,0,0,0,L,L,field_out,out,0,97.9,-24.0,6.0,ground_ball,medium,1,0,,,1870dd4d-aabf-35bd-8b7e-a25e761da893
824543,54,7,top,2,0,0,0,0,0,R,L,double,hit,0,101.2,16.0,259.0,line_drive,hard,1,0,,,5d3cce24-4ac9-3199-b56f-678eb07445b2
824543,55,7,top,2,0,0,0,0,0,R,R,field_out,out,0,93.7,-3.0,29.0,ground_ball,medium,1,0,,,4d5d2557-a119-381b-b920-e4051f8cf146
824543,56,7,bottom,0,0,0,0,0,0,L,R,field_out,out,0,91.1,2.0,51.0,ground_ball,medium,1,0,,,df325904-a4f9-30a1-844d-68bbc655b5c3
824543,58,7,bottom,1,1,1,0,2,1,L,R,fielders_choice,fielders_choice,0,84.8,-10.0,18.0,ground_ball,medium,1,0,,,df597bcc-719d-3266-9acd-455617965a50
824543,59,7,bottom,1,1,0,1,2,1,R,R,field_out,out,1,47.4,40.0,115.0,ground_ball,medium,1,0,,,dfe3b6e8-6e94-3802-97d7-b033fc3b6332
824543,60,7,bottom,2,0,0,0,0,0,L,L,field_out,out,0,101.9,35.0,384.0,fly_ball,hard,1,0,,,921a27db-5cdc-342a-a522-701e0ffb2d2b
824543,61,8,top,0,0,0,0,0,0,R,R,field_out,out,0,100.6,-10.0,11.0,ground_ball,medium,1,0,,,c3376f81-605e-3ab0-ae70-7a6f2a58ec39
824543,62,8,top,1,0,0,0,0,0,R,R,field_out,out,0,89.6,-10.0,17.0,ground_ball,medium,1,0,,,78ae7cd6-bc5a-36a8-8553-1676e59d2ba8
824543,63,8,top,2,0,0,0,0,0,L,R,field_out,out,0,72.0,-5.0,23.0,ground_ball,medium,1,0,,,fab236a6-d756-384b-bd6e-96d30cf72b96
824543,64,8,bottom,0,0,0,0,0,0,R,L,double,hit,0,100.6,10.0,166.0,line_drive,medium,1,0,,,ef52dcfe-9f9e-356f-91fc-7dfb0a772e8c
824543,65,8,bottom,0,0,1,0,1,1,L,L,single,hit,0,85.6,21.0,256.0,line_drive,medium,1,0,,,a270fca1-2a71-32cf-89df-28d7f6c4a04e
824543,67,8,bottom,1,1,0,0,1,0,L,L,grounded_into_double_play,out,0,99.1,-11.0,11.0,ground_ball,medium,1,0,,,92bc034b-8f61-3c84-a8da-b859930230da
824543,68,9,top,0,0,0,0,0,0,R,L,double,hit,0,103.8,13.0,149.0,line_drive,hard,1,0,,,7dcb9f53-3b8a-3775-abee-e2654fe6f329
824543,69,9,top,0,0,1,0,1,1,L,L,sac_bunt,out,0,39.7,-15.0,11.0,bunt_grounder,soft,1,0,,,3f7fd53a-707b-3962-8ab7-d961e7307965
824543,70,9,top,1,0,0,0,0,0,R,L,field_out,out,0,76.9,43.0,250.0,fly_ball,medium,1,0,,,38810170-b83a-3ae6-bb16-777270c28dc8
824543,72,9,top,2,1,1,1,3,1,R,L,single,hit,1,77.6,12.0,153.0,line_drive,medium,1,0,,,b1a3ad11-1505-3ad1-aef5-4a0a144b8e12
824543,73,9,top,2,1,0,1,2,1,R,R,home_run,hit,3,94.7,29.0,351.0,fly_ball,medium,1,0,,,704caa4e-2bfa-3dd0-b9ac-5891645ddea9
824543,74,9,top,2,0,0,0,0,0,R,R,field_out,out,0,67.4,1.0,38.0,ground_ball,medium,1,0,,,b240299f-74ec-3d2f-8fd7-36bf62f5d46b
824543,77,9,bottom,0,1,1,0,2,1,L,R,home_run,hit,3,102.4,29.0,394.0,fly_ball,medium,1,0,,,cec3bfa2-ecfe-30e0-915c-70a8addec4c1
824543,79,9,bottom,1,0,0,0,0,0,L,R,field_out,out,0,95.3,70.0,111.0,popup,medium,1,0,,,73decfb2-aa79-374e-9c04-0af307281461
824543,80,9,bottom,2,0,0,0,0,0,R,R,field_out,out,0,58.7,-21.0,5.0,ground_ball,medium,1,0,,,8f1c6413-9e77-34ff-9f88-a9c8f8c8e626
824544,2,1,top,2,0,0,0,0,0,R,R,field_out,out,0,97.0,43.0,311.0,fly_ball,medium,1,0,,,58abcc19-7b89-34a9-93b9-73ec0c5479f7
824544,3,1,bottom,0,0,0,0,0,0,L,R,single,hit,0,95.8,13.0,194.0,line_drive,medium,1,0,,,9bc3d22f-7141-34ac-a238-3fd9f98b7df3
824544,4,1,bottom,0,1,0,0,1,0,L,R,force_out,out,0,42.8,-46.0,3.0,bunt_grounder,soft,1,0,,,ffea4d9a-6b5e-3b40-b6bd-f29f9194ea55
824544,5,1,bottom,1,1,1,1,3,1,R,R,sac_fly,out,1,80.2,45.0,245.0,fly_ball,medium,1,0,,,b5eb7ac3-08f7-3973-beeb-32b27ecb42c3
824544,6,1,bottom,2,0,0,0,0,0,L,R,home_run,hit,1,103.3,37.0,386.0,fly_ball,medium,1,0,,,eee8619b-b167-3dce-885d-983bb34afb4b
824544,8,2,top,0,0,0,0,0,0,L,R,home_run,hit,1,101.4,23.0,360.0,fly_ball,medium,1,0,,,fadcfcd7-b126-35a1-b01f-b59174a62c65
824544,10,2,top,1,0,0,0,0,0,L,R,field_out,out,0,99.8,7.0,129.0,ground_ball,medium,1,0,True,MF,ae84d8ca-ac4e-371b-b368-9dfc3e9e9bc2
824544,11,2,top,2,0,0,0,0,0,L,R,field_out,out,0,90.4,42.0,263.0,fly_ball,medium,1,0,,,0ad6e749-8bb5-342e-9e15-0420f466d9e4
824544,12,2,bottom,0,0,0,0,0,0,L,R,field_out,out,0,94.6,27.0,335.0,fly_ball,medium,1,0,,,dd012234-5134-39ff-90a9-e0d3b7f04859
824544,13,2,bottom,1,0,0,0,0,0,R,R,field_out,out,0,70.0,60.0,152.0,popup,medium,1,0,,,15373d6b-c2b7-3ec3-9791-baf8f1d598d2
824544,14,2,bottom,2,0,0,0,0,0,L,R,field_out,out,0,82.2,30.0,296.0,fly_ball,medium,1,0,,,d8ab0bb6-67f9-320a-902e-8e6be3416ca7
824544,16,3,top,1,0,0,0,0,0,R,R,double,hit,0,77.9,31.0,265.0,fly_ball,medium,1,0,,,a6e6bb1a-eaa6-3ee3-bef6-762287e02c85
824544,19,3,top,2,0,0,0,0,0,R,R,field_out,out,0,68.9,81.0,13.0,popup,medium,1,0,,,79c134a8-0af9-33af-b1a4-ba397c12a384
824544,20,3,bottom,0,0,0,0,0,0,L,R,single,hit,0,58.7,-53.0,4.0,ground_ball,medium,1,0,True,MF,ef9eb652-b7c0-3e2a-9b11-8ce868ef0171
824544,21,3,bottom,0,1,1,0,2,1,L,R,single,hit,0,88.3,9.0,133.0,ground_ball,medium,1,0,,,a13caf47-c2ef-323d-a85e-34a85485b1ec
824544,22,3,bottom,0,1,0,1,2,1,L,R,sac_fly,out,1,91.4,26.0,323.0,fly_ball,medium,1,0,,,250f6f76-ee42-3dc0-80fa-0c870e135797
824544,23,3,bottom,2,0,0,0,0,0,R,R,field_out,out,0,98.3,52.0,283.0,fly_ball,medium,1,0,,,d240d5e3-dfaf-3096-a933-c123f02a25e4
824544,24,4,top,0,0,0,0,0,0,L,R,single,hit,0,85.0,-5.0,18.0,ground_ball,medium,1,0,,,b46dcac1-6067-3c2a-9ded-3aac031ab94d
824544,26,4,top,1,0,0,0,0,0,L,R,field_out,out,0,87.6,25.0,303.0,line_drive,medium,1,0,,,86504e70-14e5-34af-8336-883cef9c5f3f
824544,27,4,top,2,0,0,0,0,0,L,R,field_out,out,0,80.4,60.0,165.0,popup,medium,1,0,,,1cec019e-3ea4-38cb-895c-600492f2b0d7
824544,29,4,bottom,1,0,0,0,0,0,L,R,field_out,out,0,79.5,10.0,146.0,line_drive,medium,1,0,,,6fcc4544-443e-3665-b651-7331f14c6ac9
824544,30,4,bottom,2,0,0,0,0,0,L,R,field_out,out,0,77.3,37.0,261.0,fly_ball,medium,1,0,,,b97a99aa-24b1-30b1-b863-20dc854eb455
824544,31,5,top,0,0,0,0,0,0,L,R,field_out,out,0,93.9,1.0,59.0,ground_ball,medium,1,0,,,40938d64-fea5-3bad-be8d-d45e788fe72a
824544,33,5,top,2,0,0,0,0,0,L,R,field_out,out,0,83.9,-29.0,5.0,ground_ball,medium,1,0,,,68b30355-e8ee-34d0-9b71-c4a4efe0cbcc
824544,34,5,bottom,0,0,0,0,0,0,R,R,field_out,out,0,72.3,76.0,64.0,popup,medium,1,0,,,bd52bbe5-d5c7-3ad9-b821-f80e5bf27b90
824544,36,5,bottom,2,0,0,0,0,0,L,R,field_out,out,0,102.2,-16.0,9.0,ground_ball,medium,1,0,,,00203e30-a15a-39fc-9f75-a38c84fd0606
824544,37,6,top,0,0,0,0,0,0,L,R,field_out,out,0,55.5,86.0,17.0,popup,soft,1,0,,,8469e22c-c5a8-3652-86e4-21e614301bb3
824544,38,6,top,1,0,0,0,0,0,R,R,double,hit,0,109.4,21.0,390.0,line_drive,hard,1,0,,,f58dd06e-a665-3b4b-8a8e-3f6399c5589e
824544,39,6,top,1,0,0,0,0,0,L,L,field_out,out,0,75.5,-28.0,5.0,ground_ball,medium,1,0,,,bc670e43-24d6-3d6d-808c-7525c99cd1ba
824544,42,6,bottom,0,0,0,0,0,0,L,R,field_out,out,0,84.9,2.0,61.0,ground_ball,medium,1,0,,,1cd4ce04-72a8-3675-bb25-bbc8eb600f35
824544,43,6,bottom,1,0,0,0,0,0,L,R,field_out,out,0,100.4,41.0,320.0,fly_ball,hard,1,0,,,32af0157-912f-30ff-81fe-4180c765b527
824544,46,7,top,1,0,0,0,0,0,L,R,field_out,out,0,93.2,-24.0,7.0,ground_ball,medium,1,0,,,5ba5b331-ec3e-3373-bb0e-00c284ae20e2
824544,48,7,bottom,0,0,0,0,0,0,L,R,home_run,hit,1,109.4,30.0,412.0,fly_ball,medium,1,0,,,85653e8c-a1ea-38db-bb1c-34de6b5a110e
824544,50,7,bottom,1,0,0,0,0,0,L,R,field_out,out,0,91.4,65.0,140.0,popup,medium,1,0,,,a295bc76-84ee-36da-842b-7580e6c865d1
824544,51,7,bottom,2,0,0,0,0,0,R,R,single,hit,0,83.0,17.0,211.0,line_drive,medium,1,0,,,85e26d6e-a759-3a37-ae5f-58ab7055fad3
824544,52,7,bottom,2,0,0,0,0,0,L,L,field_out,out,0,90.8,-5.0,25.0,ground_ball,medium,1,0,,,8fe54d43-e951-3195-a575-dbc260a48d27
824544,54,8,top,1,0,0,0,0,0,L,R,field_out,out,0,59.9,20.0,155.0,line_drive,medium,1,0,,,660e8492-8ab4-341b-8d6f-fd3319c8c07a
824544,55,8,top,2,0,0,0,0,0,R,R,field_out,out,0,89.5,64.0,151.0,popup,medium,1,0,,,516fd6ad-3d4f-3c8b-aa64-8e4812e06e3c
824544,56,8,bottom,0,0,0,0,0,0,L,R,single,hit,0,70.2,-70.0,1.0,ground_ball,soft,1,0,,,49058b04-69a7-37a2-a823-bedb5d192c14
824544,57,8,bottom,0,1,0,0,1,0,L,R,single,hit,0,97.9,14.0,250.0,line_drive,medium,1,0,,,ef803de2-4831-3156-8793-3e6c032fb60b
824544,58,8,bottom,0,1,1,1,3,1,L,R,single,hit,1,103.6,-9.0,15.0,ground_ball,medium,1,0,,,5710aa93-1d92-3640-998f-9206bd5ef078
824544,59,8,bottom,0,0,0,0,0,0,R,R,field_out,out,0,82.9,46.0,255.0,fly_ball,medium,1,0,,,9b55b12c-6b99-3f7a-aa35-8bd7eee4f9f0
824544,60,8,bottom,1,1,0,1,2,1,L,R,single,hit,1,113.0,18.0,277.0,line_drive,hard,1,0,,,41387ad6-d1ae-3177-8f19-830a7fc89121
824544,62,8,bottom,2,0,0,0,0,0,L,R,field_out,out,0,97.1,35.0,343.0,fly_ball,medium,1,0,,,45553c77-cb73-3099-af9e-e0090080efb0
824544,63,9,top,0,0,0,0,0,0,L,L,field_out,out,0,70.2,57.0,153.0,popup,medium,1,0,,,168da303-ce8a-3cd3-aa58-00135349bcb5
824544,64,9,top,1,0,0,0,0,0,R,L,field_out,out,0,76.0,-34.0,3.0,ground_ball,medium,1,0,,,a0a3aee2-2bcf-35aa-937f-93a1d2653a8a
824544,65,9,top,2,0,0,0,0,0,R,L,field_out,out,0,92.5,26.0,326.0,fly_ball,medium,1,0,,,18e65aac-4810-31c5-9762-7aa09f76805a
824623,0,1,top,0,0,0,0,0,0,R,L,single,hit,0,71.4,25.0,223.0,fly_ball,medium,1,0,,,90cc3be5-4520-322c-81ef-f6bbc950e907
824623,1,1,top,0,1,0,0,1,0,R,L,grounded_into_double_play,out,0,95.1,-20.0,7.0,ground_ball,medium,1,0,,,49785b28-17f4-3081-9bda-52075e24a56a
824623,2,1,top,2,0,0,0,0,0,L,L,field_out,out,0,94.4,-1.0,41.0,ground_ball,medium,1,0,,,a5050145-d7bb-3baf-af1a-e95e52071d9f
824623,5,1,bottom,1,0,1,0,1,1,L,R,field_out,out,0,87.3,39.0,301.0,fly_ball,medium,1,0,,,6c3a6fb5-ead5-3c3b-9b81-d6a7af95edaa
824623,6,1,bottom,2,0,0,0,0,0,L,R,field_out,out,0,104.2,-17.0,8.0,ground_ball,medium,1,0,,,5fa73176-8467-3295-a55d-819dd17a0f0c
824623,7,2,top,0,0,0,0,0,0,R,L,single,hit,0,44.2,-21.0,14.0,bunt_grounder,soft,1,0,,,4f83b3cd-1e56-37b3-a9f3-7051db80d84f
824623,8,2,top,0,0,0,0,0,0,R,L,field_out,out,0,99.5,23.0,356.0,line_drive,medium,1,0,,,1661905c-954c-34da-a26d-fa92d3bb2d4e
824623,9,2,top,1,1,0,0,1,0,R,L,field_error,error,0,56.6,-18.0,7.0,ground_ball,medium,1,0,False,MJ,c1938f16-9931-3acf-a4f5-a7bca842fa53
824623,10,2,top,1,0,0,0,0,0,R,L,field_out,out,0,81.9,67.0,138.0,popup,medium,1,0,,,769661b4-569d-3425-ad8b-35064cbbcb56
824623,11,2,top,2,0,0,0,0,0,R,L,field_out,out,0,95.9,25.0,349.0,line_drive,medium,1,0,,,93eed5b3-b19e-38e7-865d-08bfe4ded276
824623,13,2,bottom,0,1,0,0,1,0,R,R,grounded_into_double_play,out,0,83.7,-9.0,12.0,ground_ball,medium,1,0,,,20febab1-c347-3bf2-b8a0-2d59911cc272
824623,14,2,bottom,2,0,0,0,0,0,L,R,single,hit,0,104.8,6.0,142.0,ground_ball,medium,1,0,,,fb68f200-47fb-3a5c-b9ab-126783616758
824623,15,2,bottom,2,1,0,0,1,0,R,R,field_out,out,0,96.3,-26.0,6.0,ground_ball,medium,1,0,,,28958983-e180-305b-be3f-999d04edb2e8
824623,16,3,top,0,0,0,0,0,0,R,L,double,hit,0,95.7,27.0,344.0,fly_ball,medium,1,0,,,3be56d91-d00b-3655-b070-db570e617815
824623,17,3,top,0,0,0,0,0,0,R,L,field_out,out,0,93.5,-30.0,5.0,ground_ball,medium,1,0,,,d648fc4a-0422-3fab-b252-77f13447d928
824623,19,3,top,2,1,1,0,2,1,L,L,single,hit,1,85.2,18.0,242.0,line_drive,medium,1,0,,,7ac927bd-9092-3ea4-8af2-5855b6929eb3
824623,20,3,top,2,0,0,0,0,0,R,L,field_out,out,0,85.1,-12.0,11.0,ground_ball,medium,1,0,,,a6c0f58e-4d52-388f-a9c3-1cd1ce5ec5cb
824623,21,3,bottom,0,0,0,0,0,0,R,R,field_out,out,0,79.2,-24.0,7.0,ground_ball,medium,1,0,,,f7ca4e70-2118-394b-98c7-1abba2a826e0
824623,22,3,bottom,1,0,0,0,0,0,L,R,single,hit,0,91.7,16.0,276.0,line_drive,medium,1,0,,,560ee97c-b956-3f1c-bbde-cfe3f9dbcd07
824623,23,3,bottom,1,1,0,0,1,0,R,R,single,hit,0,68.6,23.0,204.0,line_drive,medium,1,0,,,aa596fc0-cc95-3405-b56e-676cb729a021
824623,24,3,bottom,1,0,1,0,1,1,L,R,field_out,out,0,99.1,29.0,383.0,fly_ball,medium,1,0,,,26af458a-db7c-3e11-aaa4-3099935e7f6f
824623,26,3,bottom,2,0,0,0,0,0,L,R,field_out,out,0,90.9,-36.0,2.0,ground_ball,medium,1,0,,,e32928a5-7560-3274-92da-0593d4162fe6
824623,27,4,top,0,0,0,0,0,0,R,L,single,hit,0,94.4,-2.0,38.0,ground_ball,medium,1,0,,,178239dc-4f3e-3065-b23c-5507a295f10a
824623,29,4,top,0,0,0,0,0,0,R,L,field_out,out,0,94.4,45.0,275.0,fly_ball,medium,1,0,,,c04a6fbc-a668-3047-990b-e006d6531d3c
824623,30,4,top,1,1,0,0,1,0,R,L,grounded_into_double_play,out,0,86.3,-11.0,13.0,ground_ball,medium,1,0,,,c96d2b21-02bb-36f2-b1c6-9fd8c7caf1c2
824623,31,4,bottom,0,0,0,0,0,0,R,R,field_out,out,0,77.8,29.0,281.0,line_drive,medium,1,0,,,7ac8fad8-a5df-3e2c-b14c-683e634aa937
824623,33,4,bottom,1,1,0,0,1,0,R,R,field_out,out,0,85.1,-1.0,38.0,ground_ball,medium,1,0,,,839e2f21-4ff0-3845-a66a-93e9739d5d6d
824623,36,5,top,1,0,0,0,0,0,R,L,field_out,out,0,103.5,0.0,57.0,ground_ball,medium,1,0,,,94a5eaa7-2878-31e3-b787-443c7c71139a
824623,37,5,top,2,0,0,0,0,0,R,L,field_out,out,0,100.8,37.0,351.0,fly_ball,hard,1,0,,,17fef922-eb99-3b8c-a15b-df266bf2fc3f
824623,39,5,bottom,1,0,0,0,0,0,R,R,home_run,hit,1,106.1,29.0,408.0,fly_ball,medium,1,0,,,217c05d9-c233-32cd-a6f0-f66ab6f91e0d
824623,41,5,bottom,2,0,0,0,0,0,L,R,field_out,out,0,81.8,-18.0,10.0,ground_ball,medium,1,0,,,d16f8a3f-1f53-3643-8035-0d9361faacf1
824623,43,6,top,0,0,0,0,0,0,R,L,field_out,out,0,88.2,21.0,279.0,fly_ball,medium,1,0,,,bc3730c3-8573-3fe9-9862-7c7509e7cb71
824623,45,6,top,2,0,0,0,0,0,R,L,field_out,out,0,80.4,-15.0,9.0,ground_ball,medium,1,0,,,1915c831-c749-3498-b6c7-61ac78310556
824623,46,6,bottom,0,0,0,0,0,0,L,R,triple,hit,0,103.1,16.0,314.0,line_drive,hard,1,0,,,623be374-c0d9-35a4-8bc9-20d32adebcec
824623,47,6,bottom,0,0,0,1,1,1,R,R,single,hit,1,95.7,12.0,211.0,line_drive,medium,1,0,,,0e4fc761-84de-34eb-be88-53c5aee29d66
824623,48,6,bottom,0,0,0,0,0,0,L,R,field_out,out,0,60.0,55.0,141.0,popup,medium,1,0,,,801ce6d3-bd78-3a73-b6be-5de8630b05b5
824623,49,6,bottom,1,1,0,0,1,0,R,R,field_out,out,0,82.1,76.0,46.0,popup,medium,1,0,,,fc03ccf7-7cc6-364c-b797-0a2569a00f8e
824623,50,6,bottom,2,0,0,0,0,0,R,R,field_out,out,0,64.5,2.0,44.0,ground_ball,medium,1,0,,,ca0faf09-db49-376a-ace0-62b86fc1eba9
824623,51,7,top,0,0,0,0,0,0,R,L,field_out,out,0,88.2,0.0,46.0,ground_ball,medium,1,0,,,2f428b50-3b5a-3da7-8432-db86a6f0759d
824623,52,7,top,1,0,0,0,0,0,R,L,field_out,out,0,93.9,-31.0,6.0,ground_ball,medium,1,0,,,0ce6ac89-3241-3c2c-aa27-287b555c1e7b
824623,53,7,top,2,0,0,0,0,0,R,L,field_out,out,0,93.1,32.0,362.0,fly_ball,medium,1,0,,,bfe29fb5-39c8-3f1a-83b6-5d48f32c8f70
824623,54,7,bottom,0,0,0,0,0,0,L,R,field_out,out,0,69.9,68.0,100.0,popup,medium,1,0,,,62a2e596-b844-348e-9701-b83a3d25b8ff
824623,56,7,bottom,1,0,0,0,0,0,L,R,field_out,out,0,93.6,29.0,348.0,fly_ball,medium,1,0,,,866551bf-842f-366a-88a3-e6b7722f83d6
824623,57,7,bottom,2,0,0,0,0,0,L,R,field_out,out,0,77.0,-32.0,5.0,ground_ball,medium,1,0,,,72f58824-992a-30e9-ad82-81b9b3d1e888
824623,59,8,top,0,1,0,0,1,0,R,R,force_out,out,0,84.3,-17.0,9.0,ground_ball,medium,1,0,,,9dd5a52c-9d77-3db7-943e-5430b9bc50b3
824623,60,8,top,1,1,0,0,1,0,L,R,field_out,out,0,75.0,47.0,220.0,fly_ball,medium,1,0,,,634412b5-19bc-322b-9bbf-175be5f04a34
824623,61,8,top,2,0,0,0,0,0,R,R,field_out,out,0,73.5,77.0,54.0,popup,medium,1,0,,,b668858b-9cc6-395b-9876-44139f54da82
824623,62,8,bottom,0,0,0,0,0,0,L,R,field_out,out,0,95.9,-2.0,24.0,ground_ball,medium,1,0,,,5be53f6c-98aa-3c4f-8c7e-bb6eb743a08c
824623,63,8,bottom,1,0,0,0,0,0,R,R,field_out,out,0,92.1,-28.0,3.0,ground_ball,medium,1,0,,,c59e6b67-29d9-3d31-95c5-622b12b97214
824623,65,9,top,0,0,0,0,0,0,R,R,field_out,out,0,63.6,85.0,31.0,popup,medium,1,0,,,47d78584-d6ec-3fef-9eed-e719d6fccd60
824623,66,9,top,1,0,0,0,0,0,L,R,field_out,out,0,82.5,5.0,106.0,ground_ball,medium,1,0,,,76199f25-69bd-33b3-8195-a441badc614e
824623,67,9,top,2,0,0,0,0,0,L,R,field_out,out,0,79.6,-35.0,4.0,ground_ball,medium,1,0,,,ffe4d51a-1a8e-3b3c-93a7-9443e112e1fb
824624,1,1,top,1,0,0,0,0,0,R,L,field_out,out,0,63.1,11.0,115.0,ground_ball,medium,1,0,,,997f4085-93b8-35fe-bf11-31daf09f1439
824624,3,1,top,2,1,0,0,1,0,R,L,force_out,out,0,71.1,11.0,129.0,ground_ball,medium,1,0,,,f6bbcdab-e1c7-32b4-b400-7d1e41a9b666
824624,4,1,bottom,0,0,0,0,0,0,L,R,field_out,out,0,77.8,66.0,119.0,popup,medium,1,0,,,c9b36769-a88a-364c-8523-41ef68f7efb7
824624,5,1,bottom,1,0,0,0,0,0,R,R,field_out,out,0,77.8,71.0,113.0,popup,medium,1,0,,,ed8d2d14-6db0-38c6-a1d2-ce5d4e719ac2
824624,6,1,bottom,2,0,0,0,0,0,L,R,single,hit,0,102.8,13.0,194.0,line_drive,hard,1,0,,,b851ebcf-49c7-3573-ad60-30c24be63810
824624,7,1,bottom,2,0,0,0,0,0,L,R,field_out,out,0,109.7,17.0,285.0,line_drive,medium,1,0,,,bcd9c475-9d89-3578-92f1-7cd115ea5654
824624,8,2,top,0,0,0,0,0,0,R,L,field_out,out,0,102.6,16.0,294.0,line_drive,hard,1,0,,,358cb88d-bfef-35fe-9f40-f02d4696cf27
824624,10,2,top,2,0,0,0,0,0,L,L,field_out,out,0,106.0,22.0,386.0,fly_ball,hard,1,0,,,893b8668-49f1-3bce-a817-c9787837e64b
824624,11,2,bottom,0,0,0,0,0,0,L,R,field_out,out,0,88.7,-14.0,9.0,ground_ball,medium,1,0,,,626beb84-4b7f-307b-9296-b7689f3fa9e8
824624,12,2,bottom,1,0,0,0,0,0,R,R,field_out,out,0,91.7,-24.0,7.0,ground_ball,medium,1,0,,,d022d567-af2f-3686-bfa5-6af9110c2b57
824624,16,3,top,2,0,0,0,0,0,R,L,single,hit,0,107.5,6.0,124.0,ground_ball,medium,1,0,,,fbf8acae-5118-3b8c-a6ff-e51464d4369a
824624,23,4,top,1,0,0,0,0,0,L,L,double,hit,0,98.6,18.0,264.0,line_drive,medium,1,0,,,e9ee4748-67f6-3c4c-bac1-27bd4d8009b0
824624,24,4,top,1,0,1,0,1,1,R,L,single,hit,0,79.4,10.0,164.0,line_drive,medium,1,0,False,MJ,35f3d307-f430-3747-84c9-ff456a744d7e
824624,25,4,top,1,1,0,1,2,1,R,L,single,hit,1,107.9,8.0,236.0,line_drive,hard,1,0,,,2374d0a2-7c05-38a0-a7d8-3772bf6fd283
824624,27,4,top,2,0,0,0,0,0,L,L,field_out,out,0,74.2,-2.0,37.0,ground_ball,medium,1,0,,,c48a1e90-edde-392b-a082-8d98f02689cb
824624,28,4,bottom,0,0,0,0,0,0,L,R,field_out,out,0,69.4,65.0,117.0,popup,medium,1,0,,,39eeaf18-e56d-3f5b-a491-25ec342b10e0
824624,29,4,bottom,1,0,0,0,0,0,L,R,field_out,out,0,75.3,87.0,20.0,popup,medium,1,0,,,7c1fe0e0-f5c1-35fb-a6d9-6a195c3edf7d
824624,31,5,top,0,0,0,0,0,0,R,L,field_out,out,0,39.5,-57.0,3.0,ground_ball,soft,1,0,,,3cb621d7-1efc-3327-998b-c83d9643ff65
824624,33,5,top,2,0,0,0,0,0,R,L,field_out,out,0,99.9,40.0,304.0,fly_ball,medium,1,0,,,dfc7437e-c695-37eb-a99a-fe4fa89c227f
824624,34,5,bottom,0,0,0,0,0,0,R,R,field_out,out,0,86.8,-17.0,4.0,ground_ball,medium,1,0,,,4a4d6207-6a91-3cce-9512-f722e606dd35
824624,35,5,bottom,1,0,0,0,0,0,L,R,field_out,out,0,79.3,49.0,225.0,fly_ball,medium,1,0,,,aa39627c-7716-3877-b2ae-afda7d070062
824624,36,5,bottom,2,0,0,0,0,0,R,R,single,hit,0,72.5,5.0,66.0,ground_ball,medium,1,0,,,1559e07f-bb64-3989-b8c2-6ebfaa451e18
824624,38,6,top,0,0,0,0,0,0,R,R,field_out,out,0,84.8,-18.0,8.0,ground_ball,medium,1,0,,,332acf0c-5a1a-3df8-a35c-2ec9616b0f5c
824624,39,6,top,1,0,0,0,0,0,L,R,home_run,hit,1,106.1,39.0,372.0,fly_ball,medium,1,0,,,8843785e-85c8-391d-be97-9f99a27e77fe
824624,40,6,top,1,0,0,0,0,0,R,R,field_out,out,0,79.0,30.0,285.0,fly_ball,medium,1,0,,,1be7ce8a-75da-34cf-8eb1-e5aaa88b787e
824624,41,6,top,2,0,0,0,0,0,R,R,field_out,out,0,85.5,64.0,136.0,popup,medium,1,0,,,29ef6df1-7422-321e-b950-4750b0a9a869
824624,42,6,bottom,0,0,0,0,0,0,L,L,single,hit,0,58.2,-0.0,34.0,ground_ball,medium,1,0,True,MF,2fe5f11e-df8d-3448-8e3f-54f36b296843
824624,43,6,bottom,0,1,1,0,2,1,R,L,single,hit,0,97.9,-9.0,14.0,ground_ball,medium,1,0,,,66634e49-98f5-353e-8108-46b0d77f3b1c
824624,44,6,bottom,0,1,1,1,3,1,L,L,fielders_choice,fielders_choice,0,92.1,-6.0,15.0,ground_ball,medium,1,0,,,c24f5c83-02a7-3f45-ac59-199ee697c4cd
824624,46,6,bottom,1,1,1,1,3,1,L,R,single,hit,1,103.3,4.0,94.0,ground_ball,medium,1,0,,,9935f1a2-38d1-3a70-be34-ea16b142ad23
824624,48,6,bottom,1,0,0,0,0,0,L,R,field_out,out,0,77.8,7.0,97.0,line_drive,medium,1,0,,,4a485d53-d9da-307b-a946-1a06f0592cec
824624,53,7,top,2,0,0,0,0,0,L,R,field_out,out,0,92.3,40.0,280.0,fly_ball,medium,1,0,,,6d77f580-646b-3688-9c5d-9926dd2ce181
824624,54,7,bottom,0,0,0,0,0,0,R,R,field_out,out,0,54.1,-33.0,4.0,ground_ball,soft,1,0,,,d027914c-512b-3753-ac16-9cd26ecbbd84
824624,56,7,bottom,2,0,0,0,0,0,R,R,double,hit,0,106.6,17.0,350.0,line_drive,hard,1,0,,,39adee77-2cde-3eed-9085-72426df95710
824624,58,7,bottom,2,0,0,0,0,0,R,R,field_out,out,0,94.2,20.0,271.0,line_drive,medium,1,0,,,2241d0e8-360e-3cb0-a6b0-5a8cf78d3460
824624,59,8,top,0,0,0,0,0,0,R,R,field_out,out,0,,,,fly_ball,medium,0,0,,,89e36c03-cd52-3112-8ea3-62aab107c6f6
824624,60,8,top,1,0,0,0,0,0,R,R,field_out,out,0,101.7,-31.0,5.0,ground_ball,medium,1,0,,,f93b13c9-af80-301a-8dd2-913f1c2920e1
824624,61,8,top,2,0,0,0,0,0,L,R,field_out,out,0,86.6,-2.0,34.0,ground_ball,medium,1,0,,,d49120ba-44ba-35d7-9419-b4d1a8055289
824624,66,9,top,1,0,0,0,0,0,L,L,single,hit,0,93.6,-15.0,9.0,ground_ball,medium,1,0,,,e42bcafd-0ecf-3573-8870-a068ba455891
824624,67,9,top,1,0,0,0,0,0,R,L,field_out,out,0,58.8,22.0,150.0,line_drive,medium,1,0,,,02084cf0-217a-3b8c-b190-68506c06a4b5
824624,68,9,top,2,0,0,0,0,0,L,L,field_out,out,0,78.7,37.0,249.0,fly_ball,medium,1,0,,,9dc4c7d3-47b0-33c1-b5de-81496bd4524c
824624,69,9,bottom,0,0,0,0,0,0,R,R,field_out,out,0,50.8,24.0,125.0,ground_ball,medium,1,0,False,MJ,101d910b-fb14-3b73-8df3-dd7dbf648b8b
824624,71,9,bottom,2,0,0,0,0,0,L,R,double,hit,0,82.6,11.0,133.0,line_drive,medium,1,0,,,d7b14d39-f74a-36ad-9e7e-8d186159eb84
824624,72,9,bottom,2,0,0,0,0,0,R,R,field_out,out,0,94.1,49.0,195.0,fly_ball,medium,1,0,,,2cfba12a-f96e-3842-83e4-c49cb68047e5
824624,75,10,top,2,0,1,0,1,1,R,R,field_out,out,0,94.7,21.0,329.0,line_drive,medium,1,0,True,MJ,c53b4a5d-6b4d-3e6b-8184-7a8d02396933
824624,77,10,bottom,0,0,0,0,0,0,R,R,field_out,out,0,27.6,57.0,43.0,bunt_popup,soft,1,0,,,5c2587b6-e043-3bac-b007-b43f0b3e7edc
824624,78,10,bottom,1,0,0,0,0,0,L,R,field_out,out,0,94.1,42.0,312.0,fly_ball,medium,1,0,,,50ace46c-0588-3f13-8f43-ca37c132747f
824624,80,10,bottom,2,0,0,0,0,0,L,R,field_out,out,0,104.0,-9.0,19.0,ground_ball,medium,1,0,,,0525ce5a-64da-37f3-942b-6ddc227657f8
824624,81,11,top,0,0,1,0,1,1,R,R,single,hit,0,64.9,21.0,184.0,line_drive,medium,1,0,,,51400a3b-d9f4-3341-a324-040ac3598b85
824624,84,11,top,1,0,0,0,0,0,L,L,field_out,out,0,82.1,74.0,57.0,popup,medium,1,0,,,a8259207-a5d8-3e15-9407-b69278c393a8
824624,85,11,top,2,0,0,0,0,0,R,L,field_out,out,0,93.0,22.0,322.0,line_drive,medium,1,0,,,fa9da2ff-75b2-312f-9ea6-12af7a5f5780
824624,89,11,bottom,2,0,0,0,0,0,R,R,field_out,out,0,84.2,-40.0,4.0,ground_ball,medium,1,0,,,42d1c779-1a35-3ae3-b0bb-f2b5c693d774
824624,90,12,top,0,0,1,0,1,1,L,L,single,hit,1,65.1,35.0,206.0,fly_ball,medium,1,0,True,MA,5d70e4ee-5ab1-3288-8c5f-d3e582db6818
824624,91,12,top,0,1,0,0,1,0,L,L,sac_bunt,out,0,22.6,37.0,35.0,bunt_grounder,medium,1,0,,,998bc911-1f51-3ccb-b4e4-bd9969816e23
824624,92,12,top,1,0,1,0,1,1,L,L,single,hit,1,93.2,12.0,215.0,line_drive,medium,1,0,,,f2eb64af-2edb-3c15-93e2-dd08d7f0b2ff
824624,96,12,top,1,1,1,1,3,1,R,R,single,hit,1,78.5,20.0,231.0,line_drive,medium,1,0,,,d1020dde-7468-39de-b89c-80cf38075467
824624,97,12,top,1,1,1,1,3,1,L,R,single,hit,2,103.2,6.0,107.0,ground_ball,medium,1,0,,,33378547-74a3-3130-8313-1ea9549f6981
824624,99,12,top,2,0,0,0,0,0,L,R,field_out,out,0,61.9,-51.0,2.0,ground_ball,medium,1,0,,,5fd7ee35-5900-323f-8915-db4d5ee18e38
824624,102,12,bottom,2,0,0,0,0,0,L,R,field_out,out,0,81.9,5.0,92.0,ground_ball,medium,1,0,,,b8f7389d-2c2a-398e-9c21-9db002fdaeec
824625,1,1,top,1,0,0,0,0,0,L,R,field_out,out,0,107.1,2.0,68.0,ground_ball,medium,1,0,,,63385407-4094-394d-a51f-bdeb9fb27810
824625,2,1,top,2,0,0,0,0,0,R,R,field_out,out,0,101.7,-22.0,6.0,ground_ball,medium,1,0,,,365a12ec-7999-3549-960c-82344ad472f5
824625,4,1,bottom,1,0,0,0,0,0,R,R,single,hit,0,69.3,34.0,230.0,fly_ball,medium,1,0,,,cf2621ae-b37a-3095-8bdf-113af78450ff
824625,5,1,bottom,1,1,0,0,1,0,L,R,single,hit,0,83.3,20.0,237.0,line_drive,medium,1,0,,,acb085a9-9312-3fc4-9127-3f6962844a3f
824625,6,1,bottom,1,0,0,0,0,0,L,R,field_out,out,0,98.8,22.0,352.0,line_drive,medium,1,0,,,4c2968f9-d117-3293-858c-beb22454aee7
824625,7,1,bottom,2,0,0,0,0,0,L,R,field_out,out,0,43.1,34.0,104.0,ground_ball,soft,1,0,,,15a3fc74-4138-3c14-a540-d64fec44dde1
824625,9,2,top,1,0,0,0,0,0,R,R,single,hit,0,71.6,22.0,230.0,line_drive,medium,1,0,,,5f42739e-c87a-3887-88eb-86fb1f2a4c76
824625,12,2,bottom,0,0,0,0,0,0,R,R,single,hit,0,67.6,30.0,224.0,fly_ball,medium,1,0,,,79140f93-1794-3cbe-a4f4-cf9392f361e4
824625,13,2,bottom,0,1,0,0,1,0,L,R,field_out,out,0,70.1,-17.0,9.0,ground_ball,medium,1,0,,,5d9d9b01-d7ca-3010-aa74-f751f1b45053
824625,15,2,bottom,2,0,0,0,0,0,R,R,field_out,out,0,96.5,-20.0,6.0,ground_ball,medium,1,0,,,bd231acc-9b54-35f0-8ae6-39d9626ef031
824625,16,3,top,0,0,0,0,0,0,R,R,field_out,out,0,100.4,-14.0,9.0,ground_ball,medium,1,0,,,fbefec6c-edfb-3223-94dc-8fc66e10085a
824625,17,3,top,1,0,0,0,0,0,L,R,single,hit,0,97.9,-8.0,18.0,ground_ball,medium,1,0,,,1177939f-50d6-30a6-9200-cb222558332f
824625,18,3,top,1,0,0,0,0,0,L,R,field_out,out,0,94.1,19.0,300.0,line_drive,medium,1,0,,,745a09f9-d262-32b0-8c67-a18f4f9883f4
824625,19,3,top,2,1,0,0,1,0,R,R,force_out,out,0,95.4,-2.0,37.0,ground_ball,medium,1,0,,,dde272a0-cbf6-3909-8200-4882e0d9ebd9
824625,20,3,bottom,0,0,0,0,0,0,L,R,field_out,out,0,102.6,5.0,96.0,ground_ball,medium,1,0,,,5242fd55-b3ce-358f-88b0-1516cf971a52
824625,21,3,bottom,1,0,0,0,0,0,R,R,field_out,out,0,66.0,-38.0,4.0,ground_ball,medium,1,0,,,e31f513b-3a27-3e9e-b025-f613260244bc
824625,23,4,top,0,0,0,0,0,0,L,R,field_out,out,0,89.7,-9.0,11.0,ground_ball,medium,1,0,,,28db0847-63a2-3970-ac73-0d60b090adc4
824625,24,4,top,1,0,0,0,0,0,R,R,field_out,out,0,81.1,-49.0,3.0,ground_ball,medium,1,0,,,fe3c94f0-a3cd-3d40-aca6-c2896a5bbb06
824625,26,4,bottom,0,0,0,0,0,0,L,R,double,hit,0,97.7,12.0,191.0,line_drive,medium,1,0,,,6faa33f9-7c22-3432-a7d5-48c9e11ff81a
824625,27,4,bottom,0,0,1,0,1,1,L,R,field_out,out,0,75.7,8.0,91.0,ground_ball,medium,1,0,True,MJ,c3771cbc-c074-32bf-aaca-c5a6cc75ccef
824625,29,4,bottom,2,0,0,0,0,0,L,R,field_out,out,0,81.7,-28.0,5.0,ground_ball,medium,1,0,,,30fa19d0-8312-3035-b43c-aa0aa0c00ce8
824625,30,5,top,0,0,0,0,0,0,R,R,double,hit,0,93.8,20.0,319.0,line_drive,medium,1,0,,,f1b9a0aa-4c90-33c1-bffb-a43f51b09ed2
824625,34,5,bottom,0,0,0,0,0,0,R,R,field_out,out,0,95.4,26.0,331.0,fly_ball,medium,1,0,True,MJ,64d2abac-72c9-3424-9226-155ee42e4f43
824625,37,5,bottom,2,0,0,0,0,0,R,R,field_out,out,0,85.8,53.0,193.0,fly_ball,medium,1,0,,,8fa9360f-add2-3d1e-ae08-f6cf924d3b92
824625,38,6,top,0,0,0,0,0,0,L,R,field_out,out,0,103.5,21.0,379.0,line_drive,hard,1,0,,,dcf129e0-9a98-3354-af7a-acff75811dd9
824625,39,6,top,1,0,0,0,0,0,R,R,single,hit,0,95.2,6.0,114.0,ground_ball,medium,1,0,,,74d37517-6b78-3ffe-bd29-2b7b52143567
824625,40,6,top,1,1,1,0,2,1,L,R,home_run,hit,2,108.6,25.0,412.0,fly_ball,medium,1,0,,,d450e545-3c86-3056-9ef4-e1f4deda5b4c
824625,42,6,top,1,1,1,0,2,1,L,R,single,hit,0,85.5,-5.0,20.0,ground_ball,medium,1,0,,,4c4ee7bd-dcb3-3fb5-a19e-a1d176b37f7b
824625,43,6,top,2,0,0,0,0,0,R,R,field_out,out,0,55.2,-17.0,11.0,ground_ball,medium,1,0,,,974d63c0-52ca-3fb7-afca-3244e7c98a44
824625,44,6,bottom,0,0,0,0,0,0,L,R,single,hit,0,95.4,11.0,181.0,line_drive,medium,1,0,,,c5a356ae-1df0-3dc8-82e1-7cb41e47edc6
824625,46,6,bottom,1,1,0,0,1,0,L,R,double,hit,0,104.5,19.0,359.0,line_drive,hard,1,0,,,b88784ec-7309-3dcb-a159-a7b77c037374
824625,49,6,bottom,2,1,1,1,3,1,R,R,single,hit,2,70.1,14.0,144.0,line_drive,medium,1,0,,,1bf532e0-d031-3523-a4b9-1e97a59250a3
824625,52,7,top,1,0,0,0,0,0,R,L,single,hit,0,80.3,-50.0,3.0,ground_ball,medium,1,0,,,f2bb6e19-0a94-31da-8861-ae7616b1f05d
824625,53,7,top,1,1,1,0,2,1,R,L,single,hit,0,55.1,23.0,131.0,line_drive,medium,1,0,,,ef0712af-b23f-3de7-abe6-55731ab7b454
824625,54,7,top,1,1,0,1,2,1,L,L,field_out,out,1,92.6,-7.0,18.0,ground_ball,medium,1,0,True,MC,48acc24d-ba64-3e8c-8498-9ea34d7e0429
824625,55,7,top,2,0,0,0,0,0,R,R,field_out,out,0,83.0,2.0,55.0,ground_ball,medium,1,0,True,MJ,6d65aa56-19bb-3948-9353-e4054b0e6f06
824625,56,7,bottom,0,0,0,0,0,0,L,L,field_out,out,0,81.4,-12.0,10.0,ground_ball,medium,1,0,True,MJ,e361c246-fa5d-3ce1-83a7-9020cc0acb0c
824625,61,8,top,1,1,0,0,1,0,L,R,single,hit,0,92.9,-0.0,36.0,ground_ball,medium,1,0,,,d6020ff5-8730-39c6-a85f-8bea498ddb6a
824625,63,8,top,2,0,0,0,0,0,L,R,field_out,out,0,78.1,60.0,191.0,popup,medium,1,0,,,def50074-7c23-3b8c-b9a9-707f590eff89
824625,64,8,bottom,0,0,0,0,0,0,L,R,field_out,out,0,71.8,-11.0,13.0,ground_ball,medium,1,0,,,0083cb23-1d2e-3a72-a162-f3ae18538e47
824625,65,8,bottom,1,0,0,0,0,0,L,R,field_out,out,0,54.0,-59.0,2.0,ground_ball,soft,1,0,,,24241d57-e69d-3cf8-bd0e-5bdfaa91f15e
824625,66,8,bottom,2,0,0,0,0,0,R,R,field_out,out,0,95.2,22.0,321.0,line_drive,medium,1,0,,,e9b8d56c-b4d6-3c33-a92e-5135e3472370
824625,67,9,top,0,0,0,0,0,0,R,R,field_out,out,0,95.8,42.0,283.0,fly_ball,medium,1,0,,,1cd8240d-4215-3353-9bd1-57064d0f0c51
824625,68,9,top,1,0,0,0,0,0,R,R,single,hit,0,75.4,9.0,120.0,ground_ball,medium,1,0,,,f9448439-9a3d-3f4e-9952-3a215564f304
824625,69,9,top,1,0,0,0,0,0,L,R,field_out,out,0,84.3,49.0,251.0,fly_ball,medium,1,0,,,80c7e0f8-bfe0-38d9-b72e-94e08a9d57b1
824625,71,9,bottom,0,0,0,0,0,0,L,R,single,hit,0,103.6,4.0,150.0,line_drive,medium,1,0,,,64e32a3f-e44e-3513-a86e-6dbfe18afcd3
824625,72,9,bottom,0,0,0,0,0,0,R,R,field_out,out,0,91.9,50.0,248.0,fly_ball,medium,1,0,,,9e67ed43-620f-3051-a474-6b5e7eb508c2
824625,73,9,bottom,1,1,0,0,1,0,R,R,grounded_into_double_play,out,0,104.1,3.0,86.0,ground_ball,medium,1,0,,,f553704f-7244-3261-9685-a4caa4ada308
824703,2,1,top,1,0,0,0,0,0,R,L,field_out,out,0,86.7,24.0,284.0,line_drive,medium,1,0,,,ba8106fc-34a0-3250-ae1c-aba600e70017
824703,3,1,top,2,1,0,1,2,1,R,L,double,hit,1,99.0,32.0,353.0,fly_ball,medium,1,0,,,96cc541b-b2c2-3dfb-81ce-06f56d2eeed0
824703,4,1,top,2,0,0,0,0,0,R,L,field_out,out,0,82.2,71.0,68.0,popup,medium,1,0,,,46bf840e-baeb-3f2a-867d-5c9204682469
824703,5,1,bottom,0,0,0,0,0,0,L,R,double,hit,0,110.8,18.0,391.0,line_drive,hard,1,0,,,5509a8bd-a93b-3052-a55f-a0cee44e1da9
824703,7,1,bottom,1,0,1,0,1,1,L,R,field_out,out,0,86.0,-20.0,5.0,ground_ball,medium,1,0,,,fe708faf-4afd-3b5f-905a-df30993df3f1
824703,8,1,bottom,2,0,0,0,0,0,L,R,field_out,out,0,108.8,-5.0,15.0,ground_ball,medium,1,0,,,4c973173-e514-3f3c-baf1-b59d3b4768d0
824703,9,2,top,0,0,0,0,0,0,R,L,double,hit,0,100.3,13.0,256.0,line_drive,hard,1,0,,,c8de2b28-d36c-360c-91b7-3360d510331d
824703,10,2,top,0,0,1,0,1,1,L,L,single,hit,0,97.6,-2.0,37.0,ground_ball,medium,1,0,,,6e76de82-a562-3c1f-8160-d6505e1fa69f
824703,11,2,top,0,1,0,1,2,1,R,L,fielders_choice_out,fielders_choice,0,92.3,-19.0,10.0,ground_ball,medium,1,0,,,1e013cea-55e1-3712-a731-5b82da6eee5a
824703,12,2,top,1,1,1,1,3,1,R,L,double,hit,2,104.6,36.0,313.0,fly_ball,hard,1,0,,,d0490d93-abfb-37a6-9162-c0ad67c9ab01
824703,13,2,top,1,0,0,0,0,0,L,L,field_out,out,0,76.8,58.0,158.0,popup,medium,1,0,,,0979b604-6f7b-32af-9e83-5ed110926d1a
824703,14,2,top,2,0,0,0,0,0,R,L,field_out,out,0,70.8,-53.0,3.0,ground_ball,medium,1,0,,,5f2bddc1-9c1c-3ff2-b28e-db935c8593b6
824703,15,2,bottom,0,0,0,0,0,0,R,R,field_out,out,0,86.2,34.0,312.0,fly_ball,medium,1,0,,,4f2a27bd-e30a-3faf-85a7-7620c80e6b5a
824703,17,2,bottom,1,1,0,0,1,0,L,R,single,hit,0,85.9,-67.0,1.0,ground_ball,soft,1,0,,,c0c01d9e-0007-3c97-bef8-6d33cbb50328
824703,18,2,bottom,1,0,0,0,0,0,R,R,field_out,out,0,75.5,50.0,181.0,popup,medium,1,0,,,08450d2d-ecba-3fd5-8df5-b4a117667a93
824703,19,2,bottom,2,0,0,0,0,0,R,R,field_out,out,0,77.3,-26.0,7.0,ground_ball,medium,1,0,,,678db72e-9357-39f8-adf3-3ee856cb4597
824703,20,3,top,0,0,0,0,0,0,R,L,field_out,out,0,79.5,8.0,102.0,ground_ball,medium,1,0,,,4ff64554-35d2-36a6-9b82-1cfaed80c125
824703,21,3,top,1,0,0,0,0,0,R,L,field_out,out,0,96.0,9.0,159.0,line_drive,medium,1,0,,,bde9fc11-34f5-3cdf-88d1-88b9cb1c1aae
824703,22,3,top,2,0,0,0,0,0,R,L,field_out,out,0,94.6,-4.0,21.0,ground_ball,medium,1,0,,,523c8c34-7c5f-3cc2-b007-b2aef3c9e5b7
824703,25,3,bottom,1,1,0,0,1,0,L,R,single,hit,0,104.9,0.0,50.0,ground_ball,medium,1,0,,,09ecf97e-e703-39f1-85cb-2b42e0cf0c2b
824703,26,3,bottom,1,1,1,0,2,1,L,R,force_out,out,0,78.7,-14.0,5.0,ground_ball,medium,1,0,,,941aeb3e-2c51-3e8c-b9dd-c5687d0b2406
824703,27,3,bottom,2,0,0,0,0,0,R,R,field_out,out,0,76.7,-11.0,12.0,ground_ball,medium,1,0,,,51164106-ab6a-355a-8767-536ee3ad1ca3
824703,28,4,top,0,0,0,0,0,0,R,L,field_out,out,0,92.3,76.0,56.0,popup,medium,1,0,,,ca173743-05cb-3ab8-ace1-d0174179e8c9
824703,29,4,top,1,0,0,0,0,0,L,L,single,hit,0,80.9,12.0,168.0,line_drive,medium,1,0,,,5a3a428a-e4a2-3f73-b1ea-239446167d18
824703,30,4,top,1,1,0,0,1,0,R,L,force_out,out,0,91.1,-2.0,30.0,ground_ball,medium,1,0,,,d91c9236-4d13-3001-a888-912e28edf006
824703,31,4,top,2,0,0,0,0,0,R,L,field_out,out,0,76.9,51.0,206.0,fly_ball,medium,1,0,,,c0b4d88b-3495-3e7d-972d-27e5f3ab503b
824703,32,4,bottom,0,0,0,0,0,0,L,R,field_out,out,0,88.5,-2.0,29.0,ground_ball,medium,1,0,,,3a1efbac-5317-3358-837c-ddf40bd20bf3
824703,34,4,bottom,1,1,0,0,1,0,R,R,grounded_into_double_play,out,0,79.6,-4.0,25.0,ground_ball,medium,1,0,,,0c819df3-8ce0-3b89-8fcf-908ba68a35bf
824703,35,5,top,0,0,0,0,0,0,L,L,single,hit,0,84.7,-0.0,40.0,ground_ball,medium,1,0,,,a3cc1b74-8c83-3d70-b72e-618e36216164
824703,37,5,top,1,1,0,0,1,0,R,L,field_out,out,0,97.0,46.0,258.0,fly_ball,medium,1,0,,,f77bd850-738a-315f-9390-e0bcc2132d84
824703,38,5,top,2,0,0,0,0,0,R,L,field_out,out,0,91.4,25.0,320.0,line_drive,medium,1,0,,,ddce77d2-6405-399e-a4f8-aee8580ad602
824703,39,5,bottom,0,0,0,0,0,0,R,R,single,hit,0,99.8,2.0,69.0,ground_ball,medium,1,0,,,1bbfa18c-d5b2-3f4e-abd4-d34b6a9fdc7f
824703,40,5,bottom,0,1,0,0,1,0,L,R,double,hit,0,88.2,34.0,292.0,fly_ball,medium,1,0,,,8fcb8a44-c90b-3b11-9c28-1f416ad2979b
824703,42,5,bottom,1,0,1,1,2,1,R,L,single,hit,2,83.0,4.0,84.0,ground_ball,medium,1,0,,,968ee6f1-181b-39b0-b945-68113485a810
824703,43,5,bottom,1,0,0,0,0,0,L,L,field_out,out,0,82.6,33.0,288.0,fly_ball,medium,1,0,,,97d63131-e9bf-3e48-a0cf-7144d813bdb2
824703,44,5,bottom,2,0,0,0,0,0,R,L,field_out,out,0,79.7,-39.0,4.0,ground_ball,medium,1,0,,,6a50b012-33f5-3644-a973-3e5765a2bd65
824703,45,6,top,0,0,0,0,0,0,R,L,field_out,out,0,77.9,60.0,168.0,popup,medium,1,0,,,b3d7307f-2613-3a15-8630-6ce2bcaa0a11
824703,46,6,top,1,0,0,0,0,0,R,L,single,hit,0,104.6,15.0,294.0,line_drive,hard,1,0,,,a282588a-e0a9-377c-a091-d2a0f0699812
824703,48,6,top,2,0,0,0,0,0,R,R,field_out,out,0,83.3,38.0,236.0,fly_ball,medium,1,0,,,9d529e23-0211-3e28-b4e5-71e897f06a7b
824703,50,6,bottom,1,0,0,0,0,0,L,L,field_out,out,0,105.3,1.0,57.0,ground_ball,medium,1,0,,,243be235-4d9d-33b6-a76a-b1f6842fa6b7
824703,51,6,bottom,2,0,0,0,0,0,R,R,field_out,out,0,82.6,-10.0,15.0,ground_ball,medium,1,0,,,42a5ad6c-5478-3ff2-a190-65659921a768
824703,54,7,top,0,1,1,0,2,1,R,R,field_out,out,0,79.1,-47.0,3.0,ground_ball,medium,1,0,,,a03ea246-3962-3432-be7a-e080c371eb0d
824703,57,7,top,2,0,0,0,0,0,R,R,field_out,out,0,85.5,39.0,249.0,fly_ball,medium,1,0,,,0185c3a7-e03f-3a84-9bf5-b51577b8cf80
824703,58,7,bottom,0,0,0,0,0,0,R,R,field_out,out,0,77.2,42.0,218.0,fly_ball,medium,1,0,,,3336b9a3-131c-33c2-8af0-a33ef44b1056
824703,59,7,bottom,1,0,0,0,0,0,L,R,triple,hit,0,106.5,6.0,123.0,ground_ball,medium,1,0,,,647b9024-3af8-3717-8278-ee7ef63c3953
824703,60,7,bottom,1,0,0,1,1,1,R,R,double,hit,1,92.9,10.0,149.0,line_drive,medium,1,0,,,9fb9e978-bdb1-33fd-88a3-b5e7c5944f1a
824703,61,7,bottom,1,0,1,0,1,1,L,R,field_out,out,0,96.9,0.0,40.0,ground_ball,medium,1,0,,,f81e111e-d092-3bb7-a8b0-64b8787a0d1f
824703,62,7,bottom,2,0,0,0,0,0,L,R,field_out,out,0,73.9,-3.0,22.0,ground_ball,medium,1,0,,,fd5e5aeb-4b64-337b-bff8-8b954904e306
824703,63,8,top,0,0,0,0,0,0,R,L,field_out,out,0,104.2,-8.0,19.0,ground_ball,medium,1,0,,,76f373c3-e479-3bff-802f-58f80d16105a
824703,64,8,top,1,0,0,0,0,0,L,L,field_out,out,0,94.1,-7.0,17.0,ground_ball,medium,1,0,,,186492cc-a6c4-3484-a62f-b4eeee65527c
824703,66,8,bottom,0,0,0,0,0,0,R,R,field_out,out,0,65.1,-15.0,10.0,ground_ball,medium,1,0,,,1b4cd372-e706-3aee-869f-1ad9e71190c3
824703,67,8,bottom,1,0,0,0,0,0,L,R,field_out,out,0,70.9,62.0,125.0,popup,medium,1,0,,,bb08d1ef-d3be-377e-b259-bb7284b06fe4
824703,69,8,bottom,2,1,1,0,2,1,R,R,single,hit,0,79.0,28.0,274.0,fly_ball,medium,1,0,,,35a6fafa-2018-3c3e-936e-12000a70cb43
824703,70,8,bottom,2,0,0,0,0,0,R,R,field_out,out,0,56.0,-39.0,5.0,ground_ball,medium,1,0,,,32b3dec4-1e00-35a9-bbc3-1c94b6422c28
824703,72,9,top,1,0,0,0,0,0,L,L,field_out,out,0,102.2,40.0,303.0,fly_ball,hard,1,0,True,MJ,7c33a4a6-f7ba-3eaa-979d-ef4b95ebb2c2
824705,0,1,top,0,0,0,0,0,0,L,R,single,hit,0,106.2,-5.0,21.0,ground_ball,medium,1,0,,,be31f7de-7bc3-32ca-b781-827be6a3d401
824705,1,1,top,0,1,0,0,1,0,R,R,home_run,hit,2,104.0,27.0,417.0,fly_ball,medium,1,0,,,0e3adcd7-dcc0-3971-a011-c3e4ac058f7d
824705,2,1,top,0,0,0,0,0,0,L,R,field_out,out,0,98.6,21.0,361.0,line_drive,medium,1,0,,,f302010f-f2d8-396c-94a0-d4bce3d5966e
824705,3,1,top,1,0,0,0,0,0,L,R,field_out,out,0,106.4,-0.0,44.0,ground_ball,hard,1,0,,,d6cadda7-9038-3c61-9eca-c0df1404184d
824705,4,1,top,2,0,0,0,0,0,L,R,single,hit,0,70.9,25.0,224.0,fly_ball,medium,1,0,,,9aa1f861-5590-36e5-8b2f-b7a15352deb5
824705,5,1,top,2,1,0,0,1,0,R,R,force_out,out,0,79.4,-5.0,24.0,ground_ball,medium,1,0,,,d8caf90c-6fcc-3710-9295-b0e3d2783d9f
824705,7,1,bottom,1,0,0,0,0,0,R,L,home_run,hit,1,103.2,32.0,402.0,fly_ball,medium,1,0,,,2c517b08-a2fe-36e8-9543-55a70ef048c5
824705,10,2,top,0,0,0,0,0,0,L,R,field_out,out,0,109.3,-20.0,5.0,ground_ball,hard,1,0,,,b37e2670-d5b8-375d-8613-391dadf07c43
824705,11,2,top,1,0,0,0,0,0,R,R,field_out,out,0,31.2,-26.0,5.0,ground_ball,soft,1,0,,,37a6c5f7-212a-3e64-b97e-ebd41c94d71c
824705,12,2,top,2,0,0,0,0,0,R,R,field_out,out,0,73.0,67.0,121.0,popup,medium,1,0,,,d9c5abe8-342c-32ad-9c9d-31156f6b4749
824705,14,2,bottom,1,0,0,0,0,0,R,L,single,hit,0,102.0,-0.0,54.0,ground_ball,medium,1,0,,,24e17319-23e5-3945-ad12-3f55a9829482
824705,15,2,bottom,1,1,0,0,1,0,R,L,single,hit,0,91.1,-24.0,4.0,ground_ball,medium,1,0,,,ce7d86c4-a347-39b6-908b-45c450a1d845
824705,17,2,bottom,1,1,1,1,3,1,R,L,force_out,out,1,69.4,14.0,142.0,ground_ball,medium,1,0,,,1eaf33dd-60a5-3a18-b314-b5029abc5cfa
824705,20,3,top,1,0,0,0,0,0,R,R,home_run,hit,1,102.6,28.0,402.0,fly_ball,medium,1,0,,,d96c6173-1945-3dd0-ab90-99c59146eb81
824705,21,3,top,1,0,0,0,0,0,L,R,field_out,out,0,93.0,-9.0,14.0,ground_ball,medium,1,0,,,624589b1-5720-3ab7-a9b8-058db5c9e70b
824705,22,3,top,2,0,0,0,0,0,L,R,field_out,out,0,61.0,-43.0,3.0,ground_ball,medium,1,0,,,5d1bce16-e2ec-33e5-b8ef-45c2cdc6650b
824705,23,3,bottom,0,0,0,0,0,0,R,L,field_out,out,0,70.4,-4.0,19.0,ground_ball,medium,1,0,,,e9f06292-5568-3935-8698-3e8ed6a46c1e
824705,24,3,bottom,1,0,0,0,0,0,R,L,field_out,out,0,95.8,-9.0,12.0,ground_ball,medium,1,0,True,MJ,0516e8de-e6a6-36aa-a760-6068b372e099
824705,25,3,bottom,2,0,0,0,0,0,L,L,field_out,out,0,58.5,21.0,154.0,line_drive,medium,1,0,,,bea4e7b3-036e-3b3e-95b6-8d6356a16cc1
824705,26,4,top,0,0,0,0,0,0,L,R,field_out,out,0,66.2,-6.0,17.0,ground_ball,medium,1,0,,,8ff3b9c5-d82e-3420-b2d5-6a8cf4ba8115
824705,27,4,top,1,0,0,0,0,0,R,R,field_out,out,0,28.6,70.0,30.0,popup,soft,1,0,,,5d06d2a1-a1f9-3bf2-9125-f30a017b46f2
824705,30,4,top,2,0,0,0,0,0,R,L,field_out,out,0,83.2,26.0,296.0,line_drive,medium,1,0,,,96ee1042-8c57-3ec4-aac8-61e91baa52e0
824705,31,4,bottom,0,0,0,0,0,0,R,L,single,hit,0,80.1,20.0,265.0,line_drive,medium,1,0,,,312dca91-82a7-35e6-b498-2676b794e0b3
824705,33,4,bottom,0,0,0,0,0,0,R,L,field_out,out,0,76.5,63.0,175.0,popup,medium,1,0,,,9883ea91-143e-3cd1-9aac-7db022689aa5
824705,34,4,bottom,1,0,0,0,0,0,R,L,field_out,out,0,85.0,55.0,219.0,fly_ball,medium,1,0,,,c79f3778-0ff6-3719-801d-00b8f95999d8
824705,35,4,bottom,2,0,0,0,0,0,R,L,field_out,out,0,88.1,27.0,330.0,fly_ball,medium,1,0,False,MJ,d486b08e-673a-3ee6-bc1a-bd87b25dc15a
824705,36,5,top,0,0,0,0,0,0,R,L,single,hit,0,70.7,24.0,226.0,line_drive,medium,1,0,,,7ff6c328-867c-33e1-af60-1fa3e5230af9
824705,37,5,top,0,1,0,0,1,0,R,L,single,hit,0,94.4,6.0,102.0,ground_ball,medium,1,0,,,d6ad89c9-e8ae-3c7b-a241-99cb0eaf1920
824705,38,5,top,0,1,1,0,2,1,L,L,grounded_into_double_play,out,0,80.8,-13.0,11.0,ground_ball,medium,1,0,,,6d64df42-bc6e-3f78-a35c-e26f33aa0ee6
824705,40,5,bottom,0,0,0,0,0,0,L,L,field_out,out,0,101.5,-7.0,17.0,ground_ball,medium,1,0,,,b2a090a0-11a5-3106-af77-450d1fb80d22
824705,42,5,bottom,1,1,0,0,1,0,R,L,grounded_into_double_play,out,0,93.2,-9.0,12.0,ground_ball,medium,1,0,,,43663f97-3f4a-3e65-adf8-1c70c34a9b59
824705,43,6,top,0,0,0,0,0,0,L,L,field_out,out,0,60.7,-32.0,6.0,ground_ball,medium,1,0,,,a0fef29d-02ab-3f31-9a9a-73c3eeab7cef
824705,44,6,top,1,0,0,0,0,0,R,L,field_out,out,0,72.0,26.0,244.0,fly_ball,medium,1,0,,,65ac67ba-67b4-347e-8ee7-5efaeac8c3b3
824705,47,6,bottom,0,1,0,0,1,0,R,L,single,hit,0,100.0,11.0,197.0,line_drive,hard,1,0,,,6c9c240e-5678-362b-a77d-82fa46d1a010
824705,48,6,bottom,0,0,0,0,0,0,R,L,field_out,out,0,100.3,15.0,320.0,line_drive,hard,1,0,,,63432d1c-e6c4-3227-aeda-899654edea67
824705,49,6,bottom,1,1,0,0,1,0,R,L,grounded_into_double_play,out,0,82.5,-12.0,9.0,ground_ball,medium,1,0,,,31e471f2-8df8-3325-b218-170d847bf737
824705,51,7,top,1,0,0,0,0,0,R,L,double,hit,0,101.6,26.0,400.0,fly_ball,hard,1,0,,,f797bd59-21ff-3ee7-a093-44680b52186e
824705,52,7,top,1,0,0,0,0,0,R,L,field_out,out,0,101.0,47.0,285.0,popup,medium,1,0,,,abd6c125-af2a-30ae-b302-b3ba5f34f7be
824705,54,7,top,2,0,0,0,0,0,R,L,field_out,out,0,67.0,-31.0,4.0,ground_ball,medium,1,0,,,106e6f61-8ed0-35cf-9b33-675bda85fde4
824705,55,7,bottom,0,0,0,0,0,0,R,R,field_out,out,0,103.5,-5.0,22.0,ground_ball,medium,1,0,,,6cdde058-23af-36b4-bf73-cfae20e2c9b0
824705,57,7,bottom,2,0,0,0,0,0,L,R,field_out,out,0,77.1,58.0,189.0,popup,medium,1,0,,,4d2c953d-a1ee-3831-8693-f2e410b6996b
824705,59,8,top,1,0,0,0,0,0,L,L,field_error,error,0,85.0,-50.0,3.0,ground_ball,medium,1,0,,,5b2cb4c8-db6e-3c9a-b5d0-42a7a72d0ae5
824705,60,8,top,1,0,0,0,0,0,R,L,field_out,out,0,88.3,55.0,231.0,fly_ball,medium,1,0,,,e2127879-b854-3e0d-abad-077b2c11feb2
824705,61,8,top,2,1,0,0,1,0,R,L,single,hit,0,80.0,-52.0,1.0,ground_ball,medium,1,0,,,3547ed1a-3f64-3b32-8f90-5eb3482d8935
824705,63,8,bottom,0,0,0,0,0,0,R,R,field_out,out,0,76.5,-2.0,26.0,ground_ball,medium,1,0,,,ae564685-9510-3069-af3a-3f465bbf8cc3
824705,64,8,bottom,1,0,0,0,0,0,R,R,field_out,out,0,89.0,64.0,161.0,popup,medium,1,0,,,c077c681-43c0-3f47-83cf-84d2862bcf42
824705,65,8,bottom,2,0,0,0,0,0,L,R,field_out,out,0,95.2,-46.0,2.0,ground_ball,medium,1,0,,,fc69bc61-8e4b-3487-bb6e-ff6ab35395cc
824705,66,9,top,0,0,0,0,0,0,R,L,single,hit,0,68.9,19.0,187.0,line_drive,medium,1,0,,,76545d45-e1b2-35e6-bcab-e04bdcdaf425
824705,67,9,top,0,1,1,0,2,1,R,L,single,hit,0,88.2,30.0,334.0,fly_ball,medium,1,0,,,77f0b017-c300-3962-abe5-9f5028d1d8b9
824705,68,9,top,0,1,0,1,2,1,R,L,double,hit,1,101.3,15.0,300.0,line_drive,hard,1,0,True,MJ,ca67d116-aaf3-3605-8e1a-6e1be01858d8
824705,69,9,top,0,0,0,1,1,1,R,L,sac_fly,out,1,93.6,44.0,319.0,fly_ball,medium,1,0,,,ab33cd03-e4b6-3009-9bc1-8bd110b38338
824705,71,9,top,2,0,1,1,2,1,L,L,double,hit,1,101.0,26.0,392.0,fly_ball,hard,1,0,,,387b89c9-540e-3487-be6f-414cab21538b
824705,73,9,top,2,1,1,1,3,1,R,L,single,hit,0,94.2,1.0,62.0,ground_ball,medium,1,0,,,844963cf-becb-3fb1-b1e6-de6ea5963cd8
824705,75,9,bottom,1,0,0,0,0,0,L,R,field_out,out,0,92.6,-20.0,7.0,ground_ball,medium,1,0,,,6d45bb45-0eb4-3554-b50f-6dc204e4191b
824705,76,9,bottom,2,0,0,0,0,0,R,R,field_out,out,0,88.5,29.0,311.0,fly_ball,medium,1,0,,,2e40b05d-4425-36d0-8586-357f6f691748
824706,2,1,top,1,1,0,0,1,0,L,R,single,hit,0,76.6,46.0,213.0,fly_ball,medium,1,0,,,aa44d085-009d-3014-946a-62a0844cf659
824706,3,1,top,1,0,0,0,0,0,L,R,field_out,out,0,86.8,39.0,293.0,fly_ball,medium,1,0,True,MJ,cff9d669-a0ff-3027-a9ae-c10d3c4458b9
824706,4,1,top,2,0,0,0,0,0,L,R,field_out,out,0,83.5,58.0,177.0,popup,medium,1,0,,,57e4155a-8ff2-3f28-a101-16197251b9e2
824706,6,1,bottom,0,0,0,0,0,0,R,L,field_out,out,0,104.6,33.0,348.0,fly_ball,medium,1,0,,,9521f1d5-89a4-30f8-b58d-109b49ae4ec3
824706,9,2,top,0,0,0,0,0,0,R,R,single,hit,0,89.5,11.0,194.0,line_drive,medium,1,0,,,e4f9bd07-a6b5-3d65-ad17-f2f708b3bb66
824706,10,2,top,0,1,0,0,1,0,L,R,grounded_into_double_play,out,0,106.0,5.0,110.0,ground_ball,medium,1,0,,,6366fe5e-a1fa-3b98-84e5-57926e449171
824706,11,2,top,2,0,0,0,0,0,R,R,field_out,out,0,80.5,75.0,30.0,popup,medium,1,0,,,f3aae390-f106-3a7d-83d1-17db0dc41848
824706,12,2,bottom,0,0,0,0,0,0,R,L,field_out,out,0,84.6,46.0,262.0,popup,medium,1,0,,,f7d61cde-d356-3357-a1d1-abf8bf50ebef
824706,13,2,bottom,1,0,0,0,0,0,R,L,field_out,out,0,73.9,48.0,200.0,fly_ball,medium,1,0,,,4f245233-a06e-3529-a12e-f485682e019f
824706,15,3,top,0,0,0,0,0,0,R,R,field_out,out,0,97.2,35.0,289.0,fly_ball,medium,1,0,,,c3cb97a0-6357-3195-8bbd-5ad797dbe13a
824706,16,3,top,1,0,0,0,0,0,L,R,field_out,out,0,97.0,71.0,43.0,popup,medium,1,0,True,MJ,3f783280-b5bf-3726-ba07-0e264df75cbd
824706,18,3,bottom,0,0,0,0,0,0,R,L,single,hit,0,87.9,15.0,252.0,line_drive,medium,1,0,,,4d9e7aea-3feb-36d7-bd14-46bde28957ed
824706,19,3,bottom,0,0,0,0,0,0,R,L,field_out,out,0,92.4,40.0,304.0,fly_ball,medium,1,0,,,ca373083-799a-384b-8c1e-06cdc3a9f25f
824706,20,3,bottom,1,1,1,0,2,1,L,L,single,hit,0,88.0,17.0,234.0,line_drive,medium,1,0,,,6a95902c-6bf6-35ed-99b7-2941ef513453
824706,22,3,bottom,2,0,0,0,0,0,L,L,field_out,out,0,94.7,2.0,68.0,ground_ball,medium,1,0,,,5e41fc9a-7b6a-3e8a-b425-4cc2fb8fd477
824706,23,4,top,0,0,0,0,0,0,L,R,single,hit,0,103.4,4.0,99.0,ground_ball,medium,1,0,,,bcb1b900-b022-34f5-9ab5-1c52132adf02
824706,24,4,top,0,1,0,0,1,0,L,R,grounded_into_double_play,out,0,89.7,-16.0,5.0,ground_ball,medium,1,0,,,528625dc-940f-36e6-b256-b370bb034627
824706,25,4,top,2,0,0,0,0,0,L,R,field_out,out,0,100.2,-7.0,12.0,ground_ball,medium,1,0,,,19fdbd36-425e-3f16-9dcd-934f21061e78
824706,27,4,bottom,1,0,0,0,0,0,R,L,single,hit,0,92.1,-1.0,43.0,ground_ball,medium,1,0,,,8c1cfcd9-6ee1-39b7-b0d0-6b57a5484aa9
824706,28,4,bottom,1,1,1,0,2,1,R,L,field_out,out,0,77.7,3.0,59.0,ground_ball,medium,1,0,,,12a57d54-0e4d-352f-9d39-813e0097693e
824706,29,4,bottom,2,0,0,0,0,0,L,L,field_out,out,0,66.9,56.0,141.0,popup,medium,1,0,,,543b40b8-e9c0-3358-b524-ac62620af244
824706,30,5,top,0,0,0,0,0,0,R,R,single,hit,0,100.1,8.0,162.0,line_drive,hard,1,0,,,64c997da-8a93-35db-a64f-b53680409a62
824706,31,5,top,0,0,0,0,0,0,L,R,field_out,out,0,71.3,35.0,241.0,fly_ball,medium,1,0,,,e3ae6701-c9ad-345a-bed8-4931f702c4df
824706,32,5,top,1,0,0,0,0,0,R,R,field_out,out,0,98.9,33.0,318.0,fly_ball,medium,1,0,,,27bb192f-3665-3d2c-877a-06a9dbbb3f86
824706,33,5,top,2,1,1,0,2,1,R,R,single,hit,0,73.1,14.0,136.0,ground_ball,medium,1,0,,,1943e575-0175-3c9b-8578-ab2054a98531
824706,34,5,top,2,0,0,0,0,0,L,R,field_out,out,0,108.0,3.0,82.0,ground_ball,medium,1,0,,,fbb42e39-de7d-3838-b167-e83d4c95999b
824706,36,5,bottom,0,1,0,0,1,0,R,L,grounded_into_double_play,out,0,100.2,-10.0,15.0,ground_ball,medium,1,0,,,c875b935-4527-3498-91e5-b819eadf0bb6
824706,38,6,top,0,0,0,0,0,0,R,R,single,hit,0,71.2,20.0,200.0,line_drive,medium,1,0,,,9fd0f8ba-6f8f-3c17-9a1a-5ce1c25e4416
824706,40,6,top,1,0,0,0,0,0,L,R,field_out,out,0,98.8,50.0,237.0,fly_ball,medium,1,0,,,be51dd4a-4482-3f3e-b068-37e89952eb48
824706,41,6,top,2,0,0,0,0,0,L,R,field_out,out,0,65.9,-39.0,3.0,ground_ball,medium,1,0,,,7e3d5a54-877f-3339-9a71-3f39f4f0d5c9
824706,45,7,top,0,0,0,0,0,0,R,R,field_out,out,0,93.3,21.0,323.0,line_drive,medium,1,0,,,15240763-295c-310d-8db1-23aca9a88ddf
824706,48,7,bottom,0,0,0,0,0,0,L,R,field_out,out,0,81.3,37.0,264.0,fly_ball,medium,1,0,,,1ee3ee0c-d1dd-3153-94f0-9ed8b525e44b
824706,49,7,bottom,1,0,0,0,0,0,R,R,field_out,out,0,89.7,71.0,115.0,popup,medium,1,0,,,31aae470-1dae-3330-8c83-d71a4f720be2
824706,50,7,bottom,2,0,0,0,0,0,L,R,field_out,out,0,84.3,-8.0,16.0,ground_ball,medium,1,0,,,f00bfce0-d6c7-3256-a288-4024e49f66af
824706,51,8,top,0,0,0,0,0,0,R,R,field_out,out,0,66.2,-17.0,7.0,ground_ball,medium,1,0,,,deb254f2-a2ab-3c9b-a075-70d410655051
824706,52,8,top,1,0,0,0,0,0,L,R,field_out,out,0,78.7,7.0,86.0,ground_ball,medium,1,0,,,ceec721a-47aa-3ac5-9749-ff54ef0624f1
824706,53,8,top,2,0,0,0,0,0,R,R,single,hit,0,110.6,-13.0,10.0,ground_ball,medium,1,0,,,c77374a9-9512-377f-862d-ef3c1834806e
824706,56,8,bottom,0,0,0,0,0,0,R,R,field_out,out,0,89.6,55.0,211.0,fly_ball,medium,1,0,False,MB,67179938-bd65-3d3b-a469-1c171ca02c20
824706,59,8,bottom,2,1,1,1,3,1,L,L,double,hit,2,100.5,31.0,361.0,fly_ball,hard,1,0,,,7b3e6f7f-dcf1-3665-a283-510cc888dfaf
824706,61,8,bottom,2,0,0,0,0,0,L,R,field_out,out,0,99.8,5.0,104.0,ground_ball,medium,1,0,,,ae5c993c-4de2-34ac-acb4-6bbd0c6a8ae5
824706,62,9,top,0,0,0,0,0,0,L,R,field_out,out,0,94.6,64.0,159.0,popup,medium,1,0,,,656bbdd6-f6a0-3c96-97d4-3274118d0215
824706,64,9,top,2,0,0,0,0,0,R,R,field_out,out,0,96.2,-11.0,14.0,ground_ball,medium,1,0,,,681c8f42-da5a-3b10-92bd-569770fc2ca4
824707,0,1,top,0,0,0,0,0,0,L,L,field_out,out,0,93.4,-13.0,11.0,ground_ball,medium,1,0,,,0e19ecf5-2898-3af3-ace3-042ecd1fb82b
824707,4,1,bottom,1,0,0,0,0,0,L,R,field_out,out,0,101.2,53.0,219.0,fly_ball,hard,1,0,,,fc735f94-381d-352e-ac95-2c2c60f448c5
824707,6,2,top,0,0,0,0,0,0,R,L,field_out,out,0,98.3,-25.0,5.0,ground_ball,medium,1,0,,,5d43a25c-d08d-34bb-aebd-d49030ebf246
824707,7,2,top,1,0,0,0,0,0,R,L,home_run,hit,1,93.8,25.0,319.0,fly_ball,medium,1,0,,,09dee785-cc60-3703-a89e-00f32e8ce0f3
824707,8,2,top,1,0,0,0,0,0,R,L,single,hit,0,100.4,15.0,242.0,line_drive,hard,1,0,,,0bc36913-dfb3-3479-ae56-aa06aea83501
824707,10,2,top,2,1,0,0,1,0,R,L,force_out,out,0,73.2,-4.0,21.0,ground_ball,medium,1,0,,,2430bbf9-8983-3b6e-b50f-9cf05217580e
824707,11,2,bottom,0,0,0,0,0,0,L,L,field_out,out,0,81.9,62.0,135.0,popup,medium,1,0,,,1f28709e-faaa-368c-bbbf-38d9d40e643e
824707,12,2,bottom,1,0,0,0,0,0,R,L,field_out,out,0,51.2,27.0,135.0,ground_ball,soft,1,0,,,7f0cd6c6-9e1d-369e-9112-0b04a1689589
824707,14,2,bottom,2,0,0,0,0,0,L,L,field_out,out,0,59.8,57.0,142.0,popup,soft,1,0,,,20f6d4c3-16bb-31af-88b3-5d631770f35e
824707,15,3,top,0,0,0,0,0,0,R,L,field_out,out,0,62.6,5.0,63.0,ground_ball,medium,1,0,,,19b4a5ab-12b5-3665-9aa4-d092514154d6
824707,17,3,top,1,1,0,0,1,0,R,L,single,hit,0,96.5,-29.0,3.0,ground_ball,soft,1,0,True,MJ,e1043493-5763-31ba-bb3f-058e8ad71606
824707,19,3,top,2,0,0,0,0,0,R,L,field_out,out,0,96.1,-30.0,5.0,ground_ball,medium,1,0,,,ba78991f-a6f4-3c68-9b53-f022a41f3fbe
824707,20,3,bottom,0,0,0,0,0,0,R,L,field_out,out,0,90.8,-21.0,8.0,ground_ball,medium,1,0,,,bede4664-1958-39aa-8f01-ed9a7b8b8fc5
824707,22,3,bottom,2,0,0,0,0,0,R,L,single,hit,0,82.9,16.0,198.0,line_drive,medium,1,0,True,MJ,2bfcf8dd-8568-30a2-a4d1-1e985765f57c
824707,24,4,top,0,0,0,0,0,0,R,L,field_out,out,0,63.6,84.0,29.0,popup,medium,1,0,,,1232eeba-346d-325b-b803-c07ac397067e
824707,25,4,top,1,0,0,0,0,0,R,L,field_out,out,0,61.0,60.0,124.0,popup,medium,1,0,,,e390891b-3406-3661-a248-83362d31a5bd
824707,26,4,top,2,0,0,0,0,0,L,L,field_out,out,0,91.0,-19.0,4.0,ground_ball,medium,1,0,,,3fb56fc0-fa6d-30c3-ac11-1fd317cafe91
824707,28,4,bottom,1,0,0,0,0,0,L,L,field_out,out,0,95.5,48.0,216.0,fly_ball,medium,1,0,,,93b4f707-843b-392a-8a0f-a6d821f01079
824707,29,4,bottom,2,0,0,0,0,0,R,L,field_out,out,0,97.8,33.0,342.0,fly_ball,medium,1,0,,,43d1b733-a7a5-3b9c-a9c1-39f6a32d8e23
824707,30,5,top,0,0,0,0,0,0,R,L,field_out,out,0,101.5,40.0,312.0,fly_ball,hard,1,0,,,4d101fe8-8743-387c-9263-c86ec3d5f43c
824707,32,5,top,2,0,0,0,0,0,L,L,field_out,out,0,92.3,-7.0,16.0,ground_ball,medium,1,0,,,d3d11835-ab37-354d-a2aa-3f46c0123a0b
824707,33,5,bottom,0,0,0,0,0,0,R,L,field_error,error,0,88.4,-1.0,45.0,ground_ball,medium,1,0,,,638baaef-251b-30f7-9420-b14c2868f43b
824707,34,5,bottom,0,1,0,0,1,0,L,L,field_out,out,0,30.9,57.0,56.0,bunt_popup,medium,1,0,,,752e0655-beff-3ceb-92de-4d9f2ded1d37
824707,36,5,bottom,2,0,0,0,0,0,R,L,field_out,out,0,68.5,6.0,79.0,ground_ball,medium,1,0,,,d411c697-2c2c-3477-b774-77ad27381fca
824707,37,6,top,0,0,0,0,0,0,R,L,single,hit,0,97.2,1.0,53.0,ground_ball,medium,1,0,,,1d55354d-2bc8-3ac7-abc2-37d3d44c7fbb
824707,39,6,top,1,0,0,0,0,0,R,L,field_out,out,0,103.5,-12.0,11.0,ground_ball,hard,1,0,,,9cd05b03-deb5-3a2b-afa9-942092613fe0
824707,40,6,top,2,0,0,0,0,0,R,L,field_out,out,0,59.8,-29.0,8.0,ground_ball,soft,1,0,,,ca7c486a-0eb3-3ae1-866b-9aa4f8fb7dea
824707,41,6,bottom,0,0,0,0,0,0,R,L,field_out,out,0,83.0,31.0,301.0,fly_ball,medium,1,0,True,MJ,5933dc4f-f557-3840-ba74-ef4b7474c900
824707,43,6,bottom,1,0,0,0,0,0,R,L,field_out,out,0,86.8,23.0,275.0,line_drive,medium,1,0,,,8f1f5140-7d8b-36d1-a873-dc3921b781fa
824707,44,6,bottom,2,0,0,0,0,0,L,L,field_out,out,0,93.0,-13.0,13.0,ground_ball,medium,1,0,,,09548a39-1757-3dfc-b93c-4bdde885455e
824707,46,7,top,1,0,0,0,0,0,L,L,field_out,out,0,78.9,41.0,245.0,fly_ball,medium,1,0,,,7552352b-f825-3827-8475-31f3bacb4968
824707,47,7,top,2,0,0,0,0,0,R,L,field_out,out,0,107.7,14.0,339.0,line_drive,hard,1,0,,,161e8bdd-6293-3149-ac6f-827f15c5cf74
824707,49,7,bottom,0,1,0,0,1,0,R,R,grounded_into_double_play,out,0,100.7,-2.0,43.0,ground_ball,hard,1,0,,,507683fd-9203-3713-a9d8-3e7b7a312bdb
824707,50,7,bottom,2,0,0,0,0,0,L,R,single,hit,0,108.2,13.0,274.0,line_drive,hard,1,0,True,MJ,aa8773dd-17d7-3c6c-b338-a6d330ad76e5
824707,52,8,top,0,0,0,0,0,0,R,L,field_out,out,0,90.1,46.0,258.0,fly_ball,medium,1,0,,,50c74446-ba56-34fe-8b47-307b49c4fada
824707,53,8,top,1,0,0,0,0,0,L,L,field_out,out,0,95.5,7.0,113.0,ground_ball,medium,1,0,,,db562619-5063-329f-bfc1-b8291177e11e
824707,54,8,top,2,0,0,0,0,0,R,L,field_out,out,0,75.8,74.0,50.0,popup,medium,1,0,,,2b96ea5a-1336-3882-acb8-b8a8b7163a33
824707,56,8,bottom,1,0,0,0,0,0,R,L,field_out,out,0,69.6,40.0,223.0,fly_ball,medium,1,0,,,8ef8cad3-1fc1-3463-8bb4-bb85fd4f71f7
824707,59,9,top,0,0,0,0,0,0,L,L,field_error,error,0,,,,ground_ball,medium,0,0,,,3798e9c9-199d-3e6b-a37b-71b31f76bc39
824707,61,9,top,1,1,0,0,1,0,R,L,force_out,out,0,88.9,-34.0,6.0,ground_ball,medium,1,0,,,c83f2018-59c8-3c76-a2f2-9a799c81250e
824707,62,9,top,2,1,0,0,1,0,R,L,force_out,out,0,102.1,2.0,69.0,ground_ball,hard,1,0,,,518cc6dd-58b7-307d-9ad8-1017570e17b1
824709,1,1,top,1,0,0,0,0,0,R,L,single,hit,0,107.0,2.0,69.0,ground_ball,hard,1,0,,,955f487a-e1d0-3653-a810-00a42a3b9490
824709,2,1,top,1,1,0,0,1,0,L,L,force_out,out,0,87.1,-15.0,11.0,ground_ball,medium,1,0,,,5e12fd8b-27b4-303b-ac66-ae8e727d0799
824709,5,1,bottom,1,0,0,0,0,0,R,L,single,hit,0,93.2,14.0,246.0,line_drive,medium,1,0,,,396bf936-619c-3eb3-9856-d059903b8971
824709,6,1,bottom,1,0,0,0,0,0,R,L,field_out,out,0,64.9,81.0,51.0,popup,medium,1,0,,,89e2798c-7f50-3ac3-9390-574fc62578db
824709,7,1,bottom,2,1,0,0,1,0,L,L,force_out,out,0,97.2,-21.0,7.0,ground_ball,medium,1,0,,,c23482c3-d37b-34e5-9653-2b542a500ab1
824709,8,2,top,0,0,0,0,0,0,R,L,double,hit,0,99.5,6.0,109.0,ground_ball,hard,1,0,,,829c2d0b-63c6-3e5e-a625-5d91019c4cd2
824709,9,2,top,0,0,1,0,1,1,R,L,single,hit,1,91.7,-4.0,30.0,ground_ball,medium,1,0,,,25ee3771-7207-3985-8b42-7dc31eeef4dc
824709,10,2,top,0,1,0,0,1,0,L,L,single,hit,0,67.6,31.0,225.0,fly_ball,medium,1,0,,,86f32b5c-4934-35d7-b76d-407cbe176c5b
824709,12,2,top,0,1,1,1,3,1,R,L,grounded_into_double_play,out,0,91.6,-1.0,43.0,ground_ball,medium,1,0,,,f498bb9f-9537-36b0-b65d-b4e274e923ba
824709,14,2,top,2,1,0,0,1,0,R,L,force_out,out,0,100.6,-25.0,5.0,ground_ball,medium,1,0,,,2362dde9-679c-3231-983e-c3959611eac8
824709,15,2,bottom,0,0,0,0,0,0,R,L,double,hit,0,94.3,20.0,330.0,line_drive,medium,1,0,,,ec9ab207-7260-3567-8560-207cfcb1ccb4
824709,16,2,bottom,0,0,1,0,1,1,R,L,field_out,out,0,101.8,5.0,147.0,ground_ball,hard,1,0,,,57e86a1a-1410-3e7f-8af0-396366a3bb8c
824709,17,2,bottom,1,0,0,1,1,1,R,L,field_out,out,1,95.3,-20.0,5.0,ground_ball,medium,1,0,,,50e969e1-beeb-331b-8998-96a81704f80b
824709,19,3,top,0,0,0,0,0,0,L,L,single,hit,0,75.2,26.0,267.0,line_drive,medium,1,0,,,2e4e94b1-9cc0-3d7e-9e13-1374fa741d61
824709,20,3,top,0,0,0,0,0,0,R,L,field_out,out,0,77.6,35.0,257.0,fly_ball,medium,1,0,,,32b31bdd-b029-3508-9d20-0f82c8c5da4e
824709,21,3,top,1,1,1,0,2,1,R,L,single,hit,0,95.4,2.0,62.0,ground_ball,medium,1,0,,,ca5aa274-fddc-3147-afa0-e78313f17c57
824709,22,3,top,1,0,1,1,2,1,R,L,fielders_choice_out,fielders_choice,0,82.3,-13.0,9.0,ground_ball,medium,1,0,,,2a2a83cf-f253-357c-9175-0b171fb07c1d
824709,24,3,bottom,0,0,0,0,0,0,R,L,single,hit,0,73.0,16.0,188.0,line_drive,medium,1,0,,,3cf36338-41be-3e8a-9d86-ae154b469932
824709,25,3,bottom,0,1,0,0,1,0,L,L,grounded_into_double_play,out,0,82.1,-29.0,6.0,ground_ball,medium,1,0,,,ea50f248-642d-37f8-81d9-b547ebe04375
824709,26,3,bottom,2,0,0,0,0,0,R,L,double,hit,0,93.7,5.0,88.0,ground_ball,medium,1,0,True,MJ,aed0ccae-6dd1-3333-89cf-94db83dd8ad9
824709,28,4,top,0,0,0,0,0,0,R,L,field_error,error,0,60.7,-64.0,2.0,ground_ball,medium,1,0,,,86163525-2ba9-38bd-b520-d73c4a313b32
824709,29,4,top,0,0,0,0,0,0,R,L,field_out,out,0,90.4,34.0,334.0,fly_ball,medium,1,0,,,b2b8cdaf-ec5d-3a67-89de-31852f9435d6
824709,30,4,top,1,0,0,0,0,0,L,L,field_out,out,0,82.9,48.0,210.0,fly_ball,medium,1,0,,,832d63f1-bacc-3e02-9646-44245e1b7513
824709,31,4,top,2,0,0,0,0,0,R,L,field_out,out,0,68.8,74.0,56.0,popup,medium,1,0,,,bf935fda-f3ea-3676-900a-584a260ecef0
824709,32,4,bottom,0,0,0,0,0,0,L,L,field_out,out,0,88.3,39.0,287.0,fly_ball,medium,1,0,,,fa12fc7c-6ed2-38c2-83b6-108cc43e3255
824709,33,4,bottom,1,0,0,0,0,0,R,L,double,hit,0,98.5,16.0,315.0,line_drive,hard,1,0,,,aa659b81-4311-3a8c-8611-b13c52f6eeb4
824709,36,4,bottom,2,0,0,0,0,0,R,L,field_out,out,0,86.0,5.0,100.0,ground_ball,medium,1,0,,,19e441dc-4b5d-3e02-8a75-0e055ee586b2
824709,37,5,top,0,0,0,0,0,0,L,L,double,hit,0,100.1,21.0,355.0,line_drive,hard,1,0,,,73d43cb5-d55f-3c1e-b72a-9c11e7386c99
824709,38,5,top,0,0,0,0,0,0,R,L,field_out,out,0,80.7,35.0,267.0,fly_ball,medium,1,0,,,6945cdfa-c9d9-3985-be47-685055b0aee3
824709,39,5,top,1,0,1,0,1,1,R,L,field_out,out,0,102.8,15.0,336.0,line_drive,hard,1,0,,,fcde7c35-c46b-3bd4-a11d-4efc0a4e3f70
824709,42,5,bottom,0,0,0,0,0,0,R,L,field_out,out,0,66.4,54.0,167.0,popup,medium,1,0,,,e71ee93c-48b8-3e96-ab85-b39f14bd2e50
824709,43,5,bottom,1,0,0,0,0,0,L,L,field_out,out,0,104.9,-12.0,12.0,ground_ball,medium,1,0,,,ddb15ebd-e3a8-3779-bb4e-7aff193caa62
824709,45,6,top,0,0,0,0,0,0,R,L,field_out,out,0,73.2,-10.0,13.0,ground_ball,medium,1,0,,,92b474b7-71d6-36c8-bab5-932541ba3d85
824709,46,6,top,1,0,0,0,0,0,R,L,single,hit,0,93.5,13.0,231.0,line_drive,medium,1,0,,,277bc57b-65f6-3d48-a5e5-a217db87ef4d
824709,48,6,top,2,0,0,0,0,0,R,L,field_out,out,0,106.3,-7.0,20.0,ground_ball,medium,1,0,,,51b871a5-26ad-3288-af9b-e56286aac343
824709,49,6,bottom,0,0,0,0,0,0,R,L,field_out,out,0,80.0,12.0,141.0,line_drive,medium,1,0,,,8aba0416-fa9a-3342-ac03-996e51b53f82
824709,50,6,bottom,1,0,0,0,0,0,L,L,double,hit,0,99.5,27.0,317.0,fly_ball,medium,1,0,,,7c7a290b-5b58-3187-9d2b-313434224ae9
824709,51,6,bottom,1,0,1,0,1,1,R,L,field_out,out,0,98.8,20.0,364.0,fly_ball,hard,1,0,False,MJ,08c8fd61-43bb-33b8-90bb-c9986bbfe3fd
824709,54,7,top,0,0,0,0,0,0,L,L,field_out,out,0,100.0,2.0,74.0,ground_ball,medium,1,0,,,3a2794b7-9ef5-39be-988d-82e0ef0aa2ce
824709,56,7,top,1,1,1,0,2,1,R,L,single,hit,0,98.8,-1.0,44.0,ground_ball,medium,1,0,,,64758d51-abc3-391f-bb53-c28b9e36fce9
824709,57,7,top,1,0,1,1,2,1,R,L,fielders_choice_out,fielders_choice,0,79.6,-6.0,16.0,ground_ball,medium,1,0,,,5a3ed278-615c-394b-8f9f-73be2c9be58d
824709,65,8,top,2,0,0,0,0,0,L,L,single,hit,0,77.9,16.0,179.0,line_drive,medium,1,0,,,3de1fae3-365e-31d7-9ea9-55721639aa75
824709,67,8,bottom,0,0,0,0,0,0,L,R,home_run,hit,1,104.0,28.0,390.0,fly_ball,medium,1,0,,,297bb2c8-a396-346b-a513-eb6219afe9e0
824709,69,8,bottom,1,0,0,0,0,0,L,R,single,hit,0,83.5,22.0,272.0,fly_ball,medium,1,0,,,24505af0-f3e8-3c64-a46a-997e7113b735
824709,70,8,bottom,1,1,0,0,1,0,R,R,sac_bunt,out,0,17.7,16.0,19.0,bunt_grounder,soft,1,0,,,19db90f7-7684-3547-a1ae-fcea442264b8
824709,73,9,top,0,1,1,0,2,1,R,L,single,hit,0,99.1,-10.0,9.0,ground_ball,medium,1,0,,,5f545e80-211a-3261-b519-26c1c23b566b
824709,74,9,top,0,0,0,1,1,1,L,L,sac_fly,out,1,86.8,27.0,308.0,fly_ball,medium,1,0,,,19faac34-9f47-3660-89e4-42b648ed11ea
824709,75,9,top,1,1,0,0,1,0,L,L,single,hit,0,71.9,43.0,221.0,fly_ball,medium,1,0,True,MJ,e7aee6a5-99ad-3439-8ebe-4f2165b3abc6
824709,76,9,top,1,0,0,0,0,0,R,L,field_out,out,0,87.6,71.0,113.0,popup,medium,1,0,,,3c47bf4b-493f-361a-aee0-a28b99cb9a81
824709,78,9,top,2,0,0,0,0,0,R,L,field_out,out,0,92.0,51.0,248.0,fly_ball,medium,1,0,,,9565ed20-aab1-312a-a622-e064ea9dc8e3
824709,81,9,bottom,1,1,0,0,1,0,L,R,field_out,out,0,65.4,-53.0,3.0,ground_ball,medium,1,0,,,c4e4bb17-53e2-30f8-8319-94a57d73d40c
824709,82,9,bottom,2,0,0,0,0,0,L,R,field_out,out,0,80.3,-38.0,4.0,ground_ball,medium,1,0,,,079a5266-2fcd-3a36-babc-c78a99f2b942
824710,0,1,top,0,0,0,0,0,0,L,R,field_out,out,0,97.0,18.0,317.0,line_drive,medium,1,0,,,a5eb7cd5-aa18-360c-bf8d-fa28eef2a23f
824710,1,1,top,1,0,0,0,0,0,L,R,field_out,out,0,94.6,36.0,348.0,fly_ball,medium,1,0,,,4a6c94a8-f741-336d-9115-a41e00d776a0
824710,2,1,top,2,0,0,0,0,0,L,R,field_out,out,0,97.4,38.0,307.0,fly_ball,medium,1,0,,,02a5fc21-cb3e-3134-a804-a736d14c39e6
824710,3,1,bottom,0,0,0,0,0,0,L,L,field_out,out,0,75.0,-10.0,13.0,ground_ball,medium,1,0,,,4324b3c3-6ea4-303c-8387-28b04c0d4b5c
824710,4,1,bottom,1,0,0,0,0,0,R,L,field_out,out,0,73.4,57.0,156.0,popup,medium,1,0,,,3789153a-1a15-3eb3-ba84-4a61e911de35
824710,5,1,bottom,2,0,0,0,0,0,R,L,single,hit,0,61.2,28.0,192.0,fly_ball,medium,1,0,,,c8f0a567-f053-3848-aeca-748088b8dd04
824710,6,1,bottom,2,1,1,0,2,1,L,L,single,hit,0,81.1,14.0,201.0,line_drive,medium,1,0,,,eae7a178-81e1-312a-a504-f41020b3de4d
824710,7,1,bottom,2,0,0,0,0,0,R,L,field_out,out,0,82.0,-2.0,25.0,ground_ball,medium,1,0,,,c3dbfab0-058b-3185-b197-0d8e88c66283
824710,8,2,top,0,0,0,0,0,0,R,R,field_out,out,0,102.3,37.0,298.0,fly_ball,hard,1,0,,,9366d179-512f-345a-a205-a87f5e92e7bb
824710,10,2,top,2,0,0,0,0,0,L,R,field_out,out,0,85.5,75.0,75.0,popup,medium,1,0,,,4362e12a-ff73-3df8-b1ad-0445622eba09
824710,11,2,bottom,0,0,0,0,0,0,R,L,single,hit,0,106.5,21.0,335.0,line_drive,hard,1,0,,,bf134bbf-4180-3724-8088-bdb8cc43e3d0
824710,12,2,bottom,0,1,0,0,1,0,R,L,field_error,error,0,68.4,-54.0,2.0,ground_ball,medium,1,0,,,e44f3850-1124-3f03-81a2-0efbe2255411
824710,14,2,bottom,1,1,0,0,1,0,R,L,grounded_into_double_play,out,0,67.4,-2.0,28.0,ground_ball,medium,1,0,,,0b779eea-1a4b-3202-af84-65e7b2af9c5a
824710,15,3,top,0,0,0,0,0,0,L,R,single,hit,0,68.3,24.0,205.0,line_drive,medium,1,0,,,386ecf80-8f62-3bc4-a14f-a08267a33d58
824710,16,3,top,0,0,0,0,0,0,L,R,field_out,out,0,87.7,29.0,307.0,fly_ball,medium,1,0,,,b074414d-9129-37b0-aba7-4c00c6d08b05
824710,17,3,top,1,1,0,0,1,0,L,R,grounded_into_double_play,out,0,91.1,-3.0,29.0,ground_ball,medium,1,0,,,afe01637-bb1a-3175-bf3a-0ff6b928382e
824710,18,3,bottom,0,0,0,0,0,0,L,L,single,hit,0,70.7,33.0,215.0,fly_ball,medium,1,0,,,93daf69c-3023-3f11-9ab9-4a6a1cc7ceba
824710,19,3,bottom,0,1,0,0,1,0,R,L,single,hit,0,95.8,14.0,208.0,line_drive,medium,1,0,,,e7439085-8c41-3200-a769-bc4d299ab34a
824710,22,3,bottom,2,1,1,0,2,1,R,L,single,hit,0,93.1,12.0,208.0,line_drive,medium,1,0,,,48e83ea4-5db7-3718-82b3-cec4bb644094
824710,24,4,top,0,0,0,0,0,0,L,R,single,hit,0,64.8,25.0,188.0,fly_ball,medium,1,0,,,92ec7648-b5a6-3fbc-81bd-830a2abb34c0
824710,25,4,top,0,1,0,0,1,0,L,R,force_out,out,0,50.8,-37.0,3.0,ground_ball,medium,1,0,,,50d1937e-c044-32d1-9459-5da270865193
824710,29,4,bottom,0,0,0,0,0,0,R,L,field_out,out,0,99.6,3.0,69.0,ground_ball,medium,1,0,,,2904a440-f0a5-346b-98a0-1c8c52bfcde0
824710,32,5,top,0,0,0,0,0,0,L,R,field_out,out,0,93.6,-3.0,33.0,ground_ball,medium,1,0,,,c0bb6b50-bb5a-3b12-94c7-10a05a697abe
824710,33,5,top,1,0,0,0,0,0,L,R,field_out,out,0,101.7,10.0,168.0,line_drive,hard,1,0,,,7c95ba8c-2a21-3364-a5d6-dda991a0ba04
824710,34,5,top,2,0,0,0,0,0,L,R,single,hit,0,99.8,12.0,181.0,line_drive,medium,1,0,,,1dc352f0-d372-3f6c-bffe-675a3268b44a
824710,35,5,top,2,0,0,0,0,0,L,R,field_out,out,0,87.2,-17.0,11.0,ground_ball,medium,1,0,,,7e19637d-8b13-3c6d-8886-71b26849710c
824710,36,5,bottom,0,0,0,0,0,0,L,L,field_out,out,0,101.9,-14.0,12.0,ground_ball,medium,1,0,,,25662c62-8603-3971-9a6c-e3f883accd00
824710,37,5,bottom,1,0,0,0,0,0,R,L,single,hit,0,96.5,2.0,74.0,ground_ball,medium,1,0,,,6a27105c-e35a-3de7-b09b-856d90453dd7
824710,38,5,bottom,1,1,0,0,1,0,R,L,single,hit,0,64.6,22.0,174.0,line_drive,medium,1,0,,,d4a930c9-77ca-38b7-8413-d0a86fbeceb6
824710,39,5,bottom,1,1,1,0,2,1,L,L,field_out,out,0,41.2,-27.0,6.0,ground_ball,medium,1,0,True,MF,7a29db81-5bb1-3e43-92ed-54bb3d0bc5e9
824710,40,5,bottom,2,0,0,0,0,0,R,L,field_out,out,0,82.3,28.0,289.0,line_drive,medium,1,0,,,05c08347-b13b-3fa9-9761-ddd92cbfcf74
824710,41,6,top,0,0,0,0,0,0,L,R,single,hit,0,89.2,-2.0,37.0,ground_ball,medium,1,0,,,ea58ed0e-99e3-3eaf-b60d-71fe4b32106f
824710,42,6,top,0,1,0,0,1,0,L,R,force_out,out,0,85.3,-22.0,6.0,ground_ball,medium,1,0,,,bfde3907-56f7-3e87-9321-c9e1a6a7c841
824710,43,6,top,1,0,0,0,0,0,L,R,field_out,out,0,74.0,43.0,224.0,fly_ball,medium,1,0,,,8b02ba70-5692-3dae-b6ad-f4a567fba7b6
824710,44,6,top,2,0,0,0,0,0,R,R,field_out,out,0,98.7,-16.0,11.0,ground_ball,medium,1,0,,,a1dd09bb-9424-3a20-bf60-0528718b063d
824710,45,6,bottom,0,0,0,0,0,0,L,L,single,hit,0,77.4,21.0,228.0,line_drive,medium,1,0,,,6cb6598b-91ef-38d8-a45a-6beba127cb08
824710,46,6,bottom,0,1,0,0,1,0,R,L,field_out,out,0,88.1,-32.0,5.0,ground_ball,medium,1,0,True,MJ,b0187d05-5257-3f3a-9d59-0f543d5662f3
824710,47,6,bottom,1,0,0,0,0,0,R,L,field_out,out,0,86.9,37.0,284.0,fly_ball,medium,1,0,,,ae386966-415a-3b6a-843f-6719c6a5b2fe
824710,48,6,bottom,2,0,1,0,1,1,R,L,single,hit,1,99.1,10.0,153.0,line_drive,medium,1,0,,,5050f241-26e7-3a32-8603-8e6f328c3192
824710,56,7,bottom,2,0,0,0,0,0,L,L,single,hit,0,91.6,12.0,191.0,line_drive,medium,1,0,,,543b4e1e-0af6-3407-8269-33009e0e60cc
824710,58,8,top,0,0,0,0,0,0,L,R,single,hit,0,83.3,8.0,124.0,ground_ball,medium,1,0,False,MJ,6280082f-80ef-32ff-ac17-9d21226d415c
824710,59,8,top,0,0,0,0,0,0,L,R,field_out,out,0,85.2,34.0,280.0,fly_ball,medium,1,0,,,ab551e67-745f-3f75-baf1-371029b7e55c
824710,61,8,top,1,1,0,0,1,0,L,R,grounded_into_double_play,out,0,98.5,-10.0,12.0,ground_ball,medium,1,0,,,2a5b5c2a-d56e-3e4c-88e1-30662f080e99
824710,62,8,bottom,0,0,0,0,0,0,L,R,single,hit,0,94.9,15.0,235.0,line_drive,medium,1,0,,,f4391e08-0e1f-3fb7-8d5b-f987861ace4f
824710,63,8,bottom,0,1,1,0,2,1,R,R,field_out,out,0,89.8,30.0,310.0,fly_ball,medium,1,0,,,57ad415a-6654-35c1-8443-7fad2be11d04
824710,64,8,bottom,1,0,0,0,0,0,R,R,field_out,out,0,70.1,1.0,37.0,ground_ball,medium,1,0,,,1a2e3765-4f09-3546-af7d-2fed8e75c426
824710,65,8,bottom,2,0,0,0,0,0,L,R,field_out,out,0,83.7,-33.0,6.0,ground_ball,medium,1,0,,,48d48c0f-7f71-3a79-8f01-62b883a4bc78
824784,0,1,top,0,0,0,0,0,0,L,R,field_out,out,0,88.7,10.0,167.0,line_drive,medium,1,0,,,7ff5a1c2-fec2-3d15-8eb8-b151680a2147
824784,1,1,top,1,0,0,0,0,0,L,R,field_out,out,0,,,,ground_ball,medium,0,0,,,6c3d09b4-bc9e-31f7-b6be-6c729ddd2fd9
824784,6,1,bottom,2,1,0,0,1,0,R,R,double,hit,0,110.9,22.0,363.0,fly_ball,hard,1,0,,,c181e5f5-3317-3783-954c-e2f84263e849
824784,7,1,bottom,2,0,1,1,2,1,R,R,single,hit,2,92.2,15.0,208.0,line_drive,medium,1,0,,,7090e28d-9f3b-38be-aefa-9edddecc1d66
824784,8,1,bottom,2,1,0,1,2,1,L,R,double,hit,1,72.5,50.0,213.0,fly_ball,medium,1,0,,,b81b8af1-71b5-3b88-911c-07bcee2df00a
824784,9,1,bottom,2,0,0,0,0,0,R,R,field_out,out,0,67.1,-39.0,6.0,ground_ball,medium,1,0,,,c3cd3bd4-5b92-31bf-8146-7da4ed78ceb7
824784,11,2,top,1,0,0,0,0,0,L,R,field_out,out,0,72.6,-45.0,3.0,ground_ball,medium,1,0,,,61a6d840-adef-35ed-a99b-62bbff56fdff
824784,14,2,bottom,0,0,0,0,0,0,R,R,field_out,out,0,100.0,1.0,52.0,ground_ball,medium,1,0,,,899e8159-3211-35e9-8f73-269658b67404
824784,15,2,bottom,1,0,0,0,0,0,R,R,field_out,out,0,94.3,39.0,301.0,fly_ball,medium,1,0,,,3a4d65c8-154e-3bb5-9648-17687832bd60
824784,16,2,bottom,2,0,0,0,0,0,L,R,field_out,out,0,107.0,17.0,340.0,line_drive,hard,1,0,,,d1ec54d7-83e8-3e89-b93f-b7a567081da3
824784,17,3,top,0,0,0,0,0,0,R,R,single,hit,0,94.6,-7.0,19.0,ground_ball,medium,1,0,,,c1549fdf-845d-33ee-822b-2f3bc43f87ce
824784,18,3,top,0,1,0,0,1,0,R,R,grounded_into_double_play,out,0,91.2,-18.0,10.0,ground_ball,medium,1,0,,,6aca1945-b853-33ff-9fa5-21a5ff392f97
824784,19,3,top,2,0,0,0,0,0,L,R,single,hit,0,97.1,8.0,145.0,ground_ball,medium,1,0,,,6385747d-e56a-3192-84d0-0e043d44253d
824784,20,3,top,2,0,0,0,0,0,L,R,field_out,out,0,83.1,50.0,234.0,fly_ball,medium,1,0,,,a88c36e5-2c56-31e2-8890-baeb3b83ef3f
824784,21,3,bottom,0,0,0,0,0,0,R,R,field_out,out,0,69.5,-10.0,13.0,ground_ball,medium,1,0,,,271c177b-ee45-3a93-a499-5d590efb221e
824784,22,3,bottom,1,0,0,0,0,0,L,R,field_out,out,0,84.0,42.0,251.0,fly_ball,medium,1,0,,,5a483c30-9388-3b1e-9e79-c854c35483f2
824784,23,3,bottom,2,0,0,0,0,0,R,R,field_out,out,0,97.0,31.0,340.0,fly_ball,medium,1,0,,,890dc461-f058-3fcd-8b5b-5f43dfd9ca3a
824784,25,4,top,1,0,0,0,0,0,R,R,field_out,out,0,85.9,-20.0,7.0,ground_ball,medium,1,0,,,e48bb07c-c63b-30cf-915e-315e6e981f81
824784,26,4,top,2,0,0,0,0,0,L,R,field_out,out,0,67.9,-13.0,9.0,ground_ball,medium,1,0,,,125fd897-26a4-34fe-b164-0c73af7290d8
824784,27,4,bottom,0,0,0,0,0,0,R,R,home_run,hit,1,101.4,31.0,383.0,fly_ball,medium,1,0,,,e1d4545b-6166-326a-b137-0ebad7f913ec
824784,28,4,bottom,0,0,0,0,0,0,L,R,field_out,out,0,95.5,6.0,129.0,ground_ball,medium,1,0,,,2104f7cc-9913-3ffe-87bf-f3e984daaf0e
824784,29,4,bottom,1,0,0,0,0,0,R,R,field_out,out,0,88.0,-29.0,6.0,ground_ball,medium,1,0,,,4e70e854-188f-3d80-99ed-67e23d7ac960
824784,30,4,bottom,2,0,0,0,0,0,R,R,field_out,out,0,82.1,-41.0,4.0,ground_ball,medium,1,0,,,54d85d37-47a2-318a-83a8-f1fe9bcb12fb
824784,31,5,top,0,0,0,0,0,0,R,R,field_out,out,0,102.4,7.0,121.0,ground_ball,medium,1,0,,,53d2246b-5e40-39d2-bcaa-72bca8914aed
824784,32,5,top,1,0,0,0,0,0,R,R,field_out,out,0,87.1,-17.0,11.0,ground_ball,medium,1,0,,,67416818-4889-3d71-b8f9-36be04b66321
824784,34,5,bottom,0,0,0,0,0,0,R,R,field_out,out,0,61.0,19.0,162.0,line_drive,medium,1,0,,,2e4ac056-fee5-38cc-b42d-6098357db2c6
824784,35,5,bottom,1,0,0,0,0,0,L,R,field_out,out,0,80.1,-2.0,29.0,ground_ball,medium,1,0,True,MJ,c3adfac2-dd7a-3f77-9edc-77483ac93000
824784,36,5,bottom,2,0,0,0,0,0,R,R,field_out,out,0,107.0,21.0,355.0,line_drive,hard,1,0,False,NH,0eea94d6-58cd-3431-9874-624bc3a010b0
824784,38,6,top,1,0,0,0,0,0,L,R,field_out,out,0,101.1,22.0,343.0,line_drive,hard,1,0,,,5a385b70-1efa-34d8-916b-3a9c0f5ac89d
824784,41,6,bottom,0,0,0,0,0,0,R,L,field_out,out,0,92.0,20.0,284.0,fly_ball,medium,1,0,,,8ca10b20-e2f6-381b-ac7f-4c1d627cc8d5
824784,42,6,bottom,1,1,0,0,1,0,R,L,grounded_into_double_play,out,0,86.1,-4.0,27.0,ground_ball,medium,1,0,,,961dbe85-8231-3240-829d-8667730b6191
824784,43,7,top,0,0,0,0,0,0,R,R,single,hit,0,89.9,11.0,193.0,line_drive,medium,1,0,,,9bb954d8-b647-356b-a6b4-742dda63646d
824784,44,7,top,0,1,0,0,1,0,R,R,grounded_into_double_play,out,0,101.0,-2.0,33.0,ground_ball,medium,1,0,,,145bc380-6eae-33df-b3dd-f981f2764c4c
824784,45,7,top,2,0,0,0,0,0,L,R,field_error,error,0,66.9,-18.0,7.0,ground_ball,medium,1,0,True,MW,16066fb7-6b0b-37a4-b451-c9717f44c8e1
824784,49,7,bottom,0,0,0,0,0,0,L,L,field_out,out,0,81.4,35.0,295.0,fly_ball,medium,1,0,,,b3de3cc2-378c-3812-92d9-d83e3a0b1b29
824784,50,7,bottom,1,0,0,0,0,0,R,R,field_out,out,0,97.4,39.0,310.0,fly_ball,medium,1,0,,,c162657d-2312-3bdc-b534-018a379c4521
824784,51,7,bottom,2,0,0,0,0,0,R,R,field_out,out,0,58.8,-38.0,4.0,ground_ball,medium,1,0,,,c7702312-c7cc-382b-a280-dcef350d940c
824784,52,8,top,0,0,0,0,0,0,R,L,field_out,out,0,96.3,34.0,365.0,fly_ball,medium,1,0,,,946d7abb-fa08-3dcc-8b69-89488b9cbbad
824784,53,8,top,1,0,0,0,0,0,L,L,single,hit,0,90.3,1.0,62.0,ground_ball,medium,1,0,,,e79e12cb-dd5d-3dae-8715-b0949696bf26
824784,54,8,top,1,1,0,0,1,0,L,L,field_out,out,0,45.1,-61.0,2.0,bunt_grounder,medium,1,0,True,MF,801cfa05-ed84-398d-b114-e90ef75512fc
824784,55,8,top,2,0,0,0,0,0,R,L,field_out,out,0,73.3,-27.0,7.0,ground_ball,medium,1,0,False,MJ,4def2d04-179d-3910-a87e-dd9fc38e876b
824784,60,9,top,1,0,0,0,0,0,L,R,single,hit,0,95.5,16.0,229.0,line_drive,medium,1,0,,,70ba42ed-0454-3eda-8ffb-673347c371ad
824784,61,9,top,1,1,0,0,1,0,R,R,home_run,hit,2,98.0,38.0,351.0,fly_ball,medium,1,0,,,ac8b21d3-c2c6-3364-9038-8d3889cec8ad
824784,62,9,top,1,0,0,0,0,0,R,R,field_out,out,0,94.9,10.0,183.0,line_drive,medium,1,0,,,c7c0a2de-210c-33e2-ae59-a5893068c386
824784,63,9,top,2,0,0,0,0,0,R,R,field_out,out,0,85.6,-14.0,10.0,ground_ball,medium,1,0,,,44afb76e-b2d8-3e71-8a16-d39f5d249d34
824785,0,1,top,0,0,0,0,0,0,L,R,field_out,out,0,72.7,46.0,241.0,fly_ball,medium,1,0,,,91555d88-456a-3cd5-942f-6a455ff146a5
824785,1,1,top,1,0,0,0,0,0,R,R,double,hit,0,103.6,18.0,360.0,line_drive,hard,1,0,,,f26c1d2b-75ab-3b38-b9dd-3189240c3810
824785,2,1,top,1,0,0,0,0,0,R,R,field_out,out,0,87.1,29.0,315.0,fly_ball,medium,1,0,,,ab9127c7-294e-3978-849b-5c35473d794e
824785,3,1,top,2,0,0,0,0,0,R,R,field_out,out,0,107.3,16.0,361.0,line_drive,hard,1,0,,,391ee2bb-46bf-36e3-a351-f8a7cbd5593e
824785,9,2,top,1,0,0,0,0,0,L,R,double,hit,0,99.2,26.0,336.0,fly_ball,medium,1,0,,,ce163ff0-da9f-33fc-9661-5fd03dc33322
824785,10,2,top,1,0,1,0,1,1,L,R,field_out,out,0,100.0,-26.0,6.0,ground_ball,medium,1,0,,,bf410f47-c8c2-38cc-946d-5ee22c77dd9d
824785,11,2,top,2,0,0,0,0,0,R,R,field_out,out,0,89.4,53.0,208.0,popup,medium,1,0,,,45028b99-d6d6-3167-8825-afaeeb8bde0c
824785,12,2,bottom,0,0,0,0,0,0,R,R,single,hit,0,74.0,21.0,191.0,line_drive,medium,1,0,,,d5ba1901-48b2-36dd-81ca-0a31be2f6bd3
824785,14,2,bottom,0,1,1,1,3,1,R,R,single,hit,1,89.9,15.0,232.0,line_drive,medium,1,0,,,59db6c42-5db2-34b3-a1d3-e0b7752531c5
824785,15,2,bottom,0,0,0,0,0,0,L,R,field_out,out,0,90.9,80.0,10.0,popup,medium,1,0,,,75aea784-0cf7-3716-98d6-5798b5507fc5
824785,16,2,bottom,1,0,0,0,0,0,R,R,field_out,out,0,90.1,57.0,187.0,popup,medium,1,0,,,f9566334-5cd8-32f3-bf6a-e9eb935b9fb7
824785,18,3,top,0,0,0,0,0,0,R,R,double,hit,0,98.9,17.0,318.0,line_drive,medium,1,0,,,8fec13da-7ef3-3620-ac05-46e663e0ea6f
824785,19,3,top,0,1,1,0,2,1,L,R,fielders_choice_out,fielders_choice,0,97.3,-17.0,10.0,ground_ball,medium,1,0,,,1b0df6d5-7bdb-3f80-9942-d74f5c4dc991
824785,20,3,top,1,0,0,0,0,0,R,R,field_out,out,0,102.5,18.0,352.0,line_drive,medium,1,0,,,9f968d7f-1593-3f55-96a9-8fbee53fad46
824785,21,3,top,2,0,0,0,0,0,R,R,field_out,out,0,78.0,36.0,264.0,fly_ball,medium,1,0,,,62448b24-fffe-3766-baf5-1c3275a7506e
824785,22,3,bottom,0,0,0,0,0,0,L,R,single,hit,0,100.9,14.0,260.0,line_drive,hard,1,0,,,291eb2df-dad2-3e0a-93c3-590995519e9a
824785,24,3,bottom,1,1,0,0,1,0,L,R,field_error,error,0,76.8,-54.0,3.0,ground_ball,medium,1,0,,,7f4c5f6e-9085-3ae4-92cf-cbdd94a44788
824785,25,3,bottom,1,0,0,0,0,0,R,R,field_out,out,0,77.8,33.0,282.0,fly_ball,medium,1,0,,,d51e1198-a6f2-3c59-abb1-017746161c03
824785,26,3,bottom,2,0,0,0,0,0,R,R,field_out,out,0,82.1,54.0,212.0,popup,medium,1,0,,,a427cd61-18d0-31b9-ad82-ff4aa9336492
824785,28,4,top,1,0,0,0,0,0,L,R,field_out,out,0,86.3,6.0,99.0,ground_ball,medium,1,0,,,c06da769-5fb0-316c-bccb-b57025c988c1
824785,29,4,top,2,0,0,0,0,0,L,R,double,hit,0,67.6,39.0,201.0,popup,medium,1,0,,,c0a46a24-fa34-36e2-838d-de422ac7794c
824785,30,4,top,2,0,0,0,0,0,L,R,field_out,out,0,70.7,57.0,158.0,popup,medium,1,0,,,2cc22284-2d60-365a-a2df-bcab2cf93486
824785,32,4,bottom,1,0,0,0,0,0,R,R,field_out,out,0,61.9,-13.0,11.0,ground_ball,medium,1,0,,,c6051a5c-3ee3-3ee7-9ca1-f887fd2d01a1
824785,33,4,bottom,2,0,0,0,0,0,L,R,field_out,out,0,79.7,40.0,253.0,fly_ball,medium,1,0,,,7fd01370-2afa-316b-9a99-ad2c7e30abb5
824785,34,5,top,0,0,0,0,0,0,R,R,field_out,out,0,93.0,24.0,355.0,line_drive,medium,1,0,,,1cefc460-14e8-355a-b0c0-398f03f66995
824785,35,5,top,1,0,0,0,0,0,R,R,single,hit,0,82.5,-2.0,42.0,ground_ball,medium,1,0,,,99a81829-9bca-3cce-9db8-1c0709f8fa82
824785,36,5,top,1,1,1,0,2,1,L,R,single,hit,0,100.1,10.0,161.0,line_drive,hard,1,0,,,9c39e9f1-8bdb-302d-b33f-6a59f536c13f
824785,37,5,top,1,1,0,0,1,0,R,R,grounded_into_double_play,out,0,91.8,-38.0,5.0,ground_ball,medium,1,0,,,451e527f-e64b-38f4-a880-cea7733904d1
824785,38,5,bottom,0,0,0,0,0,0,R,R,field_out,out,0,94.5,59.0,187.0,popup,medium,1,0,,,bf4be5b9-f170-3dec-b1bc-f0151dc195fd
824785,40,5,bottom,1,1,0,0,1,0,R,R,home_run,hit,2,109.2,24.0,412.0,fly_ball,medium,1,0,,,a69ef9c1-4b5b-3510-9e3c-9d54e2b6ef96
824785,44,6,top,0,1,0,0,1,0,R,R,single,hit,0,106.8,15.0,252.0,line_drive,hard,1,0,,,31de959e-c978-316c-a688-3c0791333cc6
824785,45,6,top,0,1,1,0,2,1,R,L,field_out,out,0,63.7,-9.0,11.0,ground_ball,medium,1,0,,,74ddd6d1-64f5-3e15-b2d1-789692c8939c
824785,47,6,top,2,0,1,1,2,1,R,L,single,hit,1,105.3,-30.0,5.0,ground_ball,medium,1,0,,,1fdcd635-8e7c-30e5-b1b8-63c2872dbb42
824785,48,6,top,2,1,0,0,1,0,R,L,single,hit,0,106.1,-1.0,45.0,ground_ball,medium,1,0,,,5f43c452-bb4d-3645-9669-e84985ee372d
824785,49,6,top,2,0,0,0,0,0,R,R,field_out,out,0,84.8,31.0,297.0,fly_ball,medium,1,0,,,3f8d7083-3a74-39e2-aa61-724892c28d9e
824785,50,6,bottom,0,0,0,0,0,0,R,R,field_out,out,0,51.5,-26.0,7.0,ground_ball,medium,1,0,,,5c84eaf4-9895-3385-b2e1-0212fc9bfecf
824785,53,7,top,0,0,0,0,0,0,L,R,field_out,out,0,84.2,7.0,97.0,ground_ball,medium,1,0,,,65346f2e-b1a5-3a0b-8194-fd02834c9b51
824785,54,7,top,1,0,0,0,0,0,R,R,field_out,out,0,56.7,58.0,120.0,popup,medium,1,0,,,1b9fef8b-3a91-3cce-842b-15026f7b5ff1
824785,55,7,top,2,0,0,0,0,0,R,R,field_out,out,0,97.3,26.0,369.0,fly_ball,medium,1,0,,,6ed9d52c-1ff4-3609-9c71-2b44e66aa9ad
824785,56,7,bottom,0,0,0,0,0,0,R,L,single,hit,0,80.5,-30.0,6.0,ground_ball,medium,1,0,,,5aa9d809-39ca-36b0-97ab-4f87c5df6dba
824785,57,7,bottom,0,1,0,0,1,0,R,L,field_out,out,0,92.4,33.0,324.0,fly_ball,medium,1,0,,,58759255-00c7-3508-bf85-d03f6deb2db1
824785,58,7,bottom,1,0,0,0,0,0,L,L,field_out,out,0,88.9,28.0,317.0,fly_ball,medium,1,0,,,24fc51dc-b59a-3c1c-b622-eee0ecdda11c
824785,61,8,top,0,0,0,0,0,0,R,R,field_out,out,0,92.3,-1.0,39.0,ground_ball,medium,1,0,,,73683a29-61b9-3e7c-94b2-dce356eb6abf
824785,62,8,top,1,0,0,0,0,0,L,R,field_out,out,0,85.8,9.0,125.0,ground_ball,medium,1,0,,,738e3705-aea6-317b-85da-e8d7781af6e8
824785,63,8,top,2,0,0,0,0,0,L,R,field_out,out,0,94.9,52.0,258.0,fly_ball,medium,1,0,,,6f27bdeb-ca55-30e7-8b17-b432f74fde8f
824785,64,8,bottom,0,0,0,0,0,0,R,R,field_out,out,0,72.0,41.0,222.0,popup,medium,1,0,,,4cd70010-b9d0-3c23-931d-6333d49f8a87
824785,65,8,bottom,1,0,0,0,0,0,R,R,field_out,out,0,77.1,67.0,121.0,popup,medium,1,0,,,d35b53f5-6249-36aa-8d72-2ccad02cc8e3
824785,66,8,bottom,2,0,0,0,0,0,L,R,field_out,out,0,78.0,65.0,167.0,popup,medium,1,0,,,fc058ac9-72d5-368d-826b-1dba462a1b7a
824785,67,9,top,0,0,0,0,0,0,L,R,single,hit,0,102.1,-3.0,36.0,ground_ball,hard,1,0,,,ce780852-4db0-326b-8fe1-e04b0ca1d04e
824785,68,9,top,0,0,0,0,0,0,R,R,field_out,out,0,74.7,54.0,180.0,popup,medium,1,0,,,84091795-7465-3900-96bb-be6b094ef2d5
824785,69,9,top,1,0,0,0,0,0,R,R,field_out,out,0,90.6,34.0,322.0,fly_ball,medium,1,0,,,b5d9c234-30c6-3000-ad0b-155eb3e1d60b
824787,2,1,top,0,1,1,1,3,1,L,R,single,hit,1,94.8,10.0,181.0,line_drive,medium,1,0,,,6851a9cc-75fb-3000-a9b2-1875c6c1c578
824787,3,1,top,0,1,1,1,3,1,R,R,single,hit,1,94.6,22.0,314.0,line_drive,medium,1,0,,,1c9f8c57-e09d-39b2-93d5-71dab7337b68
824787,4,1,top,0,0,0,1,1,1,L,R,sac_fly,out,1,88.6,25.0,294.0,line_drive,medium,1,0,,,bb128ab7-bb30-30fb-939f-cf5b8d2bf6cb
824787,5,1,top,1,1,0,0,1,0,R,R,single,hit,0,82.3,20.0,259.0,line_drive,medium,1,0,,,aa681578-2eaa-34a3-87ba-b92396d6d76f
824787,6,1,top,1,0,0,0,0,0,L,R,field_out,out,0,70.1,30.0,239.0,line_drive,medium,1,0,,,77c284f9-326a-35be-be15-20c0700bd81e
824787,7,1,top,2,0,0,0,0,0,L,R,field_out,out,0,84.4,-2.0,38.0,ground_ball,medium,1,0,,,aa3e6ab6-37ad-3be5-9a3e-4facb223aec9
824787,9,1,bottom,1,0,0,0,0,0,R,R,home_run,hit,1,101.4,26.0,363.0,fly_ball,medium,1,0,,,45fde893-90bc-30ae-bb86-f45ea726a55c
824787,10,1,bottom,1,0,0,0,0,0,L,R,field_out,out,0,76.9,47.0,227.0,fly_ball,medium,1,0,,,d8d95033-b82f-36a4-b45b-50fa5dd15b3b
824787,12,2,top,0,0,0,0,0,0,R,R,field_out,out,0,98.6,2.0,72.0,ground_ball,medium,1,0,,,b92fca52-19fc-3823-8c21-7f51a75d04be
824787,13,2,top,1,0,0,0,0,0,L,R,field_out,out,0,87.9,18.0,257.0,line_drive,medium,1,0,,,3b918f1d-672b-31bd-92af-2b6cfba25b6f
824787,14,2,top,2,0,0,0,0,0,R,R,field_out,out,0,77.7,-8.0,18.0,ground_ball,medium,1,0,,,6fc21267-99bc-3dfb-987c-2eb8c364005e
824787,15,2,bottom,0,0,0,0,0,0,R,R,field_out,out,0,77.3,82.0,16.0,popup,medium,1,0,,,38d100c9-d1ec-37a7-9bf4-730e74f36764
824787,17,2,bottom,2,0,0,0,0,0,R,R,field_out,out,0,93.2,19.0,286.0,line_drive,medium,1,0,,,b0332d8b-81cb-3e15-9bb9-1b14d55facd5
824787,19,3,top,0,1,0,0,1,0,R,R,single,hit,0,83.7,14.0,191.0,line_drive,medium,1,0,,,95bc7d4d-1d41-3cf5-8acc-94be2e76f796
824787,20,3,top,0,0,1,0,1,1,L,R,field_out,out,0,102.1,24.0,364.0,fly_ball,hard,1,0,,,f38758cc-bb24-3fab-b52f-3a9710542ed4
824787,21,3,top,1,1,0,0,1,0,R,R,grounded_into_double_play,out,0,102.5,-4.0,28.0,ground_ball,medium,1,0,,,d813983c-49b7-3105-9f16-4648518cb2aa
824787,25,4,top,0,0,0,0,0,0,L,R,field_out,out,0,97.0,5.0,103.0,ground_ball,medium,1,0,,,879d476f-b51c-303e-89d6-214391acc2d7
824787,26,4,top,1,0,0,0,0,0,L,R,field_out,out,0,64.3,-44.0,4.0,ground_ball,medium,1,0,,,98a43d45-2c5b-3e2a-9ccb-5945141f17b4
824787,27,4,top,2,0,0,0,0,0,R,R,field_out,out,0,77.1,34.0,258.0,fly_ball,medium,1,0,,,e1cc377d-fca8-3974-a516-2ecd799d8ffe
824787,28,4,bottom,0,0,0,0,0,0,R,L,field_out,out,0,100.1,-3.0,30.0,ground_ball,medium,1,0,,,2e5ee8d4-26df-34aa-ad17-829815424423
824787,29,4,bottom,1,0,0,0,0,0,L,L,triple,hit,0,104.9,23.0,400.0,fly_ball,hard,1,0,,,56f6df89-4109-304f-aa28-ba027683aeb0
824787,31,4,bottom,2,0,0,0,0,0,R,R,field_out,out,0,93.6,53.0,264.0,fly_ball,medium,1,0,,,0143a8f2-baad-3216-bbc7-9b62e4d921f4
824787,32,5,top,0,0,0,0,0,0,R,R,field_out,out,0,85.8,49.0,225.0,fly_ball,medium,1,0,,,cbf73a94-9dde-315f-b612-420fb530b79d
824787,33,5,top,1,0,0,0,0,0,R,R,field_out,out,0,84.1,-18.0,6.0,ground_ball,medium,1,0,,,6432a642-9010-388f-8328-24dc18ef1091
824787,34,5,top,2,0,0,0,0,0,L,R,field_out,out,0,79.7,-31.0,6.0,ground_ball,medium,1,0,,,225ffd5d-9731-3869-9868-61ea1b33d0dd
824787,36,5,bottom,1,0,0,0,0,0,R,R,field_out,out,0,74.8,65.0,135.0,popup,medium,1,0,,,5811b36b-0fa6-398e-ab37-53278d7b87c6
824787,39,6,top,0,0,0,0,0,0,R,R,field_out,out,0,73.9,-52.0,3.0,ground_ball,medium,1,0,,,acf22a67-c4e6-3fbe-9e76-69712e0ab284
824787,41,6,top,2,0,0,0,0,0,R,R,field_out,out,0,99.5,-7.0,18.0,ground_ball,medium,1,0,,,12e503b4-65fa-378e-b312-67e0e73db705
824787,42,6,bottom,0,0,0,0,0,0,L,R,field_out,out,0,78.2,40.0,244.0,fly_ball,medium,1,0,,,384dae7b-f305-30e9-8fd8-79814eab8a87
824787,44,6,bottom,2,0,0,0,0,0,L,R,home_run,hit,1,106.9,22.0,372.0,fly_ball,medium,1,0,,,1d773089-e040-369a-9407-8835e261ec97
824787,45,6,bottom,2,0,0,0,0,0,R,R,field_out,out,0,88.2,3.0,64.0,ground_ball,medium,1,0,,,019cbafb-011d-337d-a6c2-fc530655b1e5
824787,47,7,top,1,0,0,0,0,0,L,R,single,hit,0,71.3,38.0,235.0,fly_ball,medium,1,0,,,f971cd94-e3a5-3d90-a14d-1bf6daa13956
824787,48,7,top,1,1,0,0,1,0,R,R,field_out,out,0,55.6,-58.0,5.0,ground_ball,medium,1,0,,,aced9cee-c796-3123-b2cb-44945c31f69c
824787,49,7,top,2,0,0,0,0,0,R,R,field_out,out,0,91.2,25.0,345.0,line_drive,medium,1,0,,,f82369c4-ac95-343c-b94e-15371b5f82fb
824787,50,7,bottom,0,0,0,0,0,0,R,R,single,hit,0,102.1,15.0,244.0,line_drive,hard,1,0,,,f8711027-6023-3876-9390-5cc865ae2fef
824787,51,7,bottom,0,0,0,0,0,0,R,R,field_out,out,0,25.4,62.0,34.0,bunt_popup,soft,1,0,,,0ee4eebc-db2d-33f2-8441-3ed747fe1b1f
824787,52,7,bottom,1,1,0,0,1,0,R,R,grounded_into_double_play,out,0,77.0,6.0,84.0,ground_ball,medium,1,0,,,e6218b84-edc7-34f9-a775-27e69766c4f9
824787,53,8,top,0,0,0,0,0,0,R,R,single,hit,0,102.2,9.0,198.0,line_drive,hard,1,0,False,MJ,3c2d6102-f2e6-3177-aa08-61d3a396dc6f
824787,54,8,top,0,1,0,0,1,0,L,R,grounded_into_double_play,out,0,96.2,-9.0,12.0,ground_ball,medium,1,0,,,cbb7469b-d89a-371c-9f7e-43cf980fd3dc
824787,57,8,bottom,0,0,0,0,0,0,R,L,field_out,out,0,91.6,70.0,131.0,popup,medium,1,0,,,ec5a0474-21d3-36b3-91a2-aaa75d89c6e8
824787,58,8,bottom,1,0,0,0,0,0,L,L,field_out,out,0,99.9,44.0,329.0,fly_ball,medium,1,0,,,66eab4c3-e97d-392e-b05c-83adb2ff8ad7
824787,59,8,bottom,2,1,0,0,1,0,R,R,home_run,hit,2,112.9,22.0,400.0,fly_ball,medium,1,0,,,67887e79-d355-3a38-a5ee-d812f725f56f
824787,60,8,bottom,2,0,0,0,0,0,L,R,single,hit,0,88.2,17.0,254.0,line_drive,medium,1,0,,,9fc3aa99-e13b-392e-82e1-669da02c0037
824787,61,8,bottom,2,0,0,0,0,0,R,R,field_out,out,0,80.0,42.0,268.0,fly_ball,medium,1,0,,,3b957432-06d8-38c7-b8b4-b1f6d135292c
824787,64,9,top,2,0,0,0,0,0,L,R,field_out,out,0,89.0,57.0,208.0,fly_ball,medium,1,0,False,MJ,222f6b04-ddb2-397e-8b36-c6cd448d14d8
824866,0,1,top,0,0,0,0,0,0,L,R,home_run,hit,1,101.0,32.0,385.0,fly_ball,medium,1,0,,,81c3b9b4-6fb9-306f-94fa-666eb2f59a64
824866,2,1,top,1,0,0,0,0,0,R,R,field_out,out,0,91.6,-6.0,21.0,ground_ball,medium,1,0,,,a9e9c12f-ebcc-3d86-8913-272112baff2c
824866,3,1,top,2,0,0,0,0,0,R,R,field_out,out,0,89.6,-11.0,14.0,ground_ball,medium,1,0,,,a47eb328-f157-3082-87cf-2b616ea88ae8
824866,4,1,bottom,0,0,0,0,0,0,L,R,single,hit,0,94.9,-10.0,11.0,ground_ball,medium,1,0,,,bf6b711a-5a92-3dd8-94b3-8adb0977477a
824866,5,1,bottom,0,1,1,0,2,1,R,R,single,hit,0,103.6,21.0,361.0,line_drive,hard,1,0,True,MJ,3b6edf55-e867-3ec4-a938-6941d5ad5b7b
824866,6,1,bottom,0,0,0,1,1,1,L,R,sac_fly,out,1,106.4,17.0,320.0,line_drive,hard,1,0,,,a36631e3-1c06-3ecf-b541-abe266760ca0
824866,7,1,bottom,1,1,0,1,2,1,L,R,double,hit,1,110.3,12.0,296.0,line_drive,hard,1,0,,,181d5d1b-86af-3f62-9f5a-6c323be6d13f
824866,8,1,bottom,1,0,1,0,1,1,R,R,single,hit,0,105.6,10.0,257.0,line_drive,medium,1,0,,,238679ee-cfc4-30a4-acf8-e2cad7b49db7
824866,9,1,bottom,1,1,0,1,2,1,L,R,single,hit,1,64.3,-42.0,2.0,ground_ball,medium,1,0,,,73c4ed2c-14bd-3bd2-b380-f2f6ab8593ec
824866,11,1,bottom,1,0,0,1,1,1,R,R,sac_fly,out,1,85.1,34.0,304.0,fly_ball,medium,1,0,,,9ec41a40-f40b-35a2-adab-8c9e4f9d4699
824866,13,1,bottom,2,0,0,0,0,0,L,R,field_out,out,0,104.4,30.0,394.0,fly_ball,hard,1,0,,,02890748-f5a4-328b-95b9-19b3b243042b
824866,14,2,top,0,0,0,0,0,0,L,R,field_out,out,0,91.6,52.0,241.0,fly_ball,medium,1,0,,,0642608a-9d72-31b9-b90b-23323dedb592
824866,15,2,top,1,0,0,0,0,0,R,R,field_out,out,0,72.4,66.0,123.0,popup,medium,1,0,,,b032e61f-303a-34a1-8646-4790af678c08
824866,16,2,top,2,0,0,0,0,0,L,R,double,hit,0,107.8,18.0,399.0,line_drive,hard,1,0,,,731ade12-b31d-35f7-86b1-a0ba5f0c3664
824866,17,2,top,2,0,1,0,1,1,R,R,single,hit,1,78.9,8.0,109.0,ground_ball,medium,1,0,,,de5e4c84-a815-3675-892d-e28ae447f9fc
824866,18,2,top,2,0,0,0,0,0,R,R,field_out,out,0,91.0,30.0,313.0,fly_ball,medium,1,0,,,b776c1cb-0863-31ff-a57f-38663c47e941
824866,19,2,bottom,0,0,0,0,0,0,R,R,field_out,out,0,104.1,24.0,373.0,fly_ball,hard,1,0,,,263889cc-9711-387a-805b-ea1566821c0c
824866,20,2,bottom,1,0,0,0,0,0,L,R,field_out,out,0,101.0,39.0,351.0,fly_ball,hard,1,0,,,29c3fbc7-e0f3-3588-ad7a-b40dc34f5961
824866,21,2,bottom,2,0,0,0,0,0,L,R,single,hit,0,36.3,-73.0,2.0,bunt_grounder,soft,1,0,,,2ee59c1b-26a0-3dd9-8207-9ccbc13cc53e
824866,22,2,bottom,2,0,0,0,0,0,R,R,field_out,out,0,93.7,35.0,338.0,fly_ball,medium,1,0,,,a2daf026-5ef8-35c7-a5d6-9457abe05300
824866,23,3,top,0,0,0,0,0,0,L,R,field_out,out,0,82.3,3.0,56.0,ground_ball,medium,1,0,,,df49c8f0-004f-3bb6-b0e9-8f694556dc38
824866,24,3,top,1,0,0,0,0,0,L,R,home_run,hit,1,108.0,25.0,402.0,fly_ball,medium,1,0,,,73b23dae-f651-3121-b36f-f276ed20efe6
824866,25,3,top,1,0,0,0,0,0,R,R,single,hit,0,101.5,0.0,62.0,ground_ball,medium,1,0,,,89e629d2-c089-37e7-9c3c-d28ced18d764
824866,27,3,top,1,1,1,0,2,1,L,R,field_out,out,0,69.5,-80.0,2.0,ground_ball,medium,1,0,,,3d56e197-2c8d-39d8-a64c-6d334219a2a9
824866,28,3,top,2,0,1,1,2,1,R,R,single,hit,2,95.1,15.0,214.0,line_drive,medium,1,0,,,611689af-5b6f-3f0a-9143-2f7ac1c507d1
824866,29,3,top,2,0,0,0,0,0,L,R,field_out,out,0,80.2,66.0,144.0,popup,medium,1,0,,,1f3bed07-330b-37b0-ac06-eda7e3472b30
824866,30,3,bottom,0,0,0,0,0,0,L,R,field_out,out,0,80.1,86.0,45.0,popup,medium,1,0,,,7ff8ca6a-b1fa-322d-b33f-3e0705ae8cf1
824866,32,3,bottom,2,0,0,0,0,0,R,R,home_run,hit,1,106.4,29.0,421.0,fly_ball,medium,1,0,,,9b31b989-6190-3636-b589-92f42a75b40c
824866,33,3,bottom,2,0,0,0,0,0,R,R,field_out,out,0,98.6,26.0,344.0,fly_ball,medium,1,0,,,8ab272bf-3fc8-338b-91aa-d6fec0c24b32
824866,34,4,top,0,0,0,0,0,0,R,R,field_out,out,0,80.9,-37.0,6.0,ground_ball,medium,1,0,,,6c3ab17b-abe8-30cb-bcd3-25fa172c8cdc
824866,35,4,top,1,0,0,0,0,0,R,R,field_out,out,0,92.4,3.0,74.0,ground_ball,medium,1,0,,,a2edf13c-845c-3da4-92e8-c96703a2f570
824866,37,4,bottom,0,0,0,0,0,0,L,R,field_out,out,0,104.6,26.0,407.0,fly_ball,hard,1,0,,,f12016c1-b6bf-34cb-8dc2-ac6386dd29af
824866,38,4,bottom,1,0,0,0,0,0,R,R,field_out,out,0,103.5,39.0,356.0,fly_ball,hard,1,0,,,06db03b9-3764-3eca-8a5d-7d4371f93bae
824866,39,4,bottom,2,0,0,0,0,0,L,R,field_out,out,0,97.4,-17.0,7.0,ground_ball,medium,1,0,,,47556822-0b72-3456-a76b-86bd476201a0
824866,43,5,bottom,0,0,0,0,0,0,L,R,field_out,out,0,101.9,24.0,394.0,fly_ball,hard,1,0,,,cc2ac692-a56a-3b54-a4e9-77495bf3581f
824866,44,5,bottom,1,0,0,0,0,0,R,R,single,hit,0,71.5,13.0,140.0,ground_ball,medium,1,0,,,e4f92cc4-be19-3747-87d6-08705859cb08
824866,46,5,bottom,2,0,1,0,1,1,L,R,single,hit,1,93.4,6.0,92.0,ground_ball,medium,1,0,,,1fe8a7df-f81b-325a-8855-89ec0577be10
824866,49,5,bottom,2,0,0,0,0,0,L,R,field_out,out,0,106.6,15.0,324.0,line_drive,hard,1,0,,,ba5eea3f-ad8e-3d8d-b768-d44bdaa43ea4
824866,50,6,top,0,0,0,0,0,0,L,R,field_out,out,0,66.0,13.0,123.0,ground_ball,medium,1,0,,,e9573e7d-bfb2-3ffd-a330-57dbedb46041
824866,52,6,top,1,1,0,0,1,0,L,R,home_run,hit,2,108.8,27.0,423.0,fly_ball,medium,1,0,,,1c7a2c7a-d2f9-3304-8425-c78f3f188d79
824866,53,6,top,1,0,0,0,0,0,R,R,field_out,out,0,78.1,-14.0,8.0,ground_ball,medium,1,0,,,e89333aa-2107-3fda-9026-6d769f27fce7
824866,54,6,top,2,0,0,0,0,0,R,R,field_out,out,0,78.3,63.0,159.0,popup,medium,1,0,,,f8f869de-6c3d-374a-9783-9317cd212fa0
824866,55,6,bottom,0,0,0,0,0,0,R,R,single,hit,0,100.5,-25.0,3.0,ground_ball,medium,1,0,,,c6aa4d78-b4a9-3c4b-92c4-fa8ec7acd25f
824866,56,6,bottom,0,0,0,0,0,0,L,R,field_out,out,0,94.1,67.0,142.0,popup,medium,1,0,,,1eb454f1-f664-3115-88eb-158d10f7a8f0
824866,57,6,bottom,1,1,0,0,1,0,L,R,field_out,out,0,100.6,37.0,357.0,fly_ball,hard,1,0,,,50df2d58-1aa6-3c66-9774-7b978b1cc61a
824866,58,6,bottom,2,0,1,0,1,1,R,R,field_out,out,0,85.2,41.0,297.0,fly_ball,medium,1,0,,,e2a082e4-49be-3447-86d9-a1a1d8f86e81
824866,59,7,top,0,0,0,0,0,0,L,R,field_out,out,0,94.3,21.0,340.0,line_drive,medium,1,0,,,8e49f570-347c-38c6-8c1e-b4c5371f24c2
824866,60,7,top,1,0,0,0,0,0,L,R,field_out,out,0,77.6,-11.0,15.0,ground_ball,medium,1,0,,,4e5e6174-618b-3997-b296-bdc6f7fd50f6
824866,61,7,top,2,0,0,0,0,0,R,R,field_out,out,0,101.7,8.0,178.0,line_drive,hard,1,0,False,MJ,15fdc23b-b8c4-3a8c-82e7-07e6de06c917
824866,63,7,bottom,1,0,0,0,0,0,L,R,field_out,out,0,102.5,19.0,353.0,line_drive,hard,1,0,,,917caefd-ed9f-302b-a1c6-b22c94f2fc67
824866,64,7,bottom,2,0,0,0,0,0,R,R,field_out,out,0,94.5,1.0,50.0,ground_ball,medium,1,0,,,9d0cc193-d72d-34fe-8af5-4998cf42aba7
824866,65,8,top,0,0,0,0,0,0,R,L,field_out,out,0,90.2,63.0,184.0,popup,medium,1,0,,,44e38cff-65b3-3cd2-9438-8e1a30250d4c
824866,66,8,top,1,0,0,0,0,0,L,L,field_out,out,0,101.9,15.0,292.0,line_drive,hard,1,0,,,3d14a0a6-c9fd-31c3-84b1-27e7923a2371
824866,68,8,bottom,0,0,0,0,0,0,R,L,field_out,out,0,98.6,40.0,339.0,fly_ball,medium,1,0,,,53b9a87c-008c-32cd-9800-f425b9221764
824866,69,8,bottom,1,0,0,0,0,0,L,L,double,hit,0,100.8,0.0,62.0,ground_ball,medium,1,0,,,b83a5a3b-336e-3c51-ac30-95650c019485
824866,70,8,bottom,1,0,1,0,1,1,R,L,field_out,out,0,83.4,31.0,287.0,fly_ball,medium,1,0,,,924c383f-da85-32c7-ab42-e4175054852c
824866,71,8,bottom,2,0,0,0,0,0,L,L,field_out,out,0,105.8,0.0,62.0,ground_ball,medium,1,0,,,707dd132-1484-3171-9e55-e883fcc6e97b
824866,74,9,top,2,0,0,0,0,0,R,L,field_out,out,0,90.1,35.0,306.0,fly_ball,medium,1,0,,,96c6dbfa-d384-33e6-928a-b9cb1f8a7e47
824866,75,9,bottom,0,0,0,0,0,0,L,R,single,hit,0,96.3,-32.0,5.0,ground_ball,medium,1,0,,,db955e21-e593-3c4b-bb57-cc64f6f68ddb
824866,76,9,bottom,0,1,0,0,1,0,R,R,sac_bunt,out,0,28.5,-3.0,17.0,bunt_grounder,soft,1,0,,,2b3fa1b3-e6d6-3e14-b94b-6ebc6f5c20cc
824866,78,9,bottom,2,0,0,0,0,0,L,R,field_out,out,0,96.0,37.0,350.0,fly_ball,medium,1,0,,,9399a1d2-d02a-32c8-97be-dbf08d42d29a
824867,4,1,bottom,0,0,0,0,0,0,R,L,field_out,out,0,82.0,30.0,280.0,fly_ball,medium,1,0,,,c6cda61d-fe91-3bff-bdb1-ddb2d15c40af
824867,5,1,bottom,1,0,0,0,0,0,L,L,single,hit,0,105.6,-6.0,24.0,ground_ball,medium,1,0,,,b75e59f7-fa1a-35d2-9cbf-098e5d36252e
824867,6,1,bottom,1,1,0,0,1,0,L,L,grounded_into_double_play,out,0,107.5,5.0,114.0,ground_ball,medium,1,0,,,32d94b44-6b6d-3bd3-a70d-5853f93aa959
824867,7,2,top,0,0,0,0,0,0,L,R,single,hit,0,81.6,10.0,131.0,ground_ball,medium,1,0,,,6b632570-f4f9-3b74-ad70-567090ae0613
824867,8,2,top,0,1,0,0,1,0,R,R,force_out,out,0,81.2,-17.0,10.0,ground_ball,medium,1,0,,,d7ae7d9e-8ce0-3bc1-a6ef-315c8579098b
824867,11,2,bottom,0,0,0,0,0,0,R,L,field_out,out,0,98.2,66.0,161.0,popup,medium,1,0,,,197899e8-b369-3c52-b9ac-ec666fac0cbe
824867,12,2,bottom,1,0,0,0,0,0,L,L,field_out,out,0,110.3,4.0,115.0,ground_ball,medium,1,0,,,fa9cdd53-11fc-32b7-8513-1250f09cfd17
824867,13,2,bottom,2,0,0,0,0,0,R,L,single,hit,0,71.5,-3.0,25.0,ground_ball,medium,1,0,,,362dae98-6e67-31ca-bb92-327c71049a59
824867,14,2,bottom,2,1,0,0,1,0,R,L,force_out,out,0,77.3,-7.0,22.0,ground_ball,medium,1,0,,,a7591048-9663-3b9b-8474-a4379ab8ebb4
824867,15,3,top,0,0,0,0,0,0,R,R,field_out,out,0,87.0,38.0,305.0,fly_ball,medium,1,0,,,7635a46c-3595-39f8-8aee-d271a19f1dea
824867,16,3,top,1,0,0,0,0,0,L,R,field_out,out,0,63.2,-9.0,15.0,ground_ball,medium,1,0,,,9664a30d-32b0-3af0-bece-5de54f879900
824867,17,3,top,2,0,0,0,0,0,L,R,home_run,hit,1,100.9,24.0,368.0,line_drive,medium,1,0,,,0539315a-5e7d-337d-908e-ed061be16484
824867,21,3,bottom,1,0,0,0,0,0,R,L,field_out,out,0,29.0,-4.0,18.0,bunt_grounder,soft,1,0,,,c1857b05-3726-3a91-88f8-8a776622daf1
824867,22,3,bottom,2,0,0,0,0,0,R,L,field_out,out,0,92.4,74.0,69.0,popup,medium,1,0,,,822afcf6-8357-3d03-9c45-34efb72fd0e8
824867,23,4,top,0,0,0,0,0,0,L,R,single,hit,0,66.9,9.0,86.0,ground_ball,medium,1,0,,,914d3cac-f5ab-3a7d-ab61-c4c750dc03f9
824867,24,4,top,0,0,0,0,0,0,R,R,field_out,out,0,88.6,44.0,293.0,fly_ball,medium,1,0,,,a7315bc6-6204-3d27-8038-aa147e05fe7f
824867,25,4,top,1,1,0,0,1,0,R,R,force_out,out,0,50.5,-50.0,3.0,ground_ball,medium,1,0,,,a5d2fa82-3a01-3102-986a-a0a27c30db47
824867,27,4,bottom,0,0,0,0,0,0,L,L,field_out,out,0,94.3,22.0,322.0,line_drive,medium,1,0,,,d83dc307-bbdb-32b6-9fa3-241aaed5783b
824867,28,4,bottom,1,0,0,0,0,0,L,L,field_out,out,0,98.6,-13.0,15.0,ground_ball,medium,1,0,,,dad59da5-d71e-3d79-872e-5c316f467c2b
824867,29,4,bottom,2,0,0,0,0,0,R,L,field_out,out,0,92.9,21.0,328.0,line_drive,medium,1,0,,,3d320557-ff2a-3b6f-8674-cb063462f466
824867,30,5,top,0,0,0,0,0,0,R,R,field_out,out,0,94.5,40.0,333.0,fly_ball,medium,1,0,,,16ff8f6a-2089-35e6-ba8f-35b3fb4ed21f
824867,33,5,top,2,1,0,0,1,0,R,R,single,hit,0,96.4,-7.0,23.0,ground_ball,medium,1,0,,,13ffcfa8-d8e6-346b-a47b-92eacc695f6c
824867,34,5,top,2,0,1,0,1,1,R,R,force_out,out,0,86.7,-24.0,7.0,ground_ball,medium,1,0,,,af9fe35a-7cdf-36c7-8674-5c0d4b94bf78
824867,35,5,bottom,0,0,0,0,0,0,L,L,single,hit,0,107.7,10.0,245.0,line_drive,hard,1,0,,,f52e0899-cd56-37fe-8aba-be2da8ec6b3f
824867,36,5,bottom,0,1,0,0,1,0,R,L,grounded_into_double_play,out,0,93.1,-11.0,17.0,ground_ball,medium,1,0,,,31f70354-a553-36db-8b75-f4ba6fd1e512
824867,37,5,bottom,2,0,0,0,0,0,R,L,field_out,out,0,106.1,18.0,324.0,line_drive,hard,1,0,,,584c473f-685d-3d41-aab5-5f3f6b76743a
824867,38,6,top,0,0,0,0,0,0,L,R,field_out,out,0,89.4,66.0,171.0,fly_ball,medium,1,0,,,c831295b-024c-3dc0-b9b1-4eb4652ab9ec
824867,39,6,top,1,0,0,0,0,0,R,R,field_out,out,0,91.3,7.0,108.0,ground_ball,medium,1,0,,,67f946b4-94f4-3c96-9196-424acf821369
824867,40,6,top,2,0,0,0,0,0,R,R,home_run,hit,1,102.6,25.0,410.0,fly_ball,medium,1,0,,,6de184b7-9647-39fd-9731-c40d60ea5ce8
824867,41,6,top,2,0,0,0,0,0,L,R,field_out,out,0,85.8,27.0,311.0,fly_ball,medium,1,0,,,7b01673c-26b2-38f8-8f3c-d318a6eabde0
824867,42,6,bottom,0,0,0,0,0,0,R,L,field_out,out,0,93.5,-6.0,23.0,ground_ball,medium,1,0,,,07957cde-e0a7-375d-9637-cd63b0138f78
824867,43,6,bottom,1,0,0,0,0,0,R,L,field_out,out,0,84.0,53.0,246.0,fly_ball,medium,1,0,,,7fa94c5b-eec6-3dd7-b1af-e63b5f90bba9
824867,45,7,top,0,0,0,0,0,0,R,R,single,hit,0,83.7,18.0,232.0,line_drive,medium,1,0,,,e7f1cc96-6c4e-3e88-b776-cef8071a2fd1
824867,46,7,top,0,1,1,0,2,1,L,R,single,hit,0,68.7,24.0,192.0,line_drive,medium,1,0,,,8489bb46-c154-35cf-8a2d-bb5d32ed0c29
824867,47,7,top,0,1,0,1,2,1,L,R,single,hit,1,99.7,-15.0,10.0,ground_ball,medium,1,0,,,0c314959-daad-3fa5-961e-43698117c9d7
824867,48,7,top,1,0,0,0,0,0,R,R,field_out,out,0,95.7,60.0,204.0,fly_ball,medium,1,0,,,a30c62a0-ab02-36f8-bba4-5c6773ac2f57
824867,49,7,top,2,1,0,0,1,0,R,R,double,hit,0,92.1,18.0,231.0,line_drive,medium,1,0,,,43b0004a-93af-3dd2-adfb-e5e360fbe18f
824867,50,7,top,2,0,0,0,0,0,L,R,field_out,out,0,101.0,-2.0,31.0,ground_ball,medium,1,0,,,00341778-c7e3-3c17-bb98-41161ea74591
824867,52,7,bottom,0,1,0,0,1,0,L,L,single,hit,0,97.2,-1.0,46.0,ground_ball,medium,1,0,True,MJ,c3cfc22c-7eba-372d-99d3-5ad563fafbb6
824867,53,7,bottom,0,0,0,0,0,0,R,L,field_out,out,0,83.6,32.0,307.0,fly_ball,medium,1,0,,,7ab82ed5-5d3f-3d43-bff6-294bd2a49724
824867,54,7,bottom,1,1,1,0,2,1,L,L,force_out,out,0,61.6,-1.0,26.0,ground_ball,medium,1,0,,,8deaa32a-41a9-3bc1-a45b-6a31a55f9f97
824867,56,8,top,0,0,0,0,0,0,R,R,home_run,hit,1,103.9,29.0,415.0,fly_ball,hard,1,0,,,8c7d2afc-dfce-3472-b53f-39624b9ee9bb
824867,57,8,top,0,0,0,0,0,0,R,R,field_out,out,0,91.0,62.0,193.0,fly_ball,medium,1,0,,,19fd9321-9532-3de7-a981-42772dffb0d8
824867,58,8,top,1,0,0,0,0,0,L,R,field_out,out,0,100.1,-1.0,34.0,ground_ball,medium,1,0,,,fd575a74-4722-3be3-a32e-691316e6713d
824867,60,8,bottom,0,0,0,0,0,0,R,R,single,hit,0,81.4,14.0,188.0,line_drive,medium,1,0,,,f2eadd94-8f43-3cf8-8373-2b7b22d55e5b
824867,62,8,bottom,1,0,0,0,0,0,R,R,field_out,out,0,64.3,72.0,89.0,popup,medium,1,0,,,35cacedc-9a65-3cbf-914b-da121c69c05c
824867,64,8,bottom,2,1,1,0,2,1,L,R,single,hit,0,56.8,-80.0,1.0,ground_ball,soft,1,0,,,f2f4ed3b-2e4d-390c-b0ae-b715c8f7d2ac
824867,65,8,bottom,2,0,0,0,0,0,L,R,field_out,out,0,87.0,67.0,180.0,fly_ball,medium,1,0,,,b8716bea-2f70-3c91-bd22-c41737c6d8cc
824867,67,9,top,1,0,0,0,0,0,L,R,field_out,out,0,105.7,14.0,339.0,line_drive,hard,1,0,,,72f21ea3-89ec-3673-86a2-5f16e61f4871
824867,68,9,top,2,0,0,0,0,0,R,R,field_out,out,0,102.8,-23.0,5.0,ground_ball,medium,1,0,,,e352e6b2-ea08-3726-9bea-dca44f02845d
824867,70,9,bottom,1,0,0,0,0,0,L,R,double,hit,0,110.8,16.0,351.0,line_drive,hard,1,0,,,ec9e9c06-8e15-3af1-a0d8-c530cb7a260a
824867,71,9,bottom,1,0,1,0,1,1,R,R,field_out,out,0,62.4,9.0,88.0,ground_ball,medium,1,0,,,aa99d2cf-7f64-331c-b44e-a529a4a3637a
824867,72,9,bottom,2,0,0,0,0,0,R,R,field_out,out,0,90.2,28.0,324.0,fly_ball,medium,1,0,,,58bfc929-7353-39a0-b737-e759548151bc
824868,0,1,top,0,0,0,0,0,0,R,L,home_run,hit,1,102.3,28.0,408.0,fly_ball,medium,1,0,,,f11852d0-740d-3e21-80d9-c805f2e99574
824868,3,1,top,2,0,0,0,0,0,R,L,field_out,out,0,92.0,43.0,320.0,fly_ball,medium,1,0,,,78e090f9-81dc-3e2e-a52c-de3292b49bb9
824868,5,1,bottom,1,0,0,0,0,0,R,L,field_out,out,0,92.9,44.0,306.0,fly_ball,medium,1,0,,,bfd0bdca-3a16-367a-99e6-ed9865826324
824868,6,1,bottom,2,0,0,0,0,0,L,L,double,hit,0,67.5,43.0,202.0,fly_ball,medium,1,0,,,269986ae-37a7-3051-b6c0-feafc3d3a1d6
824868,7,1,bottom,2,0,0,0,0,0,R,L,field_out,out,0,85.0,34.0,310.0,fly_ball,medium,1,0,,,a4e16ee8-9aca-3dea-9775-c1ec2e12fc53
824868,11,2,bottom,0,0,0,0,0,0,L,L,field_out,out,0,99.3,42.0,306.0,fly_ball,medium,1,0,,,13a3b4bf-76ea-33d6-861e-75907796b9cc
824868,12,2,bottom,1,0,0,0,0,0,R,L,single,hit,0,104.2,4.0,90.0,ground_ball,medium,1,0,,,fe77a8b5-fafd-372d-846f-3637168c51fd
824868,14,2,bottom,2,0,0,0,0,0,R,L,field_out,out,0,91.2,45.0,277.0,fly_ball,medium,1,0,,,b403f3fb-4ee0-3cfb-807b-e810cc74c733
824868,15,3,top,0,0,0,0,0,0,R,L,field_out,out,0,91.2,43.0,312.0,fly_ball,medium,1,0,False,MJ,e705711d-dd00-3cfc-b1b4-ac7ecec6f7a1
824868,16,3,top,1,0,0,0,0,0,R,L,field_out,out,0,84.8,53.0,223.0,fly_ball,medium,1,0,,,cdaefc94-7e80-3f5a-a1df-9d8603d66356
824868,17,3,top,2,0,0,0,0,0,R,L,single,hit,0,96.3,15.0,252.0,line_drive,medium,1,0,,,ee5b39a6-7d08-3712-a991-864e7bb88d35
824868,19,3,bottom,0,0,0,0,0,0,R,L,field_out,out,0,95.1,35.0,349.0,fly_ball,medium,1,0,,,9a676e7a-1c9a-3b34-a1fd-79909b2f5d43
824868,21,3,bottom,2,0,0,0,0,0,R,L,single,hit,0,69.2,-9.0,14.0,ground_ball,medium,1,0,,,48489096-d4fc-3887-8d86-15fca7d1fbd2
824868,22,3,bottom,2,0,0,0,0,0,L,L,field_out,out,0,104.7,9.0,199.0,line_drive,medium,1,0,,,f3a782b6-19b9-336f-8f17-9064ca1c78b0
824868,26,4,top,2,1,1,0,2,1,R,L,single,hit,0,57.6,32.0,142.0,fly_ball,medium,1,0,,,c1ed6ce9-85e4-3dc0-8da4-4d520ce77c85
824868,28,4,bottom,0,0,0,0,0,0,R,L,field_out,out,0,49.9,42.0,121.0,popup,medium,1,0,,,bed748db-82c4-389e-8667-621bed94e37a
824868,29,4,bottom,1,0,0,0,0,0,L,L,field_out,out,0,74.8,-1.0,39.0,ground_ball,medium,1,0,,,ca3964a9-a54c-3807-b206-5c67980f8ecc
824868,31,5,top,0,0,0,0,0,0,R,L,double,hit,0,51.8,5.0,37.0,ground_ball,medium,1,0,,,12fa91fa-8264-36a7-9bc4-9d9676595c5a
824868,33,5,top,1,0,0,0,0,0,R,L,field_out,out,0,85.2,-43.0,4.0,ground_ball,medium,1,0,,,b4ea302b-0ce8-3d1f-af77-3ac3bce59fab
824868,34,5,top,2,0,1,0,1,1,R,L,field_out,out,0,73.0,-7.0,17.0,ground_ball,medium,1,0,,,bcebf43e-4008-3ae4-843d-47b15fb15764
824868,35,5,bottom,0,0,0,0,0,0,R,L,field_out,out,0,76.8,-31.0,5.0,ground_ball,medium,1,0,,,ce0d3416-dda3-37b1-bd75-1e545965fd37
824868,38,6,top,0,0,0,0,0,0,R,L,field_out,out,0,96.6,52.0,280.0,fly_ball,medium,1,0,,,49fc95c9-92f9-3146-aa71-96b867b914f7
824868,42,6,bottom,0,0,0,0,0,0,L,L,field_out,out,0,94.0,30.0,355.0,fly_ball,medium,1,0,,,6cfb6a56-97fb-32a1-9422-47f2db2c9d77
824868,43,6,bottom,1,0,0,0,0,0,R,L,field_out,out,0,52.0,70.0,75.0,popup,soft,1,0,,,b8a78bf7-0388-390a-8ffa-33ac341425a1
824868,44,6,bottom,2,0,0,0,0,0,L,L,home_run,hit,1,107.4,32.0,415.0,fly_ball,medium,1,0,,,9b83a53c-513a-32f7-ba68-ca9ad6ce6890
824868,45,6,bottom,2,0,0,0,0,0,R,L,single,hit,0,91.7,-0.0,48.0,ground_ball,medium,1,0,,,809c806d-7247-305c-932b-1fc06d2da641
824868,46,6,bottom,2,0,0,0,0,0,L,L,field_out,out,0,96.7,25.0,345.0,fly_ball,medium,1,0,,,0f809c2e-3ce9-3baa-8610-cab77d8ba784
824868,47,7,top,0,0,0,0,0,0,R,R,triple,hit,0,95.8,28.0,337.0,fly_ball,medium,1,0,,,5ce91c7a-c4e8-35a6-a9d9-da98c974a5cb
824868,48,7,top,0,0,0,0,0,0,L,R,field_out,out,0,61.1,-55.0,3.0,ground_ball,medium,1,0,,,40cef192-d00e-3f8c-a693-0ce95fae3d1f
824868,49,7,top,1,0,0,1,1,1,R,R,sac_fly,out,1,75.4,33.0,260.0,fly_ball,medium,1,0,,,3d985924-a1c3-37bc-b9c7-1a94aaaded51
824868,50,7,top,2,0,0,0,0,0,R,R,field_out,out,0,88.5,48.0,277.0,fly_ball,medium,1,0,,,8b4e7e20-cd0d-352e-acaf-9dac487b9e03
824868,51,7,bottom,0,0,0,0,0,0,R,L,home_run,hit,1,104.3,29.0,409.0,fly_ball,medium,1,0,,,801c83b0-5246-3549-8315-ff83af37ae97
824868,53,7,bottom,1,0,0,0,0,0,R,L,field_error,error,0,97.2,-4.0,24.0,ground_ball,medium,1,0,,,67ee7201-eb10-3a97-a804-1f717048ffe5
824868,54,7,bottom,1,0,0,0,0,0,R,L,field_out,out,0,90.5,57.0,206.0,fly_ball,medium,1,0,,,c70bf01c-3eeb-3c3c-860c-47a8328e301d
824868,55,7,bottom,2,1,0,0,1,0,L,L,field_out,out,0,60.2,-82.0,1.0,ground_ball,medium,1,0,,,bb9a8805-81ca-3838-8569-14d40181dbb9
824868,56,8,top,0,0,0,0,0,0,R,L,field_out,out,0,72.5,15.0,142.0,line_drive,medium,1,0,,,e6b2a633-10db-3840-99b7-b1664476f9cd
824868,57,8,top,1,0,0,0,0,0,R,L,field_out,out,0,76.2,59.0,183.0,popup,medium,1,0,,,3049c377-d602-3a30-b741-f6a6b4354c6a
824868,58,8,top,2,0,0,0,0,0,R,L,field_out,out,0,101.3,56.0,228.0,fly_ball,hard,1,0,,,6a717473-f2d7-3de3-b525-ddec04b8d322
824868,60,8,bottom,0,1,0,0,1,0,L,R,grounded_into_double_play,out,0,101.3,-8.0,17.0,ground_ball,medium,1,0,,,02464687-ccc5-3d4c-bb8f-f0139c233edc
824868,62,8,bottom,2,0,0,0,0,0,L,R,field_out,out,0,96.4,-10.0,14.0,ground_ball,medium,1,0,True,MF,c49f57b9-62df-3311-9ede-b5ea3d55158d
824868,68,9,bottom,2,0,0,0,0,0,L,R,field_out,out,0,91.9,65.0,158.0,popup,medium,1,0,,,4eddb681-fb48-3158-95ab-b8f943529e35
824868,70,10,top,1,0,0,0,0,0,R,L,field_out,out,0,104.5,-3.0,27.0,ground_ball,medium,1,0,,,49d653d0-8e01-3d7b-bda9-81bfaf8c43fa
824868,71,10,top,2,0,0,0,0,0,L,L,field_out,out,0,81.8,57.0,187.0,fly_ball,medium,1,0,,,bdcfcfb8-ef82-321b-b7cb-b8ac6f855f44
824868,72,10,bottom,0,0,1,0,1,1,R,R,sac_bunt,out,0,11.3,34.0,12.0,bunt_grounder,soft,1,0,,,2c36959e-eb57-3600-a793-1c03e6c8aec9
824868,74,10,bottom,1,1,0,1,2,1,R,R,single,hit,1,,-81.0,1.0,ground_ball,medium,0,0,,,fd7a8f8e-2a76-3c21-9cf5-f93da627e7dd
824947,0,1,top,0,0,0,0,0,0,R,L,field_out,out,0,73.2,-21.0,6.0,ground_ball,medium,1,0,,,69b8a210-3e19-3b9a-8e8e-8ddae15380f8
824947,3,1,bottom,0,0,0,0,0,0,R,R,field_out,out,0,91.9,-8.0,15.0,ground_ball,medium,1,0,,,e1e91cca-dcb3-313e-b1f2-4946af1956d6
824947,4,1,bottom,1,0,0,0,0,0,L,R,field_out,out,0,98.9,43.0,353.0,fly_ball,medium,1,0,,,2b83924f-fcce-3cd7-a165-2b95d1f0dd96
824947,6,1,bottom,2,0,0,0,0,0,L,R,field_out,out,0,90.3,24.0,322.0,line_drive,medium,1,0,False,MJ,e8ddf134-00f6-3ea3-a3e9-7d7a94b38cae
824947,7,2,top,0,0,0,0,0,0,R,L,field_out,out,0,88.5,64.0,181.0,popup,medium,1,0,,,1f150b02-5120-3514-a9fa-c50b25eb390e
824947,8,2,top,1,0,0,0,0,0,R,L,double,hit,0,80.3,27.0,277.0,line_drive,medium,1,0,,,0a602c97-8962-3bca-ae4b-250c79a735bb
824947,9,2,top,1,0,0,0,0,0,R,L,field_out,out,0,91.6,-30.0,6.0,ground_ball,medium,1,0,,,3228a52e-1c6f-35da-8f26-45ab79d886ee
824947,11,2,top,2,0,0,0,0,0,L,L,field_out,out,0,102.0,32.0,392.0,fly_ball,hard,1,0,,,562cc79f-3eca-3478-9782-66e91c022e9a
824947,12,2,bottom,0,0,0,0,0,0,R,R,field_out,out,0,58.4,5.0,54.0,ground_ball,medium,1,0,,,30c8a51a-6d8a-3f42-9a99-07d6ea8021aa
824947,14,2,bottom,1,1,0,0,1,0,L,R,single,hit,0,90.1,-27.0,5.0,ground_ball,medium,1,0,,,3e9886bd-49df-3035-9861-8cbca4f6ac55
824947,16,2,bottom,2,0,0,0,0,0,R,R,field_out,out,0,93.3,-24.0,5.0,ground_ball,medium,1,0,,,59d1ea7c-a408-3a6f-aa11-fab7f5f19f7f
824947,18,3,top,1,0,0,0,0,0,R,L,field_out,out,0,98.0,18.0,300.0,line_drive,medium,1,0,,,a04a0272-474d-3172-adc9-2355129010e4
824947,20,3,top,2,1,0,0,1,0,R,L,force_out,out,0,89.5,-1.0,34.0,ground_ball,medium,1,0,,,7b8ae84b-1f46-36e2-8a78-fa93dd4c61b6
824947,21,3,bottom,0,0,0,0,0,0,R,R,field_out,out,0,101.9,-13.0,10.0,ground_ball,medium,1,0,,,5e7123fd-840e-3595-a33d-570409c9b47b
824947,23,3,bottom,1,1,1,0,2,1,R,R,field_error,error,0,83.5,8.0,109.0,ground_ball,medium,1,0,,,255b34f4-f504-3a6e-86a2-f20bfab2f9f1
824947,25,3,bottom,2,0,0,0,0,0,R,R,field_out,out,0,101.2,-4.0,28.0,ground_ball,medium,1,0,False,MJ,f4600d32-df12-3d22-9ce0-35334bc73eb7
824947,26,4,top,0,0,0,0,0,0,R,L,field_out,out,0,77.4,41.0,251.0,fly_ball,medium,1,0,,,1a0ae070-5192-37a0-935e-e2111852e2be
824947,27,4,top,1,0,0,0,0,0,R,L,field_out,out,0,86.4,-17.0,8.0,ground_ball,medium,1,0,,,e77c7def-cad5-3b2a-92af-9121f94dec57
824947,28,4,top,2,0,0,0,0,0,R,L,home_run,hit,1,106.1,32.0,425.0,fly_ball,medium,1,0,,,01ce2a69-97c8-3e83-8bc6-7a08aba5d312
824947,32,4,bottom,1,0,0,0,0,0,R,R,field_out,out,0,102.1,28.0,391.0,fly_ball,hard,1,0,,,2323d325-136b-3427-a716-372de6d62811
824947,33,4,bottom,2,0,0,0,0,0,R,R,field_out,out,0,55.7,10.0,82.0,line_drive,medium,1,0,,,4a09d71c-aeb1-3661-acbc-3d6d6370c9ed
824947,34,5,top,0,0,0,0,0,0,L,L,field_out,out,0,56.4,9.0,75.0,ground_ball,medium,1,0,,,2bfea78f-55d4-3c41-825e-f328813b04da
824947,35,5,top,1,0,0,0,0,0,R,L,field_out,out,0,88.1,5.0,79.0,ground_ball,medium,1,0,,,6206a641-9a84-368b-bc73-cd3fd4401348
824947,36,5,top,2,0,0,0,0,0,R,L,field_out,out,0,85.5,27.0,315.0,line_drive,medium,1,0,,,a11e1d95-5661-38ab-91e1-e4a1025d8a19
824947,37,5,bottom,0,0,0,0,0,0,R,R,field_out,out,0,87.4,-14.0,9.0,ground_ball,medium,1,0,,,20d02de7-9af2-337a-bf40-de30dcd9dac5
824947,38,5,bottom,1,0,0,0,0,0,L,R,field_out,out,0,57.7,32.0,169.0,line_drive,medium,1,0,,,debf4045-a36c-3b9c-be68-ede6a0626b40
824947,40,6,top,0,0,0,0,0,0,L,L,field_out,out,0,91.7,50.0,286.0,fly_ball,medium,1,0,,,85a29c34-e175-3bcc-879a-45b31c5b33af
824947,41,6,top,1,0,0,0,0,0,R,L,field_out,out,0,78.6,54.0,215.0,popup,medium,1,0,,,366ffeb8-d401-34be-a371-f99052ee92ba
824947,42,6,top,2,0,0,0,0,0,R,L,field_out,out,0,80.5,70.0,136.0,popup,medium,1,0,,,e2bab2a9-4b4f-33c5-91da-a1d7bcc6aece
824947,43,6,bottom,0,0,0,0,0,0,L,R,single,hit,0,92.4,14.0,227.0,line_drive,medium,1,0,,,71192d76-7df2-3e50-8c06-65148ab9ffa1
824947,44,6,bottom,0,1,0,0,1,0,R,R,fielders_choice,fielders_choice,0,97.1,-4.0,29.0,ground_ball,medium,1,0,,,26dd7118-525b-317b-a97e-ff717b243f13
824947,45,6,bottom,0,1,1,0,2,1,L,R,sac_bunt,out,0,38.4,-62.0,4.0,bunt_grounder,soft,1,0,,,bb6447b5-5be3-3ec7-ab20-4cee7d9cd77e
824947,46,6,bottom,1,0,1,1,2,1,R,L,single,hit,2,101.8,7.0,165.0,line_drive,medium,1,0,,,3e899220-bbe7-35c1-bbf0-f5fabd9676fa
824947,47,6,bottom,1,1,0,0,1,0,R,L,single,hit,0,97.3,-17.0,12.0,ground_ball,medium,1,0,,,e4a563a9-15de-3910-8541-3360d1753c68
824947,48,6,bottom,1,1,1,1,3,1,R,L,single,hit,1,105.9,6.0,113.0,ground_ball,medium,1,0,,,7f0011c5-920e-3f29-a61c-237f6395b1fd
824947,49,6,bottom,1,1,1,0,2,1,R,R,triple,hit,2,103.2,25.0,372.0,fly_ball,hard,1,0,,,a9979bbc-acfb-3cb9-9bbc-c26f13697610
824947,50,6,bottom,1,0,0,1,1,1,L,R,fielders_choice,fielders_choice,1,76.2,0.0,38.0,ground_ball,medium,1,0,,,ee9484fe-c932-31cc-9a92-0daab8b1deec
824947,52,6,bottom,2,0,0,0,0,0,L,R,field_out,out,0,87.9,34.0,311.0,fly_ball,medium,1,0,,,32a7d6e4-c354-3e10-90ba-3a732201759c
824947,53,7,top,0,0,0,0,0,0,R,R,field_out,out,0,92.7,-17.0,8.0,ground_ball,medium,1,0,,,be0d3229-35be-39f1-bac6-bef14ded3694
824947,54,7,top,1,0,0,0,0,0,R,R,field_out,out,0,103.0,42.0,369.0,fly_ball,medium,1,0,,,f733f29d-9247-36e4-89fe-033fa46d3a1c
824947,55,7,top,2,0,0,0,0,0,R,R,home_run,hit,1,100.1,44.0,366.0,fly_ball,medium,1,0,,,fcf3ded8-e251-33fc-814a-c0aee0dc1760
824947,58,7,bottom,1,0,0,0,0,0,L,R,field_out,out,0,96.1,36.0,362.0,fly_ball,medium,1,0,,,b87357e1-5b73-30a3-a8d9-5696a1f89db3
824947,59,7,bottom,2,0,0,0,0,0,R,R,field_out,out,0,84.1,-36.0,3.0,ground_ball,medium,1,0,,,9f8343d9-0360-359b-84eb-bba45389b600
824947,62,8,top,1,1,0,0,1,0,L,R,single,hit,0,110.8,6.0,213.0,line_drive,medium,1,0,,,9b076ea6-248b-3350-9f69-00bda617aa75
824947,64,8,top,1,0,0,1,1,1,R,R,sac_fly,out,1,90.7,20.0,327.0,line_drive,medium,1,0,,,faf5ec77-32bb-3de2-92c4-7b41c518bc47
824947,65,8,top,2,1,1,1,3,1,R,R,single,hit,1,106.1,12.0,239.0,line_drive,medium,1,0,,,cb3f5472-4728-3f09-8507-b9767e18bbef
824947,69,8,bottom,1,0,0,0,0,0,R,R,single,hit,0,105.6,13.0,288.0,line_drive,hard,1,0,,,69bb7e29-2d32-382f-8e31-92cb8bc58880
824947,70,8,bottom,1,1,0,0,1,0,R,R,single,hit,0,106.4,-3.0,34.0,ground_ball,medium,1,0,,,6411443d-0a8f-38c0-8743-047006fd92ff
824947,71,8,bottom,1,1,0,0,1,0,L,L,grounded_into_double_play,out,0,94.2,1.0,59.0,ground_ball,medium,1,0,,,6b1007d4-3dae-3203-8246-2f5c54d3e332
824947,74,9,top,1,1,0,0,1,0,R,L,grounded_into_double_play,out,0,106.2,-8.0,13.0,ground_ball,medium,1,0,,,f5398e69-0beb-3a81-b327-bd95c59ce5c2
824948,1,1,top,1,0,0,0,0,0,L,R,field_out,out,0,90.1,42.0,304.0,fly_ball,medium,1,0,,,3a290e37-efc6-3abc-a6b4-afd129186e05
824948,2,1,top,2,0,0,0,0,0,R,R,field_out,out,0,75.1,30.0,261.0,line_drive,medium,1,0,,,5965eeb1-5bb3-3bbe-bfd9-49defe25cc97
824948,3,1,bottom,0,0,0,0,0,0,R,R,field_out,out,0,108.2,-2.0,37.0,ground_ball,medium,1,0,,,007221b5-8afd-327f-a1d1-636ef1402da9
824948,4,1,bottom,1,0,0,0,0,0,L,R,single,hit,0,76.5,10.0,132.0,line_drive,medium,1,0,,,1d38015a-4f1e-31c5-9210-191d3d2869eb
824948,5,1,bottom,1,1,1,0,2,1,R,R,single,hit,0,94.7,-25.0,8.0,ground_ball,medium,1,0,,,2423452f-42ec-30f5-b50a-10300c8e00c3
824948,7,1,bottom,2,0,0,0,0,0,L,R,field_out,out,0,55.2,32.0,171.0,line_drive,medium,1,0,,,2f6d80ca-2013-391e-8efd-377e2c0a8c9f
824948,9,2,top,1,0,0,0,0,0,R,R,single,hit,0,106.8,2.0,63.0,ground_ball,medium,1,0,,,29f99ae1-5c05-38f5-9294-09de2a35d075
824948,10,2,top,1,1,0,0,1,0,R,R,force_out,out,0,,,,ground_ball,medium,0,0,,,88b9c551-1980-3a79-9fe3-686613022248
824948,14,2,bottom,0,0,0,0,0,0,L,R,field_out,out,0,83.3,46.0,271.0,fly_ball,medium,1,0,,,8fd953dc-c08c-3bd4-beb8-36b1949dd1ef
824948,15,2,bottom,1,0,0,0,0,0,R,R,field_out,out,0,66.3,18.0,160.0,line_drive,medium,1,0,,,ca32c0c7-564a-3356-b465-edf02ab8433c
824948,16,2,bottom,2,0,0,0,0,0,L,R,field_out,out,0,99.9,-2.0,36.0,ground_ball,medium,1,0,,,67771b71-90ff-3b4e-bcfe-9d74181e70f3
824948,17,3,top,0,0,0,0,0,0,R,L,single,hit,0,91.9,-8.0,12.0,ground_ball,medium,1,0,,,492e025f-dca1-3391-8098-c62ab902dfa3
824948,19,3,top,0,1,1,0,2,1,R,L,field_out,out,0,49.7,18.0,84.0,ground_ball,medium,1,0,,,2c8cd65c-1fcc-353e-af06-c9865ba8b0c4
824948,20,3,top,1,0,1,1,2,1,R,L,field_out,out,1,52.7,-43.0,5.0,ground_ball,medium,1,0,,,b566974d-7069-32b1-8e35-ab1128cad0ba
824948,21,3,top,2,0,0,1,1,1,R,L,double,hit,1,104.3,17.0,293.0,line_drive,hard,1,0,,,63cee695-4966-3a16-9a78-a430fd5adb60
824948,23,3,top,2,1,1,0,2,1,L,L,triple,hit,2,94.0,24.0,353.0,line_drive,medium,1,0,,,9c3fe6ed-cebc-39b7-adb2-6726c858573e
824948,25,3,bottom,0,0,0,0,0,0,R,R,field_out,out,0,85.7,22.0,297.0,line_drive,medium,1,0,,,43417637-71df-3fb2-b3e6-a5bd9004e047
824948,26,3,bottom,1,0,0,0,0,0,R,R,field_out,out,0,92.8,25.0,345.0,line_drive,medium,1,0,,,90feb701-c0aa-31fe-876a-fba7961e9a32
824948,27,3,bottom,2,0,0,0,0,0,L,R,single,hit,0,81.5,-36.0,4.0,ground_ball,medium,1,0,,,34e31de6-218e-3dcb-9fa5-7f0962999d18
824948,28,3,bottom,2,0,0,0,0,0,R,R,field_out,out,0,77.7,62.0,169.0,popup,medium,1,0,,,8373992a-711d-3d59-b77a-19d3715472ca
824948,31,4,top,2,0,0,0,0,0,L,R,field_out,out,0,91.7,67.0,188.0,popup,medium,1,0,,,91e1ae0a-66dd-32d8-9c12-bfab9b2a8726
824948,33,4,bottom,1,0,0,0,0,0,L,R,field_out,out,0,90.8,-13.0,12.0,ground_ball,medium,1,0,,,67eca06a-9f9b-355b-86a9-dc79d8e6a79f
824948,35,5,top,0,0,0,0,0,0,R,R,field_out,out,0,73.0,-21.0,8.0,ground_ball,medium,1,0,,,3a505265-9cc0-3c1b-bf8f-d7de497de0a9
824948,36,5,top,1,0,0,0,0,0,R,R,field_out,out,0,77.8,-13.0,17.0,ground_ball,medium,1,0,,,92b7fcd9-0fda-3aae-8b66-57a2ef67387e
824948,37,5,top,2,0,0,0,0,0,R,R,field_out,out,0,82.4,3.0,58.0,ground_ball,medium,1,0,,,b59c4442-27bd-3b5a-a55a-035b3c6dfb73
824948,38,5,bottom,0,0,0,0,0,0,R,R,field_out,out,0,87.3,51.0,235.0,fly_ball,medium,1,0,,,e24af7f7-05c5-3a5b-bacd-49df27adffcb
824948,39,5,bottom,1,0,0,0,0,0,L,R,field_out,out,0,82.1,55.0,211.0,fly_ball,medium,1,0,,,6b658084-01e5-3b6b-b83e-c3c4937cf129
824948,40,5,bottom,2,0,0,0,0,0,R,R,field_out,out,0,98.0,-14.0,9.0,ground_ball,medium,1,0,,,5b299c76-3504-3a50-af99-89e3b3c4a0f0
824948,41,6,top,0,0,0,0,0,0,R,R,home_run,hit,1,100.1,31.0,386.0,fly_ball,medium,1,0,,,8f63178b-a864-300d-a474-9379ae9bba8c
824948,42,6,top,0,0,0,0,0,0,L,R,field_out,out,0,81.7,-8.0,19.0,ground_ball,medium,1,0,,,d400b171-eb3b-3cb7-896c-27a7b002c9b4
824948,43,6,top,1,0,0,0,0,0,R,R,single,hit,0,104.7,12.0,282.0,line_drive,hard,1,0,,,30fde351-8896-37cc-993b-9cf23afcde08
824948,45,6,top,2,1,0,0,1,0,R,R,single,hit,0,84.0,18.0,235.0,line_drive,medium,1,0,,,e232cde5-8f34-34bb-99ef-873550f42123
824948,46,6,top,2,1,1,1,3,1,L,R,single,hit,1,111.5,-0.0,60.0,ground_ball,medium,1,0,,,56b530cb-991b-32b6-868e-7c539f8ccd47
824948,48,6,top,2,0,0,0,0,0,R,R,field_out,out,0,91.9,-24.0,6.0,ground_ball,medium,1,0,False,MJ,88f96d10-b50a-3c68-b057-10cf4992d230
824948,49,6,bottom,0,0,0,0,0,0,R,R,field_out,out,0,74.3,61.0,170.0,popup,medium,1,0,,,16c0de36-5f24-36b5-a81b-63119c3c2948
824948,50,6,bottom,1,0,0,0,0,0,L,R,field_out,out,0,98.9,17.0,282.0,line_drive,medium,1,0,,,7f7bc61f-b6c8-3bb9-836f-09fbfeac7b69
824948,56,7,top,1,1,1,1,3,1,R,R,single,hit,1,105.2,-2.0,38.0,ground_ball,medium,1,0,,,5ec76d74-0e7f-32cd-b244-4619901adc37
824948,58,7,top,1,1,1,1,3,1,R,R,sac_fly,out,1,96.9,40.0,338.0,fly_ball,medium,1,0,,,b5c2bb84-0e8f-30cf-85c4-8b217bba0b00
824948,60,7,bottom,0,0,0,0,0,0,L,L,field_out,out,0,90.6,9.0,175.0,line_drive,medium,1,0,,,74eff77d-c02d-3c1a-b047-1db11da50f27
824948,62,7,bottom,2,0,0,0,0,0,R,L,single,hit,0,90.8,12.0,229.0,line_drive,medium,1,0,,,eec65139-8428-3bee-83e8-4f2f1eaf1d68
824948,63,7,bottom,2,1,0,0,1,0,R,L,single,hit,0,102.2,15.0,280.0,line_drive,hard,1,0,,,cf7bf643-ac50-3f3d-9f3b-8e9364e8cc84
824948,66,8,top,0,0,0,0,0,0,R,R,double,hit,0,99.7,6.0,119.0,ground_ball,medium,1,0,,,8bc0f8ac-467d-3307-882c-8809a126c304
824948,67,8,top,0,0,1,0,1,1,R,R,single,hit,0,73.9,16.0,177.0,line_drive,medium,1,0,,,478d1698-0029-3d61-8f95-19de5d023710
824948,68,8,top,0,1,0,1,2,1,R,R,grounded_into_double_play,out,0,96.2,-27.0,5.0,ground_ball,medium,1,0,,,b3b04d36-740b-3b36-abae-47e7370cd9c5
824948,69,8,top,2,0,0,0,0,0,R,R,single,hit,0,62.4,-43.0,5.0,ground_ball,medium,1,0,,,fb165226-ef4e-3438-92be-bcc0158078e0
824948,71,8,top,2,0,1,0,1,1,R,R,force_out,out,0,72.9,-17.0,8.0,ground_ball,medium,1,0,,,80479003-9d8c-35e8-bd1f-6b0638d42727
824948,72,8,bottom,0,0,0,0,0,0,L,R,field_out,out,0,84.6,82.0,73.0,popup,medium,1,0,,,6afdf0e4-2e2b-3581-82f6-a90653aac619
824948,74,8,bottom,1,0,0,0,0,0,R,R,field_out,out,0,93.3,43.0,303.0,fly_ball,medium,1,0,,,0e4996d8-8f67-3e39-a982-d9cd97c29ad1
824948,75,8,bottom,2,0,0,0,0,0,L,R,field_out,out,0,84.9,59.0,207.0,fly_ball,medium,1,0,,,8dd76f4a-ac5e-3b8f-8593-59e6c0ee0dad
824948,76,9,top,0,0,0,0,0,0,R,L,field_out,out,0,79.6,82.0,41.0,popup,medium,1,0,True,MJ,ee2e9b42-b6cb-385a-b93f-5fec7a7a56d7
824948,77,9,top,1,0,0,0,0,0,R,L,field_out,out,0,88.4,30.0,340.0,fly_ball,medium,1,0,,,6f3b88b7-ea06-327c-a677-4ccb3ba2077c
824948,78,9,top,2,0,0,0,0,0,L,L,field_out,out,0,64.4,-53.0,2.0,ground_ball,medium,1,0,,,c1c23433-1dea-369b-91ba-5e6d7a31c4b5
824948,79,9,bottom,0,0,0,0,0,0,R,R,field_out,out,0,68.5,46.0,208.0,fly_ball,medium,1,0,,,66d99ccd-a0c3-375d-b379-c3eda5d714cb
824948,80,9,bottom,1,0,0,0,0,0,R,R,field_out,out,0,90.1,45.0,291.0,fly_ball,medium,1,0,,,3173e6d1-10a9-3918-ac00-a1e5422a5ad9
824949,0,1,top,0,0,0,0,0,0,R,R,field_out,out,0,92.4,21.0,313.0,line_drive,medium,1,0,,,bba7bb78-4d67-3a1f-a7be-fb0a797a15db
824949,2,1,top,2,0,0,0,0,0,R,R,home_run,hit,1,98.9,32.0,374.0,fly_ball,medium,1,0,,,d0bf8f83-0c32-37e4-9901-578c97acb5ee
824949,3,1,top,2,0,0,0,0,0,R,R,field_out,out,0,88.8,11.0,190.0,line_drive,medium,1,0,,,fb7487e7-7d63-360e-b34b-4076efaa9054
824949,5,1,bottom,1,0,0,0,0,0,L,R,field_out,out,0,79.0,-9.0,13.0,ground_ball,medium,1,0,,,6a417282-7499-382d-9e13-4fbb828cfe12
824949,6,1,bottom,2,0,0,0,0,0,R,R,field_out,out,0,98.3,45.0,320.0,fly_ball,medium,1,0,,,ac4c2aa5-bb90-3847-93c5-1869de39e9aa
824949,10,2,bottom,0,0,0,0,0,0,L,R,field_out,out,0,75.0,-71.0,1.0,ground_ball,medium,1,0,,,d1af8329-a9b0-3aac-aa1b-36e8be27b3a3
824949,11,2,bottom,1,0,0,0,0,0,R,R,single,hit,0,83.6,11.0,137.0,ground_ball,medium,1,0,,,420f0d76-13d7-39d9-bae3-cad9ad5b3515
824949,12,2,bottom,1,1,0,0,1,0,L,R,double_play,out,0,69.5,13.0,120.0,line_drive,medium,1,0,,,b39c8f02-a4ba-320b-9af2-450cb7514e69
824949,15,3,top,1,1,0,0,1,0,R,R,home_run,hit,2,102.9,30.0,417.0,fly_ball,medium,1,0,,,5f0a9db8-a8c3-3d33-8d05-8037e84d54b8
824949,18,3,bottom,0,0,0,0,0,0,L,R,field_out,out,0,72.3,-21.0,7.0,ground_ball,medium,1,0,,,beaa22ee-1098-3edc-aa13-6ea92d7139c2
824949,19,3,bottom,1,0,0,0,0,0,R,R,single,hit,0,84.6,14.0,192.0,line_drive,medium,1,0,,,4fb60eb5-a404-35f9-86d1-83a70831d606
824949,20,3,bottom,1,1,0,0,1,0,R,R,grounded_into_double_play,out,0,95.8,-1.0,44.0,ground_ball,medium,1,0,,,282b07c4-b9e7-392e-82a3-4ea622f6f844
824949,22,4,top,0,1,0,0,1,0,R,R,field_out,out,0,88.0,36.0,314.0,fly_ball,medium,1,0,,,c0e67ebe-3841-3ce3-9c5a-140f3a87f65a
824949,23,4,top,2,0,0,0,0,0,R,R,field_out,out,0,72.3,12.0,137.0,line_drive,medium,1,0,,,5a616f44-3d0c-3e73-b4d6-495b2b090ec9
824949,24,4,bottom,0,0,0,0,0,0,R,R,single,hit,0,101.6,9.0,164.0,line_drive,hard,1,0,,,1964e9bb-6fc0-316b-97ad-9ceebedd32e7
824949,25,4,bottom,0,1,0,0,1,0,L,R,force_out,out,0,83.1,-18.0,9.0,ground_ball,medium,1,0,,,c3822d5e-54fb-30b6-8771-c92225e09ec5
824949,26,4,bottom,1,1,0,0,1,0,R,R,fielders_choice,fielders_choice,0,87.7,-30.0,4.0,ground_ball,medium,1,0,,,da1f798d-276b-3ef0-b857-0c8d6ce60f47
824949,28,4,bottom,1,1,1,1,3,1,R,R,force_out,out,1,91.9,-26.0,6.0,ground_ball,medium,1,0,,,e1a8df8b-ed21-3217-8f62-ecac829f40e3
824949,29,4,bottom,2,0,0,0,0,0,L,R,field_out,out,0,85.1,-23.0,8.0,ground_ball,medium,1,0,,,1e0e2e4b-476b-3db9-9e11-8c71f7e3310e
824949,33,5,top,2,1,1,0,2,1,R,R,single,hit,0,61.3,-32.0,5.0,ground_ball,medium,1,0,,,db0b00ed-0ce2-371b-84e4-ef584db7603f
824949,34,5,top,2,1,0,1,2,1,L,R,home_run,hit,3,106.7,22.0,401.0,line_drive,medium,1,0,,,a0bcb48a-49a2-39dd-b55e-0e0603a8c0d7
824949,35,5,top,2,0,0,0,0,0,R,R,single,hit,0,82.5,15.0,191.0,line_drive,medium,1,0,,,9f3e1a48-473a-39f7-b95e-f7c1820418b5
824949,36,5,top,2,1,0,0,1,0,R,R,force_out,out,0,80.2,-24.0,6.0,ground_ball,medium,1,0,,,33901b81-257c-3076-892e-f93583a75c1a
824949,37,5,bottom,0,0,0,0,0,0,L,R,field_out,out,0,100.5,17.0,299.0,line_drive,hard,1,0,,,a5e0a958-11da-3d0d-95ff-f8fb8d9db88d
824949,40,6,top,0,0,0,0,0,0,R,R,single,hit,0,93.1,10.0,185.0,line_drive,medium,1,0,,,21d6df7a-edc9-33cc-8619-1d979b97914a
824949,41,6,top,0,1,0,0,1,0,R,R,double,hit,0,96.5,13.0,238.0,line_drive,medium,1,0,True,MJ,4ead6655-59d6-38f0-8a59-6934bd26b405
824949,44,6,top,2,0,0,0,0,0,R,L,field_out,out,0,92.7,24.0,327.0,line_drive,medium,1,0,,,3eb3b994-bb98-3fae-9bcc-2b9feb07004d
824949,45,6,bottom,0,0,0,0,0,0,R,R,single,hit,0,107.2,-2.0,38.0,ground_ball,medium,1,0,,,3372d0ec-5bfe-3219-bf9b-9fabef0e1564
824949,46,6,bottom,0,1,0,0,1,0,L,R,force_out,out,0,98.0,-17.0,7.0,ground_ball,medium,1,0,,,8c5f0035-3b78-3bb6-abf8-a9900af177cd
824949,48,6,bottom,2,0,0,0,0,0,L,R,field_out,out,0,90.8,-16.0,8.0,ground_ball,medium,1,0,,,d0825e99-b97a-3209-a479-f55be6388617
824949,49,7,top,0,0,0,0,0,0,R,L,single,hit,0,101.2,2.0,70.0,ground_ball,medium,1,0,,,d49bf795-997b-3b30-8846-5c74995cfe8d
824949,50,7,top,0,0,0,0,0,0,L,L,field_out,out,0,93.2,47.0,297.0,fly_ball,medium,1,0,,,e9ea9d31-6649-3cb2-a202-f9b599d6d684
824949,51,7,top,1,1,0,0,1,0,R,L,single,hit,0,99.9,15.0,231.0,line_drive,medium,1,0,,,dd127e0a-b8d7-3451-9b38-bdda6ac1accc
824949,52,7,top,1,1,1,1,3,1,R,L,single,hit,1,89.0,17.0,211.0,line_drive,medium,1,0,,,2e147fdf-dd42-3990-a1ed-94e755236ced
824949,53,7,top,1,1,1,0,2,1,R,L,single,hit,0,102.5,33.0,369.0,fly_ball,hard,1,0,,,762c7986-3eab-35f3-87fa-82c32ccd3b26
824949,54,7,top,1,0,1,1,2,1,R,L,sac_fly,out,1,92.6,37.0,317.0,fly_ball,medium,1,0,,,00f95783-87b0-3183-9b70-5e4a46efa802
824949,55,7,top,2,1,0,1,2,1,L,L,double,hit,1,106.4,10.0,212.0,line_drive,medium,1,0,,,d319d88b-eeb9-303e-b477-f40ba9288f00
824949,57,7,bottom,0,0,0,0,0,0,R,R,single,hit,0,108.3,11.0,254.0,line_drive,hard,1,0,,,569c3308-ba86-3d3a-8685-5be21b45cc4d
824949,58,7,bottom,0,0,0,0,0,0,L,R,field_out,out,0,84.8,10.0,134.0,line_drive,medium,1,0,,,a45e323e-f4dd-3574-8cab-7e7be99d5d0d
824949,60,7,bottom,2,1,1,0,2,1,R,R,single,hit,1,94.8,-10.0,12.0,ground_ball,medium,1,0,,,57a72375-0a5b-34f3-b676-d069f3dc734d
824949,61,7,bottom,2,0,0,0,0,0,R,R,field_out,out,0,99.2,17.0,306.0,line_drive,medium,1,0,,,8716f6ef-0f41-39f2-b37e-56665b90ec88
824949,63,8,top,0,1,0,0,1,0,R,R,home_run,hit,2,109.0,28.0,425.0,fly_ball,medium,1,0,,,2a26b5d6-bc40-35a5-9948-329e15b41493
824949,64,8,top,0,0,0,0,0,0,L,R,double,hit,0,105.1,11.0,196.0,line_drive,medium,1,0,,,40479d95-9949-378f-a418-3ca14e2ca6d0
824949,65,8,top,0,0,0,0,0,0,R,R,field_out,out,0,85.5,76.0,84.0,popup,medium,1,0,,,c0c11424-c354-3e71-b8d1-7a8aaee80b46
824949,66,8,top,1,0,1,0,1,1,R,R,single,hit,1,96.5,-12.0,14.0,ground_ball,medium,1,0,,,2f8ce395-0a2c-38b6-9765-13f072a287d6
824949,67,8,top,1,1,0,0,1,0,R,R,force_out,out,0,92.2,2.0,56.0,ground_ball,medium,1,0,False,MF,57254f77-3a57-3053-8c9f-0066d55b30fa
824949,68,8,top,2,1,0,0,1,0,R,R,field_out,out,0,94.8,35.0,322.0,fly_ball,medium,1,0,,,51b638d9-fc6d-374f-a20c-c2f5ccc6f4a7
824949,70,8,bottom,0,0,0,0,0,0,R,R,field_out,out,0,81.9,25.0,302.0,fly_ball,medium,1,0,,,f28469e7-3e53-3757-9b80-7b3faa910c88
824949,72,8,bottom,2,0,0,0,0,0,R,R,field_out,out,0,87.6,-11.0,15.0,ground_ball,medium,1,0,,,18b3e654-61ef-3c79-9782-a6a942a420d6
824949,73,9,top,0,0,0,0,0,0,L,R,home_run,hit,1,101.1,35.0,380.0,fly_ball,medium,1,0,,,e3a0ef16-9b66-395a-abb5-bf27535ff5bb
824949,74,9,top,0,0,0,0,0,0,R,R,field_out,out,0,93.5,26.0,314.0,fly_ball,medium,1,0,,,79d77453-eec8-3594-af1e-e50009d8164b
824949,75,9,top,1,0,0,0,0,0,L,R,field_out,out,0,90.7,29.0,327.0,fly_ball,medium,1,0,,,503811ce-b634-3e8c-a32f-460633d20dd3
824949,79,9,bottom,2,0,0,0,0,0,L,R,field_out,out,0,90.4,-4.0,28.0,ground_ball,medium,1,0,,,993fc8d6-e689-364b-81f5-8e7b84fcaf05
824950,0,1,top,0,0,0,0,0,0,R,R,field_out,out,0,68.4,79.0,59.0,popup,medium,1,0,,,df95bc26-3b46-30b4-96fd-296a9f6bf4b7
824950,2,1,top,1,0,0,0,0,0,R,R,field_out,out,0,96.1,20.0,321.0,line_drive,medium,1,0,,,9c1393c1-5eb2-387c-ac2b-dbe82395b06e
824950,3,1,top,2,1,0,0,1,0,R,R,force_out,out,0,96.0,-2.0,31.0,ground_ball,medium,1,0,,,75188863-7d04-3c0f-a7a4-97a3cdf0328c
824950,5,1,bottom,1,0,0,0,0,0,L,R,single,hit,0,82.5,8.0,124.0,ground_ball,medium,1,0,,,bc19e67b-e616-3ad9-a5f1-fc21641927ed
824950,6,1,bottom,1,1,0,0,1,0,R,R,grounded_into_double_play,out,0,83.0,-14.0,14.0,ground_ball,medium,1,0,,,07373e73-1e5c-30e8-b68f-9b6d0c5899f2
824950,8,2,top,1,0,0,0,0,0,R,R,single,hit,0,101.6,14.0,264.0,line_drive,hard,1,0,,,25ad24ad-d99e-3c0a-a033-fff0ebfa5fd4
824950,9,2,top,1,1,0,0,1,0,R,R,single,hit,0,94.2,9.0,197.0,line_drive,medium,1,0,,,54535953-88cf-3927-919d-5933c6c9b956
824950,10,2,top,1,1,1,0,2,1,L,R,home_run,hit,3,105.8,24.0,429.0,line_drive,medium,1,0,,,fac1f5c8-53ef-3a16-a054-ff8ef35b7629
824950,13,2,bottom,0,0,0,0,0,0,L,R,double,hit,0,82.6,14.0,171.0,line_drive,medium,1,0,,,b644668b-3fbf-309e-84ae-93613c597c52
824950,18,3,top,0,0,0,0,0,0,L,R,field_out,out,0,98.3,18.0,296.0,line_drive,medium,1,0,,,be24de57-c496-347c-9335-b524435a95e6
824950,21,3,top,2,0,0,0,0,0,R,R,field_out,out,0,76.9,64.0,150.0,popup,medium,1,0,,,ac8a4f2d-ab08-397d-b0c3-0d49a538a1a7
824950,25,3,bottom,2,1,1,0,2,1,R,R,single,hit,0,81.1,16.0,203.0,line_drive,medium,1,0,True,MJ,860a207a-ec33-3de2-ae40-96ab28f5d801
824950,26,3,bottom,2,1,0,1,2,1,L,R,home_run,hit,3,98.4,37.0,379.0,fly_ball,medium,1,0,,,c5106333-431f-32d2-b47e-fef99f261cb7
824950,27,3,bottom,2,0,0,0,0,0,R,R,home_run,hit,1,101.8,26.0,413.0,fly_ball,medium,1,0,,,7acc0bb7-5d3e-3f15-9c09-5c2ea76e1e6f
824950,28,3,bottom,2,0,0,0,0,0,L,R,single,hit,0,74.5,18.0,194.0,line_drive,medium,1,0,,,710e56af-fbf5-3128-9c11-b01ff6566a44
824950,32,4,top,2,0,0,0,0,0,L,R,field_out,out,0,96.2,29.0,385.0,fly_ball,medium,1,0,,,4bebca3d-1e9d-35f6-95b5-0f436222789c
824950,33,4,bottom,0,0,0,0,0,0,R,L,field_out,out,0,90.5,-16.0,11.0,ground_ball,medium,1,0,,,b30d168b-23cb-3210-9f06-967865ba0bc6
824950,34,4,bottom,1,0,0,0,0,0,R,L,double,hit,0,78.3,-5.0,26.0,ground_ball,medium,1,0,,,41803a72-4203-38ad-8974-6b5b057790d9
824950,37,5,top,0,0,0,0,0,0,R,R,field_out,out,0,94.9,63.0,223.0,fly_ball,medium,1,0,,,7ccf291c-4203-3e2c-8319-ad80bf85beaf
824950,38,5,top,1,0,0,0,0,0,R,R,field_out,out,0,86.4,36.0,324.0,fly_ball,medium,1,0,,,32f92180-aff7-3437-8c38-84c440c0686e
824950,41,5,bottom,1,0,0,0,0,0,L,R,field_out,out,0,82.8,-36.0,4.0,ground_ball,medium,1,0,,,eae2712c-4406-35c7-b4f7-b287fa91f9d8
824950,42,5,bottom,2,0,0,0,0,0,R,R,field_out,out,0,86.8,51.0,272.0,fly_ball,medium,1,0,,,c4fad21b-8203-3ba4-b78a-1e8b9e18a182
824950,43,6,top,0,0,0,0,0,0,R,R,home_run,hit,1,96.6,35.0,394.0,fly_ball,medium,1,0,,,b5dcf285-0aa1-321d-8883-d84c67ca1f35
824950,44,6,top,0,0,0,0,0,0,R,R,field_out,out,0,78.6,-26.0,8.0,ground_ball,medium,1,0,,,ddf7a8b0-d544-3aa1-a8a2-27738ef9dbb3
824950,46,6,top,2,0,0,0,0,0,R,R,field_out,out,0,95.7,45.0,351.0,fly_ball,medium,1,0,,,9f3c4afb-73ed-34df-888e-551153901c6b
824950,47,6,bottom,0,0,0,0,0,0,L,R,field_out,out,0,73.6,2.0,51.0,ground_ball,medium,1,0,,,59355f86-53e5-32af-8598-44a2091f9948
824950,48,6,bottom,1,0,0,0,0,0,L,R,field_out,out,0,87.2,47.0,276.0,fly_ball,medium,1,0,,,1dc9b591-52a0-382a-8849-d2dfc87855ff
824950,50,7,top,0,0,0,0,0,0,R,R,field_out,out,0,83.9,48.0,258.0,fly_ball,medium,1,0,,,e3d582e7-bb61-3820-a077-c57025dcf7c3
824950,51,7,top,1,0,0,0,0,0,L,R,home_run,hit,1,96.9,30.0,387.0,fly_ball,medium,1,0,,,d03ea437-b30b-38bc-9e11-f9a2cab01aff
824950,52,7,top,1,0,0,0,0,0,R,R,single,hit,0,72.1,28.0,251.0,fly_ball,medium,1,0,,,a73e44a1-340c-39e8-a1e7-e026c87b4d7f
824950,53,7,top,1,0,0,0,0,0,R,R,field_out,out,0,69.9,65.0,124.0,popup,medium,1,0,,,37fff7b5-de69-3a0b-8c3b-c096f5554e25
824950,54,7,top,2,1,0,0,1,0,L,R,single,hit,0,104.6,16.0,281.0,line_drive,hard,1,0,,,47006f1f-c0f6-3583-8511-a736ded69c1a
824950,55,7,top,2,0,0,0,0,0,R,R,field_out,out,0,82.7,59.0,188.0,popup,medium,1,0,,,e997fd58-42b1-3ea8-84e3-a1425efb4eed
824950,56,7,bottom,0,0,0,0,0,0,R,R,field_out,out,0,62.1,-28.0,6.0,ground_ball,medium,1,0,,,5681c2ef-3862-3c46-baee-46d52050ca0c
824950,58,7,bottom,2,0,0,0,0,0,L,R,double,hit,0,109.0,19.0,373.0,line_drive,hard,1,0,,,1e9c01e5-aeac-3ed2-a3f8-19fa6b6c90b0
824950,59,7,bottom,2,0,0,0,0,0,R,R,field_out,out,0,79.0,54.0,213.0,fly_ball,medium,1,0,,,34593d48-78dd-3987-8095-bad19968c681
824950,61,8,top,1,0,0,0,0,0,R,R,field_out,out,0,84.9,12.0,182.0,line_drive,medium,1,0,,,b63bbbca-66bc-3d69-8b39-2b567173788a
824950,62,8,top,2,0,0,0,0,0,R,R,home_run,hit,1,109.7,22.0,436.0,line_drive,medium,1,0,,,8cefa039-c258-3607-a19e-e014471de68b
824950,65,8,bottom,1,0,0,0,0,0,R,L,home_run,hit,1,103.1,25.0,398.0,fly_ball,medium,1,0,,,5cd7b0c0-ed02-3a6d-9326-14d1f471afbc
824950,67,8,bottom,2,0,0,0,0,0,R,L,single,hit,0,92.1,-1.0,48.0,ground_ball,medium,1,0,,,e09dfcd4-6784-351c-980d-ce1094e985da
824950,69,8,bottom,2,0,0,0,0,0,R,R,field_out,out,0,96.9,17.0,330.0,line_drive,medium,1,0,,,032351f5-2ba5-370a-92d4-f305c494d23f
824950,70,9,top,0,0,0,0,0,0,L,R,home_run,hit,1,101.8,24.0,351.0,line_drive,medium,1,0,,,26caee81-7068-3a71-a072-4677e680a121
824950,71,9,top,0,0,0,0,0,0,R,R,field_out,out,0,98.0,-2.0,35.0,ground_ball,medium,1,0,,,5dc0c0d0-e8f1-3c7b-b8c9-166c85d41a78
824950,72,9,top,1,0,0,0,0,0,R,R,single,hit,0,86.9,16.0,228.0,line_drive,medium,1,0,,,a8e0f045-5b71-3570-9bbd-2de1b7703e77
824950,73,9,top,1,1,0,0,1,0,L,R,field_out,out,0,84.7,65.0,185.0,popup,medium,1,0,,,c26f26d0-8b89-365a-b469-cc9a31c7b09e
824950,74,9,top,2,0,0,0,0,0,R,R,field_out,out,0,89.5,58.0,222.0,fly_ball,medium,1,0,,,9d8a4e89-1906-34df-9d4e-eef7261409b7
824950,75,9,bottom,0,0,0,0,0,0,R,R,field_out,out,0,96.2,24.0,329.0,line_drive,medium,1,0,,,2f6ef801-f41b-3ea5-a393-3514989da40e
824950,76,9,bottom,1,0,0,0,0,0,L,R,single,hit,0,90.4,2.0,52.0,ground_ball,medium,1,0,,,2bd03088-6d57-30da-9cc5-9afbfa13dd28
824950,77,9,bottom,1,1,0,0,1,0,R,R,grounded_into_double_play,out,0,79.9,-17.0,7.0,ground_ball,medium,1,0,,,9f965b62-16d0-31ae-b0f3-3131d08b8a0f
824951,0,1,top,0,0,0,0,0,0,R,L,single,hit,0,108.4,15.0,250.0,line_drive,hard,1,0,,,970e676c-ea64-342c-979f-72155f21adde
824951,1,1,top,0,1,0,0,1,0,R,L,field_out,out,0,57.8,-29.0,5.0,ground_ball,medium,1,0,,,427983b0-2022-3814-807f-a7aeb55deb3f
824951,2,1,top,2,0,0,0,0,0,R,L,field_out,out,0,93.2,3.0,90.0,ground_ball,medium,1,0,,,a571bcf2-f698-30b6-98b2-7374aaff856d
824951,3,1,bottom,0,0,0,0,0,0,R,R,single,hit,0,53.9,-41.0,4.0,ground_ball,soft,1,0,,,af96f948-7d32-388e-90ef-e780def309a5
824951,4,1,bottom,0,1,1,0,2,1,L,R,single,hit,1,101.7,3.0,77.0,ground_ball,medium,1,0,,,cdc2e0ec-e999-31a7-afd2-816b22448388
824951,5,1,bottom,0,1,0,0,1,0,R,R,grounded_into_double_play,out,0,90.9,9.0,134.0,ground_ball,medium,1,0,,,653be8a4-e8e0-3712-8c02-4d2e04c296ea
824951,8,1,bottom,2,1,1,0,2,1,L,R,home_run,hit,3,89.8,39.0,332.0,fly_ball,medium,1,0,,,6757210c-ec7b-3411-816c-ea9683fc02b4
824951,9,1,bottom,2,0,0,0,0,0,L,R,field_out,out,0,106.0,1.0,63.0,ground_ball,medium,1,0,,,89a401af-8b70-3c00-aa06-fab315fdc9ec
824951,11,2,top,1,0,0,0,0,0,L,L,field_out,out,0,97.8,15.0,261.0,line_drive,medium,1,0,,,e7df5ccf-0ee0-31e4-9152-e14067e91e06
824951,12,2,top,2,0,0,0,0,0,R,L,field_out,out,0,92.5,61.0,185.0,popup,medium,1,0,,,ffeab846-924f-3763-ac04-c39e474c89ef
824951,13,2,bottom,0,0,0,0,0,0,R,R,single,hit,0,60.9,-48.0,3.0,ground_ball,medium,1,0,,,9eb5a118-b767-3ca3-824a-c653d2104d42
824951,15,2,bottom,1,1,1,1,3,1,R,R,double,hit,1,77.0,0.0,41.0,ground_ball,medium,1,0,,,e9feb9e6-aa7d-31b6-a368-825b66889105
824951,16,2,bottom,1,0,1,0,1,1,L,R,field_out,out,0,90.3,0.0,48.0,ground_ball,medium,1,0,,,a4d24200-48ed-3828-a0f4-7ad272e4834c
824951,17,2,bottom,2,0,0,0,0,0,R,R,field_out,out,0,97.3,49.0,274.0,fly_ball,medium,1,0,,,51778eca-7ccc-3c8e-b52c-38df03c54e2b
824951,19,3,top,1,0,0,0,0,0,R,L,single,hit,0,90.2,14.0,260.0,line_drive,medium,1,0,,,cbb59f6d-6406-340a-913c-ce9baded42c3
824951,20,3,top,1,1,0,0,1,0,R,L,grounded_into_double_play,out,0,64.7,-5.0,22.0,ground_ball,medium,1,0,,,341a1ccc-f6c4-3a6e-addf-f97f8d137f1b
824951,21,3,bottom,0,0,0,0,0,0,L,R,field_out,out,0,90.9,48.0,289.0,fly_ball,medium,1,0,,,2a40479d-7d88-3247-b0a4-6db007887b1f
824951,22,3,bottom,1,0,0,0,0,0,R,R,single,hit,0,87.0,1.0,45.0,ground_ball,medium,1,0,,,567092d3-8303-32c9-b238-b9cab5da43da
824951,23,3,bottom,1,1,1,0,2,1,L,R,field_out,out,0,81.0,-5.0,19.0,ground_ball,medium,1,0,,,b5a5a143-4b3f-336c-b057-9b0e2889cb79
824951,24,3,bottom,2,0,0,0,0,0,L,R,field_out,out,0,83.9,-10.0,16.0,ground_ball,medium,1,0,,,03bd55ac-ee96-3068-b4ae-d68f4f709914
824951,25,4,top,0,0,0,0,0,0,R,L,field_out,out,0,95.5,41.0,342.0,fly_ball,medium,1,0,,,946c4a1a-7538-30ca-9a02-4f95a45718d3
824951,26,4,top,1,0,0,0,0,0,R,L,home_run,hit,1,101.3,29.0,393.0,fly_ball,medium,1,0,,,f49ebff8-ee6f-319c-9995-649c24b32a83
824951,27,4,top,1,0,0,0,0,0,R,L,home_run,hit,1,100.7,28.0,386.0,fly_ball,medium,1,0,,,03551095-7cfb-3612-bce8-98b2965d58ef
824951,28,4,top,1,0,0,0,0,0,R,L,field_out,out,0,87.4,25.0,317.0,line_drive,medium,1,0,,,e623bfcb-fefa-3c22-97d2-d2e9e7d0f43f
824951,29,4,top,2,0,0,0,0,0,L,L,single,hit,0,93.4,-4.0,35.0,ground_ball,medium,1,0,,,53f58f5f-77de-38c7-87e6-d507b4e0f734
824951,31,4,top,2,0,0,0,0,0,R,L,field_out,out,0,103.9,33.0,390.0,fly_ball,medium,1,0,,,c12ca9e8-3e35-30e5-b9d2-c6efa734b72a
824951,32,4,bottom,0,0,0,0,0,0,R,R,field_out,out,0,94.4,1.0,61.0,ground_ball,medium,1,0,,,5123eee1-c669-31ff-b172-d82913570aba
824951,33,4,bottom,1,0,0,0,0,0,R,R,field_out,out,0,94.7,51.0,261.0,fly_ball,medium,1,0,,,f169daf6-7725-3c86-b6ee-9e9ed9b18719
824951,34,4,bottom,2,0,0,0,0,0,R,R,double,hit,0,115.1,14.0,280.0,line_drive,hard,1,0,,,70e68cb9-1e2b-3eda-9018-6b48558752bb
824951,40,5,top,2,1,1,1,3,1,R,R,single,hit,1,86.5,11.0,145.0,ground_ball,medium,1,0,,,1a4c2d20-c2d0-31ae-8334-1929f4898598
824951,41,5,top,2,0,0,0,0,0,R,R,field_out,out,0,84.6,32.0,294.0,fly_ball,medium,1,0,,,ef9347ce-9d81-3c28-93e8-638b93586539
824951,43,5,bottom,1,0,0,0,0,0,L,R,single,hit,0,99.0,-0.0,43.0,ground_ball,medium,1,0,,,9897f71d-ba43-3842-ae9e-6d127904a215
824951,44,5,bottom,1,0,0,0,0,0,R,R,field_out,out,0,53.0,79.0,31.0,popup,soft,1,0,,,c61e359a-cf6d-3dd8-861c-d4cd7426dc6c
824951,47,6,top,0,0,0,0,0,0,L,R,field_out,out,0,100.1,30.0,379.0,fly_ball,hard,1,0,,,b02c74ce-e89b-3921-a952-756d9b7dfd33
824951,48,6,top,1,0,0,0,0,0,R,R,field_out,out,0,102.5,1.0,53.0,ground_ball,medium,1,0,,,afd002dd-2920-3fbb-b759-a0889fe85e8c
824951,50,6,bottom,0,0,0,0,0,0,R,R,single,hit,0,81.9,19.0,227.0,line_drive,medium,1,0,,,96c3e371-6b25-3996-8ad0-7ec20a7714fc
824951,51,6,bottom,0,0,0,0,0,0,R,R,field_out,out,0,95.6,32.0,345.0,fly_ball,medium,1,0,,,2beaa20b-9d6b-359c-8f25-ebf68e1b29ba
824951,52,6,bottom,1,1,0,0,1,0,R,R,single,hit,0,84.9,1.0,45.0,ground_ball,medium,1,0,,,e3f9f93b-b1ed-3921-aecc-12112d55dc39
824951,53,6,bottom,1,0,0,0,0,0,L,R,field_out,out,0,103.0,10.0,161.0,line_drive,medium,1,0,True,MC,69c8e9ae-2c49-3eea-9bdc-06dfc3044cf8
824951,54,6,bottom,2,1,1,1,3,1,R,R,double,hit,2,99.7,15.0,277.0,line_drive,hard,1,0,,,30875ead-0085-3bf6-af7d-6fa294309b95
824951,55,6,bottom,2,0,0,0,0,0,L,L,field_out,out,0,28.1,-42.0,3.0,ground_ball,soft,1,0,,,f0ada566-1bec-31cf-9ccd-77c276cd8785
824951,56,7,top,0,0,0,0,0,0,L,R,field_out,out,0,87.8,48.0,275.0,fly_ball,medium,1,0,,,56a5e091-586f-35e8-9e64-a671068699a8
824951,59,7,top,2,1,1,0,2,1,R,R,single,hit,0,104.1,17.0,292.0,line_drive,hard,1,0,,,8cda3440-33eb-31a2-9b43-01f02ac1248f
824951,60,7,top,2,0,0,0,0,0,R,R,field_out,out,0,85.5,48.0,247.0,fly_ball,medium,1,0,False,MJ,00e0117a-29c0-3518-ab53-b8aaeae6bd80
824951,61,7,bottom,0,0,0,0,0,0,R,L,double,hit,0,87.4,24.0,308.0,line_drive,medium,1,0,,,cc93e216-3991-3bd9-946d-ead1e6b5faae
824951,62,7,bottom,0,0,0,0,0,0,R,L,field_out,out,0,98.3,-12.0,14.0,ground_ball,medium,1,0,,,1bfbf7b2-8ee1-3260-a2e8-faabf174712b
824951,63,7,bottom,1,0,1,1,2,1,R,L,fielders_choice_out,fielders_choice,0,67.1,-14.0,12.0,ground_ball,medium,1,0,,,d97fe08e-bbcc-345d-aeb7-b8929f4d3c82
824951,64,7,bottom,2,1,1,0,2,1,R,L,field_error,error,0,95.1,-3.0,24.0,ground_ball,medium,1,0,,,169ded4a-4c12-396a-a025-3b5afe754923
824951,66,7,bottom,2,0,0,0,0,0,R,L,field_out,out,0,66.8,62.0,151.0,popup,medium,1,0,,,c402bdf3-b0ac-3630-957b-91c1df2bee12
824951,68,8,top,1,0,0,0,0,0,L,L,single,hit,0,94.9,2.0,62.0,ground_ball,medium,1,0,,,ea19128b-1fef-35c3-b728-53ec9df91db6
824951,69,8,top,1,1,0,0,1,0,R,L,grounded_into_double_play,out,0,72.5,6.0,86.0,ground_ball,medium,1,0,,,5e5db6b1-f25b-3c15-a8ff-67dd060b3de0
824951,70,8,bottom,0,0,0,0,0,0,L,L,single,hit,0,101.2,0.0,57.0,ground_ball,medium,1,0,,,4d76f8cc-3d1c-3e69-adba-44e828ee710c
824951,72,8,bottom,1,1,0,0,1,0,L,L,field_out,out,0,84.9,9.0,156.0,line_drive,medium,1,0,False,MA,846306f0-06c7-3ecd-8c20-7054459d1066
824951,75,9,top,2,0,0,0,0,0,L,R,field_out,out,0,91.2,-15.0,9.0,ground_ball,medium,1,0,,,763de9ea-71df-35b1-81bf-4c9bfc188463
824953,0,1,top,0,0,0,0,0,0,R,L,field_out,out,0,87.3,66.0,172.0,popup,medium,1,0,,,c9f941f6-47ee-35a8-91ba-f5f9024e3504
824953,1,1,top,1,0,0,0,0,0,R,L,single,hit,0,108.7,5.0,108.0,ground_ball,medium,1,0,,,a2ea3a57-5b75-3ece-bd99-a0e7d0a95c44
824953,2,1,top,1,1,0,0,1,0,R,L,single,hit,0,99.2,16.0,276.0,line_drive,medium,1,0,,,cc4b3bc9-04a7-3e89-a94b-e994445c068a
824953,3,1,top,1,1,1,1,3,1,R,L,field_out,out,1,62.8,-12.0,12.0,ground_ball,medium,1,0,,,57eade82-b85b-3685-aa58-c0414bbf21b0
824953,4,1,top,2,0,0,0,0,0,L,L,field_out,out,0,90.7,32.0,327.0,fly_ball,medium,1,0,,,6a620737-8477-3aa2-a9e0-69ddb4eb2f04
824953,6,1,bottom,1,0,0,0,0,0,R,L,field_out,out,0,92.3,61.0,215.0,fly_ball,medium,1,0,,,e1dbf438-e36b-3886-92f2-535518cc1d67
824953,7,1,bottom,2,0,0,0,0,0,L,L,single,hit,0,100.2,9.0,193.0,line_drive,medium,1,0,,,3003f3fb-9b25-39f8-a0bf-c83f5cd32d03
824953,8,1,bottom,2,0,0,0,0,0,R,L,field_out,out,0,96.5,0.0,49.0,ground_ball,medium,1,0,,,879a998e-f98c-3391-95b6-77bdbda1059d
824953,9,2,top,0,0,0,0,0,0,R,L,field_out,out,0,96.3,55.0,269.0,fly_ball,medium,1,0,,,c5475efb-e1b4-3c8d-89da-f044308de166
824953,13,2,bottom,0,0,0,0,0,0,R,L,single,hit,0,107.3,7.0,172.0,line_drive,medium,1,0,,,ce422db1-e209-36fd-92f6-ee48af8e7e5d
824953,15,2,bottom,1,1,0,0,1,0,R,L,field_out,out,0,55.5,-81.0,3.0,ground_ball,medium,1,0,False,MJ,48ef8ed6-4afe-3762-b303-5dc19ef9869b
824953,16,2,bottom,2,0,0,0,0,0,R,L,field_out,out,0,103.3,20.0,331.0,line_drive,hard,1,0,,,c1a1ae47-e530-3cc4-a1c2-89b90f812ce0
824953,17,3,top,0,0,0,0,0,0,R,L,single,hit,0,95.7,9.0,127.0,ground_ball,medium,1,0,,,ad4d00e8-d16e-3f78-823d-9b8381c63f66
824953,18,3,top,0,1,0,0,1,0,R,L,single,hit,0,98.2,7.0,103.0,ground_ball,medium,1,0,,,6f1a3cd4-e62b-3487-816e-297b93b81a1c
824953,19,3,top,0,1,1,1,3,1,R,L,single,hit,1,102.5,4.0,91.0,ground_ball,medium,1,0,,,588bcbdc-ff00-3b42-8aa6-b31de57ecb3c
824953,20,3,top,0,1,1,0,2,1,R,L,home_run,hit,3,98.8,33.0,399.0,fly_ball,medium,1,0,,,b4126b12-c49f-3ae1-a0db-bca6e9e8d10a
824953,23,3,top,1,1,0,0,1,0,L,R,single,hit,0,91.2,3.0,70.0,line_drive,medium,1,0,,,0fe7fcc0-5246-378c-a150-db9e7dbcae02
824953,24,3,top,1,0,0,0,0,0,R,R,field_out,out,0,100.9,19.0,362.0,line_drive,hard,1,0,,,60d0f453-3d42-3e9d-9ff3-cceb16217618
824953,26,3,bottom,0,0,0,0,0,0,R,L,field_out,out,0,64.7,-5.0,23.0,ground_ball,medium,1,0,,,6af36cff-01e8-3eb1-8880-cb7eedc98c0f
824953,27,3,bottom,1,0,0,0,0,0,R,L,double,hit,0,104.0,11.0,179.0,line_drive,medium,1,0,,,659d05dc-98bb-30b4-b768-2eb291d35d5b
824953,28,3,bottom,1,0,1,0,1,1,R,L,single,hit,0,92.2,4.0,75.0,ground_ball,medium,1,0,,,de4cd863-ad82-3b51-bc6b-c4c83a474fbe
824953,29,3,bottom,1,1,0,0,1,0,L,L,grounded_into_double_play,out,0,102.0,-12.0,13.0,ground_ball,medium,1,0,,,e40d4e57-aefd-3115-adee-64f89ee87a18
824953,30,4,top,0,0,0,0,0,0,R,R,field_out,out,0,83.4,39.0,314.0,fly_ball,medium,1,0,,,18aded91-e067-3b02-a940-f967a40d645b
824953,31,4,top,1,0,0,0,0,0,R,R,double,hit,0,103.9,21.0,382.0,line_drive,hard,1,0,,,51818ba3-a30d-335e-a73f-0071879449ff
824953,33,4,top,1,1,0,0,1,0,R,R,grounded_into_double_play,out,0,98.7,-17.0,9.0,ground_ball,medium,1,0,,,40159629-57d1-3ca2-9e82-321d585ae49d
824953,34,4,bottom,0,0,0,0,0,0,R,L,field_out,out,0,80.9,84.0,36.0,popup,medium,1,0,,,e3a78064-092e-37de-b3e7-099727964c60
824953,35,4,bottom,1,0,0,0,0,0,R,L,single,hit,0,70.7,18.0,196.0,line_drive,medium,1,0,,,4fe12aa6-9a90-3841-852e-b96ad5fdd7be
824953,36,4,bottom,1,1,0,0,1,0,R,L,grounded_into_double_play,out,0,109.2,-6.0,18.0,ground_ball,medium,1,0,,,52254c6a-f91e-3268-a133-e3ef90e92d16
824953,37,5,top,0,0,0,0,0,0,L,R,single,hit,0,96.8,12.0,220.0,line_drive,medium,1,0,,,37ec8bd3-d6de-39f4-bad0-69b8921b8d35
824953,38,5,top,0,1,0,0,1,0,R,R,single,hit,0,95.1,15.0,263.0,line_drive,medium,1,0,,,07b4aeb3-d242-39e9-840d-540cec131d20
824953,39,5,top,0,0,0,0,0,0,L,R,field_out,out,0,95.7,20.0,324.0,line_drive,medium,1,0,,,091f586b-9a64-3bb4-a512-a46cb60619e3
824953,40,5,top,1,1,0,0,1,0,R,R,grounded_into_double_play,out,0,87.9,9.0,139.0,ground_ball,medium,1,0,,,1761b733-60e9-3521-84ba-8f50d0523ba9
824953,41,5,bottom,0,0,0,0,0,0,R,L,field_out,out,0,96.9,-20.0,10.0,ground_ball,medium,1,0,,,faa1e094-a931-3085-861a-3876d3a9e790
824953,42,5,bottom,1,0,0,0,0,0,R,L,field_out,out,0,94.3,36.0,341.0,fly_ball,medium,1,0,,,fa20f36b-b017-3c7f-9ebf-b7a0e4cf3eef
824953,43,5,bottom,2,0,0,0,0,0,R,L,field_out,out,0,86.1,67.0,162.0,popup,medium,1,0,,,465dae35-2408-3a6a-bac3-9d4b1a6fb657
824953,44,6,top,0,0,0,0,0,0,R,R,field_out,out,0,71.5,49.0,213.0,popup,medium,1,0,,,02e4cbb1-59fa-3524-8322-b461828a91e4
824953,47,6,top,2,0,1,1,2,1,R,R,single,hit,1,85.6,-12.0,16.0,ground_ball,medium,1,0,,,5d97522c-9156-3e8a-a017-5acae1fda424
824953,48,6,top,2,0,0,0,0,0,R,L,field_out,out,0,97.1,25.0,371.0,fly_ball,medium,1,0,,,3e090915-8907-3ac0-b02e-ec60763cad15
824953,49,6,bottom,0,0,0,0,0,0,R,L,field_out,out,0,97.6,23.0,362.0,line_drive,medium,1,0,,,5f2ef386-e8ad-379e-8412-02b1b9c8ec00
824953,50,6,bottom,1,0,0,0,0,0,R,L,double,hit,0,110.7,12.0,230.0,line_drive,medium,1,0,,,a23125d4-9456-3b83-86c6-c5d1d62f8abc
824953,51,6,bottom,1,0,1,0,1,1,L,L,triple,hit,1,102.6,36.0,393.0,fly_ball,hard,1,0,,,959760d2-d600-3bf8-b941-1ef1155467f7
824953,53,6,bottom,1,1,0,1,2,1,L,R,fielders_choice,fielders_choice,1,66.5,-29.0,7.0,ground_ball,medium,1,0,,,e4c85b12-8ea7-328c-880f-b4fbcc33e171
824953,54,6,bottom,1,0,0,0,0,0,L,R,field_out,out,0,89.2,56.0,230.0,fly_ball,medium,1,0,,,c897b1a3-3355-32cf-b640-682a41bfe1cf
824953,55,6,bottom,2,0,0,0,0,0,R,R,field_out,out,0,58.1,-12.0,13.0,ground_ball,soft,1,0,,,ee982d3d-cb20-3239-a7bd-c8ab38f3f9d9
824953,56,7,top,0,0,0,0,0,0,L,L,field_out,out,0,87.4,64.0,185.0,fly_ball,medium,1,0,,,a1801976-901a-3776-a112-fa18307a16ad
824953,57,7,top,1,0,0,0,0,0,R,L,field_out,out,0,72.2,-46.0,4.0,ground_ball,medium,1,0,,,cc5bd1f1-86bc-3e1b-87dd-b9a688f6f51d
824953,58,7,top,2,0,0,0,0,0,L,L,field_out,out,0,94.9,-9.0,21.0,ground_ball,medium,1,0,,,66a8769a-b366-3e93-a44e-6de7bf9621fa
824953,59,7,bottom,0,0,0,0,0,0,R,R,single,hit,0,71.6,26.0,240.0,fly_ball,medium,1,0,,,64a4f1f8-2538-354b-9e45-0dc9e5115640
824953,60,7,bottom,0,1,0,0,1,0,L,R,triple,hit,1,107.1,13.0,269.0,line_drive,medium,1,0,,,7b0c52ce-c9e4-300c-979b-9241b7c575e3
824953,62,7,bottom,0,1,0,1,2,1,R,R,single,hit,1,93.8,9.0,155.0,line_drive,medium,1,0,,,468ca800-ddc0-36ef-a88d-81ca2cb27525
824953,63,7,bottom,0,1,1,0,2,1,L,L,sac_bunt,out,0,35.5,-17.0,11.0,bunt_grounder,soft,1,0,,,6216286c-f966-3795-918d-9e577bbb525f
824953,66,7,bottom,1,0,0,0,0,0,R,R,field_out,out,0,75.9,29.0,267.0,line_drive,medium,1,0,True,MJ,84277135-f280-35b0-bbf9-7b5a1994c716
824953,67,7,bottom,2,0,0,0,0,0,R,R,field_out,out,0,68.9,71.0,89.0,popup,medium,1,0,,,8b417709-c0ad-3c80-94dd-bc120164449a
824953,68,8,top,0,0,0,0,0,0,R,R,single,hit,0,58.8,-52.0,4.0,ground_ball,soft,1,0,,,e9a7bcaa-dfcf-3c2d-9a3c-201cc3ea5301
824953,70,8,top,1,0,0,0,0,0,R,R,field_out,out,0,108.2,18.0,347.0,line_drive,medium,1,0,,,11c43708-e353-3021-a118-05bd4c247303
824953,72,8,top,2,0,0,0,0,0,R,R,field_out,out,0,68.7,52.0,192.0,popup,medium,1,0,,,d45bdcb4-f886-36c1-9a04-232a305fc2f0
824953,73,8,bottom,0,0,0,0,0,0,R,R,single,hit,0,103.4,-18.0,6.0,ground_ball,medium,1,0,,,8d3adbe4-8a13-3a6c-a2eb-6b2fb0d5aec8
824953,74,8,bottom,0,1,0,0,1,0,L,R,home_run,hit,2,103.4,35.0,386.0,fly_ball,medium,1,0,,,a701e584-47cf-3125-9b20-b431d8da3dfc
824953,75,8,bottom,0,0,0,0,0,0,R,R,field_out,out,0,,,,ground_ball,medium,0,0,,,aa9baf8d-d654-3f2f-84b5-3b13ee3e36cd
824953,76,8,bottom,1,0,0,0,0,0,R,R,field_out,out,0,57.8,1.0,38.0,ground_ball,soft,1,0,,,bf7cbb92-0212-3916-bc32-8647b82bb73d
824953,77,8,bottom,2,0,0,0,0,0,L,R,double,hit,0,110.8,18.0,296.0,line_drive,hard,1,0,,,77e368a9-7d75-381b-99ed-7f1aa2bef256
824953,78,8,bottom,2,0,1,0,1,1,R,L,home_run,hit,2,101.9,31.0,411.0,fly_ball,medium,1,0,,,84701dd9-0465-3d4f-b139-e7c77768d9a8
824953,81,9,top,0,1,0,0,1,0,L,L,grounded_into_double_play,out,0,71.5,-9.0,18.0,ground_ball,medium,1,0,,,c0868459-fb8e-31b2-8065-4373465d1492
824953,82,9,top,2,0,0,0,0,0,R,L,single,hit,0,80.4,0.0,32.0,ground_ball,medium,1,0,,,aa99dc9e-9b0d-3b8b-836d-3f5191c2e379
824953,83,9,top,2,1,1,0,2,1,L,L,single,hit,0,,,,ground_ball,medium,0,0,,,0444d7a1-cea4-3081-a3e2-f845929aae8d
824953,84,9,top,2,1,0,1,2,1,R,L,single,hit,1,98.7,-6.0,23.0,ground_ball,medium,1,0,,,5fef4e94-f5d4-33e9-ac59-eec8a0b00af2
