game_pk,date,matchup,gameType,at_bat,inning,half,outs_before,batter,pitcher,bat_side,pitch_hand,event_type,macro_class,description,rbi_official,review_type,review_overturned,challenge_team_id,has_review,bases_before,risp,runs_by_movement,score_delta,run_removed_hard,run_removed_heuristic,run_removed_rule,launch_speed,launch_angle,distance,trajectory,hardness,hit_coord_x,hit_coord_y,multi_hitdata,play_id,play_ids,savant_url,final_call_text,desc_says_overturned,rbi_if_error,rbi_if_hit,rbi_if_fc,mlb_gameday,savant_gamefeed
823169,2026-09-21,MIN @ SF,R,11,2,top,2,Alan Roden,Blade Tidwell,L,R,single,hit,Alan Roden singles on a ground ball to right fielder Bo Davidson.,0,NO,0,,1,-,0,0,0,0,0,,101.2,7.0,128.0,ground_ball,medium,,,0,e3ac18a2-dbe1-3c04-a77b-a615a7390150,2ab10714-2c96-3d60-b55f-921e081fe667 62b64b5c-ff71-327f-97a0-37b39790faa5 6cd068fc-ae0e-35eb-94af-80627562d638 72f640ea-8e6c-3116-85b5-dae538d7b7b0 da956521-5d1e-3182-85e5-0c14cbd1f8d4 a826ae2d-38c1-34f5-827d-e5ca8e3448b0 b754ef68-27ca-38b0-b540-f0eccab51f0d e3ac18a2-dbe1-3c04-a77b-a615a7390150,https://baseballsavant.mlb.com/sporty-videos?playId=e3ac18a2-dbe1-3c04-a77b-a615a7390150,Alan Roden singles on a ground ball to right fielder Bo Davidson.,,,,,https://www.mlb.com/gameday/823169,https://baseballsavant.mlb.com/gamefeed?gamePk=823169
823169,2026-09-21,MIN @ SF,R,14,2,bottom,0,Scott Bandura,Zebby Matthews,L,R,strikeout,other,Scott Bandura strikes out on a foul tip.,0,MJ,1,142,1,-,0,0,0,0,0,,,,,,,,,0,6dbb059c-3ff6-3c0b-809c-5b75f8610944,40468d29-1d4c-35a3-a127-8e9673a294e0 2324752d-07a8-375a-8903-a700e75ebef8 22e6fa34-3b30-3369-b419-28350eac61d5 6dbb059c-3ff6-3c0b-809c-5b75f8610944,https://baseballsavant.mlb.com/sporty-videos?playId=6dbb059c-3ff6-3c0b-809c-5b75f8610944,Scott Bandura strikes out on a foul tip.,,,,,https://www.mlb.com/gameday/823169,https://baseballsavant.mlb.com/gamefeed?gamePk=823169
823169,2026-09-21,MIN @ SF,R,22,3,top,2,Luke Keaschall,Blade Tidwell,R,R,strikeout,other,Luke Keaschall strikes out swinging.,0,MJ,1,142,1,-,0,0,0,0,0,,,,,,,,,0,23332678-9b00-3a69-9fd4-2e831b93b07e,c93bb925-a930-3ce8-a992-d8685bd7d62c d19fc913-d570-3cf7-a80f-b81689000896 13240e6e-908d-3dab-b536-2afe4da4b319 bc934b4b-7779-3491-aab4-b32eee991328 23332678-9b00-3a69-9fd4-2e831b93b07e,https://baseballsavant.mlb.com/sporty-videos?playId=23332678-9b00-3a69-9fd4-2e831b93b07e,Luke Keaschall strikes out swinging.,,,,,https://www.mlb.com/gameday/823169,https://baseballsavant.mlb.com/gamefeed?gamePk=823169
823169,2026-09-21,MIN @ SF,R,23,3,bottom,0,Marcelo Mayer,Zebby Matthews,L,R,strikeout,other,Marcelo Mayer strikes out swinging.,0,MJ,1,142,1,-,0,0,0,0,0,,,,,,,,,0,eb74d37f-6e92-3f00-81e1-3c12fc0350f1,c5d23d96-7865-3ee5-94ca-9e23883e144d fe394b55-c778-314a-8eef-e260f4da77c0 e42f126c-1aa8-3ed6-b2a3-666a2e66d9a9 dc82d9eb-2d27-3f4f-958f-76a8fd29c2c4 c73e7a8f-2e39-3217-a82a-bbc5b5cf86c3 eb74d37f-6e92-3f00-81e1-3c12fc0350f1,https://baseballsavant.mlb.com/sporty-videos?playId=eb74d37f-6e92-3f00-81e1-3c12fc0350f1,Marcelo Mayer strikes out swinging.,,,,,https://www.mlb.com/gameday/823169,https://baseballsavant.mlb.com/gamefeed?gamePk=823169
823169,2026-09-21,MIN @ SF,R,25,3,bottom,2,Drew Cavanaugh,Zebby Matthews,L,R,field_out,out,Drew Cavanaugh grounds out to first baseman Aaron Sabato.,0,MJ,1,142,1,-,0,0,0,0,0,,93.1,-6.0,23.0,ground_ball,medium,,,0,3b8d20c8-e42e-3d19-bd23-5864544d843a,a9cd26e9-f04b-3bac-a29b-68ef4a6800e6 85980fdf-9239-3d7c-975e-e5e9de1e2d8b 3b8d20c8-e42e-3d19-bd23-5864544d843a,https://baseballsavant.mlb.com/sporty-videos?playId=3b8d20c8-e42e-3d19-bd23-5864544d843a,Drew Cavanaugh grounds out to first baseman Aaron Sabato.,,,,,https://www.mlb.com/gameday/823169,https://baseballsavant.mlb.com/gamefeed?gamePk=823169
823169,2026-09-21,MIN @ SF,R,26,4,top,0,Brooks Lee,Blade Tidwell,L,R,home_run,hit,"Umpire reviewed (home run), call on the field was upheld: Brooks Lee homers (24) on a fly ball to right center field.",1,NH,0,,1,-,0,1,1,0,0,,97.6,29.0,387.0,fly_ball,medium,,,0,1dfd0eb1-b38a-3687-8607-134a4838914f,765cca7d-d686-3bad-9a4c-08bcb66ec28d 6b9b1465-206d-3435-9566-19fd76444b82 77a6adc8-171b-3044-8bb8-d6a5453accbb 5b509f10-4e78-389e-a70e-0883f05715c5 d65398e6-1b47-3a50-9359-acc03ef5e074 1dfd0eb1-b38a-3687-8607-134a4838914f,https://baseballsavant.mlb.com/sporty-videos?playId=1dfd0eb1-b38a-3687-8607-134a4838914f,"Umpire reviewed (home run), call on the field was upheld: Brooks Lee homers (24) on a fly ball to right center field.",,no RBI (an HR cannot be an error),RBI (home run scores the batter),RBI (home run scores the batter),https://www.mlb.com/gameday/823169,https://baseballsavant.mlb.com/gamefeed?gamePk=823169
823169,2026-09-21,MIN @ SF,R,47,6,bottom,2,Christian Koss,Taylor Rogers,R,L,field_out,out,"Christian Koss grounds out, third baseman Brooks Lee to first baseman Aaron Sabato.",0,MJ,1,137,1,-,0,0,0,0,0,,76.3,-36.0,3.0,ground_ball,medium,,,0,8d0576fe-922f-340e-bbac-360cf30d2bd8,fb0b0b89-1c4c-3282-92a5-68db5ecfe99f 2910aa45-5234-3606-8695-cb348f631a5e 1290206e-e07d-359b-8f14-4a0b32bbbd56 30dd7679-ff67-3106-9bf7-a6c0d6c67acf d3ddb483-4b69-3803-b87b-a231c83741c9 8d0576fe-922f-340e-bbac-360cf30d2bd8,https://baseballsavant.mlb.com/sporty-videos?playId=8d0576fe-922f-340e-bbac-360cf30d2bd8,"Christian Koss grounds out, third baseman Brooks Lee to first baseman Aaron Sabato.",,,,,https://www.mlb.com/gameday/823169,https://baseballsavant.mlb.com/gamefeed?gamePk=823169
823169,2026-09-21,MIN @ SF,R,58,8,top,2,Luke Keaschall,Jason Foley,R,R,field_out,out,"Luke Keaschall grounds out, third baseman Osleivis Basabe to first baseman Brett Harris.",0,MJ,0,142,1,-,0,0,0,0,0,,67.3,-6.0,20.0,ground_ball,medium,,,0,c1d38472-27fd-3f6b-b010-b0fc179bb5c7,5aaf6e0e-4481-33b0-aed8-3a2304cebd8e 59d3f52b-1a89-3750-9f41-178cb3258479 a1237588-0b9c-3624-899b-1adebbfc72f4 c1d38472-27fd-3f6b-b010-b0fc179bb5c7,https://baseballsavant.mlb.com/sporty-videos?playId=c1d38472-27fd-3f6b-b010-b0fc179bb5c7,"Luke Keaschall grounds out, third baseman Osleivis Basabe to first baseman Brett Harris.",,,,,https://www.mlb.com/gameday/823169,https://baseballsavant.mlb.com/gamefeed?gamePk=823169
823169,2026-09-21,MIN @ SF,R,62,9,top,0,Brooks Lee,Trent Harris,L,R,field_out,out,Brooks Lee flies out to center fielder Drew Gilbert.,0,MJ,0,137,1,-,0,0,0,0,0,,93.3,39.0,343.0,fly_ball,medium,,,0,af4f3138-27e5-380d-9ad0-ebceb4942cd6,3f8d0794-5799-3f2f-95aa-a226f55388fd f1af870e-f777-33c6-bea7-d1131b386177 88ce87f2-4f34-32be-aad6-185cda6de9ef a264554c-07aa-3bca-9e5e-d9370453ed66 89789195-2dd1-356a-8353-676e79c17736 af4f3138-27e5-380d-9ad0-ebceb4942cd6,https://baseballsavant.mlb.com/sporty-videos?playId=af4f3138-27e5-380d-9ad0-ebceb4942cd6,Brooks Lee flies out to center fielder Drew Gilbert.,,,,,https://www.mlb.com/gameday/823169,https://baseballsavant.mlb.com/gamefeed?gamePk=823169
824221,2026-09-21,WSH @ DET,R,17,2,bottom,2,Gleyber Torres,DJ Herz,R,L,field_out,out,Gleyber Torres pops out to shortstop CJ Abrams.,0,MJ,1,116,1,-,0,0,0,0,0,,76.2,60.0,173.0,popup,medium,,,0,b2da5d19-9fd8-3a1d-b989-b43dbbf5d278,4126f1fe-f629-31ec-87db-ed5fd7cb3676 7cd3b31b-fce7-357d-8428-b2aa594fc358 fb87a92a-8348-3232-a7ec-bf8d13a332a1 7d648628-9ec3-32ce-a1a3-da9a8a766685 addb7fd1-bfcb-3907-8561-5d266bd38216 9c023524-66d3-3631-85c5-567f89269093 b2da5d19-9fd8-3a1d-b989-b43dbbf5d278,https://baseballsavant.mlb.com/sporty-videos?playId=b2da5d19-9fd8-3a1d-b989-b43dbbf5d278,Gleyber Torres pops out to shortstop CJ Abrams.,,,,,https://www.mlb.com/gameday/824221,https://baseballsavant.mlb.com/gamefeed?gamePk=824221
824221,2026-09-21,WSH @ DET,R,44,5,bottom,1,Spencer Torkelson,Luis Perales,R,R,home_run,hit,Spencer Torkelson homers (25) on a fly ball to left field. Dillon Dingler scores.,2,MJ,0,120,1,2B,1,2,2,0,0,,97.1,36.0,380.0,fly_ball,medium,,,0,fcebccd5-0aab-31fb-b8d1-2e7a4c12e3fa,be88736b-481f-3cbb-b87c-cdcbd8103537 fdc67c8d-4f3a-369c-af71-9e927859fa0d f4549733-064b-34a8-a066-8e8d1b7fe934 16af600d-3a36-3850-9f65-32162ce82d67 fcebccd5-0aab-31fb-b8d1-2e7a4c12e3fa,https://baseballsavant.mlb.com/sporty-videos?playId=fcebccd5-0aab-31fb-b8d1-2e7a4c12e3fa,Spencer Torkelson homers (25) on a fly ball to left field. Dillon Dingler scores.,,no RBI (an HR cannot be an error),RBI (home run scores the batter),RBI (home run scores the batter),https://www.mlb.com/gameday/824221,https://baseballsavant.mlb.com/gamefeed?gamePk=824221
824221,2026-09-21,WSH @ DET,R,50,6,top,2,Dylan Crews,Keider Montero,R,R,strikeout,other,"Dylan Crews challenged (pitch result), call on the field was confirmed: Dylan Crews called out on strikes.",0,MJ,0,120,1,-,0,0,0,0,0,,,,,,,,,0,4574520b-18d4-3ce6-b68d-67eea3ad86e3,4364699b-3b00-323e-bc29-5283540e11dd 7c2c571b-95ee-3a9d-b06a-3ccb9fe76b62 5ba325d0-3851-396c-a509-e95088db584c bba521af-2283-36e0-ae15-670f35663bc9 a92f1bbe-c303-3f6c-ad34-f906cace28e5 4574520b-18d4-3ce6-b68d-67eea3ad86e3,https://baseballsavant.mlb.com/sporty-videos?playId=4574520b-18d4-3ce6-b68d-67eea3ad86e3,Dylan Crews called out on strikes.,0,,,,https://www.mlb.com/gameday/824221,https://baseballsavant.mlb.com/gamefeed?gamePk=824221
824787,2026-09-21,TOR @ BAL,R,16,2,bottom,1,Samuel Basallo,Trey Yesavage,L,R,strikeout,other,"Alejandro Kirk challenged (pitch result), call on the field was overturned: Samuel Basallo called out on strikes.",0,MJ,1,141,1,-,0,0,0,0,0,,,,,,,,,0,5268a8d0-dde1-32d4-b2c1-81fc185d2abb,443da018-539e-378c-aec1-131cfd28c6f0 fd3f29b7-2b37-3056-bd1d-60dafebc74c3 f12706e6-ab00-3d00-92fb-00cfbf4505fa 8743ba8d-44a8-3ea2-a81e-e2f8ad37d49c 5268a8d0-dde1-32d4-b2c1-81fc185d2abb,https://baseballsavant.mlb.com/sporty-videos?playId=5268a8d0-dde1-32d4-b2c1-81fc185d2abb,Samuel Basallo called out on strikes.,1,,,,https://www.mlb.com/gameday/824787,https://baseballsavant.mlb.com/gamefeed?gamePk=824787
824787,2026-09-21,TOR @ BAL,R,46,7,top,0,Josh Smith,Shane Baz,L,R,strikeout,other,"Josh Smith challenged (pitch result), call on the field was confirmed: Josh Smith called out on strikes.",0,MJ,0,141,1,-,0,0,0,0,0,,,,,,,,,0,399c747f-4fc2-371f-ab8b-f6d9c0c30981,f38cd7a4-ba78-3c30-9a4e-44c85aebd471 8ca9aa78-720f-3ab9-95e6-fc4864f318c6 6a434744-5309-3ff1-9815-cc6ecd8023e5 d872748a-b415-35be-9247-604b60b27b4a fcd49c9d-e316-3a12-a26c-b5c958c94912 399c747f-4fc2-371f-ab8b-f6d9c0c30981,https://baseballsavant.mlb.com/sporty-videos?playId=399c747f-4fc2-371f-ab8b-f6d9c0c30981,Josh Smith called out on strikes.,0,,,,https://www.mlb.com/gameday/824787,https://baseballsavant.mlb.com/gamefeed?gamePk=824787
824787,2026-09-21,TOR @ BAL,R,53,8,top,0,Alejandro Kirk,Yennier Cano,R,R,single,hit,Alejandro Kirk singles on a sharp line drive to right fielder Rece Hinds.,0,MJ,0,110,1,-,0,0,0,0,0,,102.2,9.0,198.0,line_drive,hard,,,0,3c2d6102-f2e6-3177-aa08-61d3a396dc6f,ec7cf0cd-73a9-391b-825a-fc4d54f9a20f 28661f8c-00b9-3f26-af11-fe7bb4b9f107 a832c6d9-354e-3b19-99a6-189395119ef9 0fff48e3-5651-3cac-a9fa-00ea942cc686 63314de2-d5c3-3ffd-a225-3cb9e93a87a7 1d2d4519-8379-37d6-9223-fc63aad867fa 74dc1522-7532-3405-86c9-02f8a032b026 9ba60093-8c59-3341-89b0-4790224cce8b 3c2d6102-f2e6-3177-aa08-61d3a396dc6f,https://baseballsavant.mlb.com/sporty-videos?playId=3c2d6102-f2e6-3177-aa08-61d3a396dc6f,Alejandro Kirk singles on a sharp line drive to right fielder Rece Hinds.,,,,,https://www.mlb.com/gameday/824787,https://baseballsavant.mlb.com/gamefeed?gamePk=824787
824787,2026-09-21,TOR @ BAL,R,64,9,top,2,Josh Smith,Rico Garcia,L,R,field_out,out,Josh Smith flies out to left fielder Dylan Beavers.,0,MJ,0,141,1,-,0,0,0,0,0,,89.0,57.0,208.0,fly_ball,medium,,,0,222f6b04-ddb2-397e-8b36-c6cd448d14d8,9c7c7142-15f4-31dc-8643-54a6703c53dc 193d6908-599a-369c-80ad-2d9efbde0308 daf54664-08b5-36cd-a7f6-13b7d891b34d 5e002e47-660c-3e47-b2b3-b93915d56754 f8eacafb-5ae4-3cde-9dcb-3f754e5fa031 86920b64-6ad6-3d72-97c8-291cdf6088ed 222f6b04-ddb2-397e-8b36-c6cd448d14d8,https://baseballsavant.mlb.com/sporty-videos?playId=222f6b04-ddb2-397e-8b36-c6cd448d14d8,Josh Smith flies out to left fielder Dylan Beavers.,,,,,https://www.mlb.com/gameday/824787,https://baseballsavant.mlb.com/gamefeed?gamePk=824787
822840,2026-09-22,NYM @ TEX,R,21,3,bottom,0,Wyatt Langford,Sean Manaea,R,L,strikeout,other,Wyatt Langford strikes out swinging.,0,MJ,1,121,1,-,0,0,0,0,0,,,,,,,,,0,8026ad40-856f-34a8-bf45-aba9b4861f91,7573a2cf-19be-3568-9cf9-70d45c3d1fd4 874e2154-446a-3974-ac70-00599b305634 8026ad40-856f-34a8-bf45-aba9b4861f91,https://baseballsavant.mlb.com/sporty-videos?playId=8026ad40-856f-34a8-bf45-aba9b4861f91,Wyatt Langford strikes out swinging.,,,,,https://www.mlb.com/gameday/822840,https://baseballsavant.mlb.com/gamefeed?gamePk=822840
822840,2026-09-22,NYM @ TEX,R,40,5,top,2,Bo Bichette,MacKenzie Gore,R,L,strikeout,other,"MacKenzie Gore challenged (pitch result), call on the field was overturned: Bo Bichette called out on strikes.",0,MJ,1,140,1,-,0,0,0,0,0,,,,,,,,,0,937fdf5d-b7e0-3dd6-b8e1-efb66930441c,7bfae0b8-a490-3b9f-8cf0-d0ec8d9c6440 38209161-9b8f-3a75-84d1-f0c5a3eb2d88 b3bbfa19-9e55-3c5e-9d3f-9fdb05bb88c0 57337376-26ee-308f-9287-8d6e5259baf0 ee4571c7-e502-3fcd-bca4-5045d3a0afbf 94c397c6-cb2e-357a-be9f-56fdfc2258e0 26d14d24-c45e-33a3-9829-f8d12d0b7bce 937fdf5d-b7e0-3dd6-b8e1-efb66930441c,https://baseballsavant.mlb.com/sporty-videos?playId=937fdf5d-b7e0-3dd6-b8e1-efb66930441c,Bo Bichette called out on strikes.,1,,,,https://www.mlb.com/gameday/822840,https://baseballsavant.mlb.com/gamefeed?gamePk=822840
822840,2026-09-22,NYM @ TEX,R,47,6,top,1,Francisco Alvarez,Nathan Eovaldi,R,R,double,hit,Francisco Alvarez doubles (14) on a sharp fly ball to center fielder Ezequiel Duran. Carson Benge scores. Marcus Semien scores.,2,MJ,0,121,1,"1B,2B,3B",1,2,2,0,0,,104.6,24.0,393.0,fly_ball,hard,,,0,0223877a-cbbd-337d-80b7-9e5affd55ae7,bdbcaab6-3f97-3718-828a-0caab673bb48 b7ca22ae-c307-360b-8f49-a30c7d166b66 0223877a-cbbd-337d-80b7-9e5affd55ae7,https://baseballsavant.mlb.com/sporty-videos?playId=0223877a-cbbd-337d-80b7-9e5affd55ae7,Francisco Alvarez doubles (14) on a sharp fly ball to center fielder Ezequiel Duran. Carson Benge scores. Marcus Semien scores.,,NO RBI (run scores only because of the error),RBI,RBI possible (run-scoring fielder's choice is a scorer's call),https://www.mlb.com/gameday/822840,https://baseballsavant.mlb.com/gamefeed?gamePk=822840
822840,2026-09-22,NYM @ TEX,R,61,7,bottom,2,Corey Seager,Nate Lavender,L,L,strikeout,other,Corey Seager strikes out swinging.,0,MJ,1,121,1,-,0,0,0,0,0,,,,,,,,,0,a1ad085f-65c4-358f-9f7b-84c6a2ffe9f9,6600a5ac-2f78-31f5-a976-88b8ec15f026 1056ea29-4fdc-39e1-8164-76c491936763 a2ba1e2c-4b87-30a5-9ebb-f2e490d4ffc2 a1ad085f-65c4-358f-9f7b-84c6a2ffe9f9,https://baseballsavant.mlb.com/sporty-videos?playId=a1ad085f-65c4-358f-9f7b-84c6a2ffe9f9,Corey Seager strikes out swinging.,,,,,https://www.mlb.com/gameday/822840,https://baseballsavant.mlb.com/gamefeed?gamePk=822840
822840,2026-09-22,NYM @ TEX,R,63,8,top,1,A.J. Ewing,Jakob Junis,L,R,walk,other,A.J. Ewing walks.,0,MJ,0,121,1,-,0,0,0,0,0,,,,,,,,,0,f8149abd-d94d-38de-8333-f90b48001891,9fd45956-4d23-3667-b44a-428dd67bf616 2d24ccd5-ccf3-3de8-a5cd-b30a1a7e627f 891539e5-6f58-3c1d-9eb0-ef968efccaec 01883e2a-b3ef-3ecf-837f-c591dc2b61ee 3e6b1478-058f-3141-b27d-e4606f77606f 5930a1f3-ee4b-3b96-afee-7fbc574847f7 2c4a1109-4de2-3669-a2a6-4fa98d7025bb f8149abd-d94d-38de-8333-f90b48001891,https://baseballsavant.mlb.com/sporty-videos?playId=f8149abd-d94d-38de-8333-f90b48001891,A.J. Ewing walks.,,,,,https://www.mlb.com/gameday/822840,https://baseballsavant.mlb.com/gamefeed?gamePk=822840
822840,2026-09-22,NYM @ TEX,R,64,8,top,1,Luis Torrens,Jakob Junis,R,R,field_out,out,Luis Torrens flies out to center fielder Ezequiel Duran.,0,MA,0,140,1,-,0,0,0,0,0,,89.2,33.0,332.0,fly_ball,medium,,,0,e7226842-fbf7-34bd-9b58-6b07a259b8a6,ccfc602d-f6da-36a8-9e49-7e5edf111a4e 6d97db37-c2dd-3878-ac86-0163b8ead6d7 e46a3467-16be-34e7-ae90-96e0e9b5684f be0bfc62-1e74-3dc7-aa45-b21ccdf401bf 4d76c56d-1321-343f-a7e9-99a50a7f347b 51b63a57-2c24-3ec7-b94b-e753c460c635 e7226842-fbf7-34bd-9b58-6b07a259b8a6,https://baseballsavant.mlb.com/sporty-videos?playId=e7226842-fbf7-34bd-9b58-6b07a259b8a6,Luis Torrens flies out to center fielder Ezequiel Duran.,,,,,https://www.mlb.com/gameday/822840,https://baseballsavant.mlb.com/gamefeed?gamePk=822840
823089,2026-09-22,HOU @ SEA,R,4,1,top,0,Yainer Diaz,Logan Gilbert,R,R,strikeout,other,"Yainer Diaz challenged (pitch result), call on the field was confirmed: Yainer Diaz called out on strikes.",0,MJ,0,117,1,-,0,0,0,0,0,,,,,,,,,0,030f7d43-45ee-3adf-abca-180ff1580bfe,cc7cd311-f227-301b-89b8-cee86aa2d0b9 218d42af-16bb-3782-83db-2648c135f244 fcbe989a-4b51-314a-b073-cca54b9a916a cf67acf9-2e92-3970-820b-bdd6b8899427 9d1d9ebd-78e7-4a7f-a751-502339de6876 b7d0ac3b-0c3b-3e35-9cf5-d798c3eaa5de 030f7d43-45ee-3adf-abca-180ff1580bfe,https://baseballsavant.mlb.com/sporty-videos?playId=030f7d43-45ee-3adf-abca-180ff1580bfe,Yainer Diaz called out on strikes.,0,,,,https://www.mlb.com/gameday/823089,https://baseballsavant.mlb.com/gamefeed?gamePk=823089
823089,2026-09-22,HOU @ SEA,R,8,1,bottom,1,Randy Arozarena,Cristian Javier,R,R,walk,other,"Randy Arozarena challenged (pitch result), call on the field was overturned: Randy Arozarena walks.",0,MJ,1,136,1,-,0,0,0,0,0,,,,,,,,,0,a7d2566f-c75a-3e0f-9927-e0c786d1bb1c,f7026cb7-4606-34a5-bcaf-43ecfa09daaf 5d3f17dd-8513-38ae-b418-d072911878e2 592e29f4-ba6a-3a5f-ad1f-b2120b165b9b 81765233-e1b4-3659-b0e1-029f88b2cdd1 bda62f94-d66b-31c9-a18a-d7b6096a864f f4482ded-db9c-3d08-82ba-16f5e25fc6d0 a7d2566f-c75a-3e0f-9927-e0c786d1bb1c,https://baseballsavant.mlb.com/sporty-videos?playId=a7d2566f-c75a-3e0f-9927-e0c786d1bb1c,Randy Arozarena walks.,1,,,,https://www.mlb.com/gameday/823089,https://baseballsavant.mlb.com/gamefeed?gamePk=823089
823089,2026-09-22,HOU @ SEA,R,53,6,bottom,0,Julio Rodríguez,Bennett Sousa,R,L,field_out,out,Julio Rodríguez flies out to right fielder Cam Smith.,0,MJ,0,136,1,-,0,0,0,0,0,,92.2,42.0,292.0,fly_ball,medium,,,0,51ce2072-7dea-3ba9-80aa-c0ee7f24953b,91df6e48-34d2-3d3e-a9c4-a27bead09db2 509d3917-bce9-326f-aeea-4f9c3e126878 d5fe56bd-2975-3efd-a81d-d5b9e3893395 51ce2072-7dea-3ba9-80aa-c0ee7f24953b,https://baseballsavant.mlb.com/sporty-videos?playId=51ce2072-7dea-3ba9-80aa-c0ee7f24953b,Julio Rodríguez flies out to right fielder Cam Smith.,,,,,https://www.mlb.com/gameday/823089,https://baseballsavant.mlb.com/gamefeed?gamePk=823089
823089,2026-09-22,HOU @ SEA,R,58,7,top,1,Christian Walker,Eduard Bazardo,R,R,field_out,out,"Christian Walker grounds out, second baseman Cole Young to first baseman Josh Naylor.",0,MJ,0,117,1,-,0,0,0,0,0,,105.3,-6.0,16.0,ground_ball,medium,,,0,6bd41fdb-a1c1-3f64-be92-c9fd7c01b5cd,df8be68e-2f0d-36ed-bff3-04b48df63ab5 d1573824-e3c5-3e17-bab0-6f5c28b4108b 2c516c1c-79d4-3028-a53a-a855dc459a3f 7d8630dd-00d3-37bf-b902-66c4f1a80c2d ae2d3dd6-3abf-385f-b54f-5b61c722542f 6bd41fdb-a1c1-3f64-be92-c9fd7c01b5cd,https://baseballsavant.mlb.com/sporty-videos?playId=6bd41fdb-a1c1-3f64-be92-c9fd7c01b5cd,"Christian Walker grounds out, second baseman Cole Young to first baseman Josh Naylor.",,,,,https://www.mlb.com/gameday/823089,https://baseballsavant.mlb.com/gamefeed?gamePk=823089
823089,2026-09-22,HOU @ SEA,R,60,7,top,2,Cam Smith,Eduard Bazardo,R,R,strikeout,other,Cam Smith called out on strikes.,0,MJ,0,136,1,-,0,0,0,0,0,,,,,,,,,0,b96e39ca-0fe5-3ffc-9044-27311d601938,5186fa27-bbf7-364f-bc13-a7c22ed74b01 9f2f12dc-4c41-37d2-a001-6e531fd1e357 4b65bb82-a794-34dc-a4d1-a65bebe990eb c5e44a11-03fc-3f92-96a1-51cb338e20df b96e39ca-0fe5-3ffc-9044-27311d601938,https://baseballsavant.mlb.com/sporty-videos?playId=b96e39ca-0fe5-3ffc-9044-27311d601938,Cam Smith called out on strikes.,,,,,https://www.mlb.com/gameday/823089,https://baseballsavant.mlb.com/gamefeed?gamePk=823089
823166,2026-09-22,MIN @ SF,R,41,6,top,2,Josh Bell,Anthony Molina,L,R,strikeout,other,Josh Bell strikes out swinging.,0,MJ,0,137,1,-,0,0,0,0,0,,,,,,,,,0,6b046247-7420-3571-b3a1-aa97be998a60,b6b533da-a494-3ccd-9413-1da922d0acdf 8cc3537d-863f-342a-92b6-5ee27fc88fff 644443d8-d9c3-306d-8202-fa2e25fffc3c f27ab16f-3d2b-3b81-bbe9-3328f252227e b418e040-d749-3770-8a3a-5d84cccac49d 6b046247-7420-3571-b3a1-aa97be998a60,https://baseballsavant.mlb.com/sporty-videos?playId=6b046247-7420-3571-b3a1-aa97be998a60,Josh Bell strikes out swinging.,,,,,https://www.mlb.com/gameday/823166,https://baseballsavant.mlb.com/gamefeed?gamePk=823166
823166,2026-09-22,MIN @ SF,R,54,8,top,0,Ryan Kreidler,Duncan Davitt,R,R,field_out,out,"Ryan Kreidler grounds out, shortstop Christian Koss to first baseman Brett Harris.",0,MJ,1,137,1,-,0,0,0,0,0,,96.6,-2.0,34.0,ground_ball,medium,,,0,afcf96d5-53e0-3785-a84b-121cb5f6693b,8b5d4ee4-bd82-3af1-a658-f0b88be01726 226b4534-db47-3d7e-a7e0-a1dc2fc7feea 4f962191-56df-3ca0-bfe6-ac0fd8255a1d b577b72e-cacb-3a01-b03d-989568130316 afcf96d5-53e0-3785-a84b-121cb5f6693b,https://baseballsavant.mlb.com/sporty-videos?playId=afcf96d5-53e0-3785-a84b-121cb5f6693b,"Ryan Kreidler grounds out, shortstop Christian Koss to first baseman Brett Harris.",,,,,https://www.mlb.com/gameday/823166,https://baseballsavant.mlb.com/gamefeed?gamePk=823166
823166,2026-09-22,MIN @ SF,R,68,9,bottom,1,Osleivis Basabe,Jeff Hoffman,R,R,walk,other,"Victor Caratini challenged (pitch result), call on the field was confirmed: Osleivis Basabe walks.",0,MJ,0,142,1,-,0,0,0,0,0,,,,,,,,,0,778af30a-ed04-3a7b-b342-7e62e4cfeab8,d50efabe-be3a-3799-b344-1e63333c6c4f 82019f3b-cdf9-3bcc-a3ec-607fd540a6cf 84c42342-b5c3-345a-87a1-27eb57df956c c49df2f3-ed61-38c6-9355-f8dff97e68d9 e8c31fdd-c375-3b31-bfff-bb5c4ab31c4a 5cc7056e-a645-3af4-80a1-ca3e652dd336 0d3568f9-3a36-39a6-8067-b64dac7bb114 778af30a-ed04-3a7b-b342-7e62e4cfeab8,https://baseballsavant.mlb.com/sporty-videos?playId=778af30a-ed04-3a7b-b342-7e62e4cfeab8,Osleivis Basabe walks.,0,,,,https://www.mlb.com/gameday/823166,https://baseballsavant.mlb.com/gamefeed?gamePk=823166
823328,2026-09-22,STL @ PIT,R,23,4,bottom,1,Bryan Reynolds,Andre Pallante,L,R,catcher_interf,other,"Pirates challenged (catcher interference), call on the field was overturned: Bryan Reynolds reaches on catcher interference by Leo Bernal. Bryan Reynolds to 1st.",0,MV,1,134,1,-,0,0,0,0,0,,,,,,,,,0,daad2992-3275-34db-83b8-728aff4ffca7,daad2992-3275-34db-83b8-728aff4ffca7,https://baseballsavant.mlb.com/sporty-videos?playId=daad2992-3275-34db-83b8-728aff4ffca7,Bryan Reynolds reaches on catcher interference by Leo Bernal. Bryan Reynolds to 1st.,1,,,,https://www.mlb.com/gameday/823328,https://baseballsavant.mlb.com/gamefeed?gamePk=823328
823328,2026-09-22,STL @ PIT,R,24,4,bottom,1,Oneil Cruz,Andre Pallante,L,R,field_out,out,"Cardinals challenged (play at 1st), call on the field was overturned: Oneil Cruz grounds out, pitcher Andre Pallante to first baseman Alec Burleson. Bryan Reynolds to 2nd.",0,MF,1,138,1,1B,0,0,0,0,0,,66.1,-69.0,3.0,ground_ball,medium,,,0,96849b92-33df-335d-b3fc-4b9fc30442b2,af4f7bec-2078-3dc2-8c51-cfe04d50eca3 3d6616f6-aca5-3da2-b350-068ed1c30359 96849b92-33df-335d-b3fc-4b9fc30442b2,https://baseballsavant.mlb.com/sporty-videos?playId=96849b92-33df-335d-b3fc-4b9fc30442b2,"Oneil Cruz grounds out, pitcher Andre Pallante to first baseman Alec Burleson. Bryan Reynolds to 2nd.",1,,,,https://www.mlb.com/gameday/823328,https://baseballsavant.mlb.com/gamefeed?gamePk=823328
823328,2026-09-22,STL @ PIT,R,34,5,bottom,2,Brandon Lowe,Andre Pallante,L,R,field_out,out,"Brandon Lowe grounds out, third baseman Thomas Saggese to first baseman Alec Burleson.",0,MJ,1,138,1,-,0,0,0,0,0,,64.0,1.0,34.0,ground_ball,medium,,,0,0a723ecf-cd17-3cc7-bb46-511bbe986cb7,e925c14c-2759-37a5-9d61-2f15074cf804 1060ad91-30ed-3964-b58d-af226e21c4c4 abe4fa74-1242-37df-8ebb-4ccae2fff38c e26591d7-5f6a-392e-b676-40c6e2a40653 0a723ecf-cd17-3cc7-bb46-511bbe986cb7,https://baseballsavant.mlb.com/sporty-videos?playId=0a723ecf-cd17-3cc7-bb46-511bbe986cb7,"Brandon Lowe grounds out, third baseman Thomas Saggese to first baseman Alec Burleson.",,,,,https://www.mlb.com/gameday/823328,https://baseballsavant.mlb.com/gamefeed?gamePk=823328
823328,2026-09-22,STL @ PIT,R,38,6,top,2,JJ Wetherholt,Jared Jones,L,R,strikeout,other,JJ Wetherholt strikes out swinging.,0,MJ,0,134,1,-,0,0,0,0,0,,,,,,,,,0,aee046a7-4db8-32e2-ac27-a9740dc8cf18,24005bf1-d88c-3b71-aba5-1e11348c5dc0 e4232454-eaaa-3a71-afd1-dcea6d16c2fa a01876d8-b5cc-42e4-9f63-1075e1687051 567352d9-c274-3b60-acd6-a2991d07590f d372ed4a-3fba-3ad2-ad62-0610e5d690cd 95396973-8395-3008-9dcd-53c0ad1f286e ab53ba06-0865-3ee1-82bb-018fa2875224 aee046a7-4db8-32e2-ac27-a9740dc8cf18,https://baseballsavant.mlb.com/sporty-videos?playId=aee046a7-4db8-32e2-ac27-a9740dc8cf18,JJ Wetherholt strikes out swinging.,,,,,https://www.mlb.com/gameday/823328,https://baseballsavant.mlb.com/gamefeed?gamePk=823328
823328,2026-09-22,STL @ PIT,R,57,8,bottom,0,Oneil Cruz,Cade Winquest,L,R,field_out,out,Oneil Cruz flies out to center fielder Nathan Church.,0,MJ,0,138,1,-,0,0,0,0,0,,81.2,31.0,272.0,fly_ball,medium,,,0,3730346a-da54-3b93-b18e-c598812fceed,01c60575-f516-3cbb-bd78-c34c1c041376 1d8a9e18-77c0-361f-b80d-8b09f0617059 5abd1ff9-ac4e-3a4b-bbec-6df1b35edacb 85a8b2bc-6773-36c9-a94f-f5ab47606eb4 3730346a-da54-3b93-b18e-c598812fceed,https://baseballsavant.mlb.com/sporty-videos?playId=3730346a-da54-3b93-b18e-c598812fceed,Oneil Cruz flies out to center fielder Nathan Church.,,,,,https://www.mlb.com/gameday/823328,https://baseballsavant.mlb.com/gamefeed?gamePk=823328
823412,2026-09-22,MIL @ PHI,R,12,2,bottom,1,Brandon Marsh,Dustin May,L,R,home_run,hit,Brandon Marsh homers (18) on a fly ball to right field. Bryson Stott scores.,2,MA,1,143,1,"1B,2B",1,2,2,0,0,,104.4,32.0,390.0,fly_ball,medium,,,0,9dbc2f0c-7a3d-34db-aaf4-95ad0df4bb57,4397be16-78c4-309d-839d-c21c1c6a2c4e c21839b7-d261-39de-97b0-d44e366fae4f 8b4eeffd-dab5-3fae-9f0b-69218f44c3ea 9ea84565-e4fc-3ac7-88ab-13a761c06711 9dbc2f0c-7a3d-34db-aaf4-95ad0df4bb57,https://baseballsavant.mlb.com/sporty-videos?playId=9dbc2f0c-7a3d-34db-aaf4-95ad0df4bb57,Brandon Marsh homers (18) on a fly ball to right field. Bryson Stott scores.,,no RBI (an HR cannot be an error),RBI (home run scores the batter),RBI (home run scores the batter),https://www.mlb.com/gameday/823412,https://baseballsavant.mlb.com/gamefeed?gamePk=823412
823412,2026-09-22,MIL @ PHI,R,13,2,bottom,1,J.T. Realmuto,Dustin May,R,R,strikeout,other,"William Contreras challenged (pitch result), call on the field was overturned: J.T. Realmuto called out on strikes.",0,MJ,1,158,1,-,0,0,0,0,0,,,,,,,,,0,7912712a-1d8d-3f68-af73-a231e2f9977a,0112ed2d-7753-3f9c-a82e-ccc540fd4cc5 a70c0a96-e4ed-3e59-bb3b-636c4c19a292 7912712a-1d8d-3f68-af73-a231e2f9977a,https://baseballsavant.mlb.com/sporty-videos?playId=7912712a-1d8d-3f68-af73-a231e2f9977a,J.T. Realmuto called out on strikes.,1,,,,https://www.mlb.com/gameday/823412,https://baseballsavant.mlb.com/gamefeed?gamePk=823412
823412,2026-09-22,MIL @ PHI,R,29,4,bottom,0,Brandon Marsh,Colton Gordon,L,L,strikeout,other,Brandon Marsh strikes out swinging.,0,MJ,1,158,1,-,0,0,0,0,0,,,,,,,,,0,0fdc684e-1a09-3424-8492-c4f840418479,64bf88b9-9b31-373b-b508-d979d0b2a51d a3a6d455-7499-3a4d-8980-cfcbf3f16ac3 0fdc684e-1a09-3424-8492-c4f840418479,https://baseballsavant.mlb.com/sporty-videos?playId=0fdc684e-1a09-3424-8492-c4f840418479,Brandon Marsh strikes out swinging.,,,,,https://www.mlb.com/gameday/823412,https://baseballsavant.mlb.com/gamefeed?gamePk=823412
823412,2026-09-22,MIL @ PHI,R,38,5,bottom,2,Luis Arraez,Colton Gordon,L,L,field_out,out,Luis Arraez flies out to left fielder Jackson Chourio.,0,MJ,1,158,1,-,0,0,0,0,0,,88.2,36.0,275.0,fly_ball,medium,,,0,003aab9d-4d2c-3ed0-ae20-3e40c69f96af,1511a2cd-27fd-33ff-8fa1-2723cd417a26 b3b1b62e-2fc5-3f02-ad80-09a676b47b2d 210c5482-54c5-3bf2-bba7-8c045fff8467 96bd987d-8144-346a-804e-13b675eaa4d7 003aab9d-4d2c-3ed0-ae20-3e40c69f96af,https://baseballsavant.mlb.com/sporty-videos?playId=003aab9d-4d2c-3ed0-ae20-3e40c69f96af,Luis Arraez flies out to left fielder Jackson Chourio.,,,,,https://www.mlb.com/gameday/823412,https://baseballsavant.mlb.com/gamefeed?gamePk=823412
823412,2026-09-22,MIL @ PHI,R,44,6,top,2,Jake Bauers,Zack Wheeler,L,R,single,hit,Jake Bauers singles on a ground ball to left fielder Brandon Marsh. William Contreras to 2nd.,0,MJ,1,158,1,1B,0,0,0,0,0,,80.2,6.0,98.0,ground_ball,medium,,,0,dbd68f0c-2d40-395b-a21a-c72fa9e1d52a,d4448b16-8c3b-33ff-9e0e-90d393d69e3d 9ea212a8-94f9-3f15-9a0e-04d59ef280d5 b66b4ad9-7055-3643-87d1-0a832f7a0212 ded60148-9831-37a9-83f0-9b058bf2e419 dbd68f0c-2d40-395b-a21a-c72fa9e1d52a,https://baseballsavant.mlb.com/sporty-videos?playId=dbd68f0c-2d40-395b-a21a-c72fa9e1d52a,Jake Bauers singles on a ground ball to left fielder Brandon Marsh. William Contreras to 2nd.,,,,,https://www.mlb.com/gameday/823412,https://baseballsavant.mlb.com/gamefeed?gamePk=823412
823412,2026-09-22,MIL @ PHI,R,50,7,top,1,Cooper Pratt,Alex McFarlane,R,R,strikeout,other,Cooper Pratt strikes out swinging.,0,MJ,1,158,1,-,0,0,0,0,0,,,,,,,,,0,9382a1ea-d9f7-3d1d-a373-66cc9b2d1eed,56fa387f-f118-36a1-bfa3-2b782ca20c99 97b9ae66-552e-3cf2-9806-9478f7f172d7 f63c4498-85d5-3ee8-83f1-b53d308baee6 5f3f430a-bd1d-3c15-bcbc-07f7dc9e847c f9b360e7-146c-366a-b2d1-9d9cfa963f3e 9382a1ea-d9f7-3d1d-a373-66cc9b2d1eed,https://baseballsavant.mlb.com/sporty-videos?playId=9382a1ea-d9f7-3d1d-a373-66cc9b2d1eed,Cooper Pratt strikes out swinging.,,,,,https://www.mlb.com/gameday/823412,https://baseballsavant.mlb.com/gamefeed?gamePk=823412
823412,2026-09-22,MIL @ PHI,R,65,9,top,0,William Contreras,Jhoan Duran,R,R,strikeout,other,"William Contreras challenged (pitch result), call on the field was confirmed: William Contreras called out on strikes.",0,MJ,0,158,1,-,0,0,0,0,0,,,,,,,,,0,14e26370-b694-385d-ae4f-402f2af52f7e,047737e7-1165-340c-9760-4d8e6c99344e c37b7fbc-c37d-35e9-a91a-750259b02e3d ec84693c-c0ec-395c-a395-5184fcea051c d31c11d5-6ac7-3188-abcf-dcbcd66f6c76 91975f68-8fcc-309d-8ff1-131efd84744f 14e26370-b694-385d-ae4f-402f2af52f7e,https://baseballsavant.mlb.com/sporty-videos?playId=14e26370-b694-385d-ae4f-402f2af52f7e,William Contreras called out on strikes.,0,,,,https://www.mlb.com/gameday/823412,https://baseballsavant.mlb.com/gamefeed?gamePk=823412
823494,2026-09-22,TB @ NYY,R,13,3,top,0,Taylor Walls,Max Fried,R,L,single,hit,Taylor Walls singles on a soft ground ball to third baseman Ryan McMahon.,0,MJ,1,147,1,-,0,0,0,0,0,,56.2,-49.0,3.0,ground_ball,soft,,,0,6374ba9c-272a-3409-aada-72959d849822,61db6193-6ded-3d68-9995-b741351823cd 086a29e9-55c6-3b84-9621-d6aeacde7385 313ff205-8cbc-35fe-9a8b-2b123dbf9bb6 62c93908-26e7-3914-800f-fd3b808995d2 9b251d6c-e2bb-3a82-8a10-40de42783715 7401f559-3e41-35d0-9b3d-66fd7454274c c3bb55a9-9bb4-34ea-834c-2071c8cb67ee 6374ba9c-272a-3409-aada-72959d849822,https://baseballsavant.mlb.com/sporty-videos?playId=6374ba9c-272a-3409-aada-72959d849822,Taylor Walls singles on a soft ground ball to third baseman Ryan McMahon.,,,,,https://www.mlb.com/gameday/823494,https://baseballsavant.mlb.com/gamefeed?gamePk=823494
823494,2026-09-22,TB @ NYY,R,17,3,top,2,Junior Caminero,Max Fried,R,L,field_out,out,"Junior Caminero grounds out, shortstop George Lombard Jr. to first baseman Luis García Jr.",0,MJ,0,147,1,-,0,0,0,0,0,,71.5,-37.0,6.0,ground_ball,medium,,,0,6c3b2d9d-1294-3ead-b676-ee3ef6fbabbb,30d683c6-cbdb-369d-b30c-203fe09e2465 b4d86f3d-12b9-3f04-8aca-a04375911760 a25d776d-e68c-3135-8698-db70f36748aa 993e57eb-4c25-314a-a157-4e116d96aec1 e14b9606-0c10-3360-902c-0c81e65fd9a1 72a9ab5a-1256-3d43-8925-463b28c6b3f5 6c3b2d9d-1294-3ead-b676-ee3ef6fbabbb,https://baseballsavant.mlb.com/sporty-videos?playId=6c3b2d9d-1294-3ead-b676-ee3ef6fbabbb,"Junior Caminero grounds out, shortstop George Lombard Jr. to first baseman Luis García Jr.",,,,,https://www.mlb.com/gameday/823494,https://baseballsavant.mlb.com/gamefeed?gamePk=823494
823494,2026-09-22,TB @ NYY,R,31,5,top,1,Cedric Mullins,Max Fried,L,L,force_out,out,"Rays challenged (force play), call on the field was upheld: Rays challenged (play at 1st), call on the field was overturned: Cedric Mullins grounds into a force out, second baseman Jazz Chisholm Jr. to shortstop George Lombard Jr. Nick Fortes out at 2nd. Cedric Mullins to 1st.",0,MC,0,139,1,1B,0,0,0,0,0,,85.8,3.0,66.0,ground_ball,medium,,,0,5c9d87fc-2208-3d88-856d-e17eee7f1f97,c495aff9-9274-3572-b608-34b96597729c b1663360-79ee-32d3-99c1-19fb3f66369e c61686cf-3b32-320c-b120-0d4122120ecf d1a2c4eb-1f4d-38ff-9cb3-5c87dfd4518d 5c9d87fc-2208-3d88-856d-e17eee7f1f97,https://baseballsavant.mlb.com/sporty-videos?playId=5c9d87fc-2208-3d88-856d-e17eee7f1f97,"Cedric Mullins grounds into a force out, second baseman Jazz Chisholm Jr. to shortstop George Lombard Jr. Nick Fortes out at 2nd. Cedric Mullins to 1st.",1,,,,https://www.mlb.com/gameday/823494,https://baseballsavant.mlb.com/gamefeed?gamePk=823494
823494,2026-09-22,TB @ NYY,R,47,7,top,2,Yandy Díaz,John Schreiber,R,R,single,hit,"Yankees challenged (tag play), call on the field was upheld: Yandy Díaz singles on a sharp line drive to center fielder Spencer Jones. Ben Williamson scores. Taylor Walls scores. Yandy Díaz to 2nd.",2,MA,0,147,1,"1B,2B,3B",1,2,2,0,0,,102.0,9.0,207.0,line_drive,hard,,,0,cce26ca5-763f-3da1-9abb-794d753c8d13,eb6da42a-e488-30d5-aefa-1b8407208a6b 8d8ead05-efb8-3d9d-8474-3ec1395a2bf2 4f862231-0e8b-34f6-9024-e1b2cce10507 49fd2ea7-a3e6-38bb-b86c-1f46713148e5 9e30f2ea-a9d3-35d0-87e2-1fbbe2f8f133 a65120c1-9cdb-39a1-b562-8a793595f362 cce26ca5-763f-3da1-9abb-794d753c8d13,https://baseballsavant.mlb.com/sporty-videos?playId=cce26ca5-763f-3da1-9abb-794d753c8d13,"Yankees challenged (tag play), call on the field was upheld: Yandy Díaz singles on a sharp line drive to center fielder Spencer Jones. Ben Williamson scores. Taylor Walls scores. Yandy Díaz to 2nd.",,NO RBI (run scores only because of the error),RBI,RBI possible (run-scoring fielder's choice is a scorer's call),https://www.mlb.com/gameday/823494,https://baseballsavant.mlb.com/gamefeed?gamePk=823494
823494,2026-09-22,TB @ NYY,R,54,7,bottom,2,Austin Wells,Kevin Kelly,L,R,field_out,out,"Austin Wells grounds out, third baseman Junior Caminero to first baseman Ryan Vilade.",0,MJ,0,139,1,-,0,0,0,0,0,,70.3,-2.0,22.0,ground_ball,medium,,,0,584f74e8-7ec9-3cd5-985b-3a1c6aaa4598,3c62f0a5-a191-31f5-ba16-9ba4711f3908 584f74e8-7ec9-3cd5-985b-3a1c6aaa4598,https://baseballsavant.mlb.com/sporty-videos?playId=584f74e8-7ec9-3cd5-985b-3a1c6aaa4598,"Austin Wells grounds out, third baseman Junior Caminero to first baseman Ryan Vilade.",,,,,https://www.mlb.com/gameday/823494,https://baseballsavant.mlb.com/gamefeed?gamePk=823494
823494,2026-09-22,TB @ NYY,R,64,9,top,1,Cedric Mullins,Ryan Yarbrough,L,L,single,hit,Cedric Mullins singles on a ground ball to right fielder Heliot Ramos. Taylor Walls to 3rd.,0,MJ,1,139,1,"1B,2B",1,0,0,0,0,,106.0,2.0,70.0,ground_ball,medium,,,0,653bb186-23ae-380e-9285-16336436af56,8c20390a-7a9b-3298-9851-1066c9fb6e42 ceca0d0f-578e-3b24-8321-47288f813b9b 6409104e-c6b5-3e13-9ad2-7d2c44862804 4f58ca60-a3ba-3958-84ed-a24e2cf2703e f5e7177d-4774-358e-9cdf-86a03bf143e9 733fe1b5-2700-3ac0-9351-9f108c434496 653bb186-23ae-380e-9285-16336436af56,https://baseballsavant.mlb.com/sporty-videos?playId=653bb186-23ae-380e-9285-16336436af56,Cedric Mullins singles on a ground ball to right fielder Heliot Ramos. Taylor Walls to 3rd.,,,,,https://www.mlb.com/gameday/823494,https://baseballsavant.mlb.com/gamefeed?gamePk=823494
823543,2026-09-22,TB @ NYY,R,2,1,top,2,Junior Caminero,Carlos Rodón,R,L,field_out,out,Junior Caminero lines out to second baseman Anthony Volpe.,0,MJ,0,147,1,-,0,0,0,0,0,,77.1,14.0,187.0,line_drive,medium,,,0,8a0467b5-eb13-3c71-8011-8102476fb17f,2347f68d-a9c6-36ca-8a49-6b18c4cd2d1f def0ef0b-9e3f-3fe7-a127-c51a9a9541c1 198a349b-5000-3922-bb76-1d0cc24607c3 8b2cc90a-7b3f-34a6-8754-17f08d9f4036 4f19608d-6ed7-3d73-b9d6-6342742e9152 854521d6-c1bd-3227-9b33-21df48c4a061 8a0467b5-eb13-3c71-8011-8102476fb17f,https://baseballsavant.mlb.com/sporty-videos?playId=8a0467b5-eb13-3c71-8011-8102476fb17f,Junior Caminero lines out to second baseman Anthony Volpe.,,,,,https://www.mlb.com/gameday/823543,https://baseballsavant.mlb.com/gamefeed?gamePk=823543
823543,2026-09-22,TB @ NYY,R,5,1,bottom,2,Heliot Ramos,Nick Martinez,R,R,field_out,out,"Heliot Ramos grounds out, third baseman Junior Caminero to first baseman Jonathan Aranda.",0,MJ,0,147,1,-,0,0,0,0,0,,70.9,-16.0,11.0,ground_ball,medium,,,0,7a359d24-964a-3203-88bc-cf1aef297ab4,1ab2b2a4-56ef-3017-b6fb-bafc0c0b5705 efd5badf-7c05-315f-9727-fb566a827494 7722924b-c76a-3e88-abd5-6ca79299bdd4 cc086116-cf3a-30ec-9459-a9be1b7954ce e5253d84-cae4-32ed-8b0b-9d3f1366c9d8 7a359d24-964a-3203-88bc-cf1aef297ab4,https://baseballsavant.mlb.com/sporty-videos?playId=7a359d24-964a-3203-88bc-cf1aef297ab4,"Heliot Ramos grounds out, third baseman Junior Caminero to first baseman Jonathan Aranda.",,,,,https://www.mlb.com/gameday/823543,https://baseballsavant.mlb.com/gamefeed?gamePk=823543
823543,2026-09-22,TB @ NYY,R,39,6,bottom,0,Luis García Jr.,Nick Martinez,L,R,field_out,out,Luis García Jr. flies out to right fielder Victor Mesa Jr.,0,MJ,1,139,1,-,0,0,0,0,0,,84.2,31.0,292.0,fly_ball,medium,,,0,9c545b51-7363-39d8-82f3-8df56ae2db1d,ae5e4c5f-d719-3fe7-97f6-be5f8b1c0158 50fe25d2-84f8-3063-a5ca-f4cbc1beefdd 49efc4b1-0340-3b09-8754-3ad7a1a9a31c b35f0d18-0b8b-3cba-9d3d-7c1e2598cac2 b21977f0-68bc-313d-8bfb-f6dfa83c87f5 bce1aee5-1f2d-32f2-8885-f9416300038b 2895c99c-5a5e-33de-ae5b-6c6241aeddb6 9c545b51-7363-39d8-82f3-8df56ae2db1d,https://baseballsavant.mlb.com/sporty-videos?playId=9c545b51-7363-39d8-82f3-8df56ae2db1d,Luis García Jr. flies out to right fielder Victor Mesa Jr.,,,,,https://www.mlb.com/gameday/823543,https://baseballsavant.mlb.com/gamefeed?gamePk=823543
823897,2026-09-22,SD @ LAD,R,3,1,top,2,Ty France,Brock Stewart,R,R,strikeout,other,Ty France strikes out swinging.,0,MF,0,119,1,-,0,0,0,0,0,,,,,,,,,0,0349194a-84ea-3d6d-aa48-385d4de15d39,c33ec0d0-562c-355b-a324-a20ea0071ad0 b49aa94a-a1b0-3045-a083-5e0b1047f7d2 c145dcd6-5099-3f4e-b97c-eb1667876765 0349194a-84ea-3d6d-aa48-385d4de15d39,https://baseballsavant.mlb.com/sporty-videos?playId=0349194a-84ea-3d6d-aa48-385d4de15d39,Ty France strikes out swinging.,,,,,https://www.mlb.com/gameday/823897,https://baseballsavant.mlb.com/gamefeed?gamePk=823897
823897,2026-09-22,SD @ LAD,R,58,7,bottom,1,Max Muncy,Griffin Canning,L,R,field_out,out,Max Muncy pops out to third baseman Manny Machado.,0,MJ,1,135,1,-,0,0,0,0,0,,60.6,29.0,176.0,popup,medium,,,0,4b65a7ba-1d15-3290-8508-c67941897f30,e028f23b-9b7b-3e38-a832-5892144f2249 2364690b-90b6-372d-9b25-2b62a6d596e0 5e63995d-87b1-32d4-ae15-8b5cd8b97b05 f458e03b-5b57-3ebd-a40e-1f230b434613 000eca44-967b-36c7-a4dc-7685f31cf862 4b65a7ba-1d15-3290-8508-c67941897f30,https://baseballsavant.mlb.com/sporty-videos?playId=4b65a7ba-1d15-3290-8508-c67941897f30,Max Muncy pops out to third baseman Manny Machado.,,,,,https://www.mlb.com/gameday/823897,https://baseballsavant.mlb.com/gamefeed?gamePk=823897
823897,2026-09-22,SD @ LAD,R,66,8,bottom,1,Andy Pages,Griffin Canning,R,R,walk,other,Andy Pages walks. Josue De Paula to 2nd.,0,MJ,0,135,1,1B,0,0,0,0,0,,,,,,,,,0,c0d17e39-af25-3552-a955-01ec4edcb31f,6c5b7962-6870-359a-aea0-9882241cd8f5 f95c8721-c587-3fa5-b038-6c4016244e20 a3208ea8-0490-381f-bad7-5e536ba7f16c a94f559e-b75c-336b-9827-c9a383d37ba0 c0d17e39-af25-3552-a955-01ec4edcb31f,https://baseballsavant.mlb.com/sporty-videos?playId=c0d17e39-af25-3552-a955-01ec4edcb31f,Andy Pages walks. Josue De Paula to 2nd.,,,,,https://www.mlb.com/gameday/823897,https://baseballsavant.mlb.com/gamefeed?gamePk=823897
824061,2026-09-22,CWS @ KC,R,1,1,top,1,Tommy Pham,Daniel Lynch IV,R,L,walk,other,Tommy Pham walks.,0,MJ,1,118,1,-,0,0,0,0,0,,,,,,,,,0,4abd471e-fd88-3cd5-bb08-7408e6b6499c,112086cf-0a2f-34aa-81e7-25d3a76fbd5c 770511ed-ba88-39c2-8feb-5922f013d5ee f1e70ded-9583-3280-98fc-99eb40ec30fb a3e52ded-d3a5-30da-85a5-8d6dce085a1f 7b901646-177f-3675-be7b-a5260dcc4662 59e1eaaf-358a-32a0-af18-39a5a518a697 c45e3188-3847-3c13-b1e1-fd8506abfb97 4abd471e-fd88-3cd5-bb08-7408e6b6499c,https://baseballsavant.mlb.com/sporty-videos?playId=4abd471e-fd88-3cd5-bb08-7408e6b6499c,Tommy Pham walks.,,,,,https://www.mlb.com/gameday/824061,https://baseballsavant.mlb.com/gamefeed?gamePk=824061
824061,2026-09-22,CWS @ KC,R,8,1,bottom,1,Jac Caglianone,Anthony Kay,L,L,strikeout,other,Jac Caglianone strikes out swinging.,0,MJ,1,145,1,-,0,0,0,0,0,,,,,,,,,0,dc57c99f-9594-32e0-bbd0-708711a77cb9,fcbdc79c-5ebe-3050-994c-6c5a44b7991b 6d5c5b5a-8e8e-3d23-bf16-649494bb9369 611f28e2-6cd2-385a-9d40-6889ba9eca9a dc57c99f-9594-32e0-bbd0-708711a77cb9,https://baseballsavant.mlb.com/sporty-videos?playId=dc57c99f-9594-32e0-bbd0-708711a77cb9,Jac Caglianone strikes out swinging.,,,,,https://www.mlb.com/gameday/824061,https://baseballsavant.mlb.com/gamefeed?gamePk=824061
824061,2026-09-22,CWS @ KC,R,19,3,top,1,Munetaka Murakami,Daniel Lynch IV,L,L,walk,other,"Munetaka Murakami challenged (pitch result), call on the field was overturned: Munetaka Murakami walks.",0,MJ,1,145,1,-,0,0,0,0,0,,,,,,,,,0,4e791460-8733-3921-9d0f-6afec0a727b5,5db599b5-d73b-3d05-b670-0a2db49b7b2c 9c630b81-5fab-30c1-bc5e-0c09f5251d7d fb4774e8-4ebc-3389-9a80-73274a604d5d eafb9464-c617-34c4-a029-bd6ac76eebb5 e04172e1-f269-37eb-b8b6-f838027550db 4e791460-8733-3921-9d0f-6afec0a727b5,https://baseballsavant.mlb.com/sporty-videos?playId=4e791460-8733-3921-9d0f-6afec0a727b5,Munetaka Murakami walks.,1,,,,https://www.mlb.com/gameday/824061,https://baseballsavant.mlb.com/gamefeed?gamePk=824061
824061,2026-09-22,CWS @ KC,R,21,3,top,1,Kyle Teel,Daniel Lynch IV,L,L,field_out,out,Kyle Teel pops out to second baseman Michael Massey.,0,MJ,0,118,1,-,0,0,0,0,0,,66.1,59.0,173.0,popup,medium,,,0,18ba4346-8651-3caa-99a6-dbca279b1e03,e1e68cfe-de28-396a-9e8a-27226b7bcb41 b1368680-df4a-3db8-b661-932fcef750cc e4f69cb8-432f-3149-ba0d-b8bd826249ca 479fd6b8-79cb-34d9-a7c3-5742250830ba 654c980d-1c28-3ecf-a083-0a6934d8d89a dc08c9b2-e83d-3808-b996-8f28a877766c 18ba4346-8651-3caa-99a6-dbca279b1e03,https://baseballsavant.mlb.com/sporty-videos?playId=18ba4346-8651-3caa-99a6-dbca279b1e03,Kyle Teel pops out to second baseman Michael Massey.,,,,,https://www.mlb.com/gameday/824061,https://baseballsavant.mlb.com/gamefeed?gamePk=824061
824061,2026-09-22,CWS @ KC,R,23,3,bottom,0,Nick Loftin,Anthony Kay,R,L,home_run,hit,Nick Loftin homers (8) on a fly ball to left field.,1,MJ,1,145,1,-,0,1,1,0,0,,102.1,32.0,384.0,fly_ball,medium,,,0,30acb9c8-855e-3a08-9363-00f3f4be67dc,c935de3c-f2fd-343b-bddd-f3d57642cb26 61776577-a87f-3501-b809-23db83cc319d 679acce0-5f1e-3cac-a6a7-05490dfe7b7e 06925ff2-bee6-3c29-8d8c-8b1a51066d10 f8b4269f-b9f0-3b41-8a14-7c064d763840 30acb9c8-855e-3a08-9363-00f3f4be67dc,https://baseballsavant.mlb.com/sporty-videos?playId=30acb9c8-855e-3a08-9363-00f3f4be67dc,Nick Loftin homers (8) on a fly ball to left field.,,no RBI (an HR cannot be an error),RBI (home run scores the batter),RBI (home run scores the batter),https://www.mlb.com/gameday/824061,https://baseballsavant.mlb.com/gamefeed?gamePk=824061
824061,2026-09-22,CWS @ KC,R,51,6,top,2,Andrew Benintendi,Tony Gonsolin,L,R,strikeout,other,Andrew Benintendi strikes out swinging.,0,MJ,0,118,1,-,0,0,0,0,0,,,,,,,,,0,154224a3-04ce-3787-bf0d-ecb0c41d701d,e97a0134-5e93-37a9-8a3b-1b4b5bff28b1 49ec2402-33b2-30ad-9d7c-3215fe3a0930 3f35da0c-d445-38bd-9ac9-a28d4a4a0c70 e4e61aa2-b3dc-3666-8a56-4d1d794442e2 32ae4a91-dc6b-3bd6-b2c0-fff1f990d3d9 154224a3-04ce-3787-bf0d-ecb0c41d701d,https://baseballsavant.mlb.com/sporty-videos?playId=154224a3-04ce-3787-bf0d-ecb0c41d701d,Andrew Benintendi strikes out swinging.,,,,,https://www.mlb.com/gameday/824061,https://baseballsavant.mlb.com/gamefeed?gamePk=824061
824061,2026-09-22,CWS @ KC,R,62,7,top,2,Miguel Vargas,Tony Gonsolin,R,R,walk,other,Miguel Vargas walks. Chase Meidroth scores. Brenton Doyle to 3rd. Braden Montgomery to 2nd.,1,MJ,1,145,1,"1B,2B,3B",1,1,1,0,0,,,,,,,,,0,31b1c62e-aba1-3ebf-acf6-6b72c7cedecd,33e39661-285a-3da0-9f51-e63d2a389c75 c2d40a6a-d5b2-34e3-be4c-b1ee193e57eb a341aeb3-cfc2-3712-959d-1f27c5460df1 31b1c62e-aba1-3ebf-acf6-6b72c7cedecd,https://baseballsavant.mlb.com/sporty-videos?playId=31b1c62e-aba1-3ebf-acf6-6b72c7cedecd,Miguel Vargas walks. Chase Meidroth scores. Brenton Doyle to 3rd. Braden Montgomery to 2nd.,,NO RBI (run scores only because of the error),RBI,RBI possible (run-scoring fielder's choice is a scorer's call),https://www.mlb.com/gameday/824061,https://baseballsavant.mlb.com/gamefeed?gamePk=824061
824061,2026-09-22,CWS @ KC,R,73,8,bottom,0,Maikel Garcia,Trevor Richards,R,R,walk,other,Maikel Garcia walks.,0,MJ,0,145,1,-,0,0,0,0,0,,,,,,,,,0,a45a283a-f5cc-3c42-9c43-14cb3315628c,45dc1130-e383-3149-bc68-210e8f0f8327 83a42484-cbe9-3804-a0e9-ec12090845a9 e4cdc5be-6133-3bc3-8b4f-8096876b9ba6 987ec094-e598-37ac-8264-b404fac93ccc a45a283a-f5cc-3c42-9c43-14cb3315628c,https://baseballsavant.mlb.com/sporty-videos?playId=a45a283a-f5cc-3c42-9c43-14cb3315628c,Maikel Garcia walks.,,,,,https://www.mlb.com/gameday/824061,https://baseballsavant.mlb.com/gamefeed?gamePk=824061
824061,2026-09-22,CWS @ KC,R,74,8,bottom,0,Vinnie Pasquantino,Trevor Richards,L,R,double,hit,"White Sox challenged (fair or foul in outfield), call on the field was upheld: Vinnie Pasquantino doubles (19) on a line drive to right fielder Braden Montgomery. Jac Caglianone scores. Maikel Garcia to 3rd.",1,MO,0,145,1,"1B,2B",1,1,1,0,0,,91.6,10.0,137.0,line_drive,medium,,,0,1fd21fa0-b5ca-3087-8471-b181bfa1c630,486c55af-ebbe-3c9f-94d2-971a3c1d07f8 1fd21fa0-b5ca-3087-8471-b181bfa1c630,https://baseballsavant.mlb.com/sporty-videos?playId=1fd21fa0-b5ca-3087-8471-b181bfa1c630,"White Sox challenged (fair or foul in outfield), call on the field was upheld: Vinnie Pasquantino doubles (19) on a line drive to right fielder Braden Montgomery. Jac Caglianone scores. Maikel Garcia to 3rd.",,NO RBI (run scores only because of the error),RBI,RBI possible (run-scoring fielder's choice is a scorer's call),https://www.mlb.com/gameday/824061,https://baseballsavant.mlb.com/gamefeed?gamePk=824061
824061,2026-09-22,CWS @ KC,R,85,9,bottom,1,Maikel Garcia,Luis Castillo,R,R,walk,other,Maikel Garcia walks. Jac Caglianone to 2nd.,0,MJ,0,145,1,1B,0,0,0,0,0,,,,,,,,,0,27bac885-9603-3549-8ff8-fb9a6904d79f,ce009049-5e9c-3e7c-8419-bce9150a7e1c 69f68b4c-0892-301f-8ce2-fd5384c1436b 2c4df9d7-3840-3a80-a131-af6867b98802 9cf84a3a-cb2b-3840-9f8d-4d0b4b14f744 564600a0-d6cb-3d49-ad97-782a591261f4 27bac885-9603-3549-8ff8-fb9a6904d79f,https://baseballsavant.mlb.com/sporty-videos?playId=27bac885-9603-3549-8ff8-fb9a6904d79f,Maikel Garcia walks. Jac Caglianone to 2nd.,,,,,https://www.mlb.com/gameday/824061,https://baseballsavant.mlb.com/gamefeed?gamePk=824061
824222,2026-09-22,WSH @ DET,R,13,2,bottom,1,Spencer Torkelson,Riley Cornelio,R,R,walk,other,Spencer Torkelson walks.,0,MA,1,120,1,1B,0,0,0,0,0,,,,,,,,,0,2ec44db3-5f7e-3a06-b1bb-2ad39ac47dfd,d0d46394-8158-3567-ad06-5036a4d8fef8 7b52216b-7c74-32c3-8ad6-be37ed6f37d4 5790b52c-bd42-386f-bb4e-ed724525634e 33d0d82c-b7a8-3eee-8bc0-f817a758d140 65b8a9e2-6aa5-3078-90b1-978c94b975a0 bf49cdc6-fcbe-31b5-8c33-aab17897706d 1bf2c4cd-7b32-3ff7-87f2-c3d2dce06935 4c4d85cb-2a26-39bd-8afb-dcde6e660beb 2ec44db3-5f7e-3a06-b1bb-2ad39ac47dfd,https://baseballsavant.mlb.com/sporty-videos?playId=2ec44db3-5f7e-3a06-b1bb-2ad39ac47dfd,Spencer Torkelson walks.,,,,,https://www.mlb.com/gameday/824222,https://baseballsavant.mlb.com/gamefeed?gamePk=824222
824222,2026-09-22,WSH @ DET,R,27,4,bottom,0,Max Clark,Jackson Kent,L,L,strikeout,other,Max Clark strikes out on a foul tip.,0,MJ,1,120,1,-,0,0,0,0,0,,,,,,,,,0,108fbb48-b40f-3370-ad29-a81097aafdd9,69798a2b-1e4c-38aa-b540-9c70f7a9fcb0 516695da-6ba8-32cb-9a53-7418083ef407 2d3b8f0e-ce06-362e-8be9-c7659ed7b98a e40d4e37-f4f5-31eb-b1f6-46c3ff9a69aa 108fbb48-b40f-3370-ad29-a81097aafdd9,https://baseballsavant.mlb.com/sporty-videos?playId=108fbb48-b40f-3370-ad29-a81097aafdd9,Max Clark strikes out on a foul tip.,,,,,https://www.mlb.com/gameday/824222,https://baseballsavant.mlb.com/gamefeed?gamePk=824222
824222,2026-09-22,WSH @ DET,R,34,5,bottom,1,Gleyber Torres,Jackson Kent,R,L,single,hit,Gleyber Torres singles on a line drive to center fielder Dylan Crews.,0,MJ,0,120,1,-,0,0,0,0,0,,72.9,21.0,221.0,line_drive,medium,,,0,e3788425-cf29-37e8-a7b8-0106dc1d5522,27a1ac35-c3e7-38d7-9f89-db778348f2c3 b7b794d7-60ba-37f4-8889-fd72531775e2 bfd57216-8049-3dc3-bfc4-e1ccb256a00e 63911f83-5b47-30a4-b082-9958af8aea45 e89afd4b-480c-350e-bde3-3154aacb83fe ddd7c528-9061-31f8-9c17-5eaec9bf5690 8b5f1a5d-195d-343f-8ed6-2267eb1e14ee e3788425-cf29-37e8-a7b8-0106dc1d5522,https://baseballsavant.mlb.com/sporty-videos?playId=e3788425-cf29-37e8-a7b8-0106dc1d5522,Gleyber Torres singles on a line drive to center fielder Dylan Crews.,,,,,https://www.mlb.com/gameday/824222,https://baseballsavant.mlb.com/gamefeed?gamePk=824222
824222,2026-09-22,WSH @ DET,R,71,9,bottom,2,Kevin McGonigle,Erik Tolman,L,L,strikeout,other,"Kevin McGonigle challenged (pitch result), call on the field was confirmed: Kevin McGonigle called out on strikes.",0,MJ,0,116,1,-,0,0,0,0,0,,,,,,,,,0,bd458f14-8dd2-3c62-a7b6-dbe76d4b37df,fbd8c119-8958-3c72-b21c-6c03cfda85dc 27738e3b-61a9-3225-a18f-3f40417b9af9 e713b56c-5309-367c-a256-73601f6d724e bd458f14-8dd2-3c62-a7b6-dbe76d4b37df,https://baseballsavant.mlb.com/sporty-videos?playId=bd458f14-8dd2-3c62-a7b6-dbe76d4b37df,Kevin McGonigle called out on strikes.,0,,,,https://www.mlb.com/gameday/824222,https://baseballsavant.mlb.com/gamefeed?gamePk=824222
824302,2026-09-22,AZ @ COL,R,71,9,top,2,Jordan Lawlar,Juan Mejia,R,R,caught_stealing_2b,other,"Geraldo Perdomo caught stealing 2nd base, pitcher Juan Mejia to second baseman Connor Norby.",0,MJ,0,115,1,1B,0,0,0,0,0,,,,,,,,,0,9f846070-e46f-4f01-a0a8-e7b5fec47e96,417bd705-67d9-3c78-8bfb-209dd91c35c4 da2d9fcc-282e-3b81-b87a-5f104362476b b9634270-ed0f-359e-81c7-d5abd2c2a476 f176318d-df42-3d4a-9cae-e0ef6a01c9fa 9f846070-e46f-4f01-a0a8-e7b5fec47e96,https://baseballsavant.mlb.com/sporty-videos?playId=9f846070-e46f-4f01-a0a8-e7b5fec47e96,"Geraldo Perdomo caught stealing 2nd base, pitcher Juan Mejia to second baseman Connor Norby.",,,,,https://www.mlb.com/gameday/824302,https://baseballsavant.mlb.com/gamefeed?gamePk=824302
824624,2026-09-22,MIA @ CHC,R,17,3,top,2,Otto Lopez,Shota Imanaga,R,L,pickoff_1b,other,"Cubs challenged (tag play), call on the field was overturned: pitcher Shota Imanaga picks off Heriberto Hernández at 1st on throw to first baseman Michael Busch.",0,MA,1,112,1,1B,0,0,0,0,0,,,,,,,,,0,2e530f13-1fad-36c0-a58c-4c7b5c9d4ada,ba6cbe6c-fe24-3c47-826b-4e9465bde9a2 2e530f13-1fad-36c0-a58c-4c7b5c9d4ada,https://baseballsavant.mlb.com/sporty-videos?playId=2e530f13-1fad-36c0-a58c-4c7b5c9d4ada,pitcher Shota Imanaga picks off Heriberto Hernández at 1st on throw to first baseman Michael Busch.,1,,,,https://www.mlb.com/gameday/824624,https://baseballsavant.mlb.com/gamefeed?gamePk=824624
824624,2026-09-22,MIA @ CHC,R,18,3,bottom,0,Carson Kelly,Janson Junk,R,R,strikeout,other,Carson Kelly strikes out swinging.,0,MJ,0,146,1,-,0,0,0,0,0,,,,,,,,,0,130fd090-82d6-38b4-af9a-9b6a1313b9dc,2bca6343-78d3-3aa6-a525-f599ea36c933 f24a10a0-bb8d-380a-91da-7238b46f4359 3b2aff42-8806-38c0-bd8c-5f6a41c79b33 f714434f-0f09-3a3f-83c7-4cbce26d8bf9 130fd090-82d6-38b4-af9a-9b6a1313b9dc,https://baseballsavant.mlb.com/sporty-videos?playId=130fd090-82d6-38b4-af9a-9b6a1313b9dc,Carson Kelly strikes out swinging.,,,,,https://www.mlb.com/gameday/824624,https://baseballsavant.mlb.com/gamefeed?gamePk=824624
824624,2026-09-22,MIA @ CHC,R,24,4,top,1,Javier Sanoja,Shota Imanaga,R,L,single,hit,Javier Sanoja singles on a line drive to right fielder Seiya Suzuki. Kyle Stowers to 3rd.,0,MJ,0,112,1,2B,1,0,0,0,0,,79.4,10.0,164.0,line_drive,medium,,,0,35f3d307-f430-3747-84c9-ff456a744d7e,97a01fa6-5132-3e85-bbe5-baa7109335e7 2bb2a60a-8e90-3b6f-b5e0-e20207b0bcff 892a0ff4-9add-3603-a58f-0ee92950ad28 c40f1cab-c587-3bdb-918d-7e33d4b1dd46 35f3d307-f430-3747-84c9-ff456a744d7e,https://baseballsavant.mlb.com/sporty-videos?playId=35f3d307-f430-3747-84c9-ff456a744d7e,Javier Sanoja singles on a line drive to right fielder Seiya Suzuki. Kyle Stowers to 3rd.,,,,,https://www.mlb.com/gameday/824624,https://baseballsavant.mlb.com/gamefeed?gamePk=824624
824624,2026-09-22,MIA @ CHC,R,30,4,bottom,2,Ian Happ,Janson Junk,L,R,strikeout,other,"Agustín Ramírez challenged (pitch result), call on the field was overturned: Ian Happ called out on strikes.",0,MJ,1,146,1,-,0,0,0,0,0,,,,,,,,,0,38ff3e28-3e99-361e-b198-790797cb6881,632edcbd-0f85-3cea-8e38-44cd1ccd90f4 362b73d0-6e27-3980-b63a-07ab89c187c3 f0ff1305-8f2f-3333-a769-f8a15a5ea852 38ff3e28-3e99-361e-b198-790797cb6881,https://baseballsavant.mlb.com/sporty-videos?playId=38ff3e28-3e99-361e-b198-790797cb6881,Ian Happ called out on strikes.,1,,,,https://www.mlb.com/gameday/824624,https://baseballsavant.mlb.com/gamefeed?gamePk=824624
824624,2026-09-22,MIA @ CHC,R,42,6,bottom,0,Pete Crow-Armstrong,Cade Gibson,L,L,single,hit,"Cubs challenged (play at 1st), call on the field was overturned: Pete Crow-Armstrong singles on a ground ball to second baseman Jared Serna.",0,MF,1,112,1,-,0,0,0,0,0,,58.2,-0.0,34.0,ground_ball,medium,,,0,2fe5f11e-df8d-3448-8e3f-54f36b296843,8a593280-f3ee-3f61-ac6c-30d49c3fb862 37b54348-4dff-37bd-bb00-7e1d7123dc9c 948905f9-e68b-3476-b9ac-0e66cf977241 2fe5f11e-df8d-3448-8e3f-54f36b296843,https://baseballsavant.mlb.com/sporty-videos?playId=2fe5f11e-df8d-3448-8e3f-54f36b296843,Pete Crow-Armstrong singles on a ground ball to second baseman Jared Serna.,1,,,,https://www.mlb.com/gameday/824624,https://baseballsavant.mlb.com/gamefeed?gamePk=824624
824624,2026-09-22,MIA @ CHC,R,47,6,bottom,1,Nico Hoerner,Calvin Faucher,R,R,hit_by_pitch,other,Nico Hoerner hit by pitch. Ian Happ to 2nd.,0,MJ,0,112,1,1B,0,0,0,0,0,,,,,,,,,0,1a53b4e3-348a-3045-b358-14d365d7111a,d4ee1612-c568-3d34-a04d-b371f23a8eb4 4bca95c9-eb37-3bb6-90ff-be50d7973c8b 769bdec5-5547-3456-9ab5-545221f6e65f 2191cd04-54e8-30c1-8692-9d81e53f0ab2 9e164d89-3db1-33eb-b911-c22f3ac47827 946072e6-39b1-49c4-8dd5-892ff517189f a6b1fcec-f7cb-3332-bbd4-7d156e416e16 5760d821-747e-3c82-90a8-2107c79b3d53 1a53b4e3-348a-3045-b358-14d365d7111a,https://baseballsavant.mlb.com/sporty-videos?playId=1a53b4e3-348a-3045-b358-14d365d7111a,Nico Hoerner hit by pitch. Ian Happ to 2nd.,,,,,https://www.mlb.com/gameday/824624,https://baseballsavant.mlb.com/gamefeed?gamePk=824624
824624,2026-09-22,MIA @ CHC,R,69,9,bottom,0,Carson Kelly,Tyler Zuber,R,R,field_out,out,"Carson Kelly grounds out, second baseman Javier Sanoja to first baseman Griffin Conine.",0,MJ,0,146,1,-,0,0,0,0,0,,50.8,24.0,125.0,ground_ball,medium,,,0,101d910b-fb14-3b73-8df3-dd7dbf648b8b,a3a1915d-ca16-3a69-be4f-b7162003dda7 94efe157-4d16-313d-9013-da603a9b86af 6873a0c2-83f0-3aaa-a2c9-bb47583e794c e75f595d-3a75-32e8-87d3-a7044578890f 101d910b-fb14-3b73-8df3-dd7dbf648b8b,https://baseballsavant.mlb.com/sporty-videos?playId=101d910b-fb14-3b73-8df3-dd7dbf648b8b,"Carson Kelly grounds out, second baseman Javier Sanoja to first baseman Griffin Conine.",,,,,https://www.mlb.com/gameday/824624,https://baseballsavant.mlb.com/gamefeed?gamePk=824624
824624,2026-09-22,MIA @ CHC,R,75,10,top,2,Heriberto Hernández,Ryan Zeferjahn,R,R,field_out,out,Heriberto Hernández lines out to left fielder Ian Happ.,0,MJ,1,112,1,2B,1,0,0,0,0,,94.7,21.0,329.0,line_drive,medium,,,0,c53b4a5d-6b4d-3e6b-8184-7a8d02396933,e542a008-80c8-39bb-a6cd-d28ac7db290c a8e608ae-cd4e-3dd4-a7b9-acbf5edae241 ce8d7f72-b83e-3627-b37c-004a61eb2628 c61937cd-161e-3893-a734-8d3e5706957c 4e1ac611-cfa8-395e-aa4a-b372fd5bce3c c53b4a5d-6b4d-3e6b-8184-7a8d02396933,https://baseballsavant.mlb.com/sporty-videos?playId=c53b4a5d-6b4d-3e6b-8184-7a8d02396933,Heriberto Hernández lines out to left fielder Ian Happ.,,,,,https://www.mlb.com/gameday/824624,https://baseballsavant.mlb.com/gamefeed?gamePk=824624
824624,2026-09-22,MIA @ CHC,R,79,10,bottom,2,Nico Hoerner,Jack Ralston,R,R,walk,other,"Joe Mack challenged (pitch result), call on the field was confirmed: Nico Hoerner walks. Seiya Suzuki to 3rd. Michael Busch to 2nd.",0,MJ,0,146,1,"1B,2B",1,0,0,0,0,,,,,,,,,0,c42c99ae-d8d8-31f4-957c-5b65cb28f22d,5646cd29-21f2-37ef-9746-93d32ab0a3b7 f4644935-3e4a-3056-a787-b8c7c41ce07f 59920895-c23d-3e63-8ed3-aac101faa0c2 0153ade7-cf91-3d44-bb0e-7645806bb6b4 db25f7b4-fe5a-3a10-ae59-94c3e18a33a4 c42c99ae-d8d8-31f4-957c-5b65cb28f22d,https://baseballsavant.mlb.com/sporty-videos?playId=c42c99ae-d8d8-31f4-957c-5b65cb28f22d,Nico Hoerner walks. Seiya Suzuki to 3rd. Michael Busch to 2nd.,0,,,,https://www.mlb.com/gameday/824624,https://baseballsavant.mlb.com/gamefeed?gamePk=824624
824624,2026-09-22,MIA @ CHC,R,90,12,top,0,Griffin Conine,Caleb Thielbar,L,L,single,hit,"Marlins challenged (tag play), call on the field was overturned: Griffin Conine singles on a fly ball to left fielder Ian Happ. Esteury Ruiz scores.",1,MA,1,146,1,2B,1,1,1,0,0,,65.1,35.0,206.0,fly_ball,medium,,,0,5d70e4ee-5ab1-3288-8c5f-d3e582db6818,9f409b1b-7cf2-36f9-b145-e1e1f4e1e480 5d70e4ee-5ab1-3288-8c5f-d3e582db6818,https://baseballsavant.mlb.com/sporty-videos?playId=5d70e4ee-5ab1-3288-8c5f-d3e582db6818,Griffin Conine singles on a fly ball to left fielder Ian Happ. Esteury Ruiz scores.,1,NO RBI (run scores only because of the error),RBI,RBI possible (run-scoring fielder's choice is a scorer's call),https://www.mlb.com/gameday/824624,https://baseballsavant.mlb.com/gamefeed?gamePk=824624
824624,2026-09-22,MIA @ CHC,R,98,12,top,1,Esteury Ruiz,Edward Cabrera,R,R,strikeout,other,Esteury Ruiz strikes out swinging.,0,MJ,0,146,1,-,0,0,0,0,0,,,,,,,,,0,d10ccb9d-1aeb-30bf-af6a-49717181279a,0e6045eb-da35-379c-926e-424c34887160 5fbf8513-bf2c-3f02-bd8e-98944eefe0e1 d10ccb9d-1aeb-30bf-af6a-49717181279a,https://baseballsavant.mlb.com/sporty-videos?playId=d10ccb9d-1aeb-30bf-af6a-49717181279a,Esteury Ruiz strikes out swinging.,,,,,https://www.mlb.com/gameday/824624,https://baseballsavant.mlb.com/gamefeed?gamePk=824624
824709,2026-09-22,CLE @ BOS,R,0,1,top,0,Steven Kwan,Payton Tolle,L,L,strikeout,other,Steven Kwan strikes out swinging.,0,MJ,1,111,1,-,0,0,0,0,0,,,,,,,,,0,9cffc80f-225a-324e-b902-01feb28be4e8,ce456a46-bb0c-3456-9689-72088c8667ae 72eeb516-31b5-3871-9539-ce79fc39a512 d56dc662-8121-31e1-bb86-8f64baf09c8c 9cffc80f-225a-324e-b902-01feb28be4e8,https://baseballsavant.mlb.com/sporty-videos?playId=9cffc80f-225a-324e-b902-01feb28be4e8,Steven Kwan strikes out swinging.,,,,,https://www.mlb.com/gameday/824709,https://baseballsavant.mlb.com/gamefeed?gamePk=824709
824709,2026-09-22,CLE @ BOS,R,26,3,bottom,2,Nick Sogard,Parker Messick,R,L,double,hit,Nick Sogard doubles (14) on a ground ball to left fielder Angel Martínez.,0,MJ,1,114,1,-,0,0,0,0,0,,93.7,5.0,88.0,ground_ball,medium,,,0,aed0ccae-6dd1-3333-89cf-94db83dd8ad9,f79b040a-a41d-3f35-b30d-c670d3e3542a 3e1eaaf0-9a6b-3b47-ae3a-0b0c22997a96 3607b6de-99bd-369c-89b1-362a8ba23b73 aed0ccae-6dd1-3333-89cf-94db83dd8ad9,https://baseballsavant.mlb.com/sporty-videos?playId=aed0ccae-6dd1-3333-89cf-94db83dd8ad9,Nick Sogard doubles (14) on a ground ball to left fielder Angel Martínez.,,,,,https://www.mlb.com/gameday/824709,https://baseballsavant.mlb.com/gamefeed?gamePk=824709
824709,2026-09-22,CLE @ BOS,R,47,6,top,1,Steven Kwan,Payton Tolle,L,L,strikeout,other,Steven Kwan called out on strikes.,0,MJ,1,111,1,-,0,0,0,0,0,,,,,,,,,0,2e5381ae-9f10-39af-98a2-d894481cf161,35eee933-76c4-3396-94b2-0cafd43fb5e0 2d2287a0-941a-3f76-9fad-31fb80ca0071 8fc1e190-5d69-3ef1-bf9a-8979615e7f97 2e5381ae-9f10-39af-98a2-d894481cf161,https://baseballsavant.mlb.com/sporty-videos?playId=2e5381ae-9f10-39af-98a2-d894481cf161,Steven Kwan called out on strikes.,,,,,https://www.mlb.com/gameday/824709,https://baseballsavant.mlb.com/gamefeed?gamePk=824709
824709,2026-09-22,CLE @ BOS,R,51,6,bottom,1,Adley Rutschman,Tim Herrin,R,L,field_out,out,Adley Rutschman flies out sharply to center fielder Steven Kwan. Wilyer Abreu to 3rd.,0,MJ,0,114,1,2B,1,0,0,0,0,,98.8,20.0,364.0,fly_ball,hard,,,0,08c8fd61-43bb-33b8-90bb-c9986bbfe3fd,7b15948a-c7f0-3793-8085-a583617525ab d4909110-8048-35c5-a279-a741130d690e b1d81340-fd49-3327-aba5-cf26e0244696 5993d0af-b2d1-34e9-b46b-f3bafb691a6b c328f0b5-7c20-41d5-8542-8f6617e1b397 ed8422f1-e65c-3f7f-8c04-1ff13be9e6b4 08c8fd61-43bb-33b8-90bb-c9986bbfe3fd,https://baseballsavant.mlb.com/sporty-videos?playId=08c8fd61-43bb-33b8-90bb-c9986bbfe3fd,Adley Rutschman flies out sharply to center fielder Steven Kwan. Wilyer Abreu to 3rd.,,,,,https://www.mlb.com/gameday/824709,https://baseballsavant.mlb.com/gamefeed?gamePk=824709
824709,2026-09-22,CLE @ BOS,R,75,9,top,1,Petey Halpin,Erik Miller,L,L,single,hit,Petey Halpin singles on a fly ball to right fielder Wilyer Abreu. Jo Adell to 2nd.,0,MJ,1,114,1,1B,0,0,0,0,0,,71.9,43.0,221.0,fly_ball,medium,,,0,e7aee6a5-99ad-3439-8ebe-4f2165b3abc6,b6733431-9da2-3dc1-80ae-6496dfb55532 9d1947cc-8fc8-311e-bcf0-9d0b0bea6f1d 4ef375bc-542d-37ce-8762-56c9e2e55152 92bb77ba-7703-38f0-921a-ecc432ea70a3 da1d2c8b-2e4b-3eac-add0-2fef5ea5dcd4 e7aee6a5-99ad-3439-8ebe-4f2165b3abc6,https://baseballsavant.mlb.com/sporty-videos?playId=e7aee6a5-99ad-3439-8ebe-4f2165b3abc6,Petey Halpin singles on a fly ball to right fielder Wilyer Abreu. Jo Adell to 2nd.,,,,,https://www.mlb.com/gameday/824709,https://baseballsavant.mlb.com/gamefeed?gamePk=824709
824709,2026-09-22,CLE @ BOS,R,77,9,top,2,Austin Hedges,Erik Miller,R,L,walk,other,Austin Hedges walks. Jo Adell to 3rd. Petey Halpin to 2nd.,0,MJ,1,111,1,"1B,2B",1,0,0,0,0,,,,,,,,,0,cc038404-0550-321f-a742-3bd9ecd7bbdc,b113d0fd-10b8-303e-9aa0-7f78dd9cc93a d95cb087-7797-3cad-81bc-862ff2f4e16e dcf30bb4-ecac-384f-aa7f-e8b82ab76099 ea903c07-ca4d-3f29-b956-d4c2fab479d8 cc038404-0550-321f-a742-3bd9ecd7bbdc,https://baseballsavant.mlb.com/sporty-videos?playId=cc038404-0550-321f-a742-3bd9ecd7bbdc,Austin Hedges walks. Jo Adell to 3rd. Petey Halpin to 2nd.,,,,,https://www.mlb.com/gameday/824709,https://baseballsavant.mlb.com/gamefeed?gamePk=824709
824709,2026-09-22,CLE @ BOS,R,79,9,bottom,0,Isiah Kiner-Falefa,Cade Smith,R,R,strikeout,other,"Isiah Kiner-Falefa challenged (pitch result), call on the field was confirmed: Isiah Kiner-Falefa called out on strikes.",0,MJ,0,111,1,-,0,0,0,0,0,,,,,,,,,0,d0c370c9-089a-3089-8204-e8e31c26ef08,a8830bb6-a5c6-3013-832b-1014f582030d 2469a0c0-a452-30ca-9e36-939cc41eb9ec 2919d746-235b-3bb1-9819-140d462705ae d0c370c9-089a-3089-8204-e8e31c26ef08,https://baseballsavant.mlb.com/sporty-videos?playId=d0c370c9-089a-3089-8204-e8e31c26ef08,Isiah Kiner-Falefa called out on strikes.,0,,,,https://www.mlb.com/gameday/824709,https://baseballsavant.mlb.com/gamefeed?gamePk=824709
824709,2026-09-22,CLE @ BOS,R,80,9,bottom,1,Jarren Duran,Cade Smith,L,R,walk,other,Jarren Duran walks.,0,MJ,0,114,1,-,0,0,0,0,0,,,,,,,,,0,9d8ef552-9329-3754-8451-f54736fae569,791779ff-6744-3539-955b-cd83379e2148 3d5b9eb7-4c34-3020-8e1c-9e856dda293a c8bd3a98-4545-3a8d-9ffd-278b528980b3 3910b47f-36d7-3fad-9463-b7557f041018 864ae109-8e1e-3551-bb02-a88675c71cf5 a4eb4175-4fd0-3d36-91e3-6a79a8374787 73744556-dc2c-3eaa-8cd5-65be3bb0f6b3 4b34ead5-5247-35d1-b560-6b29a083fa21 9d8ef552-9329-3754-8451-f54736fae569,https://baseballsavant.mlb.com/sporty-videos?playId=9d8ef552-9329-3754-8451-f54736fae569,Jarren Duran walks.,,,,,https://www.mlb.com/gameday/824709,https://baseballsavant.mlb.com/gamefeed?gamePk=824709
824867,2026-09-22,CIN @ ATL,R,2,1,top,1,Sal Stewart,JR Ritchie,R,R,strikeout,other,"Braves challenged (tag play), call on the field was upheld: Sal Stewart strikes out swinging. Elly De La Cruz steals (29) 2nd base.",0,MA,0,144,1,1B,0,0,0,0,0,,,,,,,,,0,0ffb6090-3a9b-34af-be4b-10b18a9a9c2f,d03d4a74-8075-3568-8dce-6a2f66f21737 855b34fb-0fcf-33ec-8fb7-52d49dce3263 7ee17e9c-c8da-32ff-92f7-7c532eb24d25 cbaea71c-4e74-33c0-83cd-37125f8e938d 10b5f7d3-3a59-32cf-92db-d5d9750965f5 ee29a914-47f2-3421-8069-2ccce396b597 ca4be540-b65a-3c5b-8787-d707226864c5 e9bdf6d7-b573-3674-af5c-d21906bab44d 0ffb6090-3a9b-34af-be4b-10b18a9a9c2f,https://baseballsavant.mlb.com/sporty-videos?playId=0ffb6090-3a9b-34af-be4b-10b18a9a9c2f,"Braves challenged (tag play), call on the field was upheld: Sal Stewart strikes out swinging. Elly De La Cruz steals (29) 2nd base.",,,,,https://www.mlb.com/gameday/824867,https://baseballsavant.mlb.com/gamefeed?gamePk=824867
824867,2026-09-22,CIN @ ATL,R,9,2,top,1,Dane Myers,JR Ritchie,R,R,strikeout,other,Dane Myers strikes out swinging.,0,MJ,1,144,1,-,0,0,0,0,0,,,,,,,,,0,7add5c5d-f05c-3ff2-9cb8-e7e1b5e91565,752e5018-34b2-3ce8-ac50-bfc43dcb0977 5881770e-a0dd-330e-b884-d3fdf9e69f06 519c8a7c-18a7-300d-848c-78fbd53b9cb1 7add5c5d-f05c-3ff2-9cb8-e7e1b5e91565,https://baseballsavant.mlb.com/sporty-videos?playId=7add5c5d-f05c-3ff2-9cb8-e7e1b5e91565,Dane Myers strikes out swinging.,,,,,https://www.mlb.com/gameday/824867,https://baseballsavant.mlb.com/gamefeed?gamePk=824867
824867,2026-09-22,CIN @ ATL,R,52,7,bottom,0,Matt Olson,Brock Burke,L,L,single,hit,Matt Olson singles on a ground ball to right fielder Carlos Jorge. Drake Baldwin to 2nd.,0,MJ,1,113,1,1B,0,0,0,0,0,,97.2,-1.0,46.0,ground_ball,medium,,,0,c3cfc22c-7eba-372d-99d3-5ad563fafbb6,e0cd2dd8-d951-331d-8c86-e9568d0a356b afbe832f-d9bd-30ec-8145-4dcb55331b72 cf050db9-53eb-37eb-999e-87bad02995d3 02c88f7d-dd7e-3d89-9ca6-b84a6f88802e c3cfc22c-7eba-372d-99d3-5ad563fafbb6,https://baseballsavant.mlb.com/sporty-videos?playId=c3cfc22c-7eba-372d-99d3-5ad563fafbb6,Matt Olson singles on a ground ball to right fielder Carlos Jorge. Drake Baldwin to 2nd.,,,,,https://www.mlb.com/gameday/824867,https://baseballsavant.mlb.com/gamefeed?gamePk=824867
824953,2026-09-22,LAA @ ATH,R,10,2,top,1,Wade Meckler,Brady Basso,L,L,walk,other,"Wade Meckler challenged (pitch result), call on the field was overturned: Wade Meckler walks.",0,MJ,1,108,1,-,0,0,0,0,0,,,,,,,,,0,1936797a-488b-3108-90ec-fe5a0a747e57,0f98539b-6f4a-3e6e-b380-91b42f050edb 859d5f0a-fca3-3686-b207-b4384f3d4b93 63be805c-740b-3270-b203-9d79eb9b79c9 d1a68c9f-107d-39b1-b21a-b240ee1bc350 aa36b558-9120-3858-92eb-c6063b16da1b 1936797a-488b-3108-90ec-fe5a0a747e57,https://baseballsavant.mlb.com/sporty-videos?playId=1936797a-488b-3108-90ec-fe5a0a747e57,Wade Meckler walks.,1,,,,https://www.mlb.com/gameday/824953,https://baseballsavant.mlb.com/gamefeed?gamePk=824953
824953,2026-09-22,LAA @ ATH,R,11,2,top,1,Christian Moore,Brady Basso,R,L,strikeout,other,"Jonah Heim challenged (pitch result), call on the field was overturned: Christian Moore called out on strikes.",0,MJ,1,133,1,-,0,0,0,0,0,,,,,,,,,0,0c58ceca-73ee-3b41-9528-a33c90ee7d6c,2099b1a1-c866-317d-835e-b4f9d553f368 43eda1e3-cd8f-3e28-8e26-080fd0fa3335 a1888291-00ff-368b-8919-57dae447d77c 0c58ceca-73ee-3b41-9528-a33c90ee7d6c,https://baseballsavant.mlb.com/sporty-videos?playId=0c58ceca-73ee-3b41-9528-a33c90ee7d6c,Christian Moore called out on strikes.,1,,,,https://www.mlb.com/gameday/824953,https://baseballsavant.mlb.com/gamefeed?gamePk=824953
824953,2026-09-22,LAA @ ATH,R,15,2,bottom,1,Jonah Heim,Yusei Kikuchi,R,L,field_out,out,"Jonah Heim grounds out, catcher Moisés Ballesteros to first baseman Vaughn Grissom. Tommy White to 2nd.",0,MJ,0,108,1,1B,0,0,0,0,0,,55.5,-81.0,3.0,ground_ball,medium,,,0,48ef8ed6-4afe-3762-b303-5dc19ef9869b,9c9a6e36-0620-3430-8f8a-5eedf62cc231 72fceff6-1682-373d-b964-0fed09f0e0ae b006e7e7-2f47-3dc3-bdc5-f5d432cb1c41 18607f51-8ae0-3fb9-8fa6-8ff4d62ad995 2dd01e26-a1ed-3bef-b33d-88576cb6eaf9 e3988abe-a042-38f6-8bb9-9cb979422785 ae32551f-f9fd-3fff-8d74-73a7aa9954fe 48ef8ed6-4afe-3762-b303-5dc19ef9869b,https://baseballsavant.mlb.com/sporty-videos?playId=48ef8ed6-4afe-3762-b303-5dc19ef9869b,"Jonah Heim grounds out, catcher Moisés Ballesteros to first baseman Vaughn Grissom. Tommy White to 2nd.",,,,,https://www.mlb.com/gameday/824953,https://baseballsavant.mlb.com/gamefeed?gamePk=824953
824953,2026-09-22,LAA @ ATH,R,66,7,bottom,1,Michael Stefanic,Sam Bachman,R,R,field_out,out,Michael Stefanic lines out to center fielder Jose Siri.,0,MJ,1,133,1,-,0,0,0,0,0,,75.9,29.0,267.0,line_drive,medium,,,0,84277135-f280-35b0-bbf9-7b5a1994c716,123dfbc0-ad9b-31e1-a4ae-8ee5c2a21b21 4c0aca15-885e-3800-a21b-72e20d090b53 5b8d187d-fc88-337a-9f2d-5d598d9a511c 3ac278ae-b103-3645-8ade-82785dee9b79 84277135-f280-35b0-bbf9-7b5a1994c716,https://baseballsavant.mlb.com/sporty-videos?playId=84277135-f280-35b0-bbf9-7b5a1994c716,Michael Stefanic lines out to center fielder Jose Siri.,,,,,https://www.mlb.com/gameday/824953,https://baseballsavant.mlb.com/gamefeed?gamePk=824953
824953,2026-09-22,LAA @ ATH,R,79,8,bottom,2,Jeff McNeil,Blake Weiman,L,L,strikeout,other,Jeff McNeil called out on strikes.,0,MJ,1,133,1,-,0,0,0,0,0,,,,,,,,,0,5cd3609f-327a-3419-9c08-5cae2df6c958,783cb2e5-1e82-3c53-b60c-e108e10173fc 8955974b-87cd-3747-9a41-a51de81851bc b1ec7879-eb0a-3ed7-a310-e487cf360022 5d08d800-546e-3e07-bba2-e69e5f73a9af 5cd3609f-327a-3419-9c08-5cae2df6c958,https://baseballsavant.mlb.com/sporty-videos?playId=5cd3609f-327a-3419-9c08-5cae2df6c958,Jeff McNeil called out on strikes.,,,,,https://www.mlb.com/gameday/824953,https://baseballsavant.mlb.com/gamefeed?gamePk=824953
824953,2026-09-22,LAA @ ATH,R,85,9,top,2,Oswald Peraza,Hogan Harris,R,L,strikeout,other,"Oswald Peraza challenged (pitch result), call on the field was confirmed: Oswald Peraza called out on strikes.",0,MJ,0,108,1,-,0,0,0,0,0,,,,,,,,,0,66f61c39-3c58-3407-847c-efe9ee4fe3e8,e65b0631-c600-3c65-9040-64bc3be2d57d cb1caad0-c362-3f90-be55-a53f849b7c1f f3429379-d0c7-3d47-bdd3-c8fee8d37c3f 1a12e7d7-7989-34fb-ba0f-86c56322c939 fc18b942-4b9f-3cc6-9c31-b685738c4de7 66f61c39-3c58-3407-847c-efe9ee4fe3e8,https://baseballsavant.mlb.com/sporty-videos?playId=66f61c39-3c58-3407-847c-efe9ee4fe3e8,Oswald Peraza called out on strikes.,0,,,,https://www.mlb.com/gameday/824953,https://baseballsavant.mlb.com/gamefeed?gamePk=824953
822841,2026-09-23,NYM @ TEX,R,37,5,bottom,1,Danny Jansen,Nolan McLean,R,R,walk,other,"Francisco Alvarez challenged (pitch result), call on the field was confirmed: Danny Jansen walks. Jake Burger to 3rd. Nicky Lopez to 2nd.",0,MJ,0,121,1,"1B,2B",1,0,0,0,0,,,,,,,,,0,555d0165-fe3c-3b05-91e8-2b8ffc28cae8,b837c96a-9fa2-48b4-9ac7-267dd0b1e1e6 1780c288-0462-3b50-a248-95cb6a35c507 14e6be41-1f54-3158-b626-31d22d6dfdb7 3a0aea8f-7e45-3687-9483-4807571bdb46 59ad9877-ec14-383e-8c65-8d3cc5e470ae 0fbee7a7-edfc-3b39-998b-896378bc9041 555d0165-fe3c-3b05-91e8-2b8ffc28cae8,https://baseballsavant.mlb.com/sporty-videos?playId=555d0165-fe3c-3b05-91e8-2b8ffc28cae8,Danny Jansen walks. Jake Burger to 3rd. Nicky Lopez to 2nd.,0,,,,https://www.mlb.com/gameday/822841,https://baseballsavant.mlb.com/gamefeed?gamePk=822841
822841,2026-09-23,NYM @ TEX,R,59,8,bottom,0,Danny Jansen,Devin Williams,R,R,field_out,out,Danny Jansen lines out sharply to shortstop Francisco Lindor.,0,MJ,0,121,1,-,0,0,0,0,0,,103.1,7.0,170.0,line_drive,hard,,,0,d6180a57-b15e-39e4-86b6-2d4c62a36df9,04afa31a-f70b-3f46-82f8-1beb88c7e0ca 0ed2a8ca-a070-3d33-8e58-a469df9cc79f 8d4fbb08-e34e-3c04-92a7-2c0d0d6c47ab 7fea4a11-579a-3f30-ab4e-f54770d4b2f7 10df958f-a22e-3fe3-8872-334fd2d77277 ebdec5c0-5472-3ae9-a10d-b3ba5e1e74e0 d6180a57-b15e-39e4-86b6-2d4c62a36df9,https://baseballsavant.mlb.com/sporty-videos?playId=d6180a57-b15e-39e4-86b6-2d4c62a36df9,Danny Jansen lines out sharply to shortstop Francisco Lindor.,,,,,https://www.mlb.com/gameday/822841,https://baseballsavant.mlb.com/gamefeed?gamePk=822841
823086,2026-09-23,HOU @ SEA,R,21,3,bottom,0,Lazaro Montes,Ethan Pecko,L,R,walk,other,Lazaro Montes walks.,0,MJ,1,117,1,-,0,0,0,0,0,,,,,,,,,0,14d75c75-fa85-3b6d-b25b-38b5b7392a76,f42073dd-993f-3e98-83c0-3df7691f61a6 a340870a-e082-35b1-9767-71b6252e798a 3b0662e6-f06d-3e7e-acc8-61d8b6608429 0877c0b5-5f50-341d-b81a-80205bf894a9 90b13306-34e5-3e68-8552-bb8b468b8915 7af33cd2-0abb-3564-b2ee-5d48ea7cf0d7 14d75c75-fa85-3b6d-b25b-38b5b7392a76,https://baseballsavant.mlb.com/sporty-videos?playId=14d75c75-fa85-3b6d-b25b-38b5b7392a76,Lazaro Montes walks.,,,,,https://www.mlb.com/gameday/823086,https://baseballsavant.mlb.com/gamefeed?gamePk=823086
823086,2026-09-23,HOU @ SEA,R,61,8,top,1,Taylor Trammell,Carlos Vargas,L,R,strikeout,other,"Taylor Trammell challenged (pitch result), call on the field was confirmed: Taylor Trammell called out on strikes.",0,MJ,0,117,1,-,0,0,0,0,0,,,,,,,,,0,e50cd316-6e28-3404-b1e1-91aad704a659,f5610b7b-1f04-3c3d-ab35-2acbcbb7c2e8 f516eb4c-606c-3ef7-9825-b983a04b4d51 d184e6c3-5e49-3b4f-a45b-c9157c9f117a 97db32be-a300-3730-a985-743da303b558 8ed329ec-ca41-3990-8cbd-3f9ada799f2d e50cd316-6e28-3404-b1e1-91aad704a659,https://baseballsavant.mlb.com/sporty-videos?playId=e50cd316-6e28-3404-b1e1-91aad704a659,Taylor Trammell called out on strikes.,0,,,,https://www.mlb.com/gameday/823086,https://baseballsavant.mlb.com/gamefeed?gamePk=823086
823086,2026-09-23,HOU @ SEA,R,63,8,bottom,0,Dominic Canzone,Bryan Abreu,L,R,field_out,out,Dominic Canzone flies out to center fielder Lucas Spence.,0,MJ,0,136,1,-,0,0,0,0,0,,82.0,43.0,252.0,fly_ball,medium,,,0,646e5f92-7a72-33b8-8d82-941b2e3bc50f,7961f623-3a55-32e7-ae7a-ef9d8e26c6df 41399ff5-184e-3cc2-8845-9a2b66951e2c 646e5f92-7a72-33b8-8d82-941b2e3bc50f,https://baseballsavant.mlb.com/sporty-videos?playId=646e5f92-7a72-33b8-8d82-941b2e3bc50f,Dominic Canzone flies out to center fielder Lucas Spence.,,,,,https://www.mlb.com/gameday/823086,https://baseballsavant.mlb.com/gamefeed?gamePk=823086
823086,2026-09-23,HOU @ SEA,R,79,10,bottom,0,Randy Arozarena,Josh Hader,R,L,walk,other,"Josh Hader challenged (pitch result), call on the field was confirmed: Randy Arozarena walks.",0,MJ,0,117,1,-,0,0,0,0,0,,,,,,,,,0,6d2349f6-57c8-3ac2-862f-f70db8b4ee98,4a275e66-2b23-39e6-81a3-0abd3d133f89 5e5ea606-5e28-3ad5-95a4-e3e404076dfc 6b2cb4a4-4e0c-3bb7-835c-52d7c4f1796a 64ecce16-7d64-37ea-b492-12c9a30b057e 427a80f2-fa5e-3b10-8cb7-0da007e083a7 ea586634-0d3b-3979-b09e-d0d7ab35692f 6d2349f6-57c8-3ac2-862f-f70db8b4ee98,https://baseballsavant.mlb.com/sporty-videos?playId=6d2349f6-57c8-3ac2-862f-f70db8b4ee98,Randy Arozarena walks.,0,,,,https://www.mlb.com/gameday/823086,https://baseballsavant.mlb.com/gamefeed?gamePk=823086
823168,2026-09-23,MIN @ SF,R,2,1,top,2,Josh Bell,Cesar Perdomo,R,L,field_out,out,"Josh Bell grounds out, second baseman Jonah Cox to first baseman Brett Harris.",0,MJ,1,137,1,-,0,0,0,0,0,,81.5,-4.0,31.0,ground_ball,medium,,,0,daa0bea5-7e43-31b3-b222-74cee8fdfbc8,fdcb8671-7f8a-337a-b1a3-50a4a138068a 7e0af94b-c0e5-3c88-ad3f-f2477e45cfd5 daa0bea5-7e43-31b3-b222-74cee8fdfbc8,https://baseballsavant.mlb.com/sporty-videos?playId=daa0bea5-7e43-31b3-b222-74cee8fdfbc8,"Josh Bell grounds out, second baseman Jonah Cox to first baseman Brett Harris.",,,,,https://www.mlb.com/gameday/823168,https://baseballsavant.mlb.com/gamefeed?gamePk=823168
823168,2026-09-23,MIN @ SF,R,51,7,top,1,Luke Keaschall,Dylan Smith,R,R,strikeout,other,"Giants challenged (hit by pitch), call on the field was overturned: Luke Keaschall strikes out on a foul tip.",0,MI,1,137,1,-,0,0,0,0,0,,,,,,,,,0,4b3ec608-d0a5-301f-b14b-af9e39988a6d,692675ec-0477-3326-8b1b-c84ab38cbcb0 a38119e1-50e8-3345-ac69-b88cfb7b7d28 9a784fb6-adfd-3764-9224-2fb058664414 b2c078ed-7469-301b-90a8-de2aa65b5373 c79e17d6-82c9-3905-8704-9319f5dea79a 0d02df36-cfb5-32ef-9da0-120607712d87 c328e398-3647-32ea-838b-19412c2cc021 b226dbf7-c219-3f83-a1cd-777938cfbd04 367af645-6c4a-37b3-a23f-e63e6eb37022 4b3ec608-d0a5-301f-b14b-af9e39988a6d,https://baseballsavant.mlb.com/sporty-videos?playId=4b3ec608-d0a5-301f-b14b-af9e39988a6d,Luke Keaschall strikes out on a foul tip.,1,,,,https://www.mlb.com/gameday/823168,https://baseballsavant.mlb.com/gamefeed?gamePk=823168
823168,2026-09-23,MIN @ SF,R,59,8,top,1,Royce Lewis,Braxton Roxby,R,R,strikeout,other,Royce Lewis strikes out swinging.,0,MJ,1,137,1,-,0,0,0,0,0,,,,,,,,,0,e73579e7-c8da-3ae5-bd39-8905910e4d8b,df9c198a-124a-35e2-b4d7-1c9399964c5f d401205b-b262-3f53-a3e5-871294d15a8f 7935890b-2d71-3c78-b986-c92089626242 53a7ff66-dc9c-3678-9681-352488d1978d e73579e7-c8da-3ae5-bd39-8905910e4d8b,https://baseballsavant.mlb.com/sporty-videos?playId=e73579e7-c8da-3ae5-bd39-8905910e4d8b,Royce Lewis strikes out swinging.,,,,,https://www.mlb.com/gameday/823168,https://baseballsavant.mlb.com/gamefeed?gamePk=823168
823168,2026-09-23,MIN @ SF,R,72,9,bottom,2,Marcelo Mayer,Andrew Morris,L,R,walk,other,"Ryan Jeffers challenged (pitch result), call on the field was confirmed: Marcelo Mayer walks.",0,MJ,0,142,1,1B,0,0,0,0,0,,,,,,,,,0,afdc08a8-e6fc-3d3a-a836-f6be4cb3fcde,60aded73-f76a-3190-b13f-ade7fe2f2072 fab77347-291e-335f-a022-f7f34f92e243 e0de5072-02ca-331e-b5e5-ce9f81919d69 0a4f0ac8-f346-3a9f-87e2-999ab36d6856 afdc08a8-e6fc-3d3a-a836-f6be4cb3fcde,https://baseballsavant.mlb.com/sporty-videos?playId=afdc08a8-e6fc-3d3a-a836-f6be4cb3fcde,Marcelo Mayer walks.,0,,,,https://www.mlb.com/gameday/823168,https://baseballsavant.mlb.com/gamefeed?gamePk=823168
823327,2026-09-23,STL @ PIT,R,16,2,bottom,2,Jake Mangum,Matthew Liberatore,R,L,strikeout,other,"Jake Mangum challenged (pitch result), call on the field was confirmed: Jake Mangum called out on strikes.",0,MJ,0,134,1,-,0,0,0,0,0,,,,,,,,,0,679aa91c-c259-3301-8374-ae4306e5fe00,9670edfc-e7e1-4d8d-b31c-14f8b72ddf78 0ccb74ed-3cd3-35ef-9976-a7b28040ed02 97ce8e58-f079-37c4-8208-c6c1d56703fc 76495c76-a401-334b-8d82-e0bef4c34cbf 336e600c-ce85-3931-9ffd-b26d06b071f4 35dcd7b7-0628-3607-ab61-4913a36ffb98 ba477639-b2bc-3d35-a2a6-35576282b4a8 679aa91c-c259-3301-8374-ae4306e5fe00,https://baseballsavant.mlb.com/sporty-videos?playId=679aa91c-c259-3301-8374-ae4306e5fe00,Jake Mangum called out on strikes.,0,,,,https://www.mlb.com/gameday/823327,https://baseballsavant.mlb.com/gamefeed?gamePk=823327
823327,2026-09-23,STL @ PIT,R,19,3,top,1,Iván Herrera,Brandon Eisert,R,L,walk,other,Iván Herrera walks. JJ Wetherholt to 2nd.,0,MJ,1,138,1,1B,0,0,0,0,0,,,,,,,,,0,cf4410ad-3fb8-3ee6-95b9-9a8fe6fd7c74,d1b84119-5207-3a68-b780-4e5079967b2f 4324f6b6-3a85-33d3-9cb5-5b4bd5b3286f 748f4ad1-e0e7-3b3d-9c50-081aabb79e99 cf4410ad-3fb8-3ee6-95b9-9a8fe6fd7c74,https://baseballsavant.mlb.com/sporty-videos?playId=cf4410ad-3fb8-3ee6-95b9-9a8fe6fd7c74,Iván Herrera walks. JJ Wetherholt to 2nd.,,,,,https://www.mlb.com/gameday/823327,https://baseballsavant.mlb.com/gamefeed?gamePk=823327
823327,2026-09-23,STL @ PIT,R,45,6,top,1,Masyn Winn,Khristian Curtis,R,R,walk,other,Masyn Winn walks.,0,MJ,1,134,1,-,0,0,0,0,0,,,,,,,,,0,93da7aa0-45bf-3f48-b247-8f97ac21e6be,2969c9ae-a9fd-3091-885a-4b9a36edd3c0 566fca21-a6c0-34ea-86b9-839c7fe11f5d 951df817-cee0-32bb-b172-27cc7fab3115 ef57f808-ac36-30be-93ba-04c2e3230130 93da7aa0-45bf-3f48-b247-8f97ac21e6be,https://baseballsavant.mlb.com/sporty-videos?playId=93da7aa0-45bf-3f48-b247-8f97ac21e6be,Masyn Winn walks.,,,,,https://www.mlb.com/gameday/823327,https://baseballsavant.mlb.com/gamefeed?gamePk=823327
823327,2026-09-23,STL @ PIT,R,62,8,bottom,0,Jake Mangum,Ryne Stanek,L,R,strikeout,other,Jake Mangum strikes out swinging.,0,MJ,1,138,1,-,0,0,0,0,0,,,,,,,,,0,6fa207f3-fc78-3552-b15d-267bf694ad34,326d424a-e891-3290-b81c-d4369910b2c5 75938d9d-5a74-324d-8eda-48b199929afe 634ceb4c-052f-386a-8786-677ed43caad2 428ec3a4-ddb2-312c-a5e9-264aec2a3b0b f904c060-e102-301f-947d-b4e3455a23c6 e729a757-88b6-378d-b931-307f6b62d2b3 6fa207f3-fc78-3552-b15d-267bf694ad34,https://baseballsavant.mlb.com/sporty-videos?playId=6fa207f3-fc78-3552-b15d-267bf694ad34,Jake Mangum strikes out swinging.,,,,,https://www.mlb.com/gameday/823327,https://baseballsavant.mlb.com/gamefeed?gamePk=823327
823410,2026-09-23,MIL @ PHI,R,6,1,bottom,2,Bryce Harper,Logan Henderson,L,R,walk,other,Bryce Harper walks.,0,MJ,0,143,1,-,0,0,0,0,0,,,,,,,,,0,7845bd39-27a4-3ddb-b012-c15723af4f03,bcbda654-2b22-35b9-9b74-12eb3f86ded4 06e6b0b4-fb48-3350-9c70-76da914453b9 04bc6ddf-986b-35e2-8b08-b1b0bfa66fdf 73d1b473-a24c-37c0-8058-c67f2b2c0ccf 7ffc9333-d9c2-3e78-aaf7-3ce5b73c2165 7845bd39-27a4-3ddb-b012-c15723af4f03,https://baseballsavant.mlb.com/sporty-videos?playId=7845bd39-27a4-3ddb-b012-c15723af4f03,Bryce Harper walks.,,,,,https://www.mlb.com/gameday/823410,https://baseballsavant.mlb.com/gamefeed?gamePk=823410
823410,2026-09-23,MIL @ PHI,R,14,2,bottom,0,Brandon Marsh,Logan Henderson,L,R,walk,other,Brandon Marsh walks.,0,MJ,1,158,1,-,0,0,0,0,0,,,,,,,,,0,5981b53f-7f2e-32ee-b675-94ca4dbdc1df,1587cc2b-34df-307e-bddc-44d2c2114d0a f278a9f2-fa85-35bb-b7b4-d54bdad63406 82cb0529-57a7-34f9-a9b3-0896fe1b532c 6eb178cb-142e-35c3-844a-ba8ff51cb8e9 c1fec82d-1b14-31c7-b881-077d0aa8e6f4 2c3c3947-7157-3b50-8266-8e81aa48d81b 5981b53f-7f2e-32ee-b675-94ca4dbdc1df,https://baseballsavant.mlb.com/sporty-videos?playId=5981b53f-7f2e-32ee-b675-94ca4dbdc1df,Brandon Marsh walks.,,,,,https://www.mlb.com/gameday/823410,https://baseballsavant.mlb.com/gamefeed?gamePk=823410
823410,2026-09-23,MIL @ PHI,R,26,3,bottom,2,Luis Arraez,Logan Henderson,L,R,field_out,out,Luis Arraez lines out to first baseman Jake Bauers.,0,MJ,0,158,1,-,0,0,0,0,0,,98.8,9.0,159.0,line_drive,medium,,,0,fb15d8bb-bbb8-3e66-a3c3-be0f3026f24b,a4846adc-4c3d-3381-8435-4e12ab1458fe cb93b79b-19a5-3162-a52a-4195fdd75a0f fb15d8bb-bbb8-3e66-a3c3-be0f3026f24b,https://baseballsavant.mlb.com/sporty-videos?playId=fb15d8bb-bbb8-3e66-a3c3-be0f3026f24b,Luis Arraez lines out to first baseman Jake Bauers.,,,,,https://www.mlb.com/gameday/823410,https://baseballsavant.mlb.com/gamefeed?gamePk=823410
823410,2026-09-23,MIL @ PHI,R,44,6,top,2,Jake Bauers,Aaron Nola,L,R,field_out,out,Jake Bauers flies out to center fielder Justin Crawford.,0,MJ,1,143,1,-,0,0,0,0,0,,93.3,30.0,352.0,fly_ball,medium,,,0,348d1767-24dc-31e7-8183-9a57e32d355a,16a9e7ea-9d3b-32e7-a035-620e370725c8 348d1767-24dc-31e7-8183-9a57e32d355a,https://baseballsavant.mlb.com/sporty-videos?playId=348d1767-24dc-31e7-8183-9a57e32d355a,Jake Bauers flies out to center fielder Justin Crawford.,,,,,https://www.mlb.com/gameday/823410,https://baseballsavant.mlb.com/gamefeed?gamePk=823410
823410,2026-09-23,MIL @ PHI,R,66,9,top,0,Jake Bauers,Max Lazar,L,R,strikeout,other,Jake Bauers strikes out swinging.,0,MJ,1,158,1,-,0,0,0,0,0,,,,,,,,,0,b85fb2a6-df01-3c0a-bbc3-1dec51f7820d,612f4173-c8d3-3a8d-95ba-63369063e227 346ae89a-3abf-3956-8cda-43c52dc7fbed f28bc580-793b-340b-9dc2-b7e667ad6bec a213af2a-8065-3ac6-b0cc-119df405b6ef 7545bde9-8c6d-3c42-90eb-296c5f791ad0 b85fb2a6-df01-3c0a-bbc3-1dec51f7820d,https://baseballsavant.mlb.com/sporty-videos?playId=b85fb2a6-df01-3c0a-bbc3-1dec51f7820d,Jake Bauers strikes out swinging.,,,,,https://www.mlb.com/gameday/823410,https://baseballsavant.mlb.com/gamefeed?gamePk=823410
823492,2026-09-23,TB @ NYY,R,5,1,bottom,0,George Lombard Jr.,Mason Englert,R,R,strikeout,other,"George Lombard Jr. challenged (pitch result), call on the field was confirmed: George Lombard Jr. called out on strikes.",0,MJ,0,147,1,-,0,0,0,0,0,,,,,,,,,0,54e39454-3617-30fe-9c25-21f220dd0a65,f3092452-a871-36d3-8201-8e7b5d4b81eb f4add3c8-5954-360a-ab21-4aa69ed99600 24007fcb-7608-3cf8-af57-d8f24a03c2b0 bfddda44-9b64-3c9b-bf44-5f3d35edcadf 54e39454-3617-30fe-9c25-21f220dd0a65,https://baseballsavant.mlb.com/sporty-videos?playId=54e39454-3617-30fe-9c25-21f220dd0a65,George Lombard Jr. called out on strikes.,0,,,,https://www.mlb.com/gameday/823492,https://baseballsavant.mlb.com/gamefeed?gamePk=823492
823492,2026-09-23,TB @ NYY,R,24,3,bottom,1,Spencer Jones,Mason Englert,L,R,strikeout,other,"Liam Hicks challenged (pitch result), call on the field was overturned: Spencer Jones called out on strikes.",0,MJ,1,139,1,-,0,0,0,0,0,,,,,,,,,0,01887eac-a356-36d3-8ee4-5b7f5a964daf,623bc669-2583-3652-9ac3-e087683a6a6d 5522f9c8-b106-31e6-af81-5c0d6fa7f9ef d71a766c-00db-3191-b081-43d5de07830a e2b60fb2-8b82-4d25-8a6d-2a0aa79eeb2d e74604c9-dcdd-312c-b266-791b20b37429 3ecd1648-21c2-4a92-8b59-b1d635d25433 76a68644-1735-3232-907c-02fce6f8aaf2 01887eac-a356-36d3-8ee4-5b7f5a964daf,https://baseballsavant.mlb.com/sporty-videos?playId=01887eac-a356-36d3-8ee4-5b7f5a964daf,Spencer Jones called out on strikes.,1,,,,https://www.mlb.com/gameday/823492,https://baseballsavant.mlb.com/gamefeed?gamePk=823492
823492,2026-09-23,TB @ NYY,R,25,3,bottom,2,Jazz Chisholm Jr.,Mason Englert,L,R,single,hit,Jazz Chisholm Jr. singles on a ground ball to right fielder Jonny DeLuca. Luis García Jr. to 3rd.,0,MJ,0,139,1,"1B,2B",1,0,0,0,0,,97.2,-0.0,51.0,ground_ball,medium,,,0,8cef003c-6f1e-3d49-8fe9-9c76929b4a51,194ae48a-2f88-3157-b6ce-b80e2736ba9b 0b81a345-8569-38b3-9936-41821e41ec3b df113928-9dc1-31bd-bfe4-3bd9b7fff5cc c8b572e9-c44f-3238-ac5f-6035d78e843c 8cef003c-6f1e-3d49-8fe9-9c76929b4a51,https://baseballsavant.mlb.com/sporty-videos?playId=8cef003c-6f1e-3d49-8fe9-9c76929b4a51,Jazz Chisholm Jr. singles on a ground ball to right fielder Jonny DeLuca. Luis García Jr. to 3rd.,,,,,https://www.mlb.com/gameday/823492,https://baseballsavant.mlb.com/gamefeed?gamePk=823492
823492,2026-09-23,TB @ NYY,R,33,4,top,2,Richie Palacios,Gerrit Cole,L,R,strikeout,other,"Ali Sánchez challenged (pitch result), call on the field was overturned: Richie Palacios called out on strikes.",0,MJ,1,147,1,-,0,0,0,0,0,,,,,,,,,0,8d3677a6-ceda-3075-b3a0-8a8015b0e5be,f5a35ef4-e41e-3dc8-bb3d-12206a651647 d83deed9-40e9-39c0-a98e-b1c6ecd3451d 96cb3083-e50f-325f-a8dd-674a58a279f4 007ff025-7007-3470-b3d6-d20b55037501 8d3677a6-ceda-3075-b3a0-8a8015b0e5be,https://baseballsavant.mlb.com/sporty-videos?playId=8d3677a6-ceda-3075-b3a0-8a8015b0e5be,Richie Palacios called out on strikes.,1,,,,https://www.mlb.com/gameday/823492,https://baseballsavant.mlb.com/gamefeed?gamePk=823492
823492,2026-09-23,TB @ NYY,R,41,5,top,1,Jorge Mateo,Gerrit Cole,R,R,strikeout,other,Jorge Mateo strikes out on a foul tip.,0,MJ,1,139,1,-,0,0,0,0,0,,,,,,,,,0,0a40bbac-c0b3-3ee3-8e7e-5deafe4f08af,7d3f9e35-f1ff-3fe1-945c-bb7048d56079 f77a2dc2-fc04-3c42-92d5-8de68ab0de92 860bbc00-16cc-3d04-a740-f7cf2254d5ef 2aab2137-41d1-3b39-add7-d69c538d1b6a 2cd1c854-1ee7-3d66-912a-67c0d104e945 0a40bbac-c0b3-3ee3-8e7e-5deafe4f08af,https://baseballsavant.mlb.com/sporty-videos?playId=0a40bbac-c0b3-3ee3-8e7e-5deafe4f08af,Jorge Mateo strikes out on a foul tip.,,,,,https://www.mlb.com/gameday/823492,https://baseballsavant.mlb.com/gamefeed?gamePk=823492
823492,2026-09-23,TB @ NYY,R,65,8,top,0,Nick Fortes,Paul Blackburn,R,R,field_out,out,"Nick Fortes grounds out softly, catcher Ali Sánchez to first baseman Luis García Jr.",0,MJ,0,139,1,-,0,0,0,0,0,,,,,ground_ball,soft,,,0,22b4e409-748e-381f-a3d0-3d099e72179c,1bee980b-d349-3164-8a8e-1a4417c02b01 ecc81c0d-c3cd-3eee-bc72-b647a1d96eee 420b078e-755c-3c6c-a787-157d81c7d5d7 fe1125c1-07d1-3f40-a9b1-7f156b718b9c 22b4e409-748e-381f-a3d0-3d099e72179c,https://baseballsavant.mlb.com/sporty-videos?playId=22b4e409-748e-381f-a3d0-3d099e72179c,"Nick Fortes grounds out softly, catcher Ali Sánchez to first baseman Luis García Jr.",,,,,https://www.mlb.com/gameday/823492,https://baseballsavant.mlb.com/gamefeed?gamePk=823492
823894,2026-09-23,SD @ LAD,R,23,4,top,0,Dustin Harris,Yoshinobu Yamamoto,L,R,hit_by_pitch,other,"Padres challenged (hit by pitch), call on the field was overturned: Dustin Harris hit by pitch.",0,MI,1,135,1,-,0,0,0,0,0,,,,,,,,,0,f2e2a85f-ed38-38fe-830b-19eb8ce13451,b4e35813-345f-3d3e-8d7b-4ae1fe577d7d f2e2a85f-ed38-38fe-830b-19eb8ce13451,https://baseballsavant.mlb.com/sporty-videos?playId=f2e2a85f-ed38-38fe-830b-19eb8ce13451,Dustin Harris hit by pitch.,1,,,,https://www.mlb.com/gameday/823894,https://baseballsavant.mlb.com/gamefeed?gamePk=823894
823894,2026-09-23,SD @ LAD,R,32,4,bottom,0,Andy Pages,Robbie Ray,R,L,single,hit,"Padres challenged (force play), call on the field was upheld: Andy Pages singles on a fly ball to center fielder Jackson Merrill. Teoscar Hernández to 3rd. Kyle Tucker to 2nd.",0,MC,0,135,1,"1B,2B",1,0,0,0,0,,71.3,35.0,246.0,fly_ball,medium,,,0,5fb4d7e0-3043-3100-b44d-fdac1605c32b,f20c076b-02cb-3c24-ac96-83f13a4edd85 3b89bf7b-0b5f-335a-a52a-c31192578b94 1358617a-4e8b-38c2-805b-4c8b56888217 5fb4d7e0-3043-3100-b44d-fdac1605c32b,https://baseballsavant.mlb.com/sporty-videos?playId=5fb4d7e0-3043-3100-b44d-fdac1605c32b,"Padres challenged (force play), call on the field was upheld: Andy Pages singles on a fly ball to center fielder Jackson Merrill. Teoscar Hernández to 3rd. Kyle Tucker to 2nd.",,,,,https://www.mlb.com/gameday/823894,https://baseballsavant.mlb.com/gamefeed?gamePk=823894
823894,2026-09-23,SD @ LAD,R,36,4,bottom,2,Shohei Ohtani,David Morgan,L,R,strikeout,other,Shohei Ohtani strikes out swinging.,0,MJ,1,135,1,-,0,0,0,0,0,,,,,,,,,0,21898619-9df6-36b7-84f2-4cfc00ccb913,9c742aaa-2d24-3dd7-a5bc-a091d69b25a6 38f8dcb9-f68c-3898-83a1-300d52fe39bb cc4b7e01-0d47-388f-9a7c-d3efcf20b3e3 10f7feed-1946-3a3c-9bec-41fd86d9e010 cc57468f-2220-359e-9316-69c62d4e2f2b ebc0f855-e007-3c0b-bfc7-0f1dc8122ff9 0d208aee-8a08-31e5-913c-debbb68b08a3 21898619-9df6-36b7-84f2-4cfc00ccb913,https://baseballsavant.mlb.com/sporty-videos?playId=21898619-9df6-36b7-84f2-4cfc00ccb913,Shohei Ohtani strikes out swinging.,,,,,https://www.mlb.com/gameday/823894,https://baseballsavant.mlb.com/gamefeed?gamePk=823894
823894,2026-09-23,SD @ LAD,R,50,6,bottom,0,Andy Pages,Bradgley Rodriguez,R,R,double,hit,Andy Pages doubles (26) on a ground ball to left fielder Dustin Harris.,0,MJ,1,135,1,-,0,0,0,0,0,,77.4,9.0,113.0,ground_ball,medium,,,0,6513b173-88ae-33cb-9a99-5676db483c81,f8c1125b-5b98-3285-ac39-b1b30a9f132a 9e26e67e-eaaf-3da3-9ad0-ed06790452d0 adb132f4-7a58-31cd-9460-93d0372e186c 6513b173-88ae-33cb-9a99-5676db483c81,https://baseballsavant.mlb.com/sporty-videos?playId=6513b173-88ae-33cb-9a99-5676db483c81,Andy Pages doubles (26) on a ground ball to left fielder Dustin Harris.,,,,,https://www.mlb.com/gameday/823894,https://baseballsavant.mlb.com/gamefeed?gamePk=823894
823894,2026-09-23,SD @ LAD,R,53,6,bottom,2,Mookie Betts,Bradgley Rodriguez,R,R,field_out,out,"Mookie Betts grounds out, second baseman Jake Cronenworth to first baseman Ty France.",0,MJ,1,135,1,-,0,0,0,0,0,,91.9,-19.0,10.0,ground_ball,medium,,,0,b4409617-528b-3367-b281-8fd55c074312,1417c96d-5652-3cc6-b3d7-838c28376e52 743f6662-5b52-3ac0-ac12-66fc7b414cb3 10e916b8-6670-3871-a1f8-61d85c32bf76 857efa6b-b63e-3c3e-8fc1-e8a166180e78 ba33fa9d-a5ec-30e0-825f-d9f06dd3ac38 b4409617-528b-3367-b281-8fd55c074312,https://baseballsavant.mlb.com/sporty-videos?playId=b4409617-528b-3367-b281-8fd55c074312,"Mookie Betts grounds out, second baseman Jake Cronenworth to first baseman Ty France.",,,,,https://www.mlb.com/gameday/823894,https://baseballsavant.mlb.com/gamefeed?gamePk=823894
823894,2026-09-23,SD @ LAD,R,60,7,bottom,1,Freddie Freeman,Bradgley Rodriguez,L,R,field_out,out,Freddie Freeman flies out to left fielder Dustin Harris.,0,MJ,0,135,1,-,0,0,0,0,0,,80.3,31.0,294.0,fly_ball,medium,,,0,eeda3555-fb11-3b1f-995c-85ea7ccc479a,9dc49fb3-c80a-3b5b-a342-5d2e4038156e 70412bc4-da18-30fc-8ced-4aa4204fc9f7 f545c3ba-502d-3ca1-8015-a9ed440fc00d 1ac9db0d-bce6-33e6-af62-6f772199eb53 cc85d899-ee62-3f35-a593-de2bae0f27f0 eeda3555-fb11-3b1f-995c-85ea7ccc479a,https://baseballsavant.mlb.com/sporty-videos?playId=eeda3555-fb11-3b1f-995c-85ea7ccc479a,Freddie Freeman flies out to left fielder Dustin Harris.,,,,,https://www.mlb.com/gameday/823894,https://baseballsavant.mlb.com/gamefeed?gamePk=823894
823894,2026-09-23,SD @ LAD,R,77,9,bottom,2,Will Smith,Mason Miller,R,R,walk,other,"Freddy Fermin challenged (pitch result), call on the field was confirmed: Will Smith walks.",0,MJ,0,135,1,-,0,0,0,0,0,,,,,,,,,0,4e5669ba-a82b-320c-8c55-40688085dbd9,83d3f4e2-4188-3850-b508-3779d51f2a5a 8d1ea112-f5b4-382f-bc2f-db49f9d1d1fa 81cfb6e3-333d-368d-8714-3021a46dd2df ed1a264a-5474-34c1-9d72-44793d7232c7 152d0c01-9f3a-3d39-b554-e8014efcd7a1 5474a44d-bec5-36b1-ab34-83aa3dadc0b3 4e5669ba-a82b-320c-8c55-40688085dbd9,https://baseballsavant.mlb.com/sporty-videos?playId=4e5669ba-a82b-320c-8c55-40688085dbd9,Will Smith walks.,0,,,,https://www.mlb.com/gameday/823894,https://baseballsavant.mlb.com/gamefeed?gamePk=823894
824060,2026-09-23,CWS @ KC,R,4,1,bottom,0,Bobby Witt Jr.,Bryan Hudson,R,L,single,hit,Bobby Witt Jr. singles on a ground ball to center fielder Tristan Peters. Carter Jensen to 3rd.,0,MJ,0,145,1,"1B,2B",1,0,0,0,0,,95.9,-10.0,9.0,ground_ball,medium,,,0,3d96e502-889e-3ae4-8473-bd0c518f4581,9cf2d941-d6b3-3021-8cd7-ef6816457c2e b0968dbb-61ee-348a-829c-370a2e98456f e1d779eb-7564-359b-8abe-83933c749abe 2de08c4a-f865-31f0-9c48-b1d2b9874e6a 3d96e502-889e-3ae4-8473-bd0c518f4581,https://baseballsavant.mlb.com/sporty-videos?playId=3d96e502-889e-3ae4-8473-bd0c518f4581,Bobby Witt Jr. singles on a ground ball to center fielder Tristan Peters. Carter Jensen to 3rd.,,,,,https://www.mlb.com/gameday/824060,https://baseballsavant.mlb.com/gamefeed?gamePk=824060
824060,2026-09-23,CWS @ KC,R,18,2,bottom,2,Maikel Garcia,Erick Fedde,R,R,walk,other,Maikel Garcia walks. Carter Jensen to 3rd. Jac Caglianone to 2nd.,0,MJ,1,118,1,"1B,2B",1,0,0,0,0,,,,,,,,,0,5071ce66-228f-32f5-b3ba-0a46dedb4aa8,c3f995b1-ea90-3da4-ab85-b2cc5b553bbd a217c379-fdb6-346f-907c-65967614bdaa 000c34d6-7e1a-3ec1-ae7b-efbb17c108d0 a010bca5-0466-33de-95cc-31395eb3a0b4 9aa14a3c-44a5-3d40-ab51-dfc9e5d4f313 8812263b-c96f-3b91-b177-2c819f63320f 5071ce66-228f-32f5-b3ba-0a46dedb4aa8,https://baseballsavant.mlb.com/sporty-videos?playId=5071ce66-228f-32f5-b3ba-0a46dedb4aa8,Maikel Garcia walks. Carter Jensen to 3rd. Jac Caglianone to 2nd.,,,,,https://www.mlb.com/gameday/824060,https://baseballsavant.mlb.com/gamefeed?gamePk=824060
824060,2026-09-23,CWS @ KC,R,21,3,top,0,Colson Montgomery,Seth Lugo,L,R,strikeout,other,"Colson Montgomery challenged (pitch result), call on the field was confirmed: Colson Montgomery called out on strikes.",0,MJ,0,145,1,-,0,0,0,0,0,,,,,,,,,0,f9b164b8-c189-3380-8670-f7b6d75206a1,dd664d13-8a02-3547-ba82-0c8de8079dd1 451a9bfb-3b35-393c-96a9-a0d6923d9d29 879e01c3-816a-3b88-8048-3d07183aeb11 f9b164b8-c189-3380-8670-f7b6d75206a1,https://baseballsavant.mlb.com/sporty-videos?playId=f9b164b8-c189-3380-8670-f7b6d75206a1,Colson Montgomery called out on strikes.,0,,,,https://www.mlb.com/gameday/824060,https://baseballsavant.mlb.com/gamefeed?gamePk=824060
824060,2026-09-23,CWS @ KC,R,52,6,bottom,1,John Rave,Hagen Smith,L,L,strikeout,other,John Rave called out on strikes.,0,MJ,0,118,1,-,0,0,0,0,0,,,,,,,,,0,4c93a3d4-270e-3233-83b7-6dfed8ac3c24,196e5667-c618-3c45-b257-befb48064414 087dcaf3-8de7-365f-9596-c4f5c2bf7aa1 db7da9a9-66b2-387a-859c-b5f0c15808fb 8b0f2720-ddc9-3874-9ca4-ccfeb8e90d29 b5694416-dd91-33f6-a252-8ead28e6d8c4 4c93a3d4-270e-3233-83b7-6dfed8ac3c24,https://baseballsavant.mlb.com/sporty-videos?playId=4c93a3d4-270e-3233-83b7-6dfed8ac3c24,John Rave called out on strikes.,,,,,https://www.mlb.com/gameday/824060,https://baseballsavant.mlb.com/gamefeed?gamePk=824060
824060,2026-09-23,CWS @ KC,R,60,7,bottom,2,Maikel Garcia,Hagen Smith,R,L,double,hit,Maikel Garcia doubles (20) on a line drive to left fielder Sam Antonacci. Bobby Witt Jr. scores.,1,MJ,0,118,1,"2B,3B",1,1,1,0,0,,96.3,20.0,326.0,line_drive,medium,,,0,311da042-11bf-35fc-85ee-78fcc860f74c,ee951eed-9e70-3542-9bd7-c3d1f006f537 42a00d95-2f0d-3fb7-94a4-a5f9a1e78969 41c21775-0358-3618-83ce-939d3a442624 9386267f-3a58-3c49-a7f9-5efb8cca1f7f 746f4c24-e1fe-3690-963c-941c134695d0 311da042-11bf-35fc-85ee-78fcc860f74c,https://baseballsavant.mlb.com/sporty-videos?playId=311da042-11bf-35fc-85ee-78fcc860f74c,Maikel Garcia doubles (20) on a line drive to left fielder Sam Antonacci. Bobby Witt Jr. scores.,,NO RBI (run scores only because of the error),RBI,RBI possible (run-scoring fielder's choice is a scorer's call),https://www.mlb.com/gameday/824060,https://baseballsavant.mlb.com/gamefeed?gamePk=824060
824223,2026-09-23,WSH @ DET,R,28,4,bottom,1,Max Clark,Brad Lord,L,R,grounded_into_double_play,out,"Max Clark grounds into a double play, first baseman Yohandy Morales to shortstop Nasim Nuñez. Riley Greene out at 2nd. Max Clark out at 1st.",0,MJ,1,120,1,1B,0,0,0,0,0,,93.3,-10.0,9.0,ground_ball,medium,,,0,fdcae3d1-ca3d-313f-9271-c9296e766d64,b9674b29-e672-3614-a8d8-214f4d9d7afd dacad2e1-8165-345e-bca6-83a8c24581a4 0fdcb3e9-8bbe-3585-99f5-714174be5bfd da02a937-8590-3f91-a021-65884383c619 646a5873-91c7-4111-9e69-8170bf6a9a34 02efe387-7074-3850-a715-77122f29e4dd fdcae3d1-ca3d-313f-9271-c9296e766d64,https://baseballsavant.mlb.com/sporty-videos?playId=fdcae3d1-ca3d-313f-9271-c9296e766d64,"Max Clark grounds into a double play, first baseman Yohandy Morales to shortstop Nasim Nuñez. Riley Greene out at 2nd. Max Clark out at 1st.",,,,,https://www.mlb.com/gameday/824223,https://baseballsavant.mlb.com/gamefeed?gamePk=824223
824223,2026-09-23,WSH @ DET,R,32,5,top,2,Nasim Nuñez,Framber Valdez,R,L,walk,other,"Dillon Dingler challenged (pitch result), call on the field was confirmed: Nasim Nuñez walks.",0,MJ,0,116,1,1B,0,0,0,0,0,,,,,,,,,0,e260149d-0d46-3fa6-a8c2-d07e8bcd0992,8d1459bc-6b7f-351b-b1cf-2e687e80d128 09de0b9e-41db-357c-befe-e8e5c5e1971f 55069364-f772-38f0-95d2-fe8a623739ee be264f96-fb5a-32c8-8135-0d5faa9feb15 27c358d5-65b7-3123-815d-5fadd688d51b e260149d-0d46-3fa6-a8c2-d07e8bcd0992,https://baseballsavant.mlb.com/sporty-videos?playId=e260149d-0d46-3fa6-a8c2-d07e8bcd0992,Nasim Nuñez walks.,0,,,,https://www.mlb.com/gameday/824223,https://baseballsavant.mlb.com/gamefeed?gamePk=824223
824223,2026-09-23,WSH @ DET,R,56,7,bottom,1,Kevin McGonigle,Will Dion,L,L,strikeout,other,Kevin McGonigle called out on strikes.,0,MJ,1,120,1,1B,0,0,0,0,0,,,,,,,,,0,856f6bcd-11c5-382a-879a-2b89b10fff63,ee7edfae-76db-35e4-a689-97d4723ef497 3994e2ff-940b-35f3-bd8c-fddc8a739b7e 8c05f343-10c1-3b35-ad0f-df1907e315c5 344524ee-21fb-3ee8-8682-930bba07cc6e 856f6bcd-11c5-382a-879a-2b89b10fff63,https://baseballsavant.mlb.com/sporty-videos?playId=856f6bcd-11c5-382a-879a-2b89b10fff63,Kevin McGonigle called out on strikes.,,,,,https://www.mlb.com/gameday/824223,https://baseballsavant.mlb.com/gamefeed?gamePk=824223
824223,2026-09-23,WSH @ DET,R,64,8,bottom,2,Max Clark,Erik Tolman,L,L,walk,other,Max Clark walks.,0,MJ,1,116,1,1B,0,0,0,0,0,,,,,,,,,0,c989412f-0290-3272-90ea-f7a54571be75,1a0f4b56-8e02-3bd4-8e39-b1e54dcbae06 f5df7707-e587-3661-bd93-372765282603 f2a184be-a36b-371b-8d1c-4dc948f68e6a 9cee636b-6f3e-3807-9e13-c2bfa90327a1 de0499d5-8d65-3ada-b71f-3205a8862a60 c989412f-0290-3272-90ea-f7a54571be75,https://baseballsavant.mlb.com/sporty-videos?playId=c989412f-0290-3272-90ea-f7a54571be75,Max Clark walks.,,,,,https://www.mlb.com/gameday/824223,https://baseballsavant.mlb.com/gamefeed?gamePk=824223
824301,2026-09-23,AZ @ COL,R,3,1,top,1,Geraldo Perdomo,Mason Adams,L,R,strikeout,other,"Hunter Goodman challenged (pitch result), call on the field was overturned: Geraldo Perdomo called out on strikes.",0,MJ,1,115,1,-,0,0,0,0,0,,,,,,,,,0,4038d183-b345-3b3d-84a6-34fcaaa86c12,44d7f62b-a080-361d-801a-f816e0be21af 12e729d8-9dde-33bc-ab5a-8e688c592c4d 4038d183-b345-3b3d-84a6-34fcaaa86c12,https://baseballsavant.mlb.com/sporty-videos?playId=4038d183-b345-3b3d-84a6-34fcaaa86c12,Geraldo Perdomo called out on strikes.,1,,,,https://www.mlb.com/gameday/824301,https://baseballsavant.mlb.com/gamefeed?gamePk=824301
824301,2026-09-23,AZ @ COL,R,15,2,bottom,1,Kyle Karros,Merrill Kelly,R,R,walk,other,"Gabriel Moreno challenged (pitch result), call on the field was confirmed: Kyle Karros walks.",0,MJ,0,109,1,-,0,0,0,0,0,,,,,,,,,0,ae89c30a-c165-3e16-9f0b-b9efee3cf213,bda7b72e-2a7c-31c9-835c-c4241a108335 e658dccb-07ad-3ff3-9c1a-d3fe0eed9393 0cdabed1-0894-3052-895e-533159b09c73 7f9da5cf-5b64-3a4b-897c-472ab3508f6a 91a11999-0568-3a55-b613-119e5ac379a2 ae89c30a-c165-3e16-9f0b-b9efee3cf213,https://baseballsavant.mlb.com/sporty-videos?playId=ae89c30a-c165-3e16-9f0b-b9efee3cf213,Kyle Karros walks.,0,,,,https://www.mlb.com/gameday/824301,https://baseballsavant.mlb.com/gamefeed?gamePk=824301
824301,2026-09-23,AZ @ COL,R,21,3,top,2,Pavin Smith,Mason Adams,L,R,strikeout,other,Pavin Smith strikes out swinging.,0,MJ,1,115,1,-,0,0,0,0,0,,,,,,,,,0,5e8eaa43-4142-3896-9cc7-f7b89052f558,1a587280-2705-392e-864f-380a04c4ee7c df424594-3a61-30e8-adcb-0bd5989afdf1 5e8eaa43-4142-3896-9cc7-f7b89052f558,https://baseballsavant.mlb.com/sporty-videos?playId=5e8eaa43-4142-3896-9cc7-f7b89052f558,Pavin Smith strikes out swinging.,,,,,https://www.mlb.com/gameday/824301,https://baseballsavant.mlb.com/gamefeed?gamePk=824301
824301,2026-09-23,AZ @ COL,R,24,3,bottom,0,Cole Carrigg,Merrill Kelly,L,R,strikeout,other,Cole Carrigg strikes out swinging.,0,MJ,1,115,1,-,0,0,0,0,0,,,,,,,,,0,a08bf9c2-7ce7-3de1-9ec5-5ff9671c5b35,bbdaa1ff-e4ad-3fd3-a637-91f487d47248 ef8f80de-8370-3235-8683-b3480303d684 b5a715d1-28b0-3c5d-9468-a7462a0b3df9 e0c8e833-700c-33c0-8af9-9afb5c097e70 55cda997-4610-3501-a8d0-9bec89deeed4 e46fed72-e98f-3749-a008-29bc728f6580 a08bf9c2-7ce7-3de1-9ec5-5ff9671c5b35,https://baseballsavant.mlb.com/sporty-videos?playId=a08bf9c2-7ce7-3de1-9ec5-5ff9671c5b35,Cole Carrigg strikes out swinging.,,,,,https://www.mlb.com/gameday/824301,https://baseballsavant.mlb.com/gamefeed?gamePk=824301
824301,2026-09-23,AZ @ COL,R,40,6,top,0,Geraldo Perdomo,Mason Adams,L,R,strikeout_double_play,other,"Geraldo Perdomo called out on strikes and Gabriel Moreno caught stealing 2nd, catcher Hunter Goodman to shortstop Ezequiel Tovar to catcher Hunter Goodman.",0,MJ,0,115,1,1B,0,0,0,0,0,,,,,,,,,0,f90d591c-fa13-3c48-ad84-47b150544241,c595e405-2ef5-31b4-8c72-e6c63b72487f f732b2a8-30d9-378a-ac6a-d4a9c3b57f26 99a87643-55f4-3793-b264-912b5c0f5fd8 deeaa3c7-a7c7-3375-865f-f28c40d299a6 1c51dccf-7fe7-334f-9475-3d20bcb0f86e 65e6485d-bf25-3745-b5d5-b9f483035f29 f90d591c-fa13-3c48-ad84-47b150544241,https://baseballsavant.mlb.com/sporty-videos?playId=f90d591c-fa13-3c48-ad84-47b150544241,"Geraldo Perdomo called out on strikes and Gabriel Moreno caught stealing 2nd, catcher Hunter Goodman to shortstop Ezequiel Tovar to catcher Hunter Goodman.",,,,,https://www.mlb.com/gameday/824301,https://baseballsavant.mlb.com/gamefeed?gamePk=824301
824301,2026-09-23,AZ @ COL,R,47,7,top,1,Corbin Carroll,Mark Manfredi,L,L,field_out,out,"Corbin Carroll grounds out, shortstop Ezequiel Tovar to first baseman TJ Rumfield.",0,MJ,1,115,1,-,0,0,0,0,0,,102.8,-5.0,23.0,ground_ball,medium,,,0,ec067c30-ef98-394b-b2b4-a5890d5b6b49,9ef47597-9d82-38a9-86d5-c66d201afc6c 2cec208a-85b0-33e0-ae5a-85ed6770c942 409539fc-872d-37fa-a9e8-9e11db536e70 ec067c30-ef98-394b-b2b4-a5890d5b6b49,https://baseballsavant.mlb.com/sporty-videos?playId=ec067c30-ef98-394b-b2b4-a5890d5b6b49,"Corbin Carroll grounds out, shortstop Ezequiel Tovar to first baseman TJ Rumfield.",,,,,https://www.mlb.com/gameday/824301,https://baseballsavant.mlb.com/gamefeed?gamePk=824301
824625,2026-09-23,MIA @ CHC,R,10,2,top,1,Jakob Marsee,Kevin Gausman,L,R,strikeout,other,"Miguel Amaya challenged (pitch result), call on the field was overturned: Jakob Marsee called out on strikes.",0,MJ,1,112,1,-,0,0,0,0,0,,,,,,,,,0,d2a53526-0d61-3833-89fe-42782dd7a564,52ae6475-958a-33e9-b0d0-e5d118ece298 b9f94e14-518c-3d15-9382-8939af142424 d2a53526-0d61-3833-89fe-42782dd7a564,https://baseballsavant.mlb.com/sporty-videos?playId=d2a53526-0d61-3833-89fe-42782dd7a564,Jakob Marsee called out on strikes.,1,,,,https://www.mlb.com/gameday/824625,https://baseballsavant.mlb.com/gamefeed?gamePk=824625
824625,2026-09-23,MIA @ CHC,R,27,4,bottom,0,Ian Happ,Ryan Gusto,L,R,field_out,out,"Ian Happ grounds out, second baseman Javier Sanoja to first baseman Kyle Stowers. Michael Conforto to 3rd.",0,MJ,1,112,1,2B,1,0,0,0,0,,75.7,8.0,91.0,ground_ball,medium,,,0,c3771cbc-c074-32bf-aaca-c5a6cc75ccef,c8ebf5dd-30f1-329c-8959-7e3bc072207d 17e8ee34-1de9-314e-ac72-77f8c113ae25 d88664ad-0702-300e-a09e-a410eeb46128 7c05216d-4a12-3998-8c7f-1357ce3b302a c3771cbc-c074-32bf-aaca-c5a6cc75ccef,https://baseballsavant.mlb.com/sporty-videos?playId=c3771cbc-c074-32bf-aaca-c5a6cc75ccef,"Ian Happ grounds out, second baseman Javier Sanoja to first baseman Kyle Stowers. Michael Conforto to 3rd.",,,,,https://www.mlb.com/gameday/824625,https://baseballsavant.mlb.com/gamefeed?gamePk=824625
824625,2026-09-23,MIA @ CHC,R,34,5,bottom,0,Dansby Swanson,Ryan Gusto,R,R,field_out,out,Dansby Swanson flies out to left fielder Heriberto Hernández.,0,MJ,1,112,1,-,0,0,0,0,0,,95.4,26.0,331.0,fly_ball,medium,,,0,64d2abac-72c9-3424-9226-155ee42e4f43,c103e3a6-7e55-36fe-a68e-e03581d8e0a5 d2713047-e100-3acb-a153-8aed3818862c dbf17e76-c324-3abc-8ff5-bf7d3cc67775 7e249359-c469-3ef8-b234-4d3c0cead721 64d2abac-72c9-3424-9226-155ee42e4f43,https://baseballsavant.mlb.com/sporty-videos?playId=64d2abac-72c9-3424-9226-155ee42e4f43,Dansby Swanson flies out to left fielder Heriberto Hernández.,,,,,https://www.mlb.com/gameday/824625,https://baseballsavant.mlb.com/gamefeed?gamePk=824625
824625,2026-09-23,MIA @ CHC,R,41,6,top,1,Heriberto Hernández,Kevin Gausman,R,R,walk,other,"Heriberto Hernández challenged (pitch result), call on the field was overturned: Heriberto Hernández walks.",0,MJ,1,146,1,-,0,0,0,0,0,,,,,,,,,0,d2661c80-bf51-3932-ae35-c387ec4e6516,68accada-641c-3864-84f0-b52cde724c65 12fc2db3-d794-353c-bb2d-be1640b26854 a32cd1cc-a9df-32c3-8e91-9129ef914976 ae41b620-9f57-3f9b-8819-c255331377d7 0d4b32ce-d257-3222-bf1e-17ba7fc99340 d2661c80-bf51-3932-ae35-c387ec4e6516,https://baseballsavant.mlb.com/sporty-videos?playId=d2661c80-bf51-3932-ae35-c387ec4e6516,Heriberto Hernández walks.,1,,,,https://www.mlb.com/gameday/824625,https://baseballsavant.mlb.com/gamefeed?gamePk=824625
824625,2026-09-23,MIA @ CHC,R,51,7,top,0,Jakob Marsee,Ryan Rolison,L,L,strikeout,other,"Miguel Amaya challenged (pitch result), call on the field was overturned: Jakob Marsee called out on strikes.",0,MJ,1,112,1,-,0,0,0,0,0,,,,,,,,,0,c9092c12-8c96-3ff7-869b-90ccadae64b3,20710ca7-2c20-3197-bb8d-7c13aac38f76 059d0dbe-87b5-3a37-8147-952fd44a512d 6b4896fb-4180-3935-bb36-6049eef43efc 9d837bed-f274-3c82-b354-b9e1da47b9ba 5effeb2e-4af5-35d6-8086-b0f6475ad236 3b36a68f-a6cc-3b35-92e4-56a26402a51b c9092c12-8c96-3ff7-869b-90ccadae64b3,https://baseballsavant.mlb.com/sporty-videos?playId=c9092c12-8c96-3ff7-869b-90ccadae64b3,Jakob Marsee called out on strikes.,1,,,,https://www.mlb.com/gameday/824625,https://baseballsavant.mlb.com/gamefeed?gamePk=824625
824625,2026-09-23,MIA @ CHC,R,54,7,top,1,Joe Mack,Ryan Rolison,L,L,field_out,out,"Marlins challenged (force play), call on the field was overturned: Joe Mack grounds out, second baseman Nico Hoerner to shortstop Dansby Swanson to first baseman Michael Busch. Agustín Ramírez scores. Esteury Ruiz to 2nd.",1,MC,1,146,1,"1B,3B",1,1,1,0,0,,92.6,-7.0,18.0,ground_ball,medium,,,0,48acc24d-ba64-3e8c-8498-9ea34d7e0429,0b5699a3-01f5-3cb7-b82b-e8ac926363a9 fd26de58-9af9-34cb-b8bd-e26a75014f5a 48acc24d-ba64-3e8c-8498-9ea34d7e0429,https://baseballsavant.mlb.com/sporty-videos?playId=48acc24d-ba64-3e8c-8498-9ea34d7e0429,"Joe Mack grounds out, second baseman Nico Hoerner to shortstop Dansby Swanson to first baseman Michael Busch. Agustín Ramírez scores. Esteury Ruiz to 2nd.",1,NO RBI (run scores only because of the error),RBI,RBI possible (run-scoring fielder's choice is a scorer's call),https://www.mlb.com/gameday/824625,https://baseballsavant.mlb.com/gamefeed?gamePk=824625
824625,2026-09-23,MIA @ CHC,R,55,7,top,2,Otto Lopez,Jacob Webb,R,R,field_out,out,"Otto Lopez grounds out, third baseman Pedro Ramírez to first baseman Michael Busch.",0,MJ,1,146,1,-,0,0,0,0,0,,83.0,2.0,55.0,ground_ball,medium,,,0,6d65aa56-19bb-3948-9353-e4054b0e6f06,d648ae9b-3732-3cb6-bee9-47b662b62407 c5a20ece-a832-318f-abc3-f73ff2aef3e9 2929755d-0f78-37d5-8c6e-8b2836a85d0e 897b071b-5a4d-3493-8f56-6843424e182b 6d65aa56-19bb-3948-9353-e4054b0e6f06,https://baseballsavant.mlb.com/sporty-videos?playId=6d65aa56-19bb-3948-9353-e4054b0e6f06,"Otto Lopez grounds out, third baseman Pedro Ramírez to first baseman Michael Busch.",,,,,https://www.mlb.com/gameday/824625,https://baseballsavant.mlb.com/gamefeed?gamePk=824625
824625,2026-09-23,MIA @ CHC,R,56,7,bottom,0,Pete Crow-Armstrong,Cade Gibson,L,L,field_out,out,Pete Crow-Armstrong grounds out to first baseman Kyle Stowers.,0,MJ,1,112,1,-,0,0,0,0,0,,81.4,-12.0,10.0,ground_ball,medium,,,0,e361c246-fa5d-3ce1-83a7-9020cc0acb0c,1393f039-526a-3f5c-a2d5-f518d3f7109c f1232efa-4b4f-38b4-9581-876ab33fd50a 8600fea2-cf91-32e1-8f0f-a8c7e7f998d0 ef039594-dc0b-3ff4-8e7b-621db3de461b e361c246-fa5d-3ce1-83a7-9020cc0acb0c,https://baseballsavant.mlb.com/sporty-videos?playId=e361c246-fa5d-3ce1-83a7-9020cc0acb0c,Pete Crow-Armstrong grounds out to first baseman Kyle Stowers.,,,,,https://www.mlb.com/gameday/824625,https://baseballsavant.mlb.com/gamefeed?gamePk=824625
824625,2026-09-23,MIA @ CHC,R,59,8,top,0,Kyle Stowers,Jacob Webb,L,R,strikeout,other,"Kyle Stowers challenged (pitch result), call on the field was confirmed: Kyle Stowers called out on strikes.",0,MJ,0,146,1,-,0,0,0,0,0,,,,,,,,,0,b3b565a6-5773-3911-9236-539bbfddfe34,67ec616a-ac49-342d-8fb8-f2bd9397604b cd126097-2ddc-3c89-bd9a-f1aaceb09185 1c1eb634-45ca-359e-b589-d515a7324b44 76796adc-2537-3c7a-82c2-5384c39445ab ff502808-a816-3061-a4db-640e15ae9f03 f7fba210-ee54-3cdd-b8cd-4538dc86b11b fff65c6b-818d-39d0-b29d-e0c91b3fe188 b3b565a6-5773-3911-9236-539bbfddfe34,https://baseballsavant.mlb.com/sporty-videos?playId=b3b565a6-5773-3911-9236-539bbfddfe34,Kyle Stowers called out on strikes.,0,,,,https://www.mlb.com/gameday/824625,https://baseballsavant.mlb.com/gamefeed?gamePk=824625
824710,2026-09-23,CLE @ BOS,R,23,3,bottom,2,Jarren Duran,Foster Griffin,L,L,strikeout,other,Jarren Duran strikes out on a foul tip.,0,MJ,0,114,1,-,0,0,0,0,0,,,,,,,,,0,6a40611c-4199-3a23-8ed6-9365b46203ab,5c090157-47da-300d-81a5-155acff98b2d 4d60a3f4-817e-375c-97b9-6747746e5296 67cfb3fb-c927-308f-8f8d-2007e83a048a 6a40611c-4199-3a23-8ed6-9365b46203ab,https://baseballsavant.mlb.com/sporty-videos?playId=6a40611c-4199-3a23-8ed6-9365b46203ab,Jarren Duran strikes out on a foul tip.,,,,,https://www.mlb.com/gameday/824710,https://baseballsavant.mlb.com/gamefeed?gamePk=824710
824710,2026-09-23,CLE @ BOS,R,39,5,bottom,1,Wilyer Abreu,Foster Griffin,L,L,field_out,out,"Guardians challenged (play at 1st), call on the field was overturned: Wilyer Abreu grounds out, second baseman Travis Bazzana to first baseman Nathaniel Lowe. Nick Sogard to 3rd. Jahmai Jones to 2nd.",0,MF,1,114,1,"1B,2B",1,0,0,0,0,,41.2,-27.0,6.0,ground_ball,medium,,,0,7a29db81-5bb1-3e43-92ed-54bb3d0bc5e9,059c6c36-4882-3bf4-a588-2b83d05b5572 7a29db81-5bb1-3e43-92ed-54bb3d0bc5e9,https://baseballsavant.mlb.com/sporty-videos?playId=7a29db81-5bb1-3e43-92ed-54bb3d0bc5e9,"Wilyer Abreu grounds out, second baseman Travis Bazzana to first baseman Nathaniel Lowe. Nick Sogard to 3rd. Jahmai Jones to 2nd.",1,,,,https://www.mlb.com/gameday/824710,https://baseballsavant.mlb.com/gamefeed?gamePk=824710
824710,2026-09-23,CLE @ BOS,R,46,6,bottom,0,Caleb Durbin,Foster Griffin,R,L,field_out,out,"Caleb Durbin grounds out, second baseman Travis Bazzana to first baseman Nathaniel Lowe. Jarren Duran to 2nd.",0,MJ,1,111,1,1B,0,0,0,0,0,,88.1,-32.0,5.0,ground_ball,medium,,,0,b0187d05-5257-3f3a-9d59-0f543d5662f3,0ee5ef59-1a2d-3976-b8c8-661fa67231ea 229f512e-12f0-3110-9f99-7d3036804330 0211e61c-3db1-3021-910e-63b966976174 5f092440-7c19-3c53-8d0c-2fb7224f35ac b0187d05-5257-3f3a-9d59-0f543d5662f3,https://baseballsavant.mlb.com/sporty-videos?playId=b0187d05-5257-3f3a-9d59-0f543d5662f3,"Caleb Durbin grounds out, second baseman Travis Bazzana to first baseman Nathaniel Lowe. Jarren Duran to 2nd.",,,,,https://www.mlb.com/gameday/824710,https://baseballsavant.mlb.com/gamefeed?gamePk=824710
824710,2026-09-23,CLE @ BOS,R,55,7,bottom,1,Jahmai Jones,Tim Herrin,R,L,strikeout,other,"Jahmai Jones challenged (pitch result), call on the field was confirmed: Jahmai Jones called out on strikes.",0,MJ,0,111,1,-,0,0,0,0,0,,,,,,,,,0,f7153f1c-cddb-3aa7-a77a-b4e806c610c4,5a60e98e-e006-3a24-af7b-22ac0f9cae7c 82c3ab7f-1104-3f67-aaee-a9ded46fe991 3a1cc15e-1aef-3659-9a70-a91c5151cb4b c11e3296-b86b-323e-b04d-11d8a5e65e93 d4ccd276-c1df-3d1c-9943-cc60ef0f714a bb01083c-a749-3ea3-807c-f4058435f05c f7153f1c-cddb-3aa7-a77a-b4e806c610c4,https://baseballsavant.mlb.com/sporty-videos?playId=f7153f1c-cddb-3aa7-a77a-b4e806c610c4,Jahmai Jones called out on strikes.,0,,,,https://www.mlb.com/gameday/824710,https://baseballsavant.mlb.com/gamefeed?gamePk=824710
824710,2026-09-23,CLE @ BOS,R,58,8,top,0,Brayan Rocchio,Garrett Whitlock,L,R,single,hit,Brayan Rocchio singles on a ground ball to right fielder Wilyer Abreu.,0,MJ,0,114,1,-,0,0,0,0,0,,83.3,8.0,124.0,ground_ball,medium,,,0,6280082f-80ef-32ff-ac17-9d21226d415c,ed20ccd4-5c68-3e31-ac88-fd750fb3f36d 54527950-20d3-3370-a910-0bc3534a2f58 2384559a-516f-3e03-991b-275f88f11380 e71ce35c-afc3-398e-b300-3bc7610df60a 6ba727b5-a0ae-3713-8b04-0203ed16f5f3 6280082f-80ef-32ff-ac17-9d21226d415c,https://baseballsavant.mlb.com/sporty-videos?playId=6280082f-80ef-32ff-ac17-9d21226d415c,Brayan Rocchio singles on a ground ball to right fielder Wilyer Abreu.,,,,,https://www.mlb.com/gameday/824710,https://baseballsavant.mlb.com/gamefeed?gamePk=824710
824710,2026-09-23,CLE @ BOS,R,60,8,top,1,José Ramírez,Garrett Whitlock,L,R,walk,other,José Ramírez walks. Brayan Rocchio to 2nd.,0,MJ,0,111,1,1B,0,0,0,0,0,,,,,,,,,0,aca327c3-8566-3164-9e70-0d03af0c8adb,b5b1b41c-1f9c-39b2-b171-c350fb8d07a8 c8795cf1-bfa6-32d1-ac0e-35b70003c8fb 1f04c049-00db-3a3e-9399-7f899bac8798 94b8e72d-5c18-3b30-83be-1a704a687481 139b2edf-812d-3185-8abb-6649f5735f5e b1efe8b5-6814-349e-81a4-977767ce8777 aca327c3-8566-3164-9e70-0d03af0c8adb,https://baseballsavant.mlb.com/sporty-videos?playId=aca327c3-8566-3164-9e70-0d03af0c8adb,José Ramírez walks. Brayan Rocchio to 2nd.,,,,,https://www.mlb.com/gameday/824710,https://baseballsavant.mlb.com/gamefeed?gamePk=824710
824784,2026-09-23,TOR @ BAL,R,35,5,bottom,1,Dylan Beavers,CJ Van Eyk,L,R,field_out,out,"Dylan Beavers grounds out, first baseman Sean Keys to pitcher CJ Van Eyk.",0,MJ,1,110,1,-,0,0,0,0,0,,80.1,-2.0,29.0,ground_ball,medium,,,0,c3adfac2-dd7a-3f77-9edc-77483ac93000,a86222c3-0029-3332-9684-e0aedad2551b 7a7969e2-0fed-3f4c-b3fe-92ef17699b90 efabd561-72e5-3318-b9d3-5715ed761b58 c3adfac2-dd7a-3f77-9edc-77483ac93000,https://baseballsavant.mlb.com/sporty-videos?playId=c3adfac2-dd7a-3f77-9edc-77483ac93000,"Dylan Beavers grounds out, first baseman Sean Keys to pitcher CJ Van Eyk.",,,,,https://www.mlb.com/gameday/824784,https://baseballsavant.mlb.com/gamefeed?gamePk=824784
824784,2026-09-23,TOR @ BAL,R,36,5,bottom,2,Pete Alonso,CJ Van Eyk,R,R,field_out,out,Pete Alonso lines out sharply to left fielder Davis Schneider.,0,NH,0,,1,-,0,0,0,0,0,,107.0,21.0,355.0,line_drive,hard,,,0,0eea94d6-58cd-3431-9874-624bc3a010b0,19e81bfa-6a77-3641-bce8-7e8a6f716b66 92ce019f-e1ac-3ca8-9962-837659112e53 5a0c8da9-947d-3d2b-9936-667b5a04ab0c 2e2889a1-ba9a-3798-8bc6-9db4a3423b59 f03705f3-4532-3f16-a640-d729ab49f324 a47e7de0-63af-3b2c-b7ee-ebea5dd25f9e 0eea94d6-58cd-3431-9874-624bc3a010b0,https://baseballsavant.mlb.com/sporty-videos?playId=0eea94d6-58cd-3431-9874-624bc3a010b0,Pete Alonso lines out sharply to left fielder Davis Schneider.,,,,,https://www.mlb.com/gameday/824784,https://baseballsavant.mlb.com/gamefeed?gamePk=824784
824784,2026-09-23,TOR @ BAL,R,45,7,top,2,Sean Keys,Trey Gibson,L,R,field_error,error,"Blue Jays challenged (shift violation), call on the field was overturned: Sean Keys reaches on a defensive shift violation error by second baseman Jeremiah Jackson.",0,MW,1,141,1,-,0,0,0,0,0,,66.9,-18.0,7.0,ground_ball,medium,,,0,16066fb7-6b0b-37a4-b451-c9717f44c8e1,62b17614-bbf1-3cbd-92d1-6054e603fc63 2cbe7453-23be-37a7-9c59-a8d51973ea21 b34b2119-14ce-3346-ad2d-1102d55f5740 16066fb7-6b0b-37a4-b451-c9717f44c8e1,https://baseballsavant.mlb.com/sporty-videos?playId=16066fb7-6b0b-37a4-b451-c9717f44c8e1,Sean Keys reaches on a defensive shift violation error by second baseman Jeremiah Jackson.,1,,,,https://www.mlb.com/gameday/824784,https://baseballsavant.mlb.com/gamefeed?gamePk=824784
824784,2026-09-23,TOR @ BAL,R,46,7,top,2,Davis Schneider,Trey Gibson,R,R,walk,other,Davis Schneider walks. Sean Keys to 2nd.,0,MJ,0,110,1,1B,0,0,0,0,0,,,,,,,,,0,05c1ab61-d6c1-36e5-8298-c120676647ea,30e5d013-496b-3cd3-a606-11f1ad080042 2e7a45dc-e420-3467-add9-1904f627ace3 60f4788b-3949-3443-a74e-8974940a3e0a 05c1ab61-d6c1-36e5-8298-c120676647ea,https://baseballsavant.mlb.com/sporty-videos?playId=05c1ab61-d6c1-36e5-8298-c120676647ea,Davis Schneider walks. Sean Keys to 2nd.,,,,,https://www.mlb.com/gameday/824784,https://baseballsavant.mlb.com/gamefeed?gamePk=824784
824784,2026-09-23,TOR @ BAL,R,54,8,top,1,Josh Smith,Josh Walker,L,L,field_out,out,"Orioles challenged (play at 1st), call on the field was overturned: Josh Smith bunt grounds out, pitcher Josh Walker to first baseman Pete Alonso. Nathan Lukes to 2nd.",0,MF,1,110,1,1B,0,0,0,0,0,,45.1,-61.0,2.0,bunt_grounder,medium,,,0,801cfa05-ed84-398d-b114-e90ef75512fc,0179390f-8563-30db-a153-fd5cd9986bb1 801cfa05-ed84-398d-b114-e90ef75512fc,https://baseballsavant.mlb.com/sporty-videos?playId=801cfa05-ed84-398d-b114-e90ef75512fc,"Josh Smith bunt grounds out, pitcher Josh Walker to first baseman Pete Alonso. Nathan Lukes to 2nd.",1,,,,https://www.mlb.com/gameday/824784,https://baseballsavant.mlb.com/gamefeed?gamePk=824784
824784,2026-09-23,TOR @ BAL,R,55,8,top,2,Alejandro Kirk,Josh Walker,R,L,field_out,out,"Alejandro Kirk grounds out, shortstop Gunnar Henderson to first baseman Pete Alonso.",0,MJ,0,141,1,-,0,0,0,0,0,,73.3,-27.0,7.0,ground_ball,medium,,,0,4def2d04-179d-3910-a87e-dd9fc38e876b,6bad2774-0a57-314e-9bdf-17dcac73c515 b84ba966-367a-383b-9f90-a457e8da6d6f bbac9399-b2b1-3443-828d-79c4bd26d1b8 42228f61-3160-363d-afc2-56e1145ff89f abb0b799-d07f-314a-9f59-c3af6f3717f6 5a99bb6c-4572-30be-b074-7033ea046c9c 4def2d04-179d-3910-a87e-dd9fc38e876b,https://baseballsavant.mlb.com/sporty-videos?playId=4def2d04-179d-3910-a87e-dd9fc38e876b,"Alejandro Kirk grounds out, shortstop Gunnar Henderson to first baseman Pete Alonso.",,,,,https://www.mlb.com/gameday/824784,https://baseballsavant.mlb.com/gamefeed?gamePk=824784
824785,2026-09-23,TOR @ BAL,R,6,1,bottom,2,Gunnar Henderson,Max Scherzer,L,R,walk,other,"Gunnar Henderson challenged (pitch result), call on the field was overturned: Gunnar Henderson walks.",0,MJ,1,110,1,-,0,0,0,0,0,,,,,,,,,0,1a177d54-69d1-3de4-bb5f-d03113f6d08c,cd6ade0f-8b6e-3b92-b58a-ad18f59eb95f 0c25fe19-de9b-33c8-a916-9919d5d06749 8ba19bea-8451-3864-89b1-1ce8481b4d1f bb3df1f2-9664-3a73-9640-4ef57f44c99d 5fd1a2f0-44d9-3b8c-aee2-a812fa7a44d1 2c42abf8-9f44-3501-9db5-70e6b8f04606 1a177d54-69d1-3de4-bb5f-d03113f6d08c,https://baseballsavant.mlb.com/sporty-videos?playId=1a177d54-69d1-3de4-bb5f-d03113f6d08c,Gunnar Henderson walks.,1,,,,https://www.mlb.com/gameday/824785,https://baseballsavant.mlb.com/gamefeed?gamePk=824785
824785,2026-09-23,TOR @ BAL,R,23,3,bottom,0,Pete Alonso,Max Scherzer,R,R,strikeout,other,"Pete Alonso challenged (pitch result), call on the field was confirmed: Pete Alonso called out on strikes.",0,MJ,0,110,1,-,0,0,0,0,0,,,,,,,,,0,9a17c886-8ffe-34ab-be3e-f03e36af2fac,cabb43ab-f335-36e5-b205-36f48f06f791 9bd9c797-2b0f-3c79-b6ee-a93adc64401e 4c944f29-7205-3b88-a1bc-82026aff6e05 9a17c886-8ffe-34ab-be3e-f03e36af2fac,https://baseballsavant.mlb.com/sporty-videos?playId=9a17c886-8ffe-34ab-be3e-f03e36af2fac,Pete Alonso called out on strikes.,0,,,,https://www.mlb.com/gameday/824785,https://baseballsavant.mlb.com/gamefeed?gamePk=824785
824785,2026-09-23,TOR @ BAL,R,60,7,bottom,2,Gunnar Henderson,Brendon Little,L,L,strikeout,other,Gunnar Henderson strikes out swinging.,0,MJ,0,141,1,-,0,0,0,0,0,,,,,,,,,0,f3839661-f91c-3332-9a3f-4a6d64f490d9,f0814500-2df2-343b-99fb-871073306075 452ae405-0a99-3121-96e2-ac0f03a6a4de 4b105021-1cf4-34e7-894d-576e596e88aa f3839661-f91c-3332-9a3f-4a6d64f490d9,https://baseballsavant.mlb.com/sporty-videos?playId=f3839661-f91c-3332-9a3f-4a6d64f490d9,Gunnar Henderson strikes out swinging.,,,,,https://www.mlb.com/gameday/824785,https://baseballsavant.mlb.com/gamefeed?gamePk=824785
824868,2026-09-23,CIN @ ATL,R,2,1,top,1,Sal Stewart,Chris Sale,R,L,strikeout,other,Sal Stewart strikes out swinging.,0,MJ,0,113,1,-,0,0,0,0,0,,,,,,,,,0,ea9097af-b443-34b4-9518-cde4cfe66241,89f492d8-2054-3731-a6c1-56b252267de8 d287e3f3-dacb-3732-9c18-e109f7df67a1 3f6416c7-29cf-3b31-8399-1ae16155c762 f1dda2a0-3697-3ec1-84ba-bcd6d66acd71 ea9097af-b443-34b4-9518-cde4cfe66241,https://baseballsavant.mlb.com/sporty-videos?playId=ea9097af-b443-34b4-9518-cde4cfe66241,Sal Stewart strikes out swinging.,,,,,https://www.mlb.com/gameday/824868,https://baseballsavant.mlb.com/gamefeed?gamePk=824868
824868,2026-09-23,CIN @ ATL,R,15,3,top,0,Will Banfield,Chris Sale,R,L,field_out,out,Will Banfield flies out to center fielder Michael Harris II.,0,MJ,0,144,1,-,0,0,0,0,0,,91.2,43.0,312.0,fly_ball,medium,,,0,e705711d-dd00-3cfc-b1b4-ac7ecec6f7a1,46ef124f-fead-386c-8bf1-f061c35a4220 34473d2b-1157-3477-8fd0-9aa8ee85fad8 33794b78-00bc-3b78-879c-262072a53719 e705711d-dd00-3cfc-b1b4-ac7ecec6f7a1,https://baseballsavant.mlb.com/sporty-videos?playId=e705711d-dd00-3cfc-b1b4-ac7ecec6f7a1,Will Banfield flies out to center fielder Michael Harris II.,,,,,https://www.mlb.com/gameday/824868,https://baseballsavant.mlb.com/gamefeed?gamePk=824868
824868,2026-09-23,CIN @ ATL,R,18,3,top,2,Elly De La Cruz,Chris Sale,R,L,strikeout,other,"Drake Baldwin challenged (pitch result), call on the field was overturned: Elly De La Cruz called out on strikes.",0,MJ,1,144,1,-,0,0,0,0,0,,,,,,,,,0,1ffb7e2e-176d-35cf-9fb7-bbe41f609eac,3f95df3d-34a3-3039-bdb0-1021605730bb 3cf776d9-bb3c-3ff9-ac05-988c4b0bef48 247d4a8d-b686-3193-ac2d-74b5097e3a63 ad6e6e83-87bd-36f7-93be-a07f32d46558 19686048-e6ed-4b9c-931c-c0b274f68229 09e42086-c015-350a-a346-369e1c37a8ec 15b99e85-0f93-3de3-8fe4-a9d69d8f5d52 1ffb7e2e-176d-35cf-9fb7-bbe41f609eac,https://baseballsavant.mlb.com/sporty-videos?playId=1ffb7e2e-176d-35cf-9fb7-bbe41f609eac,Elly De La Cruz called out on strikes.,1,,,,https://www.mlb.com/gameday/824868,https://baseballsavant.mlb.com/gamefeed?gamePk=824868
824868,2026-09-23,CIN @ ATL,R,30,4,bottom,2,Austin Riley,Andrew Abbott,R,L,strikeout,other,Austin Riley strikes out swinging.,0,MJ,1,113,1,-,0,0,0,0,0,,,,,,,,,0,4da55a83-dc18-30b4-a4ab-b4c314e64afb,bd15d3e5-2852-3f8a-904c-1cb0d5515dcb 3e428bcd-bf4c-3118-b145-00a16508644d 04ebe21e-ea62-3abe-997a-6116243dd43c 10f3fd25-90e8-39db-8bdd-d134b78a1e64 4da55a83-dc18-30b4-a4ab-b4c314e64afb,https://baseballsavant.mlb.com/sporty-videos?playId=4da55a83-dc18-30b4-a4ab-b4c314e64afb,Austin Riley strikes out swinging.,,,,,https://www.mlb.com/gameday/824868,https://baseballsavant.mlb.com/gamefeed?gamePk=824868
824868,2026-09-23,CIN @ ATL,R,62,8,bottom,2,Michael Harris II,Graham Ashcraft,L,R,field_out,out,"Reds challenged (play at 1st), call on the field was overturned: Michael Harris II grounds out, pitcher Graham Ashcraft to shortstop Elly De La Cruz to first baseman Sal Stewart.",0,MF,1,113,1,-,0,0,0,0,0,,96.4,-10.0,14.0,ground_ball,medium,,,0,c49f57b9-62df-3311-9ede-b5ea3d55158d,ed257aa8-b400-3826-bc0f-35d2a571665a c49f57b9-62df-3311-9ede-b5ea3d55158d,https://baseballsavant.mlb.com/sporty-videos?playId=c49f57b9-62df-3311-9ede-b5ea3d55158d,"Michael Harris II grounds out, pitcher Graham Ashcraft to shortstop Elly De La Cruz to first baseman Sal Stewart.",1,,,,https://www.mlb.com/gameday/824868,https://baseballsavant.mlb.com/gamefeed?gamePk=824868
824951,2026-09-23,LAA @ ATH,R,30,4,top,2,Jose Siri,Jeffrey Springs,R,L,walk,other,Jose Siri walks. Wade Meckler to 2nd.,0,MJ,0,133,1,1B,0,0,0,0,0,,,,,,,,,0,9c9b7d6a-dc83-36a5-bf42-53268e9222ec,333e1575-0560-3d87-a741-7fb20c022e09 50cff447-6332-310b-bbef-a2c2f1657384 4a1a0dec-51b5-3599-9eec-1aa46623076b 0afc8361-bf27-3273-bf9f-bda3b485e3ae 31270191-07a0-39db-90d9-33a48510b126 9c9b7d6a-dc83-36a5-bf42-53268e9222ec,https://baseballsavant.mlb.com/sporty-videos?playId=9c9b7d6a-dc83-36a5-bf42-53268e9222ec,Jose Siri walks. Wade Meckler to 2nd.,,,,,https://www.mlb.com/gameday/824951,https://baseballsavant.mlb.com/gamefeed?gamePk=824951
824951,2026-09-23,LAA @ ATH,R,53,6,bottom,1,Lawrence Butler,José Fermin,L,R,field_out,out,"Athletics challenged (force play), call on the field was overturned: Lawrence Butler lines out to second baseman Christian Moore.",0,MC,1,133,1,-,0,0,0,0,0,,103.0,10.0,161.0,line_drive,medium,,,0,69c8e9ae-2c49-3eea-9bdc-06dfc3044cf8,e1dbedc9-1367-37c0-b74a-b35ef074ed6d 0c2d25c1-ff92-32d9-8d9d-37e84d4b5cc1 d1e8ce29-42d3-3d24-94fa-01030c3342ac 69c8e9ae-2c49-3eea-9bdc-06dfc3044cf8,https://baseballsavant.mlb.com/sporty-videos?playId=69c8e9ae-2c49-3eea-9bdc-06dfc3044cf8,Lawrence Butler lines out to second baseman Christian Moore.,1,,,,https://www.mlb.com/gameday/824951,https://baseballsavant.mlb.com/gamefeed?gamePk=824951
824951,2026-09-23,LAA @ ATH,R,58,7,top,2,Zach Neto,Luis Medina,R,R,walk,other,Zach Neto walks.,0,MJ,1,108,1,-,0,0,0,0,0,,,,,,,,,0,039ac912-97cc-3bba-a97b-66f09ce50a48,99979a99-13db-333c-84d0-9aae2354fc93 6226933f-c9d9-3710-baf6-bb65af892f37 5fa7e586-246b-3a7f-9d75-0e7f7fb48f4f b0e26f7b-7bd7-3454-a10e-1cf5464391db 9ad4fbe4-44a5-30c1-ac9a-4841b6c4ad65 039ac912-97cc-3bba-a97b-66f09ce50a48,https://baseballsavant.mlb.com/sporty-videos?playId=039ac912-97cc-3bba-a97b-66f09ce50a48,Zach Neto walks.,,,,,https://www.mlb.com/gameday/824951,https://baseballsavant.mlb.com/gamefeed?gamePk=824951
824951,2026-09-23,LAA @ ATH,R,60,7,top,2,Vaughn Grissom,Luis Medina,R,R,field_out,out,Vaughn Grissom flies out to right fielder Lawrence Butler.,0,MJ,0,133,1,-,0,0,0,0,0,,85.5,48.0,247.0,fly_ball,medium,,,0,00e0117a-29c0-3518-ab53-b8aaeae6bd80,69c4a699-29e1-318c-9e92-52b1273bd343 985dda43-6fef-3a89-9afd-3c8680451a09 25060ef7-45f4-3d36-90f0-6c6fb96ca787 5925026a-af65-327e-8da1-93d76594b300 847654e8-7baf-37b2-9a3f-fb32f588a44e 00e0117a-29c0-3518-ab53-b8aaeae6bd80,https://baseballsavant.mlb.com/sporty-videos?playId=00e0117a-29c0-3518-ab53-b8aaeae6bd80,Vaughn Grissom flies out to right fielder Lawrence Butler.,,,,,https://www.mlb.com/gameday/824951,https://baseballsavant.mlb.com/gamefeed?gamePk=824951
824951,2026-09-23,LAA @ ATH,R,72,8,bottom,1,Jeff McNeil,Mitch Farris,L,L,field_out,out,Jeff McNeil lines out to third baseman Denzer Guzman.,0,MA,0,133,1,1B,0,0,0,0,0,,84.9,9.0,156.0,line_drive,medium,,,0,846306f0-06c7-3ecd-8c20-7054459d1066,30ce399b-d122-3ae9-a9fd-42023f4fadc2 f5a23435-8341-3750-b3dd-334eec75aac4 846306f0-06c7-3ecd-8c20-7054459d1066,https://baseballsavant.mlb.com/sporty-videos?playId=846306f0-06c7-3ecd-8c20-7054459d1066,Jeff McNeil lines out to third baseman Denzer Guzman.,,,,,https://www.mlb.com/gameday/824951,https://baseballsavant.mlb.com/gamefeed?gamePk=824951
822842,2026-09-24,NYM @ TEX,R,26,4,top,2,A.J. Ewing,Kumar Rocker,L,R,caught_stealing_2b,other,"Marcus Semien caught stealing 2nd base, catcher Elias Díaz to shortstop Corey Seager.",0,MJ,1,121,1,1B,0,0,0,0,0,,,,,,,,,0,06d41bd5-d8de-3b43-ba7f-977d6680fafe,54e74c50-e6cf-3594-89ed-c67ef2176f71 3de6efdc-ceaa-3d7a-82ad-c80ea8022a73 06d41bd5-d8de-3b43-ba7f-977d6680fafe,https://baseballsavant.mlb.com/sporty-videos?playId=06d41bd5-d8de-3b43-ba7f-977d6680fafe,"Marcus Semien caught stealing 2nd base, catcher Elias Díaz to shortstop Corey Seager.",,,,,https://www.mlb.com/gameday/822842,https://baseballsavant.mlb.com/gamefeed?gamePk=822842
822842,2026-09-24,NYM @ TEX,R,34,5,top,2,Nick Morabito,Kumar Rocker,R,R,strikeout,other,"Elias Díaz challenged (pitch result), call on the field was overturned: Nick Morabito called out on strikes.",0,MJ,1,140,1,-,0,0,0,0,0,,,,,,,,,0,67420e6d-2e8c-351e-8616-272f521115a5,667b8646-a27c-370f-a161-7a19bbc39351 389eff0b-855a-3639-89a8-30806641c32c 438d11f8-1f8d-3374-802c-b7e7983eb1e2 bbbbf6d2-c470-3114-9608-83075df21c64 67420e6d-2e8c-351e-8616-272f521115a5,https://baseballsavant.mlb.com/sporty-videos?playId=67420e6d-2e8c-351e-8616-272f521115a5,Nick Morabito called out on strikes.,1,,,,https://www.mlb.com/gameday/822842,https://baseballsavant.mlb.com/gamefeed?gamePk=822842
822842,2026-09-24,NYM @ TEX,R,35,5,bottom,0,Elias Díaz,Zac Thornton,R,L,strikeout,other,"Luis Torrens challenged (pitch result), call on the field was overturned: Elias Díaz called out on strikes.",0,MJ,1,121,1,-,0,0,0,0,0,,,,,,,,,0,95450b66-00d6-3852-83eb-c0dfc74e630d,45cbca1a-c8d0-3fba-a92d-3a59179e21a0 767a2725-d948-3c8e-8f18-66ac0a841648 3f438778-5bd0-370d-af93-ea4752a70b80 d417733f-64ce-3ce6-adf3-ab8c774510ab c39abad9-1a3a-3a92-8709-77c90ac07d51 3c082228-3747-35e8-a360-e14794161a3d 05ecc391-ec70-30f3-ad1f-a113dbd3befb e82a85ac-0016-346f-b3bb-5a70233e9098 3bf393a2-e404-3dbe-9fb4-a4aeae94dfc5 95304618-47fd-3f53-a40a-b17e2230700a 449e4ec7-4dfe-353e-8143-e57aa0798eb3 95450b66-00d6-3852-83eb-c0dfc74e630d,https://baseballsavant.mlb.com/sporty-videos?playId=95450b66-00d6-3852-83eb-c0dfc74e630d,Elias Díaz called out on strikes.,1,,,,https://www.mlb.com/gameday/822842,https://baseballsavant.mlb.com/gamefeed?gamePk=822842
822842,2026-09-24,NYM @ TEX,R,54,8,top,0,Luis Torrens,Chase Silseth,R,R,strikeout,other,Luis Torrens strikes out swinging.,0,MJ,0,140,1,-,0,0,0,0,0,,,,,,,,,0,08398625-575d-38e8-84ad-9ac1e5090223,dd3debd1-8bf8-30f3-bb07-41d788dfa124 741ccbe7-006b-3312-a4da-49db6ae070a9 c7173a3a-2c11-30b0-878b-453797d2bd91 08398625-575d-38e8-84ad-9ac1e5090223,https://baseballsavant.mlb.com/sporty-videos?playId=08398625-575d-38e8-84ad-9ac1e5090223,Luis Torrens strikes out swinging.,,,,,https://www.mlb.com/gameday/822842,https://baseballsavant.mlb.com/gamefeed?gamePk=822842
823087,2026-09-24,LAA @ SEA,R,1,1,top,1,Mike Trout,Bryan Woo,R,R,walk,other,"Cal Raleigh challenged (pitch result), call on the field was confirmed: Mike Trout walks.",0,MJ,0,136,1,-,0,0,0,0,0,,,,,,,,,0,272437a9-2901-3164-9a7a-fd945c83061a,63fb0798-b911-379c-8201-241ab4697afd 00d1d58c-a05b-3199-9b74-90f6d256e250 0e746d8b-cbec-33f9-b5d9-923d39c8e926 5d46d9a4-0cb4-3cc8-8c97-748a82c896fd d03459ac-6d02-308f-b4a2-c4b0ac5e6261 49eb08d2-4adc-3987-9009-ebcb92d26b9d 272437a9-2901-3164-9a7a-fd945c83061a,https://baseballsavant.mlb.com/sporty-videos?playId=272437a9-2901-3164-9a7a-fd945c83061a,Mike Trout walks.,0,,,,https://www.mlb.com/gameday/823087,https://baseballsavant.mlb.com/gamefeed?gamePk=823087
823087,2026-09-24,LAA @ SEA,R,30,4,bottom,1,Cole Young,Grayson Rodriguez,L,R,walk,other,Cole Young walks.,0,MJ,1,136,1,-,0,0,0,0,0,,,,,,,,,0,6958f983-d394-356f-8948-b0311b313844,d701bd30-bb6a-330e-b875-f1817446157c 716d3add-fc19-396d-9b55-e7ff2176920b f2c7bf64-8364-3623-8946-4c4b503dedb6 238fff76-ec74-3c6e-9f10-fbfb0323c100 a252e22d-d4f7-33b3-be52-b34e86f59dd0 a5f5f224-8231-31c7-a2e4-f1950c157663 6958f983-d394-356f-8948-b0311b313844,https://baseballsavant.mlb.com/sporty-videos?playId=6958f983-d394-356f-8948-b0311b313844,Cole Young walks.,,,,,https://www.mlb.com/gameday/823087,https://baseballsavant.mlb.com/gamefeed?gamePk=823087
823087,2026-09-24,LAA @ SEA,R,32,4,bottom,1,Leo Rivas,Grayson Rodriguez,L,R,grounded_into_double_play,out,"Leo Rivas grounds into a double play, first baseman Vaughn Grissom to shortstop Zach Neto to first baseman Vaughn Grissom. Lazaro Montes out at 2nd. Leo Rivas out at 1st.",0,MJ,0,108,1,1B,0,0,0,0,0,,88.1,4.0,77.0,ground_ball,medium,,,0,51bac2cd-f352-3c06-89ea-a88af5d7f671,82b73591-1ba8-3f3f-af52-b6ea2a64b95f cc07b0a7-b39a-358d-89eb-d8f54ac56864 40dedddb-992e-3326-9be3-80f0bdaa1a2c 5d4c954e-6a1f-3aee-ab9e-79d3c9711175 51bac2cd-f352-3c06-89ea-a88af5d7f671,https://baseballsavant.mlb.com/sporty-videos?playId=51bac2cd-f352-3c06-89ea-a88af5d7f671,"Leo Rivas grounds into a double play, first baseman Vaughn Grissom to shortstop Zach Neto to first baseman Vaughn Grissom. Lazaro Montes out at 2nd. Leo Rivas out at 1st.",,,,,https://www.mlb.com/gameday/823087,https://baseballsavant.mlb.com/gamefeed?gamePk=823087
823087,2026-09-24,LAA @ SEA,R,66,8,top,2,Zach Neto,Cooper Criswell,R,R,walk,other,"Zach Neto challenged (pitch result), call on the field was overturned: Zach Neto walks. Bryce Teodosio to 2nd.",0,MJ,1,108,1,1B,0,0,0,0,0,,,,,,,,,0,fa9964db-8d27-3037-8f98-a7a51ff4de69,4a51f295-35b4-3a06-8524-22ff2ddfece1 9f2e0288-f997-316d-bdb0-a3b431f66095 b5ac1962-8f02-3f7e-a8e4-83cd61e7b12d 98433d5b-d258-3dee-aaf9-ea6322ee8f4c ad1d2ad3-b89d-3a08-8e08-1b0fddd05ab5 e73491b8-31d7-3f10-94bc-f9fe0f227e04 fa9964db-8d27-3037-8f98-a7a51ff4de69,https://baseballsavant.mlb.com/sporty-videos?playId=fa9964db-8d27-3037-8f98-a7a51ff4de69,Zach Neto walks. Bryce Teodosio to 2nd.,1,,,,https://www.mlb.com/gameday/823087,https://baseballsavant.mlb.com/gamefeed?gamePk=823087
823087,2026-09-24,LAA @ SEA,R,73,9,top,1,Vaughn Grissom,Hoby Milner,R,L,strikeout,other,Vaughn Grissom strikes out swinging.,0,MJ,1,136,1,-,0,0,0,0,0,,,,,,,,,0,72918bf8-508d-37a0-ae00-130345dc4341,b683b94e-e8db-34a1-a115-261b927d155c 5a4098a1-0810-31a5-a0cc-e96df753472a 3c6d18da-0880-38b9-b8e0-920f0b1021a8 43d18496-2d99-3092-bc11-a437805a2920 72918bf8-508d-37a0-ae00-130345dc4341,https://baseballsavant.mlb.com/sporty-videos?playId=72918bf8-508d-37a0-ae00-130345dc4341,Vaughn Grissom strikes out swinging.,,,,,https://www.mlb.com/gameday/823087,https://baseballsavant.mlb.com/gamefeed?gamePk=823087
823087,2026-09-24,LAA @ SEA,R,76,9,bottom,0,Lazaro Montes,Ryan Watson,L,R,strikeout,other,Lazaro Montes strikes out swinging.,0,MJ,0,108,1,-,0,0,0,0,0,,,,,,,,,0,0cbd2dd7-1442-3c38-8ab0-4b26c186e10c,de27cfe6-1110-3ca8-a06b-ddb7254306ad 0bec928b-577d-3ae9-96dd-bb114c7874ec 1430a2ea-6361-35e2-9b6b-5afebc0aa0df 0eae5da7-06ec-3510-88db-d417614beb34 0cbd2dd7-1442-3c38-8ab0-4b26c186e10c,https://baseballsavant.mlb.com/sporty-videos?playId=0cbd2dd7-1442-3c38-8ab0-4b26c186e10c,Lazaro Montes strikes out swinging.,,,,,https://www.mlb.com/gameday/823087,https://baseballsavant.mlb.com/gamefeed?gamePk=823087
823326,2026-09-24,STL @ PIT,R,23,3,bottom,2,Ryan O'Hearn,Cooper Hjerpe,L,L,strikeout,other,"Iván Herrera challenged (pitch result), call on the field was overturned: Ryan O'Hearn called out on strikes.",0,MJ,1,138,1,-,0,0,0,0,0,,,,,,,,,0,5800f0b7-7ea3-38d8-9894-f3c0094b5507,09c6fd58-0adb-3502-8c9b-24a3756ce01b 3837c3e1-cd49-3d0a-aa58-4647ff0e03d3 08e49576-a3c9-38e4-a901-1de8e4f0312f 5800f0b7-7ea3-38d8-9894-f3c0094b5507,https://baseballsavant.mlb.com/sporty-videos?playId=5800f0b7-7ea3-38d8-9894-f3c0094b5507,Ryan O'Hearn called out on strikes.,1,,,,https://www.mlb.com/gameday/823326,https://baseballsavant.mlb.com/gamefeed?gamePk=823326
823326,2026-09-24,STL @ PIT,R,45,6,bottom,0,Ronny Simon,Cooper Hjerpe,R,L,single,hit,Ronny Simon singles on a sharp line drive to left fielder Bryan Torres.,0,MJ,0,134,1,-,0,0,0,0,0,,103.8,18.0,290.0,line_drive,hard,,,0,eae53653-7d76-317d-aa28-94ba1147e6ed,556ce384-5f9a-386a-8111-634ace18ddf1 fabeeabf-2650-30ce-95b4-18833c1aec62 8d5aef4f-509f-3a13-adc2-c91c4c4dfbc6 c46a4c25-8442-3243-8b61-85ea88eba822 313db1f5-4e02-3c8b-90a6-550462d48e24 2b1d833e-2ab0-326d-b9a8-8f2e645d5be5 c4c1bddf-0377-3d31-b6d5-35b27b8035b4 150e3c22-0b0c-3fb4-9dc3-9e32feb6ecfc eae53653-7d76-317d-aa28-94ba1147e6ed,https://baseballsavant.mlb.com/sporty-videos?playId=eae53653-7d76-317d-aa28-94ba1147e6ed,Ronny Simon singles on a sharp line drive to left fielder Bryan Torres.,,,,,https://www.mlb.com/gameday/823326,https://baseballsavant.mlb.com/gamefeed?gamePk=823326
823326,2026-09-24,STL @ PIT,R,63,8,bottom,1,Ronny Simon,Ryne Stanek,L,R,walk,other,Ronny Simon walks.,0,MJ,0,134,1,-,0,0,0,0,0,,,,,,,,,0,0cf33906-f6d0-3823-805e-da5e2e72ff24,5c520930-d8ab-36c6-9414-5991f580564c c656ad8d-a28e-3def-ad60-8681ec9f4964 e797c531-df2f-362b-bb40-a49fcdc0fd80 b8f35d32-a6f3-368b-a38f-78445f6309e6 7718fb21-a98b-3445-8257-d801a259a9c8 b27835b4-b80f-3ace-bb32-769fe8d93a17 0cf33906-f6d0-3823-805e-da5e2e72ff24,https://baseballsavant.mlb.com/sporty-videos?playId=0cf33906-f6d0-3823-805e-da5e2e72ff24,Ronny Simon walks.,,,,,https://www.mlb.com/gameday/823326,https://baseballsavant.mlb.com/gamefeed?gamePk=823326
823411,2026-09-24,MIL @ PHI,R,0,1,top,0,Garrett Mitchell,Andrew Painter,L,R,strikeout,other,Garrett Mitchell strikes out on a foul tip.,0,MJ,1,143,1,-,0,0,0,0,0,,,,,,,,,0,f6b14a4b-81cf-3d8e-b80c-1ff5a3899548,6d8d0854-8ae9-345a-a79e-809c01d140e7 e7f75fc9-212b-3cf4-958e-3eaf970c41be e7c386d0-01b4-368d-bd82-56ba5d5b4eec f6b14a4b-81cf-3d8e-b80c-1ff5a3899548,https://baseballsavant.mlb.com/sporty-videos?playId=f6b14a4b-81cf-3d8e-b80c-1ff5a3899548,Garrett Mitchell strikes out on a foul tip.,,,,,https://www.mlb.com/gameday/823411,https://baseballsavant.mlb.com/gamefeed?gamePk=823411
823411,2026-09-24,MIL @ PHI,R,18,2,bottom,2,Justin Crawford,Shane Drohan,L,L,strikeout,other,"Justin Crawford challenged (pitch result), call on the field was confirmed: Justin Crawford called out on strikes.",0,MJ,0,143,1,-,0,0,0,0,0,,,,,,,,,0,78add1f0-9ab4-3dc5-a66f-6537ede972e9,9d733d4b-4002-35d0-be4d-08834d0fa64c 1756b019-2fd1-3df3-9515-99197eb2c549 1cf99dd2-f954-3a69-9052-343477ed6c31 78add1f0-9ab4-3dc5-a66f-6537ede972e9,https://baseballsavant.mlb.com/sporty-videos?playId=78add1f0-9ab4-3dc5-a66f-6537ede972e9,Justin Crawford called out on strikes.,0,,,,https://www.mlb.com/gameday/823411,https://baseballsavant.mlb.com/gamefeed?gamePk=823411
823411,2026-09-24,MIL @ PHI,R,20,3,top,0,William Contreras,Andrew Painter,R,R,field_out,out,William Contreras flies out to left fielder Bryan De La Cruz.,0,MJ,1,143,1,-,0,0,0,0,0,,72.8,41.0,231.0,fly_ball,medium,,,0,85d5619e-fd5c-3222-af16-b8b7bfb1f1b8,d4a52567-71ba-3b5d-942b-22f3ca6385fd eebec642-e491-34c1-bfd1-37c2f3b6b9ab 85d5619e-fd5c-3222-af16-b8b7bfb1f1b8,https://baseballsavant.mlb.com/sporty-videos?playId=85d5619e-fd5c-3222-af16-b8b7bfb1f1b8,William Contreras flies out to left fielder Bryan De La Cruz.,,,,,https://www.mlb.com/gameday/823411,https://baseballsavant.mlb.com/gamefeed?gamePk=823411
823411,2026-09-24,MIL @ PHI,R,22,3,top,2,Gary Sánchez,Andrew Painter,R,R,strikeout,other,"Gary Sánchez challenged (pitch result), call on the field was confirmed: Gary Sánchez called out on strikes.",0,MJ,0,158,1,-,0,0,0,0,0,,,,,,,,,0,f987508a-6cd9-36f7-854a-93c5cc9e1e11,479149b5-3fff-3d47-ad0b-6e97df51509e 34a4db37-34bd-3aed-8dfb-af4df7f25b13 17a7357a-d4c6-328b-9a8f-db5686bcca19 558cdba3-6d90-3b6f-a33e-76b5c1791d6e f987508a-6cd9-36f7-854a-93c5cc9e1e11,https://baseballsavant.mlb.com/sporty-videos?playId=f987508a-6cd9-36f7-854a-93c5cc9e1e11,Gary Sánchez called out on strikes.,0,,,,https://www.mlb.com/gameday/823411,https://baseballsavant.mlb.com/gamefeed?gamePk=823411
823411,2026-09-24,MIL @ PHI,R,46,6,bottom,1,Alec Bohm,Aaron Ashby,R,L,field_error,error,"Alec Bohm reaches on a missed catch error by first baseman Jake Bauers, assist to shortstop Cooper Pratt.",0,MJ,1,143,1,-,0,0,0,0,0,,105.7,-5.0,30.0,ground_ball,hard,,,0,f95eb39c-6198-3a6d-a883-b7810db3cc0b,2fd0efcb-aa07-32d3-8a28-787cb3f26921 ff16a89d-283e-383e-9e48-369593d51166 66c0c5df-d571-36fe-b10e-88a6f0f16b84 2bb5310e-0136-3d76-a1c1-3828d95479dc f95eb39c-6198-3a6d-a883-b7810db3cc0b,https://baseballsavant.mlb.com/sporty-videos?playId=f95eb39c-6198-3a6d-a883-b7810db3cc0b,"Alec Bohm reaches on a missed catch error by first baseman Jake Bauers, assist to shortstop Cooper Pratt.",,,,,https://www.mlb.com/gameday/823411,https://baseballsavant.mlb.com/gamefeed?gamePk=823411
823411,2026-09-24,MIL @ PHI,R,51,7,top,0,Joey Ortiz,Alex McFarlane,R,R,strikeout,other,"J.T. Realmuto challenged (pitch result), call on the field was overturned: Joey Ortiz called out on strikes.",0,MJ,1,143,1,-,0,0,0,0,0,,,,,,,,,0,9bdc1ae0-756c-39c6-a567-06ccdeaa20c6,091d0852-0bfb-304e-8bbf-0218bc7598f0 a207a344-34da-3af8-b0b6-d5178f62f94d b0ea5dc7-7d84-3239-a28a-397681786d16 82a659ca-f3c0-3aee-b7fc-0b21d5666fa4 9bdc1ae0-756c-39c6-a567-06ccdeaa20c6,https://baseballsavant.mlb.com/sporty-videos?playId=9bdc1ae0-756c-39c6-a567-06ccdeaa20c6,Joey Ortiz called out on strikes.,1,,,,https://www.mlb.com/gameday/823411,https://baseballsavant.mlb.com/gamefeed?gamePk=823411
823411,2026-09-24,MIL @ PHI,R,52,7,top,1,Garrett Mitchell,Alex McFarlane,L,R,strikeout,other,"Garrett Mitchell challenged (pitch result), call on the field was confirmed: Garrett Mitchell called out on strikes.",0,MJ,0,158,1,-,0,0,0,0,0,,,,,,,,,0,3abfa7b2-60f9-370b-9d7b-d367137b2c83,45f72cf5-0020-380b-9969-e7757961f370 38aa137c-f4f1-3ba4-8277-ac80b2ebd00c 0f54f8c7-7de4-3507-b44e-7ed440b06519 f3f6eedc-07f2-327d-a8cc-326f959c8d08 f64ce41d-45b8-3d7f-ad54-b00b40d64544 3abfa7b2-60f9-370b-9d7b-d367137b2c83,https://baseballsavant.mlb.com/sporty-videos?playId=3abfa7b2-60f9-370b-9d7b-d367137b2c83,Garrett Mitchell called out on strikes.,0,,,,https://www.mlb.com/gameday/823411,https://baseballsavant.mlb.com/gamefeed?gamePk=823411
823411,2026-09-24,MIL @ PHI,R,76,9,bottom,1,J.T. Realmuto,Antonio Senzatela,R,R,field_out,out,J.T. Realmuto flies out to right fielder Luis Lara.,0,MJ,1,143,1,-,0,0,0,0,0,,97.1,29.0,344.0,fly_ball,medium,,,0,73b17bfc-089e-377b-8a4d-0be963d16f51,2c23549d-867f-3e6f-af76-5928dc67c9ca 73b17bfc-089e-377b-8a4d-0be963d16f51,https://baseballsavant.mlb.com/sporty-videos?playId=73b17bfc-089e-377b-8a4d-0be963d16f51,J.T. Realmuto flies out to right fielder Luis Lara.,,,,,https://www.mlb.com/gameday/823411,https://baseballsavant.mlb.com/gamefeed?gamePk=823411
823493,2026-09-24,TB @ NYY,R,1,1,top,1,Liam Hicks,Cam Schlittler,L,R,strikeout,other,Liam Hicks called out on strikes.,0,MJ,0,147,1,-,0,0,0,0,0,,,,,,,,,0,0cca8f2a-447a-3b04-8a0d-4c1e12ae67d0,e948c0fd-1ede-3803-b4c9-5266f788d3c8 ac43010a-b223-32cf-8e5b-46e844daa282 376d46a9-5b8a-3634-9755-c491dde12212 41568fe8-3f83-39b4-8372-9baa9345e6c3 009870eb-b198-36dc-b950-09f3421f8012 d39dd3d3-edd0-35ac-8589-2307b21e0f92 a5aeeee9-0291-357d-8529-f2220489c41e 2109882d-0f48-31a0-8b58-44429ff8ab58 0cca8f2a-447a-3b04-8a0d-4c1e12ae67d0,https://baseballsavant.mlb.com/sporty-videos?playId=0cca8f2a-447a-3b04-8a0d-4c1e12ae67d0,Liam Hicks called out on strikes.,,,,,https://www.mlb.com/gameday/823493,https://baseballsavant.mlb.com/gamefeed?gamePk=823493
823493,2026-09-24,TB @ NYY,R,57,7,bottom,0,Amed Rosario,Jake Woodford,R,R,field_out,out,"Amed Rosario grounds out softly, third baseman Junior Caminero to first baseman Ryan Vilade. Ben Rice to 2nd.",0,MJ,0,139,1,1B,0,0,0,0,0,,54.4,-49.0,4.0,ground_ball,soft,,,0,e864b186-00a5-33b6-bc08-6859b9c79dec,9c7117df-24c2-3110-b423-6a8fa769cd80 5ca524d3-66b4-31f4-9a52-bdcdc0150af3 e864b186-00a5-33b6-bc08-6859b9c79dec,https://baseballsavant.mlb.com/sporty-videos?playId=e864b186-00a5-33b6-bc08-6859b9c79dec,"Amed Rosario grounds out softly, third baseman Junior Caminero to first baseman Ryan Vilade. Ben Rice to 2nd.",,,,,https://www.mlb.com/gameday/823493,https://baseballsavant.mlb.com/gamefeed?gamePk=823493
823493,2026-09-24,TB @ NYY,R,60,7,bottom,1,Austin Wells,Brody Hopkins,L,R,walk,other,"Liam Hicks challenged (pitch result), call on the field was confirmed: Austin Wells walks. Anthony Volpe to 2nd.",0,MJ,0,139,1,1B,0,0,0,0,0,,,,,,,,,0,de9a5120-3952-3bca-a2ba-31ecc696c96e,67bc6982-8c81-3c3c-a48f-2df519b3c48e a937162e-503f-3f78-90e9-ed98b8310a6e c053e793-50cb-34fc-8bb2-5726bbc74297 68f7c79c-ce40-3dda-8ef5-64b7bfc6f5e6 eb03083c-1e0f-35be-9192-e34adc679c0b 7f6cdded-ddb7-3abe-b727-e435040e4d78 de9a5120-3952-3bca-a2ba-31ecc696c96e,https://baseballsavant.mlb.com/sporty-videos?playId=de9a5120-3952-3bca-a2ba-31ecc696c96e,Austin Wells walks. Anthony Volpe to 2nd.,0,,,,https://www.mlb.com/gameday/823493,https://baseballsavant.mlb.com/gamefeed?gamePk=823493
823895,2026-09-24,SD @ LAD,R,22,4,top,0,Dustin Harris,Tyler Glasnow,L,R,strikeout,other,"Hunter Feduccia challenged (pitch result), call on the field was overturned: Dustin Harris called out on strikes.",0,MJ,1,119,1,-,0,0,0,0,0,,,,,,,,,0,b2b137ba-5f46-3ee6-aa2e-2e5540f8c7ba,7c30618b-5471-3f1d-af8f-ad51b38eaabf ae7eb745-6722-372b-9479-629548239624 b2b137ba-5f46-3ee6-aa2e-2e5540f8c7ba,https://baseballsavant.mlb.com/sporty-videos?playId=b2b137ba-5f46-3ee6-aa2e-2e5540f8c7ba,Dustin Harris called out on strikes.,1,,,,https://www.mlb.com/gameday/823895,https://baseballsavant.mlb.com/gamefeed?gamePk=823895
823895,2026-09-24,SD @ LAD,R,23,4,top,1,Manny Machado,Tyler Glasnow,R,R,strikeout,other,Manny Machado strikes out swinging.,0,MJ,0,135,1,1B,0,0,0,0,0,,,,,,,,,0,f9bda6e0-869c-3448-a024-d31da01c8afb,21d32dab-77ec-3b3b-b1a7-d3f7cebb905d 35884086-c291-36df-bc18-406270c6b466 ff33b93b-284c-326a-9821-f8253996cc1d 2a085b8b-15ce-3a30-a8fb-b553b1d8776f ac0339a2-06a7-37c6-b160-0bb27c37a801 f9bda6e0-869c-3448-a024-d31da01c8afb,https://baseballsavant.mlb.com/sporty-videos?playId=f9bda6e0-869c-3448-a024-d31da01c8afb,Manny Machado strikes out swinging.,,,,,https://www.mlb.com/gameday/823895,https://baseballsavant.mlb.com/gamefeed?gamePk=823895
823895,2026-09-24,SD @ LAD,R,44,6,bottom,1,Max Muncy,Yuki Matsui,L,L,field_out,out,Max Muncy pops out to second baseman Jake Cronenworth.,0,MI,1,135,1,-,0,0,0,0,0,,96.2,67.0,159.0,popup,medium,,,0,647c14af-9ab5-3076-880f-2fe41affa903,231c8919-666a-3e9b-bafa-1e7b4950121b 5b1e9072-a5ac-3496-b1d2-087f47f5a290 1e44c03f-b09e-3f64-813c-211139231638 647c14af-9ab5-3076-880f-2fe41affa903,https://baseballsavant.mlb.com/sporty-videos?playId=647c14af-9ab5-3076-880f-2fe41affa903,Max Muncy pops out to second baseman Jake Cronenworth.,,,,,https://www.mlb.com/gameday/823895,https://baseballsavant.mlb.com/gamefeed?gamePk=823895
823895,2026-09-24,SD @ LAD,R,46,7,top,0,Ty France,Tyler Glasnow,R,R,field_out,out,Ty France pops out softly to shortstop Mookie Betts.,0,MJ,1,119,1,-,0,0,0,0,0,,76.1,59.0,175.0,popup,soft,,,0,84ecb7f4-1616-3a00-bb92-028ebf440f18,5c35e47d-d1c2-3d97-b2d7-6793f8b6b336 47067c0d-0bd2-3c9c-a78a-0c011ef046a2 2f0de346-1aa1-395d-bf69-3a340c151070 84ecb7f4-1616-3a00-bb92-028ebf440f18,https://baseballsavant.mlb.com/sporty-videos?playId=84ecb7f4-1616-3a00-bb92-028ebf440f18,Ty France pops out softly to shortstop Mookie Betts.,,,,,https://www.mlb.com/gameday/823895,https://baseballsavant.mlb.com/gamefeed?gamePk=823895
823895,2026-09-24,SD @ LAD,R,48,7,top,1,Xander Bogaerts,Tyler Glasnow,R,R,walk,other,Xander Bogaerts walks.,0,MJ,0,119,1,-,0,0,0,0,0,,,,,,,,,0,89361645-2aca-39ce-a926-1ba1e92bd443,31d30542-989a-35d9-a636-9b0df4aa48c8 5d8b1efb-6a36-3d13-90fa-5166fd633069 648b1b4d-9044-3a71-bcda-df0ab11ba505 444795bd-bc03-39fe-8876-fb6ef8db8f0e c06bb4a3-aff8-36f8-b2e9-6089f6f51f42 6e3c3a9e-fe09-3be8-8938-6f9fdeb0a806 87ca8235-6472-45af-8fbc-18b5700a2c2a 89361645-2aca-39ce-a926-1ba1e92bd443,https://baseballsavant.mlb.com/sporty-videos?playId=89361645-2aca-39ce-a926-1ba1e92bd443,Xander Bogaerts walks.,,,,,https://www.mlb.com/gameday/823895,https://baseballsavant.mlb.com/gamefeed?gamePk=823895
823895,2026-09-24,SD @ LAD,R,50,7,top,1,Samad Taylor,Justin Wrobleski,R,L,strikeout,other,"Samad Taylor challenged (pitch result), call on the field was confirmed: Samad Taylor called out on strikes.",0,MJ,0,135,1,-,0,0,0,0,0,,,,,,,,,0,f5bfd999-fd15-34d0-9258-e8346930dd52,89f0de4f-9770-3401-8e7d-929043f3066c 445f8d8f-a6f8-3425-bad8-ddb6ae8a70cd f5bfd999-fd15-34d0-9258-e8346930dd52,https://baseballsavant.mlb.com/sporty-videos?playId=f5bfd999-fd15-34d0-9258-e8346930dd52,Samad Taylor called out on strikes.,0,,,,https://www.mlb.com/gameday/823895,https://baseballsavant.mlb.com/gamefeed?gamePk=823895
824059,2026-09-24,CWS @ KC,R,18,2,top,2,Tristan Peters,Anthony Gose,L,L,field_out,out,Tristan Peters lines out to right fielder John Rave.,0,MJ,1,118,1,-,0,0,0,0,0,,80.4,22.0,259.0,line_drive,medium,,,0,f99c258c-d050-3e1c-9aa6-3d0c56f76fb6,2b64decc-d409-37ed-bd21-764814c6c46c 40ea852a-4885-3cbd-bab6-7685809e3cc1 7c16193e-9e72-3533-837f-07d1b097250e f99c258c-d050-3e1c-9aa6-3d0c56f76fb6,https://baseballsavant.mlb.com/sporty-videos?playId=f99c258c-d050-3e1c-9aa6-3d0c56f76fb6,Tristan Peters lines out to right fielder John Rave.,,,,,https://www.mlb.com/gameday/824059,https://baseballsavant.mlb.com/gamefeed?gamePk=824059
824059,2026-09-24,CWS @ KC,R,44,5,top,1,Kyle Teel,Jose Cuas,L,R,walk,other,Kyle Teel walks. Sam Antonacci to 2nd.,0,MJ,1,145,1,1B,0,0,0,0,0,,,,,,,,,0,4a8d658f-8104-3d08-871d-e7c1cc0998b3,7c63fc7a-0800-3296-b001-673f79449dfd c9347a4d-cb32-35db-a21e-bcf458b0741e 889a1844-f5a6-32c1-9fbc-c430c26e2c3c 67e1a625-1754-3c9e-aded-5eb4f95ec22c 4a8d658f-8104-3d08-871d-e7c1cc0998b3,https://baseballsavant.mlb.com/sporty-videos?playId=4a8d658f-8104-3d08-871d-e7c1cc0998b3,Kyle Teel walks. Sam Antonacci to 2nd.,,,,,https://www.mlb.com/gameday/824059,https://baseballsavant.mlb.com/gamefeed?gamePk=824059
824059,2026-09-24,CWS @ KC,R,50,5,bottom,0,Isaac Collins,David Sandlin,L,R,grounded_into_double_play,out,"Isaac Collins grounds into a double play, shortstop Colson Montgomery to first baseman Munetaka Murakami. Kyle Isbel out at 2nd. Isaac Collins out at 1st.",0,MJ,1,145,1,1B,0,0,0,0,0,,70.2,7.0,85.0,ground_ball,medium,,,0,458f3c3e-1ac2-33e4-a33e-15272956a9bb,a62e956c-0bbb-31ca-b63d-2b7cd841fa06 dae76ec6-51b8-35da-b663-39ecf7b515ec 458f3c3e-1ac2-33e4-a33e-15272956a9bb,https://baseballsavant.mlb.com/sporty-videos?playId=458f3c3e-1ac2-33e4-a33e-15272956a9bb,"Isaac Collins grounds into a double play, shortstop Colson Montgomery to first baseman Munetaka Murakami. Kyle Isbel out at 2nd. Isaac Collins out at 1st.",,,,,https://www.mlb.com/gameday/824059,https://baseballsavant.mlb.com/gamefeed?gamePk=824059
824059,2026-09-24,CWS @ KC,R,56,6,bottom,1,Vinnie Pasquantino,David Sandlin,L,R,field_out,out,Vinnie Pasquantino flies out to right fielder Braden Montgomery.,0,MJ,1,145,1,-,0,0,0,0,0,,94.7,44.0,274.0,fly_ball,medium,,,0,061bb429-e4e1-3a94-9605-ea10ebb258b7,7f83d31a-578d-38af-9813-8f134992e6c5 0ffb78d7-43d9-3f17-954f-efbe0acb6777 b121ef7c-a392-34ba-9bc3-d2ebb19edb7e d829e5c5-05e5-3203-aff3-30b79765a762 e3dff77c-7630-318e-b255-90fe740abcea d2c0b6dc-99f1-32f1-b3ce-59ba2dd25fe0 be86346d-612c-3df0-b149-34c5ad331bd8 512f668c-1b60-3133-bf2a-428c1842ae8b e92b5845-1fc5-324c-a1d3-e797c9a41cad 061bb429-e4e1-3a94-9605-ea10ebb258b7,https://baseballsavant.mlb.com/sporty-videos?playId=061bb429-e4e1-3a94-9605-ea10ebb258b7,Vinnie Pasquantino flies out to right fielder Braden Montgomery.,,,,,https://www.mlb.com/gameday/824059,https://baseballsavant.mlb.com/gamefeed?gamePk=824059
824059,2026-09-24,CWS @ KC,R,67,8,top,1,Tristan Peters,Spencer Bivens,L,R,strikeout,other,Tristan Peters strikes out swinging.,0,MJ,1,145,1,-,0,0,0,0,0,,,,,,,,,0,e8b0fd8c-6e22-3c68-bfec-3cfa803621d4,770fe89f-f474-3d74-b60c-e98e15363cf5 cbc1ea7e-0c09-34a1-9418-719e7201fa53 450ef3b6-f7ab-3430-8106-45f52661f3d4 044e5354-c1d3-3a62-b945-20e82662f472 f15d65dc-6575-3533-b706-665ae6e23a8b e8b0fd8c-6e22-3c68-bfec-3cfa803621d4,https://baseballsavant.mlb.com/sporty-videos?playId=e8b0fd8c-6e22-3c68-bfec-3cfa803621d4,Tristan Peters strikes out swinging.,,,,,https://www.mlb.com/gameday/824059,https://baseballsavant.mlb.com/gamefeed?gamePk=824059
824059,2026-09-24,CWS @ KC,R,70,8,bottom,1,Carter Jensen,Tyler Davis,L,R,field_out,out,Carter Jensen flies out to left fielder Tristan Peters.,0,MJ,0,145,1,-,0,0,0,0,0,,86.0,41.0,299.0,fly_ball,medium,,,0,8880fd37-32b6-3456-9e19-2d1de26f0e12,e549df43-8813-3c21-b320-6df846eb3831 3b22af29-6d7c-3a3a-9387-f3c714941630 6b584ea1-123d-34cf-af0e-658c54a8ed69 0fe20943-a230-3128-9037-4ae0fcf67ac6 0614e37a-ab07-3463-80cf-37aced46fbb4 8b0bb4b6-7387-3ec4-8391-39a21798226a 29cffa13-52a8-3e88-b775-1767b527b2d0 8880fd37-32b6-3456-9e19-2d1de26f0e12,https://baseballsavant.mlb.com/sporty-videos?playId=8880fd37-32b6-3456-9e19-2d1de26f0e12,Carter Jensen flies out to left fielder Tristan Peters.,,,,,https://www.mlb.com/gameday/824059,https://baseballsavant.mlb.com/gamefeed?gamePk=824059
824059,2026-09-24,CWS @ KC,R,81,9,bottom,2,John Rave,Trevor Richards,L,R,field_out,out,"John Rave grounds out, second baseman Sam Antonacci to pitcher Trevor Richards.",0,MJ,1,145,1,-,0,0,0,0,0,,66.7,-28.0,6.0,ground_ball,medium,,,0,1c74dbf9-9993-3861-a545-7502833f0842,a8935c25-d756-347e-ac31-0ac900a2e378 3028992d-477d-3d3a-82bf-10ce47a0580d c7693a0c-5c38-3eaf-84a3-74d2a185adcc 600e4f3b-4280-3514-b6b7-b47656fe4f9f 1c74dbf9-9993-3861-a545-7502833f0842,https://baseballsavant.mlb.com/sporty-videos?playId=1c74dbf9-9993-3861-a545-7502833f0842,"John Rave grounds out, second baseman Sam Antonacci to pitcher Trevor Richards.",,,,,https://www.mlb.com/gameday/824059,https://baseballsavant.mlb.com/gamefeed?gamePk=824059
824298,2026-09-24,AZ @ COL,R,6,1,top,0,Corbin Carroll,Tanner Gordon,L,R,walk,other,Corbin Carroll walks.,0,MJ,0,115,1,-,0,0,0,0,0,,,,,,,,,0,3483c719-7428-3054-8ddb-417e8352179e,07967c27-7aaf-34cd-8b82-285e6a3d8c14 a65a3064-5244-3250-8f5f-3790dc153e88 f7d1aaac-7811-3474-9736-6bed8f76d3a9 d27236ff-b6b3-38b0-b69d-20dcfbe00f7c f3b41e84-ce94-38bd-8923-03527ace5847 26a04c1d-528e-3783-a8b7-e82d45d374b1 3483c719-7428-3054-8ddb-417e8352179e,https://baseballsavant.mlb.com/sporty-videos?playId=3483c719-7428-3054-8ddb-417e8352179e,Corbin Carroll walks.,,,,,https://www.mlb.com/gameday/824298,https://baseballsavant.mlb.com/gamefeed?gamePk=824298
824298,2026-09-24,AZ @ COL,R,33,4,top,0,Geraldo Perdomo,Tanner Gordon,L,R,walk,other,Geraldo Perdomo walks.,0,MJ,1,115,1,-,0,0,0,0,0,,,,,,,,,0,2b83e1b4-e650-3cf0-851d-1639ebb72953,8d48ffc6-da03-336c-8a59-c3997ea77cb5 909d8fdc-f366-34cc-a1b0-5b95cac07eef 0538fe00-d740-3d57-9ca9-43ec0be84031 364fc816-b84e-3fe9-bd3f-f41a1b055dda 1bda0fb6-e02b-3b35-8d45-75aeba0bd0fa 0aac47b9-caf3-39c7-82a0-84cbd6f8a8a4 7058e561-246a-38ce-bcd7-b87f810354c0 2b83e1b4-e650-3cf0-851d-1639ebb72953,https://baseballsavant.mlb.com/sporty-videos?playId=2b83e1b4-e650-3cf0-851d-1639ebb72953,Geraldo Perdomo walks.,,,,,https://www.mlb.com/gameday/824298,https://baseballsavant.mlb.com/gamefeed?gamePk=824298
824298,2026-09-24,AZ @ COL,R,83,8,bottom,1,Hunter Goodman,Taylor Clarke,R,R,field_out,out,Hunter Goodman lines out to shortstop Geraldo Perdomo.,0,MJ,1,109,1,-,0,0,0,0,0,,66.6,18.0,166.0,line_drive,medium,,,0,e40f0f9b-cdb5-3f2b-b8b9-1c778dc7e3e8,8b068653-7c5c-38ce-ba10-da89f565ca86 bd2af54f-dc4f-3458-89e0-0001cbfc685f 216be71f-4964-3022-bfdc-836826d63ae3 e40f0f9b-cdb5-3f2b-b8b9-1c778dc7e3e8,https://baseballsavant.mlb.com/sporty-videos?playId=e40f0f9b-cdb5-3f2b-b8b9-1c778dc7e3e8,Hunter Goodman lines out to shortstop Geraldo Perdomo.,,,,,https://www.mlb.com/gameday/824298,https://baseballsavant.mlb.com/gamefeed?gamePk=824298
824298,2026-09-24,AZ @ COL,R,93,9,bottom,2,Ezequiel Tovar,Kevin Ginkel,R,R,strikeout,other,"James McCann challenged (pitch result), call on the field was overturned: Ezequiel Tovar called out on strikes.",0,MJ,1,109,1,-,0,0,0,0,0,,,,,,,,,0,8587799b-66a4-3202-b15b-ef8afe84e355,bbae0e55-609c-353a-87c0-010a96eed305 68b18b55-3def-36f2-bdb6-f166d6abae19 0d3ca83a-4af9-3f46-9aa8-3f46aa398247 bc27e7a6-5cfe-39cd-abeb-8f3bedaf3565 6a39f8b6-dc45-3ca8-88a8-2351f4a19a48 2f2380f4-a06d-3d15-863f-f0c96b8a07b2 93555305-4c43-36d9-9a11-f8e4a20b0896 8587799b-66a4-3202-b15b-ef8afe84e355,https://baseballsavant.mlb.com/sporty-videos?playId=8587799b-66a4-3202-b15b-ef8afe84e355,Ezequiel Tovar called out on strikes.,1,,,,https://www.mlb.com/gameday/824298,https://baseballsavant.mlb.com/gamefeed?gamePk=824298
824623,2026-09-24,MIA @ CHC,R,9,2,top,1,Esteury Ruiz,Matthew Boyd,R,L,field_error,error,Esteury Ruiz reaches on a fielding error by third baseman Pedro Ramírez. Javier Sanoja to 2nd.,0,MJ,0,112,1,1B,0,0,0,0,0,,56.6,-18.0,7.0,ground_ball,medium,,,0,c1938f16-9931-3acf-a4f5-a7bca842fa53,b25c6e03-7181-3ad9-9794-24928064bcff 74619168-23a9-3807-b195-da1b49cfd0ec 5bc1d97c-d671-36b5-a6d0-7163bd9783bc 69636b3f-11f0-3603-ac0f-020dc8d9e3bd 76a7702b-6d00-3779-b841-c1c74c5c78f5 e6c2684a-649d-3a44-9c96-4d95d6aa89f2 c1938f16-9931-3acf-a4f5-a7bca842fa53,https://baseballsavant.mlb.com/sporty-videos?playId=c1938f16-9931-3acf-a4f5-a7bca842fa53,Esteury Ruiz reaches on a fielding error by third baseman Pedro Ramírez. Javier Sanoja to 2nd.,,,,,https://www.mlb.com/gameday/824623,https://baseballsavant.mlb.com/gamefeed?gamePk=824623
824623,2026-09-24,MIA @ CHC,R,12,2,bottom,0,Ian Happ,Tyler Phillips,L,R,walk,other,Ian Happ walks.,0,MJ,0,146,1,-,0,0,0,0,0,,,,,,,,,0,694a0268-eaaf-3f97-92cf-c9ea3e97d733,d8795931-665e-33f5-a0f4-38e22c94824f 38236ee9-6c5f-3f7a-8e57-ad2857722809 a3135340-7b6e-32c8-a431-e5673343f4a0 a430ca4f-0b86-38f5-b50c-9f6796b6bb42 e60d41e2-bae7-3036-8df9-5d06f139afd9 694a0268-eaaf-3f97-92cf-c9ea3e97d733,https://baseballsavant.mlb.com/sporty-videos?playId=694a0268-eaaf-3f97-92cf-c9ea3e97d733,Ian Happ walks.,,,,,https://www.mlb.com/gameday/824623,https://baseballsavant.mlb.com/gamefeed?gamePk=824623
824707,2026-09-24,CLE @ BOS,R,9,2,top,1,Travis Bazzana,Ranger Suarez,L,L,strikeout,other,Travis Bazzana called out on strikes.,0,MJ,1,111,1,-,0,0,0,0,0,,,,,,,,,0,214b4758-691a-33d1-9c5e-0b6f01fbee56,5ba9baae-9bb6-3df4-a23a-5ddc9ecf7170 97ab7e2d-e471-3a20-99de-cd1f39732b9e bfafbfa8-c99f-356b-bf55-21802fc5bea3 e981783b-8f62-3440-b3c3-24a1509dc6ad 2e0f6c0c-76ee-3b89-a233-8b0722312dab 28d2f8f6-4127-39b4-9527-670e23009192 39080fdd-54f3-3c70-9962-ad4c2704e230 214b4758-691a-33d1-9c5e-0b6f01fbee56,https://baseballsavant.mlb.com/sporty-videos?playId=214b4758-691a-33d1-9c5e-0b6f01fbee56,Travis Bazzana called out on strikes.,,,,,https://www.mlb.com/gameday/824707,https://baseballsavant.mlb.com/gamefeed?gamePk=824707
824707,2026-09-24,CLE @ BOS,R,17,3,top,1,José Ramírez,Ranger Suarez,R,L,single,hit,José Ramírez singles on a soft ground ball to pitcher Ranger Suarez. Steven Kwan to 2nd.,0,MJ,1,114,1,1B,0,0,0,0,0,,96.5,-29.0,3.0,ground_ball,soft,,,0,e1043493-5763-31ba-bb3f-058e8ad71606,61f494c1-0032-3d62-905a-9da92bd65eed 6b80c1da-9512-32c4-b12d-6f7ff398df74 6e5f7d97-1942-30db-8ae4-daaaa6301f10 1aeac30b-1cbc-3204-9e61-6adc8d39399b ea7b4a3d-4bf4-3d9a-93a3-e336922c4ab5 6d6c1402-bac1-34f0-b6d6-8caa680e2def 7c787a3d-07a2-3530-a649-325ff53a3415 83d15f00-7bd6-3b95-9954-cc237afd222d d90c2a02-630b-3d06-9121-0958751d7dfb fec25b54-ca4b-361c-be5d-8c7afbe4a902 e1043493-5763-31ba-bb3f-058e8ad71606,https://baseballsavant.mlb.com/sporty-videos?playId=e1043493-5763-31ba-bb3f-058e8ad71606,José Ramírez singles on a soft ground ball to pitcher Ranger Suarez. Steven Kwan to 2nd.,,,,,https://www.mlb.com/gameday/824707,https://baseballsavant.mlb.com/gamefeed?gamePk=824707
824707,2026-09-24,CLE @ BOS,R,22,3,bottom,2,Nick Sogard,Joey Cantillo,R,L,single,hit,Nick Sogard singles on a line drive to left fielder Angel Martínez.,0,MJ,1,114,1,-,0,0,0,0,0,,82.9,16.0,198.0,line_drive,medium,,,0,2bfcf8dd-8568-30a2-a4d1-1e985765f57c,16ce6328-577a-30ca-b96f-07dbbcd28298 a1408c9d-4791-3c49-9d0a-c18c19088383 2bfcf8dd-8568-30a2-a4d1-1e985765f57c,https://baseballsavant.mlb.com/sporty-videos?playId=2bfcf8dd-8568-30a2-a4d1-1e985765f57c,Nick Sogard singles on a line drive to left fielder Angel Martínez.,,,,,https://www.mlb.com/gameday/824707,https://baseballsavant.mlb.com/gamefeed?gamePk=824707
824707,2026-09-24,CLE @ BOS,R,38,6,top,0,Chase DeLauter,Patrick Sandoval,L,L,strikeout,other,"Adley Rutschman challenged (pitch result), call on the field was overturned: Chase DeLauter called out on strikes.",0,MJ,1,111,1,1B,0,0,0,0,0,,,,,,,,,0,81d27343-511a-36f8-b18f-1239b9e0b949,500c3e08-6be6-3749-a700-d6e247e1593d c764f779-78f6-3546-bd6a-28243dab7635 cc72666a-3023-354e-9e50-6db721be39ff 2cea0615-f92e-321e-af52-b957ddad1855 81d27343-511a-36f8-b18f-1239b9e0b949,https://baseballsavant.mlb.com/sporty-videos?playId=81d27343-511a-36f8-b18f-1239b9e0b949,Chase DeLauter called out on strikes.,1,,,,https://www.mlb.com/gameday/824707,https://baseballsavant.mlb.com/gamefeed?gamePk=824707
824707,2026-09-24,CLE @ BOS,R,41,6,bottom,0,Nick Sogard,Joey Cantillo,R,L,field_out,out,Nick Sogard flies out to left fielder Angel Martínez.,0,MJ,1,114,1,-,0,0,0,0,0,,83.0,31.0,301.0,fly_ball,medium,,,0,5933dc4f-f557-3840-ba74-ef4b7474c900,b5e19ce7-fa26-3f69-b0e0-993d87073ac3 b1e3f225-4f7a-3f7d-a5ae-1e1e652bd916 5933dc4f-f557-3840-ba74-ef4b7474c900,https://baseballsavant.mlb.com/sporty-videos?playId=5933dc4f-f557-3840-ba74-ef4b7474c900,Nick Sogard flies out to left fielder Angel Martínez.,,,,,https://www.mlb.com/gameday/824707,https://baseballsavant.mlb.com/gamefeed?gamePk=824707
824707,2026-09-24,CLE @ BOS,R,50,7,bottom,2,Jarren Duran,Hunter Gaddis,L,R,single,hit,Jarren Duran singles on a sharp line drive to right fielder Chase DeLauter.,0,MJ,1,111,1,-,0,0,0,0,0,,108.2,13.0,274.0,line_drive,hard,,,0,aa8773dd-17d7-3c6c-b338-a6d330ad76e5,3706b21a-9849-33a7-a99a-c486c436c310 dc1fd22c-31fe-3e21-b1ce-2fd6bcb75e07 aa8773dd-17d7-3c6c-b338-a6d330ad76e5,https://baseballsavant.mlb.com/sporty-videos?playId=aa8773dd-17d7-3c6c-b338-a6d330ad76e5,Jarren Duran singles on a sharp line drive to right fielder Chase DeLauter.,,,,,https://www.mlb.com/gameday/824707,https://baseballsavant.mlb.com/gamefeed?gamePk=824707
824707,2026-09-24,CLE @ BOS,R,55,8,bottom,0,Isiah Kiner-Falefa,Erik Sabrowski,R,L,strikeout,other,"Isiah Kiner-Falefa challenged (pitch result), call on the field was confirmed: Isiah Kiner-Falefa called out on strikes.",0,MJ,0,111,1,-,0,0,0,0,0,,,,,,,,,0,d7b33ec3-5aa9-34ab-b447-856268a694ba,a5451ccb-9a88-3ac7-a096-8af71079b397 53400bf2-cd54-3bc2-88ce-73f2d2d6bd20 009918e6-a89a-38b3-a920-981ee54acb4b 3f7f737e-5cb5-35f0-8350-6ab70e9723c7 d7b33ec3-5aa9-34ab-b447-856268a694ba,https://baseballsavant.mlb.com/sporty-videos?playId=d7b33ec3-5aa9-34ab-b447-856268a694ba,Isiah Kiner-Falefa called out on strikes.,0,,,,https://www.mlb.com/gameday/824707,https://baseballsavant.mlb.com/gamefeed?gamePk=824707
824707,2026-09-24,CLE @ BOS,R,58,8,bottom,2,Adley Rutschman,Erik Sabrowski,R,L,strikeout,other,"Adley Rutschman challenged (pitch result), call on the field was confirmed: Adley Rutschman called out on strikes.",0,MJ,0,111,1,-,0,0,0,0,0,,,,,,,,,0,5b99819c-1643-3d44-ac44-fa4c0efd26ee,8be7e4cb-dd01-3bac-bec5-d64262dce37d 1afd3c17-ccac-3a0c-bd72-cf650bb1606e 533e98e0-3a15-39e7-b600-a0d45547409a 5b99819c-1643-3d44-ac44-fa4c0efd26ee,https://baseballsavant.mlb.com/sporty-videos?playId=5b99819c-1643-3d44-ac44-fa4c0efd26ee,Adley Rutschman called out on strikes.,0,,,,https://www.mlb.com/gameday/824707,https://baseballsavant.mlb.com/gamefeed?gamePk=824707
824866,2026-09-24,CIN @ ATL,R,5,1,bottom,0,Ronald Acuña Jr.,Brady Singer,R,R,single,hit,Ronald Acuña Jr. singles on a sharp line drive to right fielder Héctor Rodríguez. Drake Baldwin to 3rd.,0,MJ,1,113,1,"1B,2B",1,0,0,0,0,,103.6,21.0,361.0,line_drive,hard,,,0,3b6edf55-e867-3ec4-a938-6941d5ad5b7b,5f9adc54-3548-3dea-bd0e-518bfdd68784 b87c503a-dbf3-3503-a55d-eb91f45d8547 3b6edf55-e867-3ec4-a938-6941d5ad5b7b,https://baseballsavant.mlb.com/sporty-videos?playId=3b6edf55-e867-3ec4-a938-6941d5ad5b7b,Ronald Acuña Jr. singles on a sharp line drive to right fielder Héctor Rodríguez. Drake Baldwin to 3rd.,,,,,https://www.mlb.com/gameday/824866,https://baseballsavant.mlb.com/gamefeed?gamePk=824866
824866,2026-09-24,CIN @ ATL,R,42,5,top,1,Tyler Stephenson,Tyler Mahle,R,R,strikeout_double_play,other,"Tyler Stephenson called out on strikes and Sal Stewart caught stealing 2nd, catcher Sean Murphy to second baseman Ozzie Albies to catcher Sean Murphy.",0,MJ,0,144,1,1B,0,0,0,0,0,,,,,,,,,0,9e557e35-0b6b-36ce-936a-c19535e6d67a,e21a191f-b885-3044-9b1b-46aa55e9d849 b08f94c1-3ef6-36cf-bfce-855c5a7d6eca 5640a9c0-da34-3043-9f7a-22a887f9a0fc d9b319d5-0aa7-3983-82c1-20ada6da7995 a04ad3e6-4fc3-3089-9820-927a54bb0b3f c3ff1782-bb0d-37d9-aa7e-d3b9860ddbb7 9e557e35-0b6b-36ce-936a-c19535e6d67a,https://baseballsavant.mlb.com/sporty-videos?playId=9e557e35-0b6b-36ce-936a-c19535e6d67a,"Tyler Stephenson called out on strikes and Sal Stewart caught stealing 2nd, catcher Sean Murphy to second baseman Ozzie Albies to catcher Sean Murphy.",,,,,https://www.mlb.com/gameday/824866,https://baseballsavant.mlb.com/gamefeed?gamePk=824866
824866,2026-09-24,CIN @ ATL,R,61,7,top,2,Sal Stewart,AJ Smith-Shawver,R,R,field_out,out,Sal Stewart lines out sharply to first baseman Matt Olson.,0,MJ,0,113,1,-,0,0,0,0,0,,101.7,8.0,178.0,line_drive,hard,,,0,15fdc23b-b8c4-3a8c-82e7-07e6de06c917,2d279d79-e365-35a4-ab51-3a81d3ec11c9 36eb9ccb-c9e4-3640-a857-de1f40420254 40c78669-54ce-318b-b4a8-5827df610143 4d718c23-73cf-3a4b-beec-2754e7dfca7a 3357a7e3-b5ed-3d1f-97d1-4ce4aa01a5c9 d4e5cd90-27f9-36d0-b28c-7d89327886f7 6bef1e95-d3d2-3960-a9cd-526f75be116e 15fdc23b-b8c4-3a8c-82e7-07e6de06c917,https://baseballsavant.mlb.com/sporty-videos?playId=15fdc23b-b8c4-3a8c-82e7-07e6de06c917,Sal Stewart lines out sharply to first baseman Matt Olson.,,,,,https://www.mlb.com/gameday/824866,https://baseballsavant.mlb.com/gamefeed?gamePk=824866
824866,2026-09-24,CIN @ ATL,R,62,7,bottom,0,Ozzie Albies,Tejay Antone,L,R,strikeout,other,Ozzie Albies strikes out swinging.,0,MJ,1,113,1,-,0,0,0,0,0,,,,,,,,,0,0f6374dd-7222-3cf8-a48e-ec9bb4c7e294,7097c293-6167-3fd0-bf72-e5a10b5cfe17 716e1a1c-5e66-3e64-bc6e-c20885e60c88 8f120daa-e3f5-38a7-b3b9-f025880acf3b a860da7e-a283-37f5-b6d5-8ff79cafad69 acd7cd86-be05-3797-8d62-a731b06d30d4 0f6374dd-7222-3cf8-a48e-ec9bb4c7e294,https://baseballsavant.mlb.com/sporty-videos?playId=0f6374dd-7222-3cf8-a48e-ec9bb4c7e294,Ozzie Albies strikes out swinging.,,,,,https://www.mlb.com/gameday/824866,https://baseballsavant.mlb.com/gamefeed?gamePk=824866
824950,2026-09-24,HOU @ ATH,R,15,2,bottom,0,Donovan Walton,Peter Lambert,L,R,strikeout,other,"Donovan Walton challenged (pitch result), call on the field was confirmed: Donovan Walton called out on strikes.",0,MJ,0,133,1,-,0,0,0,0,0,,,,,,,,,0,ad3f03a4-39e5-3579-a702-729972a7cbe2,675b1471-412f-30ea-acb8-0c284ca2f9e4 0b84306a-a252-36a2-94a6-23e3dec317bd baf07580-efac-3442-a968-2e9bec01d11d ad3f03a4-39e5-3579-a702-729972a7cbe2,https://baseballsavant.mlb.com/sporty-videos?playId=ad3f03a4-39e5-3579-a702-729972a7cbe2,Donovan Walton called out on strikes.,0,,,,https://www.mlb.com/gameday/824950,https://baseballsavant.mlb.com/gamefeed?gamePk=824950
824950,2026-09-24,HOU @ ATH,R,17,2,bottom,2,Joshua Kuroda-Grauer,Peter Lambert,R,R,strikeout,other,Joshua Kuroda-Grauer strikes out swinging.,0,MJ,1,117,1,-,0,0,0,0,0,,,,,,,,,0,010fe31a-587b-384d-a900-2a394291e783,e6c4327d-779a-3cd9-acdd-68ff4547e882 b90a3f2e-94f0-3fad-8cba-8eff1a88965e 010fe31a-587b-384d-a900-2a394291e783,https://baseballsavant.mlb.com/sporty-videos?playId=010fe31a-587b-384d-a900-2a394291e783,Joshua Kuroda-Grauer strikes out swinging.,,,,,https://www.mlb.com/gameday/824950,https://baseballsavant.mlb.com/gamefeed?gamePk=824950
824950,2026-09-24,HOU @ ATH,R,22,3,bottom,0,Jonah Heim,Peter Lambert,R,R,walk,other,Jonah Heim walks.,0,MJ,1,117,1,-,0,0,0,0,0,,,,,,,,,0,16b48249-05d3-305a-8bdb-d65e2b3bc1fe,5e5d60a2-838c-34b2-ac65-f5c681f50f62 4f6b7aa0-d4ab-311e-975a-17a6846dc165 5a46526d-5f01-3d4f-bb3d-a3d6245c3916 ebfd0217-d3c9-3377-9045-22070a2ccbf0 56b0dbb8-6f44-3505-95b9-d5a8e7d40c9b 30880100-b144-30ad-ac25-b631bf468ad6 16b48249-05d3-305a-8bdb-d65e2b3bc1fe,https://baseballsavant.mlb.com/sporty-videos?playId=16b48249-05d3-305a-8bdb-d65e2b3bc1fe,Jonah Heim walks.,,,,,https://www.mlb.com/gameday/824950,https://baseballsavant.mlb.com/gamefeed?gamePk=824950
824950,2026-09-24,HOU @ ATH,R,25,3,bottom,2,Shea Langeliers,Peter Lambert,R,R,single,hit,Shea Langeliers singles on a line drive to left fielder Yordan Alvarez. Jonah Heim to 3rd.,0,MJ,1,133,1,"1B,2B",1,0,0,0,0,,81.1,16.0,203.0,line_drive,medium,,,0,860a207a-ec33-3de2-ae40-96ab28f5d801,0e332b12-2ed6-3352-891a-a9f74243bb2d 7e67f3fe-317d-32eb-b89d-66ec888c942c f3eed2e0-50f5-34d4-9b9f-f22019043e33 f1b83679-bf4f-3a8e-8781-2ceea5dfbc18 b4d74bcf-ebe3-3ef4-8d14-0ec09467e854 860a207a-ec33-3de2-ae40-96ab28f5d801,https://baseballsavant.mlb.com/sporty-videos?playId=860a207a-ec33-3de2-ae40-96ab28f5d801,Shea Langeliers singles on a line drive to left fielder Yordan Alvarez. Jonah Heim to 3rd.,,,,,https://www.mlb.com/gameday/824950,https://baseballsavant.mlb.com/gamefeed?gamePk=824950
822681,2026-09-25,NYM @ WSH,R,5,1,top,1,Francisco Alvarez,Andrew Alvarez,R,L,grounded_into_double_play,out,"Francisco Alvarez grounds into a double play, second baseman Jorbit Vivas to shortstop CJ Abrams to first baseman Andrés Chaparro. Carson Benge out at 2nd. Francisco Alvarez out at 1st.",0,MJ,0,121,1,1B,0,0,0,0,0,,97.4,-1.0,39.0,ground_ball,medium,,,0,1498df10-7a14-3436-9c31-c0d85efc2350,5783be24-37b2-3f55-bc4f-bfb1d28db390 ab77cdb0-d176-3f12-95ee-ae1266dddf0d 204c88a9-ccee-3bbf-8ea3-eec501f1df60 830fae27-1b93-3713-b44d-ec6ef255b6f9 1498df10-7a14-3436-9c31-c0d85efc2350,https://baseballsavant.mlb.com/sporty-videos?playId=1498df10-7a14-3436-9c31-c0d85efc2350,"Francisco Alvarez grounds into a double play, second baseman Jorbit Vivas to shortstop CJ Abrams to first baseman Andrés Chaparro. Carson Benge out at 2nd. Francisco Alvarez out at 1st.",,,,,https://www.mlb.com/gameday/822681,https://baseballsavant.mlb.com/gamefeed?gamePk=822681
822681,2026-09-25,NYM @ WSH,R,29,3,bottom,0,Dylan Crews,Jonathan Pintaro,R,R,walk,other,Dylan Crews walks.,0,MJ,1,121,1,"2B,3B",1,2,2,0,0,,,,,,,,,0,bdfd87c2-23b1-3488-b631-12c99c7ac396,1768ce2b-9b5b-3f16-a5fc-718bbd14aaa6 7bf03931-ae24-3ab2-99ad-40986c12cad9 7592b75c-b851-3253-98e5-4ad9cdedc867 920bfce6-3b3f-32a5-a8a5-1d4cee48b227 42b47b4b-4683-32f1-b3b5-e0638f7e819b 7a348566-7d82-3fab-b3a7-d6e2121c57d5 bdfd87c2-23b1-3488-b631-12c99c7ac396,https://baseballsavant.mlb.com/sporty-videos?playId=bdfd87c2-23b1-3488-b631-12c99c7ac396,Dylan Crews walks.,,NO RBI (run scores only because of the error),RBI,RBI possible (run-scoring fielder's choice is a scorer's call),https://www.mlb.com/gameday/822681,https://baseballsavant.mlb.com/gamefeed?gamePk=822681
822681,2026-09-25,NYM @ WSH,R,53,6,top,2,Christopher Morel,Gus Varland,R,R,strikeout,other,"Christopher Morel challenged (pitch result), call on the field was confirmed: Christopher Morel called out on strikes.",0,MJ,0,121,1,-,0,0,0,0,0,,,,,,,,,0,1a26fe61-18b3-35b5-935d-436759d8db6b,d81f5b99-baeb-3aa3-a64e-ff0391112ce5 c0cf2c80-8574-37aa-bff1-d00718241b04 1a26fe61-18b3-35b5-935d-436759d8db6b,https://baseballsavant.mlb.com/sporty-videos?playId=1a26fe61-18b3-35b5-935d-436759d8db6b,Christopher Morel called out on strikes.,0,,,,https://www.mlb.com/gameday/822681,https://baseballsavant.mlb.com/gamefeed?gamePk=822681
822681,2026-09-25,NYM @ WSH,R,63,7,bottom,1,Jacob Young,Justin Hagenman,R,R,single,hit,Jacob Young singles on a ground ball to left fielder Juan Soto.,0,MJ,1,120,1,-,0,0,0,0,0,,82.8,7.0,102.0,ground_ball,medium,,,0,4984f4db-58c0-3a99-a53c-402ae61feff2,b975e788-1ac2-3bf9-88c1-0a44aea13477 a75d13eb-4024-399e-af47-c549212bf194 a5c2d64c-7cd6-345c-b42c-78f727ecc748 c9e1e008-4589-3c25-8668-124238fa4493 c66f5e27-5bb0-3d4b-8acd-cbe08865d85d f973bd26-70a9-38aa-aa10-46f015ccd203 bd94de69-6fbf-3075-80c8-aa8df37e6ee1 4984f4db-58c0-3a99-a53c-402ae61feff2,https://baseballsavant.mlb.com/sporty-videos?playId=4984f4db-58c0-3a99-a53c-402ae61feff2,Jacob Young singles on a ground ball to left fielder Juan Soto.,,,,,https://www.mlb.com/gameday/822681,https://baseballsavant.mlb.com/gamefeed?gamePk=822681
822760,2026-09-25,CIN @ TOR,R,36,4,top,2,Elly De La Cruz,Brendan Cellucci,R,L,strikeout,other,"Alejandro Kirk challenged (pitch result), call on the field was overturned: Elly De La Cruz called out on strikes.",0,MJ,1,141,1,-,0,0,0,0,0,,,,,,,,,0,d9f996a8-41de-3e8e-b2f7-1fc7af0d21e8,912d387c-bcd5-3eac-b112-997e09fb0700 740785bb-d159-3827-b678-d99ef88e1d9c 3773a362-a8ef-3db8-8894-bbef9d455af9 c50da726-df0e-37dd-aafe-0148a178b846 d9f996a8-41de-3e8e-b2f7-1fc7af0d21e8,https://baseballsavant.mlb.com/sporty-videos?playId=d9f996a8-41de-3e8e-b2f7-1fc7af0d21e8,Elly De La Cruz called out on strikes.,1,,,,https://www.mlb.com/gameday/822760,https://baseballsavant.mlb.com/gamefeed?gamePk=822760
822760,2026-09-25,CIN @ TOR,R,39,4,bottom,1,Alejandro Kirk,Nick Lodolo,R,L,grounded_into_double_play,out,"Alejandro Kirk grounds into a double play, pitcher Nick Lodolo to second baseman Juan Brito to first baseman Sal Stewart. Myles Straw out at 2nd. Alejandro Kirk out at 1st.",0,MJ,0,141,1,1B,0,0,0,0,0,,94.9,-14.0,11.0,ground_ball,medium,,,0,8fac0bc6-a184-3484-bec1-b29ed173516c,7eaefa27-ae08-3cbb-8a29-54c74d813ca5 79abdb44-05a0-4eea-a8c8-ab13cbfae025 890e3fbb-5ed3-3d6b-ade6-51476b343522 6f59dbd0-00d4-324b-91c1-4ba68331edff 4f1fc820-7aae-3039-8030-1247649dd995 186f7954-d181-397b-a5f2-89b0aa525202 8fac0bc6-a184-3484-bec1-b29ed173516c,https://baseballsavant.mlb.com/sporty-videos?playId=8fac0bc6-a184-3484-bec1-b29ed173516c,"Alejandro Kirk grounds into a double play, pitcher Nick Lodolo to second baseman Juan Brito to first baseman Sal Stewart. Myles Straw out at 2nd. Alejandro Kirk out at 1st.",,,,,https://www.mlb.com/gameday/822760,https://baseballsavant.mlb.com/gamefeed?gamePk=822760
822760,2026-09-25,CIN @ TOR,R,61,7,bottom,0,Vladimir Guerrero Jr.,Luis Mey,R,R,single,hit,Vladimir Guerrero Jr. singles on a ground ball to right fielder Héctor Rodríguez. Andrés Giménez scores. Alejandro Kirk to 2nd.,1,MJ,1,113,1,"1B,2B,3B",1,1,1,0,0,,63.9,-19.0,10.0,ground_ball,medium,,,0,b3d3cc85-15ae-377a-ba28-4b16204859c2,30142d85-07d5-30f5-974f-a94cd7c8a908 55618b96-c32b-3b7a-9897-6849990e71dd b3d3cc85-15ae-377a-ba28-4b16204859c2,https://baseballsavant.mlb.com/sporty-videos?playId=b3d3cc85-15ae-377a-ba28-4b16204859c2,Vladimir Guerrero Jr. singles on a ground ball to right fielder Héctor Rodríguez. Andrés Giménez scores. Alejandro Kirk to 2nd.,,NO RBI (run scores only because of the error),RBI,RBI possible (run-scoring fielder's choice is a scorer's call),https://www.mlb.com/gameday/822760,https://baseballsavant.mlb.com/gamefeed?gamePk=822760
823085,2026-09-25,LAA @ SEA,R,19,4,top,0,Mike Trout,Bryce Miller,R,R,walk,other,Mike Trout walks.,0,MJ,0,136,1,-,0,0,0,0,0,,,,,,,,,0,984072be-29bb-3760-b8b1-3e9e023c2713,bfca6b29-99a8-3fe5-9f76-83c8446acfb1 454224ba-591d-3f7f-bab7-afb124b20690 cdc315ea-c973-3aa9-897e-53b13305ff84 b04c4da2-5e41-3d22-989e-cbce2b9404b3 19381ec3-c23a-36d1-a0ee-35667a8e17d2 bdd6e250-472b-3a6c-9cfe-df08a7204225 984072be-29bb-3760-b8b1-3e9e023c2713,https://baseballsavant.mlb.com/sporty-videos?playId=984072be-29bb-3760-b8b1-3e9e023c2713,Mike Trout walks.,,,,,https://www.mlb.com/gameday/823085,https://baseballsavant.mlb.com/gamefeed?gamePk=823085
823085,2026-09-25,LAA @ SEA,R,45,6,bottom,1,Dominic Canzone,Reid Detmers,L,L,walk,other,Dominic Canzone walks.,0,MJ,0,108,1,-,0,0,0,0,0,,,,,,,,,0,d0c849c6-b1b8-32e2-a807-fcdbcea4c605,d94068fa-aba4-3206-883f-e9066c84bc02 931ab3b5-e842-390d-8abb-511de19e257b b7797c85-be2c-3838-b753-68e4f4bb5901 d0c849c6-b1b8-32e2-a807-fcdbcea4c605,https://baseballsavant.mlb.com/sporty-videos?playId=d0c849c6-b1b8-32e2-a807-fcdbcea4c605,Dominic Canzone walks.,,,,,https://www.mlb.com/gameday/823085,https://baseballsavant.mlb.com/gamefeed?gamePk=823085
823167,2026-09-25,LAD @ SF,R,0,1,top,0,Shohei Ohtani,Yunior Marte,L,R,strikeout,other,"Andrew Knizner challenged (pitch result), call on the field was overturned: Shohei Ohtani called out on strikes.",0,MJ,1,137,1,-,0,0,0,0,0,,,,,,,,,0,9c40c737-6180-3ce8-8929-c74e5a0b4445,220cb81d-c95d-34b5-8178-43c6b0b67edb 9e25f6bb-b7af-3dd7-8701-951669cf9bd3 02ac1e24-3eaa-3f2b-8c6d-443fd62ea7a6 b91f948d-dcfa-3f41-95ac-0a7f719102d3 9c40c737-6180-3ce8-8929-c74e5a0b4445,https://baseballsavant.mlb.com/sporty-videos?playId=9c40c737-6180-3ce8-8929-c74e5a0b4445,Shohei Ohtani called out on strikes.,1,,,,https://www.mlb.com/gameday/823167,https://baseballsavant.mlb.com/gamefeed?gamePk=823167
823167,2026-09-25,LAD @ SF,R,2,1,top,1,Freddie Freeman,Yunior Marte,L,R,strikeout,other,Freddie Freeman strikes out swinging.,0,MJ,0,119,1,-,0,0,0,0,0,,,,,,,,,0,d1aaa0da-6f07-3140-bb9a-0e34346f9d0b,d1e3e8da-41b1-355b-a26d-183806dee059 0defb002-ab8a-3b72-bda3-65418d53689c bc3d60c8-99b6-35a9-98fe-0e31b7ae7a07 11cc3491-4576-3963-a944-ff0136711a4f ec5d83b7-ed34-36e4-82be-c4c1b9bf2e16 d1aaa0da-6f07-3140-bb9a-0e34346f9d0b,https://baseballsavant.mlb.com/sporty-videos?playId=d1aaa0da-6f07-3140-bb9a-0e34346f9d0b,Freddie Freeman strikes out swinging.,,,,,https://www.mlb.com/gameday/823167,https://baseballsavant.mlb.com/gamefeed?gamePk=823167
823167,2026-09-25,LAD @ SF,R,18,3,top,2,Will Smith,Yunior Marte,R,R,single,hit,"Dodgers challenged (tag play), call on the field was upheld: Will Smith singles on a sharp line drive to left fielder Scott Bandura. Will Smith out at 2nd on the throw, left fielder Scott Bandura to second baseman Marcelo Mayer.",0,MA,0,119,1,1B,0,0,0,0,0,,104.7,15.0,294.0,line_drive,hard,,,0,2d95e35b-8545-3c9b-a95c-15b6b7adc080,dc437f2f-0589-30b0-9bc3-26e2ab17c794 2d95e35b-8545-3c9b-a95c-15b6b7adc080,https://baseballsavant.mlb.com/sporty-videos?playId=2d95e35b-8545-3c9b-a95c-15b6b7adc080,"Dodgers challenged (tag play), call on the field was upheld: Will Smith singles on a sharp line drive to left fielder Scott Bandura. Will Smith out at 2nd on the throw, left fielder Scott Bandura to second baseman Marcelo Mayer.",,,,,https://www.mlb.com/gameday/823167,https://baseballsavant.mlb.com/gamefeed?gamePk=823167
823167,2026-09-25,LAD @ SF,R,37,6,top,1,Will Smith,Sam Hentges,R,L,strikeout,other,Will Smith called out on strikes.,0,MJ,1,137,1,-,0,0,0,0,0,,,,,,,,,0,51581456-09d0-37f5-b89a-9f0e0fce1df0,e93d0846-c619-3bd3-b6a7-e1ab3aaa0fb8 ff813ff5-46fc-3954-a179-e3ea9341d50b 09c8c18f-6d9c-32b0-951c-de66708e348e 072b1a3f-d3e1-32f3-9a77-7bb218bbd6ad 081ef02a-0c66-3d2d-a0aa-799ea81a8695 51581456-09d0-37f5-b89a-9f0e0fce1df0,https://baseballsavant.mlb.com/sporty-videos?playId=51581456-09d0-37f5-b89a-9f0e0fce1df0,Will Smith called out on strikes.,,,,,https://www.mlb.com/gameday/823167,https://baseballsavant.mlb.com/gamefeed?gamePk=823167
823167,2026-09-25,LAD @ SF,R,52,8,bottom,0,Marcelo Mayer,Roki Sasaki,L,R,strikeout,other,Marcelo Mayer called out on strikes.,0,MJ,1,137,1,-,0,0,0,0,0,,,,,,,,,0,c5438b5a-c5df-3f87-8e82-9b5a5cc93f8f,f821161c-3a2e-3ed0-a228-84982ed85e35 08bd644b-a981-3b1a-820e-98f39c7bf553 c53da6c8-1ffe-3cee-a8e0-cbf64651b0a0 fb4da19b-4c82-3140-9733-6819b9a72b0f 6f986549-515a-31e2-b761-a23dadcd1df4 c5438b5a-c5df-3f87-8e82-9b5a5cc93f8f,https://baseballsavant.mlb.com/sporty-videos?playId=c5438b5a-c5df-3f87-8e82-9b5a5cc93f8f,Marcelo Mayer called out on strikes.,,,,,https://www.mlb.com/gameday/823167,https://baseballsavant.mlb.com/gamefeed?gamePk=823167
823167,2026-09-25,LAD @ SF,R,59,9,bottom,0,Christian Koss,Tanner Scott,R,L,strikeout,other,"Christian Koss challenged (pitch result), call on the field was confirmed: Christian Koss called out on strikes.",0,MJ,0,137,1,-,0,0,0,0,0,,,,,,,,,0,67189006-0bc5-3f9f-b328-5ee724c6a0b0,62869526-8a99-303d-85e2-8c1fae323d0e 913132b2-9236-364a-b332-e0c8362a569b 18344902-441a-399e-b0e0-841955c63634 6307095f-2604-3d1c-b90e-e3b2b5b4c95f 5efad622-7999-3660-afd0-ef8e4bbddada 67189006-0bc5-3f9f-b328-5ee724c6a0b0,https://baseballsavant.mlb.com/sporty-videos?playId=67189006-0bc5-3f9f-b328-5ee724c6a0b0,Christian Koss called out on strikes.,0,,,,https://www.mlb.com/gameday/823167,https://baseballsavant.mlb.com/gamefeed?gamePk=823167
823248,2026-09-25,AZ @ SD,R,19,2,bottom,1,Samad Taylor,Brandon Pfaadt,R,R,double_play,out,"Samad Taylor lines into a double play, second baseman Ketel Marte to first baseman Tim Tawa. Jake Cronenworth out at 1st.",0,MJ,1,109,1,1B,0,0,0,0,0,,98.5,9.0,163.0,line_drive,medium,,,0,11ee3798-3b01-3357-9253-194350b10213,45922333-5ac7-35fc-9610-ca22215ef1b0 2431233f-cd8b-32e8-98c1-9ff913150734 11ee3798-3b01-3357-9253-194350b10213,https://baseballsavant.mlb.com/sporty-videos?playId=11ee3798-3b01-3357-9253-194350b10213,"Samad Taylor lines into a double play, second baseman Ketel Marte to first baseman Tim Tawa. Jake Cronenworth out at 1st.",,,,,https://www.mlb.com/gameday/823248,https://baseballsavant.mlb.com/gamefeed?gamePk=823248
823248,2026-09-25,AZ @ SD,R,20,3,top,0,Gabriel Moreno,Casey Mize,R,R,field_out,out,"Gabriel Moreno grounds out, shortstop Xander Bogaerts to first baseman Ty France.",0,MJ,1,135,1,-,0,0,0,0,0,,102.7,-14.0,6.0,ground_ball,medium,,,0,d40259ee-663f-3a1b-91d6-2be42f5a90a9,e143441c-13e2-3e95-9e3b-1e6ca490b23f c178d527-75d4-3bc0-bad4-50cfb1091804 d40259ee-663f-3a1b-91d6-2be42f5a90a9,https://baseballsavant.mlb.com/sporty-videos?playId=d40259ee-663f-3a1b-91d6-2be42f5a90a9,"Gabriel Moreno grounds out, shortstop Xander Bogaerts to first baseman Ty France.",,,,,https://www.mlb.com/gameday/823248,https://baseballsavant.mlb.com/gamefeed?gamePk=823248
823248,2026-09-25,AZ @ SD,R,31,4,top,1,Lars Nootbaar,Casey Mize,L,R,walk,other,"Luis Campusano challenged (pitch result), call on the field was confirmed: Lars Nootbaar walks.",0,MJ,0,135,1,-,0,0,0,0,0,,,,,,,,,0,e36eaccb-d143-3cf0-8581-67166305b3b5,cad88221-1e51-33e6-be6e-198de414cfa3 079e0c7a-d7bf-358c-b3a4-082114750ee5 becb4ba5-6688-3cf7-9809-a2fef2ae9453 922f8de9-5454-3184-a82a-b2b6021ccbf9 e36eaccb-d143-3cf0-8581-67166305b3b5,https://baseballsavant.mlb.com/sporty-videos?playId=e36eaccb-d143-3cf0-8581-67166305b3b5,Lars Nootbaar walks.,0,,,,https://www.mlb.com/gameday/823248,https://baseballsavant.mlb.com/gamefeed?gamePk=823248
823248,2026-09-25,AZ @ SD,R,40,5,top,1,Nolan Arenado,David Morgan,R,R,force_out,out,"Nolan Arenado grounds into a force out, third baseman Jake Cronenworth to second baseman Fernando Tatis Jr. Geraldo Perdomo out at 2nd. Nolan Arenado to 1st.",0,MJ,1,109,1,1B,0,0,0,0,0,,87.1,-32.0,5.0,ground_ball,medium,,,0,39195b2b-fca5-3738-bffc-9e05df061d40,4a2ca52c-cc0c-315a-a1e7-f5a4ae1c5fe9 19677a83-5020-3586-a601-37600949cb72 39195b2b-fca5-3738-bffc-9e05df061d40,https://baseballsavant.mlb.com/sporty-videos?playId=39195b2b-fca5-3738-bffc-9e05df061d40,"Nolan Arenado grounds into a force out, third baseman Jake Cronenworth to second baseman Fernando Tatis Jr. Geraldo Perdomo out at 2nd. Nolan Arenado to 1st.",,,,,https://www.mlb.com/gameday/823248,https://baseballsavant.mlb.com/gamefeed?gamePk=823248
823248,2026-09-25,AZ @ SD,R,42,5,bottom,0,Jake Cronenworth,Brandon Pfaadt,L,R,strikeout,other,"Gabriel Moreno challenged (pitch result), call on the field was overturned: Jake Cronenworth called out on strikes.",0,MJ,1,109,1,-,0,0,0,0,0,,,,,,,,,0,78ab4146-1dc1-3f6a-95c9-6334a6ca3a31,48cc4a02-d31a-3cd4-8e9a-a1878f0b6adb dab804c8-eed0-35f4-9586-5936738c4daf 5a8b4313-e243-3013-b5fb-190a84a86370 c1f4d618-d580-30af-b043-5d3ee84a22ab 58306cb4-6636-3034-88c5-97a54ed8b5d8 255770f2-a5e1-3079-9533-d98fdb8f62f4 78ab4146-1dc1-3f6a-95c9-6334a6ca3a31,https://baseballsavant.mlb.com/sporty-videos?playId=78ab4146-1dc1-3f6a-95c9-6334a6ca3a31,Jake Cronenworth called out on strikes.,1,,,,https://www.mlb.com/gameday/823248,https://baseballsavant.mlb.com/gamefeed?gamePk=823248
823248,2026-09-25,AZ @ SD,R,58,7,top,0,Jordan Lawlar,Jason Adam,R,R,grounded_into_double_play,out,"Jordan Lawlar grounds into a double play, shortstop Sung-Mun Song to second baseman Samad Taylor to first baseman Ty France. Nolan Arenado scores. Tim Tawa to 3rd. Jose Fernandez out at 2nd. Jordan Lawlar out at 1st.",0,MJ,0,135,1,"1B,2B,3B",1,1,1,0,0,,99.0,6.0,103.0,ground_ball,medium,,,0,f30617bb-8218-3528-a109-497e8bdde981,15d79871-f1a5-3e5a-a60c-45c1b9cd4792 a6be3c50-112b-3fbc-b15e-61b5b5b6b54a f5209b01-c43d-3e43-9eb1-d40d08b14517 f30617bb-8218-3528-a109-497e8bdde981,https://baseballsavant.mlb.com/sporty-videos?playId=f30617bb-8218-3528-a109-497e8bdde981,"Jordan Lawlar grounds into a double play, shortstop Sung-Mun Song to second baseman Samad Taylor to first baseman Ty France. Nolan Arenado scores. Tim Tawa to 3rd. Jose Fernandez out at 2nd. Jordan Lawlar out at 1st.",,NO RBI (run scores only because of the error),no RBI (run comes on a double play),no RBI (run comes on a double play),https://www.mlb.com/gameday/823248,https://baseballsavant.mlb.com/gamefeed?gamePk=823248
823409,2026-09-25,TB @ PHI,R,30,4,bottom,2,Bryson Stott,Freddy Peralta,L,R,walk,other,Bryson Stott walks.,0,MJ,1,139,1,-,0,0,0,0,0,,,,,,,,,0,13fa8b41-7d76-3dde-9d69-a717c41dc5c4,04ed39ae-5099-3058-8146-5a77c50346d7 cbe0da84-e853-3a8a-81e0-6177eb252212 4583930a-0722-35c7-9869-fd1deb814259 8bfc8713-baf0-351b-8bc9-1990980b814e c44f0509-558d-348f-bf81-c94c40c2abb5 a4a92ccd-ac32-3b59-81a7-fbf9858e244e 291a9a09-ab03-3f31-8d90-ac3ecb360d4f 1d2800a6-d608-31d5-ac7c-c0355bc2fbbf 13fa8b41-7d76-3dde-9d69-a717c41dc5c4,https://baseballsavant.mlb.com/sporty-videos?playId=13fa8b41-7d76-3dde-9d69-a717c41dc5c4,Bryson Stott walks.,,,,,https://www.mlb.com/gameday/823409,https://baseballsavant.mlb.com/gamefeed?gamePk=823409
823409,2026-09-25,TB @ PHI,R,45,6,bottom,0,Alec Bohm,Freddy Peralta,R,R,field_out,out,Alec Bohm grounds out to first baseman Jonathan Aranda. Trea Turner to 3rd. Bryce Harper to 2nd.,0,MJ,1,143,1,"1B,2B",1,0,0,0,0,,84.0,-2.0,32.0,ground_ball,medium,,,0,eeb6f948-6b91-37ef-8848-120f5abffac8,dd643ba6-6b3d-3979-8df1-901b58713ebd c4a3b283-4377-3824-b6c0-ecfb35e716c3 7d2fa356-d5e1-325d-a7c1-73224fd274f8 399f19a7-f006-3844-b1f7-1ec81719352c a79a8f7e-6ca9-3400-ac4a-8599703061d0 03e51e36-28b5-481a-b539-3cbe99241c61 79918f61-2574-3dd2-980e-c42032cc0a62 eeb6f948-6b91-37ef-8848-120f5abffac8,https://baseballsavant.mlb.com/sporty-videos?playId=eeb6f948-6b91-37ef-8848-120f5abffac8,Alec Bohm grounds out to first baseman Jonathan Aranda. Trea Turner to 3rd. Bryce Harper to 2nd.,,,,,https://www.mlb.com/gameday/823409,https://baseballsavant.mlb.com/gamefeed?gamePk=823409
823489,2026-09-25,BAL @ NYY,R,23,3,bottom,1,Ryan McMahon,Brandon Young,L,R,strikeout,other,Ryan McMahon strikes out swinging.,0,MJ,1,110,1,-,0,0,0,0,0,,,,,,,,,0,dc7db470-1fed-3094-a0f0-1049110a65f0,39a3306c-72df-3c0c-bde1-8507282c9349 3d887548-5846-3f1d-b866-c6c78162bd15 d686bfd0-f121-348f-887a-6ca6ff6fbd2b 4f7a89ef-f2d1-3e08-8b79-9967bbc4a413 7fcbcfda-60d0-3851-9100-9eed748ea8c7 dc7db470-1fed-3094-a0f0-1049110a65f0,https://baseballsavant.mlb.com/sporty-videos?playId=dc7db470-1fed-3094-a0f0-1049110a65f0,Ryan McMahon strikes out swinging.,,,,,https://www.mlb.com/gameday/823489,https://baseballsavant.mlb.com/gamefeed?gamePk=823489
823489,2026-09-25,BAL @ NYY,R,39,5,bottom,2,Austin Wells,Brandon Young,L,R,walk,other,Austin Wells walks.,0,MJ,1,147,1,-,0,0,0,0,0,,,,,,,,,0,d833b3d3-d11a-3c81-b5d0-d9856f881b2b,26676fc4-5f77-300b-a5c4-dcfd2d775ee7 d8d64ad6-c6bf-3f3a-bbd0-902dd4885ab1 575fa6c8-76c7-3987-bef9-d9e9a91702a9 af87ffad-5828-3d7f-8f78-c5645dd80151 d833b3d3-d11a-3c81-b5d0-d9856f881b2b,https://baseballsavant.mlb.com/sporty-videos?playId=d833b3d3-d11a-3c81-b5d0-d9856f881b2b,Austin Wells walks.,,,,,https://www.mlb.com/gameday/823489,https://baseballsavant.mlb.com/gamefeed?gamePk=823489
823489,2026-09-25,BAL @ NYY,R,65,7,bottom,2,Jazz Chisholm Jr.,Grant Wolfram,L,L,field_out,out,"Jazz Chisholm Jr. grounds out, second baseman Jeremiah Jackson to first baseman Pete Alonso.",0,MJ,1,110,1,-,0,0,0,0,0,,102.1,6.0,111.0,ground_ball,medium,,,0,389ea8b9-f90a-3af8-8cc0-3d468ba7890d,4a6d8e21-a9f1-389c-a256-9067ec866ef2 0358ff0c-e34f-3214-bf15-934513fd5b35 98df6245-943f-3bcd-b341-3fe617d5523a 389ea8b9-f90a-3af8-8cc0-3d468ba7890d,https://baseballsavant.mlb.com/sporty-videos?playId=389ea8b9-f90a-3af8-8cc0-3d468ba7890d,"Jazz Chisholm Jr. grounds out, second baseman Jeremiah Jackson to first baseman Pete Alonso.",,,,,https://www.mlb.com/gameday/823489,https://baseballsavant.mlb.com/gamefeed?gamePk=823489
823489,2026-09-25,BAL @ NYY,R,78,9,top,2,Christian Franklin,Alexander Cornielle,R,R,strikeout,other,Christian Franklin strikes out swinging.,0,MJ,0,147,1,-,0,0,0,0,0,,,,,,,,,0,568620b4-f584-328c-89f4-8926448aa968,8627bf85-b008-3190-b552-d19d0b0e9c7f 53c4f4b1-7b71-34bd-8a11-0ae05fbd6e1d 1c678457-4754-356c-b3cf-3f021661ac94 0cc925dd-d302-37a2-b41f-ea448843bb46 568620b4-f584-328c-89f4-8926448aa968,https://baseballsavant.mlb.com/sporty-videos?playId=568620b4-f584-328c-89f4-8926448aa968,Christian Franklin strikes out swinging.,,,,,https://www.mlb.com/gameday/823489,https://baseballsavant.mlb.com/gamefeed?gamePk=823489
823491,2026-09-25,BAL @ NYY,R,20,3,bottom,0,José Caballero,Trevor Rogers,R,L,strikeout,other,José Caballero strikes out swinging.,0,MJ,0,110,1,-,0,0,0,0,0,,,,,,,,,0,c064a496-547f-3a89-a620-04aa0f04d9e7,dd5293f8-bce0-3ea1-a58a-1c12b9b67126 1e35deb5-4396-3948-b6a7-4b712c674926 ff50c316-1e05-32f6-ba26-7005fcbb3e0c 2080b944-540d-3ee7-8fd6-712b79e80698 ed839d3f-1947-3332-be64-9975c524fb47 19fee022-25d4-35de-a5c3-20069dc66e32 f582b1fb-56f9-304b-9d05-d4f5885b8e40 035fdffe-7fc8-3e39-bd21-485519050058 a7efadbb-091f-3633-bc11-ffefe4be40df c064a496-547f-3a89-a620-04aa0f04d9e7,https://baseballsavant.mlb.com/sporty-videos?playId=c064a496-547f-3a89-a620-04aa0f04d9e7,José Caballero strikes out swinging.,,,,,https://www.mlb.com/gameday/823491,https://baseballsavant.mlb.com/gamefeed?gamePk=823491
823491,2026-09-25,BAL @ NYY,R,25,4,top,0,Colton Cowser,Brendan Beck,L,R,walk,other,"Ali Sánchez challenged (pitch result), call on the field was confirmed: Colton Cowser walks. Coby Mayo to 3rd. Christian Encarnacion-Strand to 2nd.",0,MJ,0,147,1,"1B,2B",1,0,0,0,0,,,,,,,,,0,b4ae2414-207f-3404-bb28-3291f2492953,6b02c856-7815-307d-9ece-17ae76f4207a 986d1236-da86-3443-b77b-d50f248a58c6 07cd3d00-3cc7-38e1-b219-8bf3d37d0644 d451c7d8-b821-34fc-aaf1-44502886c10b 2b29a4d0-c8ed-3911-a0fb-706a70c4a5ec b4ae2414-207f-3404-bb28-3291f2492953,https://baseballsavant.mlb.com/sporty-videos?playId=b4ae2414-207f-3404-bb28-3291f2492953,Colton Cowser walks. Coby Mayo to 3rd. Christian Encarnacion-Strand to 2nd.,0,,,,https://www.mlb.com/gameday/823491,https://baseballsavant.mlb.com/gamefeed?gamePk=823491
823491,2026-09-25,BAL @ NYY,R,67,8,top,2,Coby Mayo,Paul Blackburn,R,R,strikeout,other,Coby Mayo called out on strikes.,0,MJ,0,147,1,-,0,0,0,0,0,,,,,,,,,0,f1537d96-1d5c-3934-89c4-7b68fea85f62,6ad5e6cf-75ca-3b36-b01f-455c03856a7c ed1a3742-6888-37c9-8c61-abcf1939c5c5 23c20809-a0bc-3c80-83c0-2a7b6da96ad4 bc89456b-d6e5-3879-8840-f07acabe2b4d f1537d96-1d5c-3934-89c4-7b68fea85f62,https://baseballsavant.mlb.com/sporty-videos?playId=f1537d96-1d5c-3934-89c4-7b68fea85f62,Coby Mayo called out on strikes.,,,,,https://www.mlb.com/gameday/823491,https://baseballsavant.mlb.com/gamefeed?gamePk=823491
823652,2026-09-25,TEX @ MIN,R,34,4,bottom,1,Luke Keaschall,Jacob deGrom,R,R,double,hit,Luke Keaschall doubles (27) on a sharp fly ball to center fielder Evan Carter. Ryan Kreidler scores.,1,MJ,0,142,1,"1B,3B",1,1,1,0,0,,105.8,22.0,398.0,fly_ball,hard,,,0,5d5c7fcf-77c1-3468-aeb3-63b795a21d72,1f88c328-81f3-38c4-a7a7-ba94e0d5e162 0a841179-27e8-3253-9f5a-53cef64cf7b6 5d5c7fcf-77c1-3468-aeb3-63b795a21d72,https://baseballsavant.mlb.com/sporty-videos?playId=5d5c7fcf-77c1-3468-aeb3-63b795a21d72,Luke Keaschall doubles (27) on a sharp fly ball to center fielder Evan Carter. Ryan Kreidler scores.,,NO RBI (run scores only because of the error),RBI,RBI possible (run-scoring fielder's choice is a scorer's call),https://www.mlb.com/gameday/823652,https://baseballsavant.mlb.com/gamefeed?gamePk=823652
823652,2026-09-25,TEX @ MIN,R,51,6,top,2,Evan Carter,Joe Ryan,L,R,strikeout,other,"Rangers challenged (hit by pitch), call on the field was upheld: Evan Carter strikes out on a foul tip.",0,MI,0,140,1,-,0,0,0,0,0,,,,,,,,,0,9c98f90c-df2a-3cec-93ea-b1cf4404609d,681a0620-91b6-3e1d-8d93-41791d63465e 46645900-2e7f-3c1c-87df-83ecd128217e 8eba536f-7734-38b8-babd-7e284918ec38 9c98f90c-df2a-3cec-93ea-b1cf4404609d,https://baseballsavant.mlb.com/sporty-videos?playId=9c98f90c-df2a-3cec-93ea-b1cf4404609d,"Rangers challenged (hit by pitch), call on the field was upheld: Evan Carter strikes out on a foul tip.",,,,,https://www.mlb.com/gameday/823652,https://baseballsavant.mlb.com/gamefeed?gamePk=823652
823652,2026-09-25,TEX @ MIN,R,72,9,top,0,Cody Freeman,Taylor Rogers,R,L,grounded_into_double_play,out,"Twins challenged (play at 1st), call on the field was overturned: Cody Freeman grounds into a double play, third baseman Royce Lewis to second baseman Kody Clemens to first baseman Aaron Sabato. Jake Burger out at 2nd. Cody Freeman out at 1st.",0,MF,1,142,1,1B,0,0,0,0,0,,81.3,-12.0,13.0,ground_ball,medium,,,0,43eb9f93-0b0f-354b-91ab-8de479f4a789,9f449bbd-5557-3f76-9940-f6f87f999081 43eb9f93-0b0f-354b-91ab-8de479f4a789,https://baseballsavant.mlb.com/sporty-videos?playId=43eb9f93-0b0f-354b-91ab-8de479f4a789,"Cody Freeman grounds into a double play, third baseman Royce Lewis to second baseman Kody Clemens to first baseman Aaron Sabato. Jake Burger out at 2nd. Cody Freeman out at 1st.",1,,,,https://www.mlb.com/gameday/823652,https://baseballsavant.mlb.com/gamefeed?gamePk=823652
823735,2026-09-25,STL @ MIL,R,9,2,top,1,José Fermín,Robert Gasser,R,L,strikeout,other,"William Contreras challenged (pitch result), call on the field was overturned: José Fermín called out on strikes.",0,MJ,1,158,1,-,0,0,0,0,0,,,,,,,,,0,02ef0cec-2ecf-3a06-bf12-a3d2ecabf846,a89d9a5a-fd61-310e-8651-8ef7791359ba e733cd21-766c-3331-9870-4b838a1b1fa8 c463e0db-e490-33f0-baa7-fb83dfce21e8 c4473110-33a3-3345-8806-375cb36702cd 2048fc9e-a123-3675-921f-35cf23726b46 02ef0cec-2ecf-3a06-bf12-a3d2ecabf846,https://baseballsavant.mlb.com/sporty-videos?playId=02ef0cec-2ecf-3a06-bf12-a3d2ecabf846,José Fermín called out on strikes.,1,,,,https://www.mlb.com/gameday/823735,https://baseballsavant.mlb.com/gamefeed?gamePk=823735
823735,2026-09-25,STL @ MIL,R,10,2,top,2,Thomas Saggese,Robert Gasser,R,L,strikeout,other,"William Contreras challenged (pitch result), call on the field was overturned: Thomas Saggese called out on strikes.",0,MJ,1,158,1,-,0,0,0,0,0,,,,,,,,,0,6be7172d-dcd7-3a53-81a8-aaf63b336ae6,2727e0d5-2534-380b-84df-8e2543c90653 03372487-fc5a-3c60-ab60-1a9447fc5d33 a3c6927e-10ce-3e8b-b426-96fd1c10d07a 8c66d852-fbf4-3f73-8759-622f0790c056 6be7172d-dcd7-3a53-81a8-aaf63b336ae6,https://baseballsavant.mlb.com/sporty-videos?playId=6be7172d-dcd7-3a53-81a8-aaf63b336ae6,Thomas Saggese called out on strikes.,1,,,,https://www.mlb.com/gameday/823735,https://baseballsavant.mlb.com/gamefeed?gamePk=823735
823735,2026-09-25,STL @ MIL,R,17,3,top,1,Pedro Pagés,Robert Gasser,R,L,strikeout,other,Pedro Pagés strikes out swinging.,0,MJ,1,158,1,-,0,0,0,0,0,,,,,,,,,0,d37e0fe5-df5b-3100-ae29-39e2e41c9bf2,6a5cc2c6-c8f5-394d-8fff-4ba8b83701ab 34d1e42e-534e-3b05-8e50-8182384c1fe4 1e99f188-3790-36a9-986e-e08dc495bff4 d37e0fe5-df5b-3100-ae29-39e2e41c9bf2,https://baseballsavant.mlb.com/sporty-videos?playId=d37e0fe5-df5b-3100-ae29-39e2e41c9bf2,Pedro Pagés strikes out swinging.,,,,,https://www.mlb.com/gameday/823735,https://baseballsavant.mlb.com/gamefeed?gamePk=823735
823735,2026-09-25,STL @ MIL,R,32,5,top,0,José Fermín,Robert Gasser,R,L,field_out,out,José Fermín pops out to first baseman Jake Bauers.,0,MJ,0,138,1,-,0,0,0,0,0,,70.9,65.0,137.0,popup,medium,,,0,c80525a7-b2ff-3604-a035-90d564c8b705,4b9a0d16-fd18-39bd-ba54-52968f834045 503e651b-0f91-3e29-aab8-2cfbe7ac669f b6efe1d2-e99b-3212-9ac3-ee508af7e5c8 3b45d1d7-70ab-37bd-ba96-8fb1a6094472 c80525a7-b2ff-3604-a035-90d564c8b705,https://baseballsavant.mlb.com/sporty-videos?playId=c80525a7-b2ff-3604-a035-90d564c8b705,José Fermín pops out to first baseman Jake Bauers.,,,,,https://www.mlb.com/gameday/823735,https://baseballsavant.mlb.com/gamefeed?gamePk=823735
823735,2026-09-25,STL @ MIL,R,39,5,bottom,1,Christian Yelich,Michael McGreevy,L,R,single,hit,"Brewers challenged (play at 1st), call on the field was overturned: Christian Yelich singles on a ground ball to third baseman Thomas Saggese. Jake Bauers to 2nd.",0,MF,1,158,1,1B,0,0,0,0,0,,60.9,-70.0,2.0,ground_ball,medium,,,0,26c1cf7e-59ff-3bfe-8e81-71932050a716,26c1cf7e-59ff-3bfe-8e81-71932050a716,https://baseballsavant.mlb.com/sporty-videos?playId=26c1cf7e-59ff-3bfe-8e81-71932050a716,Christian Yelich singles on a ground ball to third baseman Thomas Saggese. Jake Bauers to 2nd.,1,,,,https://www.mlb.com/gameday/823735,https://baseballsavant.mlb.com/gamefeed?gamePk=823735
823735,2026-09-25,STL @ MIL,R,42,5,bottom,2,Jackson Chourio,Brycen Mautz,R,L,walk,other,Jackson Chourio walks. Jake Bauers scores. Christian Yelich to 3rd. Luis Lara to 2nd.,1,MJ,0,138,1,"1B,2B,3B",1,1,1,0,0,,,,,,,,,0,e2bfaf30-7a03-31b2-b213-0fb9cea9d0ea,47f52be8-0ac1-339e-bcf5-556f00e335f3 f4a84405-a956-3ef6-a421-fe90b527c929 a09da4c3-d384-31a2-bf2c-95dee55e2e03 3c8426df-d094-30bb-833e-ac3192317d8c e2bfaf30-7a03-31b2-b213-0fb9cea9d0ea,https://baseballsavant.mlb.com/sporty-videos?playId=e2bfaf30-7a03-31b2-b213-0fb9cea9d0ea,Jackson Chourio walks. Jake Bauers scores. Christian Yelich to 3rd. Luis Lara to 2nd.,,NO RBI (run scores only because of the error),RBI,RBI possible (run-scoring fielder's choice is a scorer's call),https://www.mlb.com/gameday/823735,https://baseballsavant.mlb.com/gamefeed?gamePk=823735
823735,2026-09-25,STL @ MIL,R,46,6,top,2,Iván Herrera,Robert Gasser,R,L,strikeout,other,Iván Herrera strikes out swinging.,0,MJ,1,158,1,-,0,0,0,0,0,,,,,,,,,0,00c3f26d-b2ca-3c1a-b74a-b4ceb818d3ae,5f6df5bd-38e5-3622-98f1-ee25d850d2f6 8f1323b3-1281-3598-938a-9fed67cd631e d95848e4-a65d-33d7-8d5f-bdf28439b5e5 66f7671d-d49c-36c2-80a4-96ba0b3ec580 00c3f26d-b2ca-3c1a-b74a-b4ceb818d3ae,https://baseballsavant.mlb.com/sporty-videos?playId=00c3f26d-b2ca-3c1a-b74a-b4ceb818d3ae,Iván Herrera strikes out swinging.,,,,,https://www.mlb.com/gameday/823735,https://baseballsavant.mlb.com/gamefeed?gamePk=823735
823735,2026-09-25,STL @ MIL,R,50,7,top,0,Jordan Walker,Bryse Wilson,R,R,home_run,hit,Jordan Walker homers (29) on a fly ball to center field.,1,MJ,0,158,1,-,0,1,1,0,0,,105.9,24.0,411.0,fly_ball,medium,,,0,dcf3fc35-c282-3ad5-8a6e-13e2475911ec,4cfd5df0-cc8f-3d60-8a2f-7f5886ac5e6e 6ba2d28f-ccb1-3ba8-8e9c-12f77b4628c9 8ba3ad23-2f86-3754-93f4-ecc2f8a6d599 685d04fc-3215-3c50-b76e-0acbc0067fdd dcf3fc35-c282-3ad5-8a6e-13e2475911ec,https://baseballsavant.mlb.com/sporty-videos?playId=dcf3fc35-c282-3ad5-8a6e-13e2475911ec,Jordan Walker homers (29) on a fly ball to center field.,,no RBI (an HR cannot be an error),RBI (home run scores the batter),RBI (home run scores the batter),https://www.mlb.com/gameday/823735,https://baseballsavant.mlb.com/gamefeed?gamePk=823735
823816,2026-09-25,ATL @ MIA,R,3,1,top,2,Michael Harris II,Eury Pérez,L,R,strikeout,other,"Joe Mack challenged (pitch result), call on the field was overturned: Michael Harris II called out on strikes.",0,MJ,1,146,1,-,0,0,0,0,0,,,,,,,,,0,96acb4a7-fbbc-32b9-8709-b13c54c41406,ec505afa-8aa7-3e2b-bbbc-599b2efa09e9 76a46460-1020-3a11-b344-ccbd2ad14e0d 3151e776-cd06-372c-93c4-16c46ddbe9de 96acb4a7-fbbc-32b9-8709-b13c54c41406,https://baseballsavant.mlb.com/sporty-videos?playId=96acb4a7-fbbc-32b9-8709-b13c54c41406,Michael Harris II called out on strikes.,1,,,,https://www.mlb.com/gameday/823816,https://baseballsavant.mlb.com/gamefeed?gamePk=823816
823816,2026-09-25,ATL @ MIA,R,32,5,bottom,0,Deyvison De Los Santos,Grant Holmes,R,R,strikeout,other,Deyvison De Los Santos strikes out swinging.,0,MJ,0,144,1,-,0,0,0,0,0,,,,,,,,,0,020a10a6-c66f-32f9-b6f9-3ad697fc6f1f,96d79a82-5951-3753-be29-7e022ed00630 7e8a8daa-1ae3-34f8-9529-c65f1139f2b5 6c05fcdf-5b4e-3cb7-aa49-bbb09a84af70 af613047-c4e5-3ebf-a570-385231fa46d4 020a10a6-c66f-32f9-b6f9-3ad697fc6f1f,https://baseballsavant.mlb.com/sporty-videos?playId=020a10a6-c66f-32f9-b6f9-3ad697fc6f1f,Deyvison De Los Santos strikes out swinging.,,,,,https://www.mlb.com/gameday/823816,https://baseballsavant.mlb.com/gamefeed?gamePk=823816
824058,2026-09-25,CLE @ KC,R,12,1,bottom,2,Salvador Perez,Gavin Williams,R,R,walk,other,"Austin Hedges challenged (pitch result), call on the field was confirmed: Salvador Perez walks. Maikel Garcia to 3rd. Vinnie Pasquantino to 2nd.",0,MJ,0,114,1,"1B,2B",1,0,0,0,0,,,,,,,,,0,3f9c96ee-bac9-3eaf-bc87-4e477d12c268,5ddcf3da-b2a0-3d0a-895f-5f41987b0f78 05054870-be1b-3ef0-b655-770b068f1f19 14ca0b25-104b-3948-82e9-527589368ac3 453787a1-65bd-35b2-87a4-ad62ac512322 486e6f34-6389-3c2b-b617-16fc2270eae1 a8594eb9-385f-3782-a2e2-6f6f56d3b1d6 3f9c96ee-bac9-3eaf-bc87-4e477d12c268,https://baseballsavant.mlb.com/sporty-videos?playId=3f9c96ee-bac9-3eaf-bc87-4e477d12c268,Salvador Perez walks. Maikel Garcia to 3rd. Vinnie Pasquantino to 2nd.,0,,,,https://www.mlb.com/gameday/824058,https://baseballsavant.mlb.com/gamefeed?gamePk=824058
824058,2026-09-25,CLE @ KC,R,19,2,bottom,0,Kyle Isbel,Gavin Williams,L,R,field_out,out,Kyle Isbel flies out to left fielder Angel Martínez in foul territory.,0,MJ,1,118,1,-,0,0,0,0,0,,81.8,52.0,236.0,fly_ball,medium,,,0,b3dbd384-4775-36b0-a1d2-08ac8af32355,5f192850-c7fc-3502-90e1-3b6d393cadf3 aebc7e77-60a0-3d4f-9855-09cae0f288d2 a1b16ac3-e3e0-3abf-97a3-885db68e2ded 7ce3800d-7396-33cd-99d4-ee9e3fd8f7bc b3dbd384-4775-36b0-a1d2-08ac8af32355,https://baseballsavant.mlb.com/sporty-videos?playId=b3dbd384-4775-36b0-a1d2-08ac8af32355,Kyle Isbel flies out to left fielder Angel Martínez in foul territory.,,,,,https://www.mlb.com/gameday/824058,https://baseballsavant.mlb.com/gamefeed?gamePk=824058
824058,2026-09-25,CLE @ KC,R,23,2,bottom,2,Maikel Garcia,Gavin Williams,R,R,field_out,out,"Maikel Garcia grounds out, third baseman José Ramírez to first baseman David Fry.",0,MJ,0,118,1,-,0,0,0,0,0,,78.3,-30.0,5.0,ground_ball,medium,,,0,55d19db3-5feb-3ab9-86d4-7cbd529ebd2a,ceee3c54-a51d-3d4d-a6da-021472c1dfef 5763fb7a-e18c-30ec-911e-644745afaa67 64fdf58a-041e-365b-8a54-e3d82e291f10 55d19db3-5feb-3ab9-86d4-7cbd529ebd2a,https://baseballsavant.mlb.com/sporty-videos?playId=55d19db3-5feb-3ab9-86d4-7cbd529ebd2a,"Maikel Garcia grounds out, third baseman José Ramírez to first baseman David Fry.",,,,,https://www.mlb.com/gameday/824058,https://baseballsavant.mlb.com/gamefeed?gamePk=824058
824058,2026-09-25,CLE @ KC,R,26,3,top,1,Angel Martínez,Noah Cameron,R,L,walk,other,Angel Martínez walks.,0,MJ,0,118,1,-,0,0,0,0,0,,,,,,,,,0,5e42850a-8a20-3b86-82af-c1c78ae06a03,e5c50114-fefa-3faa-b36f-7f4755e8102d 263dcaa6-f81f-3dcc-bafc-788060de5287 cf61f082-e95c-34a4-81a7-3983953c2381 9a7c34e0-30bb-38ca-9615-ac03aab16a13 5e42850a-8a20-3b86-82af-c1c78ae06a03,https://baseballsavant.mlb.com/sporty-videos?playId=5e42850a-8a20-3b86-82af-c1c78ae06a03,Angel Martínez walks.,,,,,https://www.mlb.com/gameday/824058,https://baseballsavant.mlb.com/gamefeed?gamePk=824058
824220,2026-09-25,PIT @ DET,R,27,3,bottom,2,Dillon Dingler,Bubba Chandler,R,R,single,hit,Dillon Dingler singles on a line drive to left fielder Bryan Reynolds. Kevin McGonigle scores. Eduardo Valencia scores. Riley Greene to 2nd.,2,MJ,1,134,1,"1B,2B,3B",1,2,2,0,0,,86.2,14.0,210.0,line_drive,medium,,,0,f8929445-fc55-3fcf-8aa6-bfde06e5c8a7,207c9f3a-0231-3ab7-b640-c47ee645176a e30b5e80-983d-35d0-9165-9b06cfdacbc0 f8929445-fc55-3fcf-8aa6-bfde06e5c8a7,https://baseballsavant.mlb.com/sporty-videos?playId=f8929445-fc55-3fcf-8aa6-bfde06e5c8a7,Dillon Dingler singles on a line drive to left fielder Bryan Reynolds. Kevin McGonigle scores. Eduardo Valencia scores. Riley Greene to 2nd.,,NO RBI (run scores only because of the error),RBI,RBI possible (run-scoring fielder's choice is a scorer's call),https://www.mlb.com/gameday/824220,https://baseballsavant.mlb.com/gamefeed?gamePk=824220
824220,2026-09-25,PIT @ DET,R,38,4,bottom,2,Riley Greene,Evan Sisk,L,L,walk,other,Riley Greene walks. Hao-Yu Lee to 3rd. Eduardo Valencia to 2nd.,0,MJ,0,134,1,"1B,2B",1,0,0,0,0,,,,,,,,,0,83849d72-b3ce-36ee-a608-54768b07823b,eda8f979-cc51-3704-8fcc-d688898235de a21db8fe-a978-4c97-8580-e4234aec7ecb cb08a224-330a-3195-bed6-3fcea0052ed3 af5efa47-d16c-3471-a240-11e0792da020 5b276023-2831-3c8e-8a39-e458bf1798d5 b271bb5c-a68c-4aea-8e4c-9fed5a293828 39452581-d70c-3a35-bf2e-85fb0864b8e7 83849d72-b3ce-36ee-a608-54768b07823b,https://baseballsavant.mlb.com/sporty-videos?playId=83849d72-b3ce-36ee-a608-54768b07823b,Riley Greene walks. Hao-Yu Lee to 3rd. Eduardo Valencia to 2nd.,,,,,https://www.mlb.com/gameday/824220,https://baseballsavant.mlb.com/gamefeed?gamePk=824220
824220,2026-09-25,PIT @ DET,R,45,5,bottom,1,Spencer Torkelson,Wilber Dotel,R,R,double,hit,Spencer Torkelson doubles (28) on a fly ball to center fielder Oneil Cruz.,0,MJ,1,116,1,-,0,0,0,0,0,,84.2,52.0,238.0,fly_ball,medium,,,0,d9f98cfd-cc98-3cfa-965a-33124d76316d,92501b2c-b717-3010-87bb-7d72484dcb09 d9f98cfd-cc98-3cfa-965a-33124d76316d,https://baseballsavant.mlb.com/sporty-videos?playId=d9f98cfd-cc98-3cfa-965a-33124d76316d,Spencer Torkelson doubles (28) on a fly ball to center fielder Oneil Cruz.,,,,,https://www.mlb.com/gameday/824220,https://baseballsavant.mlb.com/gamefeed?gamePk=824220
824220,2026-09-25,PIT @ DET,R,60,7,top,2,Jake Mangum,Andrew Sears,R,L,strikeout,other,"Jake Mangum challenged (pitch result), call on the field was confirmed: Jake Mangum called out on strikes.",0,MJ,0,134,1,-,0,0,0,0,0,,,,,,,,,0,d359690f-82b2-371e-be72-02d74b1baf54,b99e99bf-1532-31e1-9b99-1abd9c5c22fb a8ca9df0-ba84-3aab-a73e-63e862c3323e 253fcc27-24d7-3b82-8d14-916e5755861b dcf58aff-1304-372c-9c28-48aa864b98e0 68bb476e-2309-3267-80c1-d5bfdeac2d50 d359690f-82b2-371e-be72-02d74b1baf54,https://baseballsavant.mlb.com/sporty-videos?playId=d359690f-82b2-371e-be72-02d74b1baf54,Jake Mangum called out on strikes.,0,,,,https://www.mlb.com/gameday/824220,https://baseballsavant.mlb.com/gamefeed?gamePk=824220
824220,2026-09-25,PIT @ DET,R,77,8,bottom,2,Ben Malgeri,Brandon Eisert,R,L,field_out,out,"Ben Malgeri grounds out, shortstop Konnor Griffin to first baseman Jared Triolo.",0,MJ,0,116,1,-,0,0,0,0,0,,99.2,-2.0,35.0,ground_ball,medium,,,0,a4dcdbf8-1d92-32cc-a501-7b63b6f5c5e1,40c361d7-439d-38ca-b0f7-f3eb83cea7a9 06a2afbc-1e75-39da-9cda-a4e48935491a ba5944be-3ec5-3d6d-a011-fd6bc9c45c23 c725f9f5-fc49-34c7-a0a7-6ed03394b2f1 f466a031-aedd-3084-baa7-28586522c911 a4dcdbf8-1d92-32cc-a501-7b63b6f5c5e1,https://baseballsavant.mlb.com/sporty-videos?playId=a4dcdbf8-1d92-32cc-a501-7b63b6f5c5e1,"Ben Malgeri grounds out, shortstop Konnor Griffin to first baseman Jared Triolo.",,,,,https://www.mlb.com/gameday/824220,https://baseballsavant.mlb.com/gamefeed?gamePk=824220
824544,2026-09-25,COL @ CWS,R,9,2,top,0,Kyle Karros,Sean Burke,R,R,strikeout,other,"Kyle Teel challenged (pitch result), call on the field was overturned: Kyle Karros called out on strikes.",0,MJ,1,145,1,-,0,0,0,0,0,,,,,,,,,0,071f5303-4332-3f26-a224-4cee64abe747,61a4b5bb-f2b2-3ae4-82dc-9f308502b1d8 e5915953-8da1-3bbc-b44c-076b1672c18f 071f5303-4332-3f26-a224-4cee64abe747,https://baseballsavant.mlb.com/sporty-videos?playId=071f5303-4332-3f26-a224-4cee64abe747,Kyle Karros called out on strikes.,1,,,,https://www.mlb.com/gameday/824544,https://baseballsavant.mlb.com/gamefeed?gamePk=824544
824544,2026-09-25,COL @ CWS,R,10,2,top,1,Mickey Moniak,Sean Burke,L,R,field_out,out,"White Sox challenged (play at 1st), call on the field was overturned: Mickey Moniak grounds out, second baseman Sam Antonacci to first baseman Munetaka Murakami.",0,MF,1,145,1,-,0,0,0,0,0,,99.8,7.0,129.0,ground_ball,medium,,,0,ae84d8ca-ac4e-371b-b368-9dfc3e9e9bc2,ae7c3b01-2b54-35c2-85f5-f4054f46a044 dff77716-d716-377a-85c1-fb2c34b40636 ae84d8ca-ac4e-371b-b368-9dfc3e9e9bc2,https://baseballsavant.mlb.com/sporty-videos?playId=ae84d8ca-ac4e-371b-b368-9dfc3e9e9bc2,"Mickey Moniak grounds out, second baseman Sam Antonacci to first baseman Munetaka Murakami.",1,,,,https://www.mlb.com/gameday/824544,https://baseballsavant.mlb.com/gamefeed?gamePk=824544
824544,2026-09-25,COL @ CWS,R,15,3,top,0,Zac Veen,Sean Burke,L,R,strikeout,other,Zac Veen strikes out swinging.,0,MJ,0,145,1,-,0,0,0,0,0,,,,,,,,,0,2da5f586-7ed5-38b2-9b81-ee6f44afc0de,52fad58b-724e-38b4-bd03-44e7c21c56d6 2ec37501-f1bb-3801-9f05-76ef388b5ab9 900cddfb-2c1f-3807-b23d-39857959dee5 4d8cf498-431c-330d-bd29-7d1193940cbb 9ff5b4d9-bfe2-3548-b92b-f7e8e1657976 2da5f586-7ed5-38b2-9b81-ee6f44afc0de,https://baseballsavant.mlb.com/sporty-videos?playId=2da5f586-7ed5-38b2-9b81-ee6f44afc0de,Zac Veen strikes out swinging.,,,,,https://www.mlb.com/gameday/824544,https://baseballsavant.mlb.com/gamefeed?gamePk=824544
824544,2026-09-25,COL @ CWS,R,18,3,top,2,Adael Amador,Sean Burke,L,R,walk,other,"Kyle Teel challenged (pitch result), call on the field was confirmed: Adael Amador walks.",0,MJ,0,145,1,-,0,0,0,0,0,,,,,,,,,0,777bd1d9-41a4-3435-9b0f-cbd91c2c7c01,6f3a9514-3c3c-3735-aa04-ca128c36627e 44c56e39-5cde-3d6f-822a-af2c338b1a41 280f3411-2951-3fb4-9ce6-785b5dae0d21 f4c09a83-a582-3b2f-9898-9634865d6c00 76b32220-ef86-3a8c-b994-ae8c728a9c9e 777bd1d9-41a4-3435-9b0f-cbd91c2c7c01,https://baseballsavant.mlb.com/sporty-videos?playId=777bd1d9-41a4-3435-9b0f-cbd91c2c7c01,Adael Amador walks.,0,,,,https://www.mlb.com/gameday/824544,https://baseballsavant.mlb.com/gamefeed?gamePk=824544
824544,2026-09-25,COL @ CWS,R,20,3,bottom,0,Braden Montgomery,Tomoyuki Sugano,L,R,single,hit,"White Sox challenged (play at 1st), call on the field was overturned: Braden Montgomery singles on a ground ball to third baseman Kyle Karros, deflected by pitcher Tomoyuki Sugano.",0,MF,1,145,1,-,0,0,0,0,0,,58.7,-53.0,4.0,ground_ball,medium,,,0,ef9eb652-b7c0-3e2a-9b11-8ce868ef0171,0889459b-5dc1-32fa-b3aa-3f1bc577a06a bbd5ce02-07a8-3472-8520-cdec5e4d5573 5d7ba0c5-b5ac-3e89-bfd9-3e24d059c120 592fd3d0-9043-30ff-9e51-bac2a34181a1 ef9eb652-b7c0-3e2a-9b11-8ce868ef0171,https://baseballsavant.mlb.com/sporty-videos?playId=ef9eb652-b7c0-3e2a-9b11-8ce868ef0171,"Braden Montgomery singles on a ground ball to third baseman Kyle Karros, deflected by pitcher Tomoyuki Sugano.",1,,,,https://www.mlb.com/gameday/824544,https://baseballsavant.mlb.com/gamefeed?gamePk=824544
824544,2026-09-25,COL @ CWS,R,40,6,top,2,Kyle Karros,Hagen Smith,R,L,walk,other,"Kyle Karros challenged (pitch result), call on the field was overturned: Kyle Karros walks.",0,MJ,1,115,1,2B,1,0,0,0,0,,,,,,,,,0,389395e5-37cc-331a-af2f-373e72ff705a,1dbcbbcd-5941-3afd-ac61-ad20f6e7e7bf 633b9e7e-26e4-3860-99c0-6805383f2651 84ca1a3c-3d76-31b6-bc7f-344d313d309c 14e4207b-c82e-3bf0-b968-7706d7c02f23 bd1c8963-3c77-3b59-b57f-87aa9929cfd3 606fc2a4-a8ec-33cf-a4a4-2c5c8512a331 389395e5-37cc-331a-af2f-373e72ff705a,https://baseballsavant.mlb.com/sporty-videos?playId=389395e5-37cc-331a-af2f-373e72ff705a,Kyle Karros walks.,1,,,,https://www.mlb.com/gameday/824544,https://baseballsavant.mlb.com/gamefeed?gamePk=824544
824703,2026-09-25,CHC @ BOS,R,6,1,bottom,0,Mickey Gasper,Clay Holmes,L,R,strikeout,other,"Mickey Gasper challenged (pitch result), call on the field was confirmed: Mickey Gasper called out on strikes.",0,MJ,0,111,1,-,0,0,0,0,0,,,,,,,,,0,039cbe10-73d2-32ff-9701-3dd8126ca669,5eb7e81f-3017-382d-a712-da240899c65f 39c7d20b-75df-315d-ab79-9534c2705c05 cd0e7291-07e7-3188-b167-a3b11644111a 8256e83a-84fc-3b97-8702-8dbcb0cc2f8f 8d6858ae-7143-3cc4-a5be-1146e8225ac3 039cbe10-73d2-32ff-9701-3dd8126ca669,https://baseballsavant.mlb.com/sporty-videos?playId=039cbe10-73d2-32ff-9701-3dd8126ca669,Mickey Gasper called out on strikes.,0,,,,https://www.mlb.com/gameday/824703,https://baseballsavant.mlb.com/gamefeed?gamePk=824703
824703,2026-09-25,CHC @ BOS,R,55,7,top,1,Alex Bregman,Greg Weissert,R,R,strikeout,other,"Alex Bregman challenged (pitch result), call on the field was confirmed: Alex Bregman called out on strikes.",0,MJ,0,112,1,-,0,0,0,0,0,,,,,,,,,0,61fbd8e5-d62a-3212-ac5f-f16dcd87aa8d,c12cbe7d-be6f-329b-ab4f-98aad10271a6 156c44ba-aa9c-3a38-9a06-751dc80cabdb 87030f0d-ba19-3220-be94-6e17e78e1d52 61fbd8e5-d62a-3212-ac5f-f16dcd87aa8d,https://baseballsavant.mlb.com/sporty-videos?playId=61fbd8e5-d62a-3212-ac5f-f16dcd87aa8d,Alex Bregman called out on strikes.,0,,,,https://www.mlb.com/gameday/824703,https://baseballsavant.mlb.com/gamefeed?gamePk=824703
824703,2026-09-25,CHC @ BOS,R,72,9,top,1,Pete Crow-Armstrong,Raymond Burgos,L,L,field_out,out,Pete Crow-Armstrong flies out sharply to right fielder Wilyer Abreu.,0,MJ,1,111,1,-,0,0,0,0,0,,102.2,40.0,303.0,fly_ball,hard,,,0,7c33a4a6-f7ba-3eaa-979d-ef4b95ebb2c2,6c05e43f-2063-3d8e-8829-39001c070877 1b883c1a-576a-3c35-aa92-80b278a9c36a 9ae6537d-5c9a-3bf8-992c-0b23b1ab8147 748b4096-1c92-3ada-bc9e-9b8ff807d7b8 74d0a866-0fb3-3e01-988a-c44505961e14 c020868c-5db9-3dbd-87d1-3a316dded5a5 89a43633-b7fe-3d2d-8358-d0612291ff79 5654b4d3-997f-31f9-a95b-f6601d52685d 7c96b7d8-a7e2-3d92-9d51-549ea0de3986 7c33a4a6-f7ba-3eaa-979d-ef4b95ebb2c2,https://baseballsavant.mlb.com/sporty-videos?playId=7c33a4a6-f7ba-3eaa-979d-ef4b95ebb2c2,Pete Crow-Armstrong flies out sharply to right fielder Wilyer Abreu.,,,,,https://www.mlb.com/gameday/824703,https://baseballsavant.mlb.com/gamefeed?gamePk=824703
824706,2026-09-25,CHC @ BOS,R,3,1,top,1,Michael Conforto,Brayan Bello,L,R,field_out,out,Michael Conforto flies out to right fielder Roman Anthony.,0,MJ,1,112,1,-,0,0,0,0,0,,86.8,39.0,293.0,fly_ball,medium,,,0,cff9d669-a0ff-3027-a9ae-c10d3c4458b9,55a15386-59ab-3b86-ba83-58e643cb0f86 5c2364ed-851f-3ca4-98ca-c59d69e6ef4f cff9d669-a0ff-3027-a9ae-c10d3c4458b9,https://baseballsavant.mlb.com/sporty-videos?playId=cff9d669-a0ff-3027-a9ae-c10d3c4458b9,Michael Conforto flies out to right fielder Roman Anthony.,,,,,https://www.mlb.com/gameday/824706,https://baseballsavant.mlb.com/gamefeed?gamePk=824706
824706,2026-09-25,CHC @ BOS,R,16,3,top,1,Pete Crow-Armstrong,Brayan Bello,L,R,field_out,out,Pete Crow-Armstrong pops out to catcher Connor Wong in foul territory.,0,MJ,1,111,1,-,0,0,0,0,0,,97.0,71.0,43.0,popup,medium,,,0,3f783280-b5bf-3726-ba07-0e264df75cbd,b9565448-487c-3c03-a1b5-2fd3fb02fa4b 9b6d269f-adb4-3ef7-af69-258d04a606e7 3f783280-b5bf-3726-ba07-0e264df75cbd,https://baseballsavant.mlb.com/sporty-videos?playId=3f783280-b5bf-3726-ba07-0e264df75cbd,Pete Crow-Armstrong pops out to catcher Connor Wong in foul territory.,,,,,https://www.mlb.com/gameday/824706,https://baseballsavant.mlb.com/gamefeed?gamePk=824706
824706,2026-09-25,CHC @ BOS,R,44,6,bottom,2,Trevor Story,Javier Assad,R,R,strikeout,other,Trevor Story strikes out on a foul tip.,0,MJ,0,112,1,-,0,0,0,0,0,,,,,,,,,0,aa181fb7-11a5-3cf9-8e1d-e22719451b5c,0684a677-331b-3ab6-acdd-a27c84fa1e43 3158a6ff-f3a5-3d18-af10-322fcad95312 ce14f7d0-e755-3102-8f8d-c7c32d3f245f aa181fb7-11a5-3cf9-8e1d-e22719451b5c,https://baseballsavant.mlb.com/sporty-videos?playId=aa181fb7-11a5-3cf9-8e1d-e22719451b5c,Trevor Story strikes out on a foul tip.,,,,,https://www.mlb.com/gameday/824706,https://baseballsavant.mlb.com/gamefeed?gamePk=824706
824706,2026-09-25,CHC @ BOS,R,56,8,bottom,0,Connor Wong,Javier Assad,R,R,field_out,out,"Cubs challenged (touching a base), call on the field was upheld: Connor Wong flies out to right fielder Seiya Suzuki.",0,MB,0,112,1,-,0,0,0,0,0,,89.6,55.0,211.0,fly_ball,medium,,,0,67179938-bd65-3d3b-a469-1c171ca02c20,963485ef-aa49-4679-bb99-2c6e81903257 66ae2f5a-9c06-3325-910d-762fd3715ee2 56eaca24-3cd1-39e3-b103-d281f38b4512 f29f812d-8715-36d3-abd0-345a1d0e7a66 67179938-bd65-3d3b-a469-1c171ca02c20,https://baseballsavant.mlb.com/sporty-videos?playId=67179938-bd65-3d3b-a469-1c171ca02c20,"Cubs challenged (touching a base), call on the field was upheld: Connor Wong flies out to right fielder Seiya Suzuki.",,,,,https://www.mlb.com/gameday/824706,https://baseballsavant.mlb.com/gamefeed?gamePk=824706
824706,2026-09-25,CHC @ BOS,R,57,8,bottom,1,Roman Anthony,Ryan Rolison,L,L,strikeout,other,"Roman Anthony challenged (pitch result), call on the field was confirmed: Roman Anthony called out on strikes.",0,MJ,0,111,1,-,0,0,0,0,0,,,,,,,,,0,3b5ccc48-0878-3bd2-9260-2c0fd3344895,36797ee5-5602-33e2-a4be-094ab7987d06 320c7693-c709-3a0b-91f5-71a0d620f297 d7f2846b-358e-339a-9954-0e699628edaa 63f93f27-ca4d-3575-95c5-c0a7244e38db 80899f97-e034-3f93-bde4-d4a7b4a63638 09b799b1-a536-3985-9583-2a77effdd148 3b5ccc48-0878-3bd2-9260-2c0fd3344895,https://baseballsavant.mlb.com/sporty-videos?playId=3b5ccc48-0878-3bd2-9260-2c0fd3344895,Roman Anthony called out on strikes.,0,,,,https://www.mlb.com/gameday/824706,https://baseballsavant.mlb.com/gamefeed?gamePk=824706
824947,2026-09-25,HOU @ ATH,R,6,1,bottom,2,Jeff McNeil,Hunter Brown,L,R,field_out,out,Jeff McNeil lines out to left fielder Jorge Barrosa.,0,MJ,0,117,1,-,0,0,0,0,0,,90.3,24.0,322.0,line_drive,medium,,,0,e8ddf134-00f6-3ea3-a3e9-7d7a94b38cae,74a4d19a-7874-3838-9f79-9e1e35f1f768 e8ddf134-00f6-3ea3-a3e9-7d7a94b38cae,https://baseballsavant.mlb.com/sporty-videos?playId=e8ddf134-00f6-3ea3-a3e9-7d7a94b38cae,Jeff McNeil lines out to left fielder Jorge Barrosa.,,,,,https://www.mlb.com/gameday/824947,https://baseballsavant.mlb.com/gamefeed?gamePk=824947
824947,2026-09-25,HOU @ ATH,R,15,2,bottom,1,Tommy White,Hunter Brown,R,R,strikeout,other,Tommy White called out on strikes.,0,MJ,1,117,1,-,0,0,0,0,0,,,,,,,,,0,c1a78041-76fc-3605-b312-61f2fdf3add4,14ae5252-e087-3cc9-94b3-8e53de285c01 b33aa805-9c77-3374-82a6-87db7c794fcc e5009218-6049-3936-9618-6296f15b5538 5164f7ad-44cd-4469-8532-0978d6be2029 b56356f2-56ca-3059-8917-172b99335a8a f7782fd3-fcf4-35c2-8e22-1ec7f6bf748e fbf503b5-68bb-3269-af56-b4d30336f4cd c1a78041-76fc-3605-b312-61f2fdf3add4,https://baseballsavant.mlb.com/sporty-videos?playId=c1a78041-76fc-3605-b312-61f2fdf3add4,Tommy White called out on strikes.,,,,,https://www.mlb.com/gameday/824947,https://baseballsavant.mlb.com/gamefeed?gamePk=824947
824947,2026-09-25,HOU @ ATH,R,24,3,bottom,1,Jeff McNeil,Hunter Brown,L,R,strikeout,other,"Jeff McNeil challenged (pitch result), call on the field was confirmed: Jeff McNeil called out on strikes.",0,MJ,0,133,1,-,0,0,0,0,0,,,,,,,,,0,46229654-87d9-3b37-837c-fea347bd0342,326366dd-42a3-39e5-badb-e7d8e6383b8b 70f6313f-7ba5-3b96-aa7c-178c5977a80a 4902976c-b85c-3e17-aa1e-008f431f4081 46229654-87d9-3b37-837c-fea347bd0342,https://baseballsavant.mlb.com/sporty-videos?playId=46229654-87d9-3b37-837c-fea347bd0342,Jeff McNeil called out on strikes.,0,,,,https://www.mlb.com/gameday/824947,https://baseballsavant.mlb.com/gamefeed?gamePk=824947
824947,2026-09-25,HOU @ ATH,R,25,3,bottom,2,Zack Gelof,Hunter Brown,R,R,field_out,out,"Zack Gelof grounds out, second baseman Jose Altuve to first baseman Christian Walker.",0,MJ,0,117,1,-,0,0,0,0,0,,101.2,-4.0,28.0,ground_ball,medium,,,0,f4600d32-df12-3d22-9ce0-35334bc73eb7,ef843b97-daa1-39fa-aa17-93f59db42307 3c659e08-666c-327f-a1ac-b2c11af5e41c aba3196e-e9d4-3104-a9a3-aab2f5d5e9d5 aa24f53a-201b-3a78-aa86-2fbd5e704658 f4600d32-df12-3d22-9ce0-35334bc73eb7,https://baseballsavant.mlb.com/sporty-videos?playId=f4600d32-df12-3d22-9ce0-35334bc73eb7,"Zack Gelof grounds out, second baseman Jose Altuve to first baseman Christian Walker.",,,,,https://www.mlb.com/gameday/824947,https://baseballsavant.mlb.com/gamefeed?gamePk=824947
824947,2026-09-25,HOU @ ATH,R,30,4,bottom,0,Donovan Walton,Hunter Brown,L,R,strikeout,other,"Donovan Walton challenged (pitch result), call on the field was confirmed: Donovan Walton called out on strikes.",0,MJ,0,133,1,-,0,0,0,0,0,,,,,,,,,0,18f6d2bc-89ad-3a8d-82af-6573ce87dad8,2f8251a1-8a15-3da5-9abd-26ddf671ecdc 65270990-0eb5-374d-ada1-f2196c15945e a41e9d49-f286-3bbc-959b-746cbb402e6f 663bc2f5-d3ed-3687-a044-6c958034c629 f2470021-ae6a-3fe9-8d09-32cf09359b3b 18f6d2bc-89ad-3a8d-82af-6573ce87dad8,https://baseballsavant.mlb.com/sporty-videos?playId=18f6d2bc-89ad-3a8d-82af-6573ce87dad8,Donovan Walton called out on strikes.,0,,,,https://www.mlb.com/gameday/824947,https://baseballsavant.mlb.com/gamefeed?gamePk=824947
822678,2026-09-26,NYM @ WSH,R,2,1,top,1,Bo Bichette,Connelly Early,R,L,field_out,out,"Bo Bichette grounds out, shortstop Nasim Nuñez to first baseman Yohandy Morales. Juan Soto to 2nd.",0,MJ,1,120,1,1B,0,0,0,0,0,,84.0,-26.0,2.0,ground_ball,medium,,,0,803f240c-8a7e-3513-9809-e9c926015aa1,33ad8c7e-46d1-3e85-a343-3d3c11239a76 3e792a3f-417d-3eef-a29a-e06172159a1d 0b8eebc0-9e46-3488-8209-63c0d9ee0fdc 803f240c-8a7e-3513-9809-e9c926015aa1,https://baseballsavant.mlb.com/sporty-videos?playId=803f240c-8a7e-3513-9809-e9c926015aa1,"Bo Bichette grounds out, shortstop Nasim Nuñez to first baseman Yohandy Morales. Juan Soto to 2nd.",,,,,https://www.mlb.com/gameday/822678,https://baseballsavant.mlb.com/gamefeed?gamePk=822678
822678,2026-09-26,NYM @ WSH,R,15,3,top,0,A.J. Ewing,Connelly Early,L,L,strikeout,other,A.J. Ewing strikes out swinging.,0,MJ,1,120,1,-,0,0,0,0,0,,,,,,,,,0,311f4805-39f3-301f-b0b1-94f32ecfd335,62b9a5aa-673e-35a8-8b1c-a2af522df03e a98ec348-c51b-349f-9bcd-61b1497013e4 e25c4238-f676-3cc8-80c2-de13e45de628 5752390b-7798-3713-95b2-690f8f913fee 311f4805-39f3-301f-b0b1-94f32ecfd335,https://baseballsavant.mlb.com/sporty-videos?playId=311f4805-39f3-301f-b0b1-94f32ecfd335,A.J. Ewing strikes out swinging.,,,,,https://www.mlb.com/gameday/822678,https://baseballsavant.mlb.com/gamefeed?gamePk=822678
822678,2026-09-26,NYM @ WSH,R,21,3,bottom,1,Dylan Crews,Jonah Tong,R,R,strikeout,other,Dylan Crews called out on strikes.,0,MJ,0,121,1,-,0,0,0,0,0,,,,,,,,,0,0cc8a6b5-03a6-3ea1-9964-34b5763eea73,5c9a17b4-09ed-3777-9c93-d554287374c5 48a19542-2a24-3854-8630-a40fb493c2fa eda60f7d-812b-3b1c-b9d5-6b2b3be2d8b0 6e63d38e-cf27-396f-8582-92b809ae96a6 148bc0a3-466a-3feb-8cb4-d9e8c2b3d742 e489a444-9cff-3af9-bf4d-5a4a30596c99 befa16e5-16de-40ba-8c05-786e4bec6448 0cc8a6b5-03a6-3ea1-9964-34b5763eea73,https://baseballsavant.mlb.com/sporty-videos?playId=0cc8a6b5-03a6-3ea1-9964-34b5763eea73,Dylan Crews called out on strikes.,,,,,https://www.mlb.com/gameday/822678,https://baseballsavant.mlb.com/gamefeed?gamePk=822678
822759,2026-09-26,CIN @ TOR,R,22,3,top,1,JJ Bleday,Spencer Miles,L,R,strikeout,other,"JJ Bleday challenged (pitch result), call on the field was confirmed: JJ Bleday called out on strikes.",0,MJ,0,113,1,-,0,0,0,0,0,,,,,,,,,0,5ef15538-0693-3451-a31f-3dbae53baf5a,4dc47ee4-6eb1-3763-bd23-0c30c7678c88 17ab7e77-7ab1-397f-be1c-e3cd569e1f7f 1f96a40d-c54e-3312-8d27-dfee84995bf8 5112353d-dc71-3bba-b058-5c9725e2bd44 b60e593f-68db-3f3a-9849-862130e74923 5ef15538-0693-3451-a31f-3dbae53baf5a,https://baseballsavant.mlb.com/sporty-videos?playId=5ef15538-0693-3451-a31f-3dbae53baf5a,JJ Bleday called out on strikes.,0,,,,https://www.mlb.com/gameday/822759,https://baseballsavant.mlb.com/gamefeed?gamePk=822759
822759,2026-09-26,CIN @ TOR,R,38,5,top,2,JJ Bleday,John Klein,L,R,walk,other,"Alejandro Kirk challenged (pitch result), call on the field was confirmed: JJ Bleday walks.",0,MJ,0,141,1,-,0,0,0,0,0,,,,,,,,,0,0b456f01-a9a7-31bb-a424-d9fc2259ee5d,bcc437dc-ad66-38ac-a239-6dd6ffd25b00 eff9b032-304c-3af9-a17d-a78d6be4936a fa8c8040-260e-3358-80df-fdf47a2e3d5a b6edf681-edbf-31dc-b128-90ad7e1a6335 371bcfb3-aa87-375b-b8dc-014a1c09aa43 919ba99f-fffd-3bce-a7e9-c82f640a6aff eeee23f7-da5b-3d6a-bdbb-1db0af0f89bb 673e3ed0-0f93-34de-a25a-16af66de2e9b 0b456f01-a9a7-31bb-a424-d9fc2259ee5d,https://baseballsavant.mlb.com/sporty-videos?playId=0b456f01-a9a7-31bb-a424-d9fc2259ee5d,JJ Bleday walks.,0,,,,https://www.mlb.com/gameday/822759,https://baseballsavant.mlb.com/gamefeed?gamePk=822759
822759,2026-09-26,CIN @ TOR,R,49,6,top,2,Sal Stewart,John Klein,R,R,strikeout,other,Sal Stewart strikes out swinging.,0,MJ,1,141,1,-,0,0,0,0,0,,,,,,,,,0,e05cb105-1f5d-3e5e-ad51-d0ca12107bab,89e1254e-7d47-321f-a65a-739f73273c4a fb6f7a7d-d653-37f9-bca0-177ad213bada 20267b69-b78d-33a7-b8e0-f84839b4c75c 4b74372c-9978-388d-8da0-fcf004e2526d e05cb105-1f5d-3e5e-ad51-d0ca12107bab,https://baseballsavant.mlb.com/sporty-videos?playId=e05cb105-1f5d-3e5e-ad51-d0ca12107bab,Sal Stewart strikes out swinging.,,,,,https://www.mlb.com/gameday/822759,https://baseballsavant.mlb.com/gamefeed?gamePk=822759
822759,2026-09-26,CIN @ TOR,R,54,7,top,1,JJ Bleday,John Klein,L,R,strikeout,other,JJ Bleday called out on strikes.,0,MJ,0,113,1,-,0,0,0,0,0,,,,,,,,,0,c78cbcd3-dac1-3f3f-ba01-cff9ec85f239,9e1ccd77-00d4-3b9f-8626-8425b3b2e8d3 db6486b0-202b-39e6-ad07-eab458b93ca9 c97a6a6b-36e9-39f5-b11d-27c3f84628dd aec8a1d8-5076-3855-a360-3cdbd876bb35 c78cbcd3-dac1-3f3f-ba01-cff9ec85f239,https://baseballsavant.mlb.com/sporty-videos?playId=c78cbcd3-dac1-3f3f-ba01-cff9ec85f239,JJ Bleday called out on strikes.,,,,,https://www.mlb.com/gameday/822759,https://baseballsavant.mlb.com/gamefeed?gamePk=822759
823083,2026-09-26,LAA @ SEA,R,19,3,top,1,Zach Neto,Kade Anderson,R,L,walk,other,Zach Neto walks.,0,MJ,1,108,1,-,0,0,0,0,0,,,,,,,,,0,247c8002-e6b8-3654-900e-a556e2df2524,f725a084-fca7-3b01-a0f5-fea6778c69a3 082f72aa-87da-35ba-9f02-3185039caf6d 05c3568a-b75e-30f4-a357-7432a0e6803a 6cd70ce1-1a80-3ac4-b23b-3c75013f4ae7 0f2ccdf8-0eec-3e3a-afbf-915611531da1 247c8002-e6b8-3654-900e-a556e2df2524,https://baseballsavant.mlb.com/sporty-videos?playId=247c8002-e6b8-3654-900e-a556e2df2524,Zach Neto walks.,,,,,https://www.mlb.com/gameday/823083,https://baseballsavant.mlb.com/gamefeed?gamePk=823083
823083,2026-09-26,LAA @ SEA,R,41,5,bottom,0,Randy Arozarena,Ryan Johnson,R,R,single,hit,Randy Arozarena singles on a ground ball to shortstop Zach Neto.,0,MJ,1,108,1,-,0,0,0,0,0,,78.8,7.0,94.0,ground_ball,medium,,,0,f26a3335-0093-3221-b1fc-24b8802e63b2,6b50185a-73bb-3d8a-bcc4-9a5f762d8d1c f26a3335-0093-3221-b1fc-24b8802e63b2,https://baseballsavant.mlb.com/sporty-videos?playId=f26a3335-0093-3221-b1fc-24b8802e63b2,Randy Arozarena singles on a ground ball to shortstop Zach Neto.,,,,,https://www.mlb.com/gameday/823083,https://baseballsavant.mlb.com/gamefeed?gamePk=823083
823083,2026-09-26,LAA @ SEA,R,48,5,bottom,2,Leo Rivas,Ryan Johnson,L,R,strikeout,other,"Leo Rivas challenged (pitch result), call on the field was confirmed: Leo Rivas called out on strikes.",0,MJ,0,136,1,-,0,0,0,0,0,,,,,,,,,0,864623f1-a765-39ce-ada5-46a3cdd9cddd,43db0011-34be-3a4f-bdc2-dd16cacca44e 9975a3fe-dddc-3be9-b8e0-08bf3b06ccc1 ccae930d-eaec-36d0-9dc2-c45b87eebdcb 864623f1-a765-39ce-ada5-46a3cdd9cddd,https://baseballsavant.mlb.com/sporty-videos?playId=864623f1-a765-39ce-ada5-46a3cdd9cddd,Leo Rivas called out on strikes.,0,,,,https://www.mlb.com/gameday/823083,https://baseballsavant.mlb.com/gamefeed?gamePk=823083
823083,2026-09-26,LAA @ SEA,R,60,6,bottom,1,Dominic Canzone,Blake Weiman,L,L,strikeout,other,"Dominic Canzone challenged (pitch result), call on the field was confirmed: Dominic Canzone called out on strikes.",0,MJ,0,136,1,2B,1,0,0,0,0,,,,,,,,,0,fd9421b8-9453-386e-9101-f1c76c932395,77ebfbc2-beec-46fc-86fe-03b51adc8df4 69e996c2-9426-3042-8dd3-7a500e627e0d 09a6b21b-8738-3c8f-a8fb-df6401079725 fdae9851-c352-31ea-8cfb-9bdaaf37ce35 aac117b5-bdab-3ff7-b15b-1af825b5c827 c51c5784-e295-3a55-8549-6c1c1b361709 1a33d2c2-10d9-3a60-803b-ef661279a046 fd9421b8-9453-386e-9101-f1c76c932395,https://baseballsavant.mlb.com/sporty-videos?playId=fd9421b8-9453-386e-9101-f1c76c932395,Dominic Canzone called out on strikes.,0,,,,https://www.mlb.com/gameday/823083,https://baseballsavant.mlb.com/gamefeed?gamePk=823083
823083,2026-09-26,LAA @ SEA,R,78,8,bottom,1,Josh Naylor,Mitch Farris,L,L,walk,other,Josh Naylor walks.,0,MJ,0,108,1,-,0,0,0,0,0,,,,,,,,,0,a0cbe22b-736f-336b-89e3-fa14335e3d52,4088909f-b5ad-3fcc-bf00-933b9451c483 96911ae1-c598-3b83-afc5-3cf47ab41c21 6899348f-df5d-3c1a-9262-00325dc2eedf a0cbe22b-736f-336b-89e3-fa14335e3d52,https://baseballsavant.mlb.com/sporty-videos?playId=a0cbe22b-736f-336b-89e3-fa14335e3d52,Josh Naylor walks.,,,,,https://www.mlb.com/gameday/823083,https://baseballsavant.mlb.com/gamefeed?gamePk=823083
823165,2026-09-26,LAD @ SF,R,19,3,top,2,Shohei Ohtani,Matt Wilkinson,L,L,field_out,out,Shohei Ohtani flies out to left fielder Scott Bandura.,0,MJ,0,119,1,-,0,0,0,0,0,,91.3,55.0,218.0,fly_ball,medium,,,0,2224605c-d77c-378a-945a-6c52c8f1b438,5e093b23-1888-3ad9-9e4a-dea4c3ebd3a5 cca0db5a-c698-395d-85af-fa607b0ee6b2 3e89c462-a283-31ce-a0fc-b3d2e3cdf26d 2224605c-d77c-378a-945a-6c52c8f1b438,https://baseballsavant.mlb.com/sporty-videos?playId=2224605c-d77c-378a-945a-6c52c8f1b438,Shohei Ohtani flies out to left fielder Scott Bandura.,,,,,https://www.mlb.com/gameday/823165,https://baseballsavant.mlb.com/gamefeed?gamePk=823165
823165,2026-09-26,LAD @ SF,R,34,4,bottom,2,Shay Whitcomb,Blake Snell,R,L,single,hit,"Giants challenged (tag play), call on the field was upheld: Shay Whitcomb singles on a sharp line drive to left fielder Teoscar Hernández. Shay Whitcomb out at 2nd on the throw, left fielder Teoscar Hernández to second baseman Tommy Edman.",0,MA,0,137,1,1B,0,0,0,0,0,,103.4,10.0,189.0,line_drive,hard,,,0,670a6dcf-93a9-374b-ba3e-fbae5e5c7070,8da2ffe1-f725-3fd8-9b7e-108a712a0635 8854a964-90cf-3aa3-9fc7-b72f08708045 f5ad30a1-824b-3be8-875e-e3a1472647dd aa5a9151-bfa1-366c-bd7b-4e34a3007478 07c21ab6-7248-31e1-9860-0bdbfd5c278b 670a6dcf-93a9-374b-ba3e-fbae5e5c7070,https://baseballsavant.mlb.com/sporty-videos?playId=670a6dcf-93a9-374b-ba3e-fbae5e5c7070,"Giants challenged (tag play), call on the field was upheld: Shay Whitcomb singles on a sharp line drive to left fielder Teoscar Hernández. Shay Whitcomb out at 2nd on the throw, left fielder Teoscar Hernández to second baseman Tommy Edman.",,,,,https://www.mlb.com/gameday/823165,https://baseballsavant.mlb.com/gamefeed?gamePk=823165
823165,2026-09-26,LAD @ SF,R,50,7,top,0,Mookie Betts,Camilo Doval,R,R,strikeout,other,"Andrew Knizner challenged (pitch result), call on the field was overturned: Mookie Betts called out on strikes.",0,MJ,1,137,1,-,0,0,0,0,0,,,,,,,,,0,5122880f-528a-3279-8aa6-0cd76aeeef87,a44c7600-efca-3d91-8c5c-73107687e4f9 7a27e802-3a67-3fd9-b6c1-52114497f0ae 746e2b47-b0d4-3cd2-aeb8-59b2bf6530e5 5a69312e-1131-35b6-aa37-8718472ac3b3 5122880f-528a-3279-8aa6-0cd76aeeef87,https://baseballsavant.mlb.com/sporty-videos?playId=5122880f-528a-3279-8aa6-0cd76aeeef87,Mookie Betts called out on strikes.,1,,,,https://www.mlb.com/gameday/823165,https://baseballsavant.mlb.com/gamefeed?gamePk=823165
823165,2026-09-26,LAD @ SF,R,52,7,top,2,Dalton Rushing,Camilo Doval,L,R,strikeout,other,"Andrew Knizner challenged (pitch result), call on the field was overturned: Dalton Rushing called out on strikes.",0,MJ,1,137,1,-,0,0,0,0,0,,,,,,,,,0,ef876e51-f9d7-3cc5-9edf-71c144cc5ce9,59713357-306a-3653-b59f-f7573a482a67 ee21b015-b179-35aa-9511-26c39008025d 41497b09-b09a-3c87-b4c9-8bdc7f0f0c97 a913cc9a-3b94-3ed2-8e01-1f24cae93430 e8c69c47-386b-3cd8-ac0b-cc0a5ceab3f9 64d73166-2b05-3588-a0ac-92e261024946 ef876e51-f9d7-3cc5-9edf-71c144cc5ce9,https://baseballsavant.mlb.com/sporty-videos?playId=ef876e51-f9d7-3cc5-9edf-71c144cc5ce9,Dalton Rushing called out on strikes.,1,,,,https://www.mlb.com/gameday/823165,https://baseballsavant.mlb.com/gamefeed?gamePk=823165
823165,2026-09-26,LAD @ SF,R,71,9,bottom,0,Osleivis Basabe,Tanner Scott,R,L,strikeout,other,"Osleivis Basabe challenged (pitch result), call on the field was confirmed: Osleivis Basabe called out on strikes.",0,MJ,0,137,1,-,0,0,0,0,0,,,,,,,,,0,f0c9cff9-0390-37db-9f53-d6b1e1f84ebf,0ae177be-7518-3f44-94c7-c8da084a965e e6193bfc-8508-3a6c-a232-1476fdd4925d f0c9cff9-0390-37db-9f53-d6b1e1f84ebf,https://baseballsavant.mlb.com/sporty-videos?playId=f0c9cff9-0390-37db-9f53-d6b1e1f84ebf,Osleivis Basabe called out on strikes.,0,,,,https://www.mlb.com/gameday/823165,https://baseballsavant.mlb.com/gamefeed?gamePk=823165
823245,2026-09-26,AZ @ SD,R,9,1,bottom,2,Xander Bogaerts,Jonathan Loáisiga,R,R,strikeout,other,Xander Bogaerts strikes out on a foul tip.,0,MJ,1,135,1,-,0,0,0,0,0,,,,,,,,,0,11840dda-d638-32c3-bf09-c114374cc5dd,b7eb7c32-6753-3763-a6b3-a8525a9addac b55865b4-5674-3a15-8f2a-4139e7027dcd 232a4f5b-b6d8-3f47-8cd0-6a23e8730601 60601a09-7e5f-3f0a-9b24-fee8f7733d4d 0b511483-54de-3557-8dec-594c4c3fd7cf 533a8da4-d8b5-3e75-8250-6fb242d5d1ec 243d094e-a375-3419-8b8b-bc561c476e41 11840dda-d638-32c3-bf09-c114374cc5dd,https://baseballsavant.mlb.com/sporty-videos?playId=11840dda-d638-32c3-bf09-c114374cc5dd,Xander Bogaerts strikes out on a foul tip.,,,,,https://www.mlb.com/gameday/823245,https://baseballsavant.mlb.com/gamefeed?gamePk=823245
823245,2026-09-26,AZ @ SD,R,28,3,bottom,2,Xander Bogaerts,Kevin Ginkel,R,R,walk,other,Xander Bogaerts walks.,0,MJ,0,135,1,-,0,0,0,0,0,,,,,,,,,0,9c6e3584-c933-30f5-aa10-855d3fdecb04,43fe44f6-f316-3895-83fe-67aba89b5801 f128e66a-b635-3174-bbef-fd62bc6fc93d f0bcc27e-e010-3427-af29-aa9096c1c355 70f50f41-7115-365d-b03b-c483b3aeb541 da2dbf88-c2a8-3984-8d76-0f3aa9d08297 a92855fd-e1ba-4cc6-8226-4c7507df3f52 fed76128-e939-3116-9376-90e5fa420176 9c6e3584-c933-30f5-aa10-855d3fdecb04,https://baseballsavant.mlb.com/sporty-videos?playId=9c6e3584-c933-30f5-aa10-855d3fdecb04,Xander Bogaerts walks.,,,,,https://www.mlb.com/gameday/823245,https://baseballsavant.mlb.com/gamefeed?gamePk=823245
823245,2026-09-26,AZ @ SD,R,33,4,top,2,James McCann,Walker Buehler,R,R,home_run,hit,James McCann homers (7) on a fly ball to center field. Pavin Smith scores.,2,MJ,0,135,1,1B,0,2,2,0,0,,105.0,33.0,412.0,fly_ball,medium,,,0,7d9125d8-83bb-3e9b-b700-f5c8d89894c1,df62586b-7da4-317a-a428-83159b016bb7 3fd2646f-2c10-37f6-b02d-83c6496f4059 9a2437f9-5179-30e6-86c4-581c7d12f16f 7d9125d8-83bb-3e9b-b700-f5c8d89894c1,https://baseballsavant.mlb.com/sporty-videos?playId=7d9125d8-83bb-3e9b-b700-f5c8d89894c1,James McCann homers (7) on a fly ball to center field. Pavin Smith scores.,,no RBI (an HR cannot be an error),RBI (home run scores the batter),RBI (home run scores the batter),https://www.mlb.com/gameday/823245,https://baseballsavant.mlb.com/gamefeed?gamePk=823245
823245,2026-09-26,AZ @ SD,R,59,6,bottom,2,Xander Bogaerts,Dennis Santana,R,R,walk,other,Xander Bogaerts walks. Ty France to 2nd.,0,MJ,0,109,1,1B,0,0,0,0,0,,,,,,,,,0,d6a585ff-c50c-3144-9e5e-f845bc72ee2b,b912b129-dfef-342d-9003-e5d746e4633c 7527fb64-6e2b-34a0-9468-5dde7f4faf78 a8313ed6-f6d5-3dca-b528-5a5f8f9945ac 66f5bf6c-7b44-3c5e-ba78-2124e3704f1c d6a585ff-c50c-3144-9e5e-f845bc72ee2b,https://baseballsavant.mlb.com/sporty-videos?playId=d6a585ff-c50c-3144-9e5e-f845bc72ee2b,Xander Bogaerts walks. Ty France to 2nd.,,,,,https://www.mlb.com/gameday/823245,https://baseballsavant.mlb.com/gamefeed?gamePk=823245
823245,2026-09-26,AZ @ SD,R,65,7,top,1,Gabriel Moreno,David Morgan,R,R,strikeout,other,Gabriel Moreno strikes out swinging.,0,MJ,0,109,1,-,0,0,0,0,0,,,,,,,,,0,f5f0be3a-2d26-3a2a-80bb-5d2e9d0795a9,0634c9d1-a927-3df6-bd78-b9341d7bb6ad 8f45fe96-90d8-38eb-ae95-fb55b4f28ca7 6c561683-32ca-35a4-b009-2e66bd7388b6 93359b84-e079-308a-90b3-688cbc2e5586 f5f0be3a-2d26-3a2a-80bb-5d2e9d0795a9,https://baseballsavant.mlb.com/sporty-videos?playId=f5f0be3a-2d26-3a2a-80bb-5d2e9d0795a9,Gabriel Moreno strikes out swinging.,,,,,https://www.mlb.com/gameday/823245,https://baseballsavant.mlb.com/gamefeed?gamePk=823245
823407,2026-09-26,TB @ PHI,R,5,1,top,2,Richie Palacios,Aaron Nola,L,R,double,hit,Richie Palacios doubles (14) on a line drive to right fielder Bryan De La Cruz. Victor Mesa Jr. scores.,1,MJ,1,139,1,"2B,3B",1,1,1,0,0,,101.5,20.0,368.0,line_drive,medium,,,0,6cead570-568a-351b-ac06-889004340f8f,a202bfc0-235a-3693-9166-d6b4d9defbad 0962835c-87af-4ad2-9d9a-a5e09ecc4733 b1dfdacf-c926-3ad5-9192-04095a589dc0 640b2d42-76ef-3a47-a2bb-fa21b74f0171 6cead570-568a-351b-ac06-889004340f8f,https://baseballsavant.mlb.com/sporty-videos?playId=6cead570-568a-351b-ac06-889004340f8f,Richie Palacios doubles (14) on a line drive to right fielder Bryan De La Cruz. Victor Mesa Jr. scores.,,NO RBI (run scores only because of the error),RBI,RBI possible (run-scoring fielder's choice is a scorer's call),https://www.mlb.com/gameday/823407,https://baseballsavant.mlb.com/gamefeed?gamePk=823407
823407,2026-09-26,TB @ PHI,R,11,2,top,1,Taylor Walls,Tanner Banks,R,L,strikeout,other,Taylor Walls strikes out on a foul tip.,0,MJ,1,143,1,-,0,0,0,0,0,,,,,,,,,0,1ae0ab03-3055-327a-ba0c-1fb525f95cde,0c070c0a-e379-30f1-b445-5e688acf7203 3c5d93f1-f49c-37fb-9585-daf4830b1437 0f094571-1a8c-3a4f-abcd-5ec1239812f2 1ae0ab03-3055-327a-ba0c-1fb525f95cde,https://baseballsavant.mlb.com/sporty-videos?playId=1ae0ab03-3055-327a-ba0c-1fb525f95cde,Taylor Walls strikes out on a foul tip.,,,,,https://www.mlb.com/gameday/823407,https://baseballsavant.mlb.com/gamefeed?gamePk=823407
823407,2026-09-26,TB @ PHI,R,12,2,top,2,Yandy Díaz,Tanner Banks,R,L,field_out,out,Yandy Díaz flies out to center fielder Justin Crawford.,0,MJ,1,143,1,-,0,0,0,0,0,,83.4,41.0,295.0,fly_ball,medium,,,0,2b7f778b-f546-3240-a9c2-95a7bbc3c5a3,4baff05c-3e06-3fa0-a887-3f5ab8513d51 f94d4c20-561d-30ec-a5e5-a5352ee678fd 82076b42-bfe9-386c-854f-09a17d46427b 1fb7236e-2cdf-3463-8d8b-65c129981422 2b7f778b-f546-3240-a9c2-95a7bbc3c5a3,https://baseballsavant.mlb.com/sporty-videos?playId=2b7f778b-f546-3240-a9c2-95a7bbc3c5a3,Yandy Díaz flies out to center fielder Justin Crawford.,,,,,https://www.mlb.com/gameday/823407,https://baseballsavant.mlb.com/gamefeed?gamePk=823407
823407,2026-09-26,TB @ PHI,R,18,3,top,1,Junior Caminero,Chase Shugart,R,R,strikeout,other,"Junior Caminero challenged (pitch result), call on the field was confirmed: Junior Caminero called out on strikes.",0,MJ,0,139,1,-,0,0,0,0,0,,,,,,,,,0,8dd68a86-21a6-3f68-be3d-7e00decb0ed3,f59adb64-2439-3e3d-8b6b-f4628fa4423a 447899ed-41cd-339d-b60d-8e7cd6f389bc 1e29067d-e817-3d7c-a042-4be0a5406374 8dd68a86-21a6-3f68-be3d-7e00decb0ed3,https://baseballsavant.mlb.com/sporty-videos?playId=8dd68a86-21a6-3f68-be3d-7e00decb0ed3,Junior Caminero called out on strikes.,0,,,,https://www.mlb.com/gameday/823407,https://baseballsavant.mlb.com/gamefeed?gamePk=823407
823407,2026-09-26,TB @ PHI,R,51,6,bottom,0,Justin Crawford,Cam Booser,L,L,strikeout,other,"Justin Crawford challenged (pitch result), call on the field was confirmed: Justin Crawford called out on strikes.",0,MJ,0,143,1,-,0,0,0,0,0,,,,,,,,,0,86fb5303-5ccb-35db-9a43-2ca87107a75a,449a61e7-7c18-36aa-8de2-1ea3c37fb0bb e64523e9-1167-3443-b18f-1b8c9f6931b0 3532bd9a-d61e-396c-b416-3486b7ab5796 09b8094f-f779-3245-9d78-53fd7f36afca 86fb5303-5ccb-35db-9a43-2ca87107a75a,https://baseballsavant.mlb.com/sporty-videos?playId=86fb5303-5ccb-35db-9a43-2ca87107a75a,Justin Crawford called out on strikes.,0,,,,https://www.mlb.com/gameday/823407,https://baseballsavant.mlb.com/gamefeed?gamePk=823407
823407,2026-09-26,TB @ PHI,R,52,6,bottom,1,Trea Turner,Cam Booser,R,L,single,hit,Trea Turner singles on a line drive to center fielder Cedric Mullins.,0,MJ,1,143,1,-,0,0,0,0,0,,95.1,8.0,159.0,line_drive,medium,,,0,ca26e091-35dc-303f-92cd-256db37fe471,2788f918-eaf1-3b7c-b797-2759752eddd5 25708289-84df-3ec8-bbfe-c9d99cb88a47 3d705eb7-bfd4-377a-859f-e0595fcd7c85 0705830a-b5e0-3bfc-84de-f4824db97244 ca26e091-35dc-303f-92cd-256db37fe471,https://baseballsavant.mlb.com/sporty-videos?playId=ca26e091-35dc-303f-92cd-256db37fe471,Trea Turner singles on a line drive to center fielder Cedric Mullins.,,,,,https://www.mlb.com/gameday/823407,https://baseballsavant.mlb.com/gamefeed?gamePk=823407
823407,2026-09-26,TB @ PHI,R,54,6,bottom,2,Bryce Harper,Cam Booser,L,L,strikeout,other,Bryce Harper strikes out on a foul tip.,0,MJ,0,139,1,-,0,0,0,0,0,,,,,,,,,0,ade0aa50-2593-39f6-b432-344d594a9902,b88b04d2-a11d-4390-80de-032388fbd5ab 603e83f9-61e2-341d-97e7-4cb39d6a415f b249a64b-3b56-3b12-ad85-609727ff0d74 3d51b40e-80da-385c-8fd1-3f04350e25d5 fcd10761-fab3-301d-9cc4-d89becdc0492 70a94645-ed5b-3587-82ae-31843f1b6c89 ade0aa50-2593-39f6-b432-344d594a9902,https://baseballsavant.mlb.com/sporty-videos?playId=ade0aa50-2593-39f6-b432-344d594a9902,Bryce Harper strikes out on a foul tip.,,,,,https://www.mlb.com/gameday/823407,https://baseballsavant.mlb.com/gamefeed?gamePk=823407
823653,2026-09-26,TEX @ MIN,R,10,2,top,2,Danny Jansen,Bailey Ober,R,R,single,hit,"Danny Jansen singles on a fly ball to left fielder Alan Roden. Nicky Lopez scores. Danny Jansen to 2nd. Danny Jansen advances to 2nd, on a throwing error by left fielder Alan Roden.",1,MJ,1,142,1,"1B,2B",1,1,1,0,0,,73.2,41.0,240.0,fly_ball,medium,,,0,d8edda4d-c4c5-35ef-bd34-978a2ba201de,a8301905-73e3-3336-967a-591a30f053af cd308e56-9837-37d0-9b35-c916c38c1baa 5833f389-c96f-39fe-b0f4-9226ac27abd6 cc96b915-b8cc-3f8b-8a2b-9af2556753cd 4599f707-bd97-3ae1-bee6-a99a1f3b9771 cfbecbbc-5acd-3486-9d16-094f580b3a22 d8edda4d-c4c5-35ef-bd34-978a2ba201de,https://baseballsavant.mlb.com/sporty-videos?playId=d8edda4d-c4c5-35ef-bd34-978a2ba201de,"Danny Jansen singles on a fly ball to left fielder Alan Roden. Nicky Lopez scores. Danny Jansen to 2nd. Danny Jansen advances to 2nd, on a throwing error by left fielder Alan Roden.",,NO RBI (run scores only because of the error),RBI,RBI possible (run-scoring fielder's choice is a scorer's call),https://www.mlb.com/gameday/823653,https://baseballsavant.mlb.com/gamefeed?gamePk=823653
823653,2026-09-26,TEX @ MIN,R,22,3,bottom,0,Victor Caratini,Nathan Eovaldi,L,R,strikeout,other,Victor Caratini called out on strikes.,0,MJ,1,140,1,-,0,0,0,0,0,,,,,,,,,0,8cc21cfe-920b-3f83-865e-38ea84fc6193,30e37c21-261a-31c4-9d86-ba6f1518b7a7 1562416b-a9c8-3364-b31b-958faaf660c0 b3bf62eb-e653-3c73-8fc2-4271a5d78c03 7bf3dce9-7d8f-3c56-97ba-95c9ace18fcb 8cc21cfe-920b-3f83-865e-38ea84fc6193,https://baseballsavant.mlb.com/sporty-videos?playId=8cc21cfe-920b-3f83-865e-38ea84fc6193,Victor Caratini called out on strikes.,,,,,https://www.mlb.com/gameday/823653,https://baseballsavant.mlb.com/gamefeed?gamePk=823653
823653,2026-09-26,TEX @ MIN,R,40,5,top,2,Evan Carter,Bailey Ober,L,R,field_out,out,Evan Carter pops out to second baseman Kody Clemens.,0,MJ,1,140,1,-,0,0,0,0,0,,68.6,39.0,220.0,popup,medium,,,0,677d214c-f5eb-31d8-979f-88cafc5ba9a0,c394de35-b0af-352f-9feb-7b9c683c6fe9 6de900f3-505b-34bb-9723-c47b8a348c05 b74a093e-1667-3494-8da8-101f70d64b47 d17b4b68-cba0-3be1-b46c-297adcbefd49 677d214c-f5eb-31d8-979f-88cafc5ba9a0,https://baseballsavant.mlb.com/sporty-videos?playId=677d214c-f5eb-31d8-979f-88cafc5ba9a0,Evan Carter pops out to second baseman Kody Clemens.,,,,,https://www.mlb.com/gameday/823653,https://baseballsavant.mlb.com/gamefeed?gamePk=823653
823653,2026-09-26,TEX @ MIN,R,48,6,top,2,Corey Seager,Travis Adams,L,R,single,hit,"Rangers challenged (stadium boundary call), call on the field was upheld: Rangers challenged (tag play), call on the field was upheld: Corey Seager singles on a sharp ground ball to shortstop Kaelen Culpepper. Wyatt Langford out at 3rd, first baseman Royce Lewis to pitcher Travis Adams.",0,MS,0,140,1,"1B,2B",1,0,0,0,0,,106.4,-7.0,14.0,ground_ball,hard,,,0,0f68d6e8-8b75-386f-9f88-a5b580c02d29,0f68d6e8-8b75-386f-9f88-a5b580c02d29,https://baseballsavant.mlb.com/sporty-videos?playId=0f68d6e8-8b75-386f-9f88-a5b580c02d29,"Rangers challenged (stadium boundary call), call on the field was upheld: Rangers challenged (tag play), call on the field was upheld: Corey Seager singles on a sharp ground ball to shortstop Kaelen Culpepper. Wyatt Langford out at 3rd, first baseman Royce Lewis to pitcher Travis Adams.",,,,,https://www.mlb.com/gameday/823653,https://baseballsavant.mlb.com/gamefeed?gamePk=823653
823653,2026-09-26,TEX @ MIN,R,53,7,top,0,Jake Burger,Travis Adams,R,R,strikeout,other,Jake Burger strikes out swinging.,0,MJ,0,142,1,-,0,0,0,0,0,,,,,,,,,0,425688ea-55e0-3547-bd2a-4034c076c1ce,661837f0-2a55-3fee-8fae-f6aab402053a a4192072-1eb3-3a65-9dd5-9962df99f4f5 20d73372-da56-360c-b5a5-a1d80ced05a7 41253caf-f84c-36f9-8cbf-8ef0ff5b22fe 425688ea-55e0-3547-bd2a-4034c076c1ce,https://baseballsavant.mlb.com/sporty-videos?playId=425688ea-55e0-3547-bd2a-4034c076c1ce,Jake Burger strikes out swinging.,,,,,https://www.mlb.com/gameday/823653,https://baseballsavant.mlb.com/gamefeed?gamePk=823653
823653,2026-09-26,TEX @ MIN,R,54,7,top,1,Ezequiel Duran,Travis Adams,R,R,walk,other,"Victor Caratini challenged (pitch result), call on the field was confirmed: Ezequiel Duran walks.",0,MJ,0,142,1,-,0,0,0,0,0,,,,,,,,,0,9a72d9d2-847f-3231-b7e8-349a1425ecb5,508b4081-0192-3d28-8256-03400ac775ba 930d7949-6bc5-3eff-be7b-ab95e4ddffba f3a555b6-9a4b-3cb3-969a-4fbe57db48ad 1eadda6f-b389-3dbc-8166-25911693e042 9a72d9d2-847f-3231-b7e8-349a1425ecb5,https://baseballsavant.mlb.com/sporty-videos?playId=9a72d9d2-847f-3231-b7e8-349a1425ecb5,Ezequiel Duran walks.,0,,,,https://www.mlb.com/gameday/823653,https://baseballsavant.mlb.com/gamefeed?gamePk=823653
823653,2026-09-26,TEX @ MIN,R,55,7,top,1,Cody Freeman,Travis Adams,R,R,strikeout,other,Cody Freeman strikes out swinging.,0,MJ,0,140,1,-,0,0,0,0,0,,,,,,,,,0,19d7673a-989c-3d59-a046-f62a6729ad6d,caaa0223-73b8-3596-95d0-0ddc5acd783c 669cf125-9f94-3f28-9eca-653ff34bb7a7 999426a6-6d09-3c94-840d-49af50b323fc e789a410-e049-3de1-b2e7-958d4e541f31 7922f7dc-851c-36bb-a20e-09f484366763 c89652fb-9281-3596-8f85-8c060e45efdb 47797f88-3fec-365c-971a-74415f3b0dfb 109e2c02-ea66-3af3-b189-4ea25ff555c6 c266d86d-c760-3edd-af5a-11811accce38 0e60268d-a855-34bf-ab09-ffba3a65e78b c12b891e-f746-3f8d-9aef-00563c95df95 19d7673a-989c-3d59-a046-f62a6729ad6d,https://baseballsavant.mlb.com/sporty-videos?playId=19d7673a-989c-3d59-a046-f62a6729ad6d,Cody Freeman strikes out swinging.,,,,,https://www.mlb.com/gameday/823653,https://baseballsavant.mlb.com/gamefeed?gamePk=823653
823653,2026-09-26,TEX @ MIN,R,58,7,bottom,0,Royce Lewis,Jakob Junis,R,R,fielders_choice_out,fielders_choice,"Royce Lewis reaches on a fielder's choice out, shortstop Corey Seager to second baseman Ezequiel Duran to third baseman Cody Freeman. Alan Roden out at 3rd.",0,MJ,1,140,1,2B,1,0,0,0,0,,99.7,-3.0,28.0,ground_ball,medium,,,0,8913cf32-0b1d-370f-859f-ea48641bdb3e,2abca30d-6614-3560-941c-a68f1bc27020 b650b640-982a-3353-a1ab-62726a63b84a 3546666a-3935-36cc-854e-aaae32fc8244 cb999295-a1ef-38fd-8084-bb1a0d579ad8 8913cf32-0b1d-370f-859f-ea48641bdb3e,https://baseballsavant.mlb.com/sporty-videos?playId=8913cf32-0b1d-370f-859f-ea48641bdb3e,"Royce Lewis reaches on a fielder's choice out, shortstop Corey Seager to second baseman Ezequiel Duran to third baseman Cody Freeman. Alan Roden out at 3rd.",,,,,https://www.mlb.com/gameday/823653,https://baseballsavant.mlb.com/gamefeed?gamePk=823653
823653,2026-09-26,TEX @ MIN,R,64,8,top,2,Wyatt Langford,Taylor Rogers,R,L,caught_stealing_2b,other,"Umpire reviewed (tag play), call on the field was upheld: Evan Carter caught stealing 2nd base, catcher Victor Caratini to second baseman Kody Clemens.",0,NA,0,,1,1B,0,0,0,0,0,,,,,,,,,0,d057e3f4-fa18-3c01-a55e-5971dcc9d35f,08291c8f-77b9-3df7-bb4b-6f8fbc778f17 d057e3f4-fa18-3c01-a55e-5971dcc9d35f,https://baseballsavant.mlb.com/sporty-videos?playId=d057e3f4-fa18-3c01-a55e-5971dcc9d35f,"Umpire reviewed (tag play), call on the field was upheld: Evan Carter caught stealing 2nd base, catcher Victor Caratini to second baseman Kody Clemens.",,,,,https://www.mlb.com/gameday/823653,https://baseballsavant.mlb.com/gamefeed?gamePk=823653
823653,2026-09-26,TEX @ MIN,R,69,8,bottom,2,Walker Jenkins,Tyler Alexander,L,L,field_out,out,"Walker Jenkins grounds out, second baseman Ezequiel Duran to first baseman Jake Burger.",0,MJ,1,140,1,-,0,0,0,0,0,,84.9,-22.0,6.0,ground_ball,medium,,,0,6d2ccd62-5467-3de2-bfe4-70c16799c7ab,597f66ea-910d-37e2-bb80-e588f344c1eb f0f2d461-9f9b-3e0d-bf92-993daf9a353f 6d2ccd62-5467-3de2-bfe4-70c16799c7ab,https://baseballsavant.mlb.com/sporty-videos?playId=6d2ccd62-5467-3de2-bfe4-70c16799c7ab,"Walker Jenkins grounds out, second baseman Ezequiel Duran to first baseman Jake Burger.",,,,,https://www.mlb.com/gameday/823653,https://baseballsavant.mlb.com/gamefeed?gamePk=823653
823733,2026-09-26,STL @ MIL,R,0,1,top,0,JJ Wetherholt,Dustin May,L,R,strikeout,other,"William Contreras challenged (pitch result), call on the field was overturned: JJ Wetherholt called out on strikes.",0,MJ,1,158,1,-,0,0,0,0,0,,,,,,,,,0,31ff8ea7-f090-38bf-9d49-f0b73369092a,79e43dbd-2cf7-3809-903c-b15905441707 ab859e2d-a36c-3e63-b6b1-498f1a196479 31ff8ea7-f090-38bf-9d49-f0b73369092a,https://baseballsavant.mlb.com/sporty-videos?playId=31ff8ea7-f090-38bf-9d49-f0b73369092a,JJ Wetherholt called out on strikes.,1,,,,https://www.mlb.com/gameday/823733,https://baseballsavant.mlb.com/gamefeed?gamePk=823733
823733,2026-09-26,STL @ MIL,R,7,2,top,0,Leo Bernal,Dustin May,L,R,field_out,out,Leo Bernal flies out to center fielder Luis Lara.,0,MJ,1,138,1,-,0,0,0,0,0,,94.9,43.0,301.0,fly_ball,medium,,,0,15e3fc20-6932-3426-9f71-d0274775080d,1fb45c0f-7af0-3f4e-af0d-9080a717f72c 9964c2b8-4f75-345b-a4bb-b1d9b440461c 855b42a6-a09a-3752-96a7-47953bd6d306 3940fd95-a6e6-3b58-91bc-71a9c57f112c 1496bd36-fb74-37ad-ba68-74142bcfa730 15e3fc20-6932-3426-9f71-d0274775080d,https://baseballsavant.mlb.com/sporty-videos?playId=15e3fc20-6932-3426-9f71-d0274775080d,Leo Bernal flies out to center fielder Luis Lara.,,,,,https://www.mlb.com/gameday/823733,https://baseballsavant.mlb.com/gamefeed?gamePk=823733
823733,2026-09-26,STL @ MIL,R,25,3,bottom,2,William Contreras,Quinn Mathews,R,L,strikeout,other,"Leo Bernal challenged (pitch result), call on the field was overturned: William Contreras called out on strikes.",0,MJ,1,138,1,-,0,0,0,0,0,,,,,,,,,0,e7ef9c3e-a1f0-3a1e-839c-46cfa19bc92f,53e1d812-582f-3b4c-ad5b-b151a724d6a9 810f68d4-75a6-38e9-aedc-6d25e593b1e2 3b636568-3682-3c3e-9372-6ba8054352f7 55f73f3f-2b6d-3da2-99ee-7e98f9506998 f43212a3-ceac-3888-a3fc-e5f04244a126 72edb9a9-626f-3578-87cb-dec16d2c11ec e7ef9c3e-a1f0-3a1e-839c-46cfa19bc92f,https://baseballsavant.mlb.com/sporty-videos?playId=e7ef9c3e-a1f0-3a1e-839c-46cfa19bc92f,William Contreras called out on strikes.,1,,,,https://www.mlb.com/gameday/823733,https://baseballsavant.mlb.com/gamefeed?gamePk=823733
823733,2026-09-26,STL @ MIL,R,27,4,top,1,Nolan Gorman,Kyle Harrison,L,L,strikeout,other,Nolan Gorman strikes out swinging.,0,MJ,0,138,1,-,0,0,0,0,0,,,,,,,,,0,13d0ab96-88bf-3d93-8b69-8eeb7c330070,0a63761b-c3e5-3f3f-b741-3c3731ff2385 7cb84eb1-8850-3a35-b6a2-517428c195a0 13d0ab96-88bf-3d93-8b69-8eeb7c330070,https://baseballsavant.mlb.com/sporty-videos?playId=13d0ab96-88bf-3d93-8b69-8eeb7c330070,Nolan Gorman strikes out swinging.,,,,,https://www.mlb.com/gameday/823733,https://baseballsavant.mlb.com/gamefeed?gamePk=823733
823733,2026-09-26,STL @ MIL,R,62,8,bottom,2,Cooper Pratt,Cade Winquest,R,R,walk,other,Cooper Pratt walks.,0,MJ,0,138,1,-,0,0,0,0,0,,,,,,,,,0,f393c7eb-8d63-3ae1-9955-36a8f46ee3bd,509a04cb-ed4a-317a-8196-123dba823f0d 6f815417-ce30-3cf6-8ee2-ac6675436ad9 5523fa56-5d7b-3aac-b9e9-d8343f7061fc f393c7eb-8d63-3ae1-9955-36a8f46ee3bd,https://baseballsavant.mlb.com/sporty-videos?playId=f393c7eb-8d63-3ae1-9955-36a8f46ee3bd,Cooper Pratt walks.,,,,,https://www.mlb.com/gameday/823733,https://baseballsavant.mlb.com/gamefeed?gamePk=823733
823813,2026-09-26,ATL @ MIA,R,1,1,top,0,Ronald Acuña Jr.,Jack Ralston,R,R,field_out,out,"Ronald Acuña Jr. grounds out, second baseman Jared Serna to first baseman Deyvison De Los Santos. Michael Harris II to 3rd.",0,MJ,1,144,1,2B,1,0,0,0,0,,80.4,-1.0,34.0,ground_ball,medium,,,0,ea63c7c9-601b-398e-b47c-d2222e1f0a56,15f1d71e-df24-3a98-a88e-5d8f71224964 86fc9456-7f7d-36c2-946b-d1bd2b36623c 5f0c4418-5dc9-3a27-84d1-86e0853c252a 954eceaf-46c0-3a04-b60c-fe7303df8ba9 ea63c7c9-601b-398e-b47c-d2222e1f0a56,https://baseballsavant.mlb.com/sporty-videos?playId=ea63c7c9-601b-398e-b47c-d2222e1f0a56,"Ronald Acuña Jr. grounds out, second baseman Jared Serna to first baseman Deyvison De Los Santos. Michael Harris II to 3rd.",,,,,https://www.mlb.com/gameday/823813,https://baseballsavant.mlb.com/gamefeed?gamePk=823813
823813,2026-09-26,ATL @ MIA,R,33,4,bottom,0,Heriberto Hernández,Dylan Dodd,R,L,field_out,out,Heriberto Hernández flies out to right fielder Ronald Acuña Jr.,0,MJ,1,144,1,-,0,0,0,0,0,,92.1,34.0,339.0,fly_ball,medium,,,0,b86d9ef3-fd48-3112-87a9-dc0c7616ca28,50782eee-dea3-329a-83ee-2f0436f56e9b bd14a40c-202e-3c43-88c1-e3bc677360df 75a26ca0-d40d-3ed7-86a4-fcb37fa92eeb 343b70be-6dcb-32fc-aee5-b60981e5ab41 b86d9ef3-fd48-3112-87a9-dc0c7616ca28,https://baseballsavant.mlb.com/sporty-videos?playId=b86d9ef3-fd48-3112-87a9-dc0c7616ca28,Heriberto Hernández flies out to right fielder Ronald Acuña Jr.,,,,,https://www.mlb.com/gameday/823813,https://baseballsavant.mlb.com/gamefeed?gamePk=823813
823813,2026-09-26,ATL @ MIA,R,34,4,bottom,1,Jakob Marsee,Dylan Dodd,L,L,field_out,out,Jakob Marsee pops out to third baseman Austin Riley.,0,MJ,1,146,1,-,0,0,0,0,0,,87.7,72.0,125.0,popup,medium,,,0,2bcdd69b-d48a-33ed-af2a-8d59f3c9e990,3ce1f47d-fee0-3be9-964a-738c092848f5 3990838b-73c2-3e8c-9d49-7d97c3e1dc1e b172cd1b-54d2-316a-8dc3-1770cd60230e 490eefda-4760-3ae8-a516-598d9db2a9fb 2bcdd69b-d48a-33ed-af2a-8d59f3c9e990,https://baseballsavant.mlb.com/sporty-videos?playId=2bcdd69b-d48a-33ed-af2a-8d59f3c9e990,Jakob Marsee pops out to third baseman Austin Riley.,,,,,https://www.mlb.com/gameday/823813,https://baseballsavant.mlb.com/gamefeed?gamePk=823813
823813,2026-09-26,ATL @ MIA,R,42,5,top,2,Dominic Smith,Dax Fulton,L,L,strikeout,other,"Agustín Ramírez challenged (pitch result), call on the field was overturned: Dominic Smith called out on strikes.",0,MJ,1,146,1,-,0,0,0,0,0,,,,,,,,,0,a249c14d-3a96-3d06-8b94-43a19143e6df,64880b85-ad2b-3c54-876e-2860b9696f79 cf990d2b-d239-36ff-8616-931cac4d7fa1 e256ca0d-c0ca-3089-be5a-0f4442a75013 4d0589e8-18a4-3b4e-8c0c-bec59aed9285 f7c4ec49-91a7-3aee-a197-5c5e1d35a504 a249c14d-3a96-3d06-8b94-43a19143e6df,https://baseballsavant.mlb.com/sporty-videos?playId=a249c14d-3a96-3d06-8b94-43a19143e6df,Dominic Smith called out on strikes.,1,,,,https://www.mlb.com/gameday/823813,https://baseballsavant.mlb.com/gamefeed?gamePk=823813
823813,2026-09-26,ATL @ MIA,R,44,5,bottom,0,Otto Lopez,Victor Mederos,R,R,field_out,out,Otto Lopez flies out to right fielder Ronald Acuña Jr.,0,MJ,0,144,1,-,0,0,0,0,0,,91.2,53.0,233.0,fly_ball,medium,,,0,f6bd4431-f4ba-3adc-9576-915b8a9eed72,e4ced96e-471a-3ac5-9bde-96eae801943f 016e477e-3306-3a80-ae18-9c7eaa26b08a f6bd4431-f4ba-3adc-9576-915b8a9eed72,https://baseballsavant.mlb.com/sporty-videos?playId=f6bd4431-f4ba-3adc-9576-915b8a9eed72,Otto Lopez flies out to right fielder Ronald Acuña Jr.,,,,,https://www.mlb.com/gameday/823813,https://baseballsavant.mlb.com/gamefeed?gamePk=823813
823813,2026-09-26,ATL @ MIA,R,49,6,top,1,Michael Harris II,Dax Fulton,L,L,strikeout,other,Michael Harris II strikes out swinging.,0,MJ,0,144,1,-,0,0,0,0,0,,,,,,,,,0,48cab1ac-b95a-30bc-ad0c-ecc60053c4ba,693b7544-08fa-3cc1-9634-3a69f369f77a e4379679-da02-3676-85ff-44f636826db1 f917542a-e791-354b-8548-01ee6fa94d00 a3be34bf-aede-3fee-bbe3-bb8dbb0a2eea 48cab1ac-b95a-30bc-ad0c-ecc60053c4ba,https://baseballsavant.mlb.com/sporty-videos?playId=48cab1ac-b95a-30bc-ad0c-ecc60053c4ba,Michael Harris II strikes out swinging.,,,,,https://www.mlb.com/gameday/823813,https://baseballsavant.mlb.com/gamefeed?gamePk=823813
823813,2026-09-26,ATL @ MIA,R,59,7,bottom,2,Otto Lopez,Robert Suarez,R,R,single,hit,"Braves challenged (play at 1st), call on the field was upheld: Otto Lopez singles on a soft ground ball to pitcher Robert Suarez.",0,MF,0,144,1,-,0,0,0,0,0,,60.0,-80.0,2.0,ground_ball,soft,,,0,bd6f953e-4ad8-3665-8420-171f2dcc021b,bd6f953e-4ad8-3665-8420-171f2dcc021b,https://baseballsavant.mlb.com/sporty-videos?playId=bd6f953e-4ad8-3665-8420-171f2dcc021b,"Braves challenged (play at 1st), call on the field was upheld: Otto Lopez singles on a soft ground ball to pitcher Robert Suarez.",,,,,https://www.mlb.com/gameday/823813,https://baseballsavant.mlb.com/gamefeed?gamePk=823813
824057,2026-09-26,CLE @ KC,R,14,2,top,2,Patrick Bailey,Michael Wacha,L,R,home_run,hit,"Umpire reviewed (home run), call on the field was upheld: Patrick Bailey homers (9) on a fly ball to right field. Travis Bazzana scores.",2,NH,0,,1,3B,1,2,2,0,0,,94.5,29.0,342.0,fly_ball,medium,,,0,42268ae1-c860-3bc3-b798-1dbdbda8aa75,38698122-9214-3d58-9f7a-37a0f6c09d3c 42268ae1-c860-3bc3-b798-1dbdbda8aa75,https://baseballsavant.mlb.com/sporty-videos?playId=42268ae1-c860-3bc3-b798-1dbdbda8aa75,"Umpire reviewed (home run), call on the field was upheld: Patrick Bailey homers (9) on a fly ball to right field. Travis Bazzana scores.",,no RBI (an HR cannot be an error),RBI (home run scores the batter),RBI (home run scores the batter),https://www.mlb.com/gameday/824057,https://baseballsavant.mlb.com/gamefeed?gamePk=824057
824057,2026-09-26,CLE @ KC,R,27,3,bottom,1,Salvador Perez,Tanner Bibee,R,R,field_out,out,Salvador Perez flies out to right fielder Chase DeLauter.,0,MJ,0,114,1,-,0,0,0,0,0,,88.3,27.0,312.0,fly_ball,medium,,,0,c472d89d-45c2-3708-bf3b-98b896a0c16a,5b506bb9-5e7d-3f80-9b6d-fda9560b5f87 6eae9bfc-7f2f-3a24-abdd-9cd0788901cc 998383c6-cdcc-31b5-acda-6e16801bfe69 1be630ba-3f66-330d-903b-5fa6b9e73057 c472d89d-45c2-3708-bf3b-98b896a0c16a,https://baseballsavant.mlb.com/sporty-videos?playId=c472d89d-45c2-3708-bf3b-98b896a0c16a,Salvador Perez flies out to right fielder Chase DeLauter.,,,,,https://www.mlb.com/gameday/824057,https://baseballsavant.mlb.com/gamefeed?gamePk=824057
824057,2026-09-26,CLE @ KC,R,77,9,top,2,Patrick Bailey,Spencer Bivens,L,R,field_out,out,Patrick Bailey flies out sharply to center fielder John Rave.,0,MJ,0,118,1,-,0,0,0,0,0,,101.1,29.0,396.0,fly_ball,hard,,,0,d312987d-4789-3a15-8d60-67c4b0a61612,cad76764-eb03-3029-a24f-7e34e7c943cd d312987d-4789-3a15-8d60-67c4b0a61612,https://baseballsavant.mlb.com/sporty-videos?playId=d312987d-4789-3a15-8d60-67c4b0a61612,Patrick Bailey flies out sharply to center fielder John Rave.,,,,,https://www.mlb.com/gameday/824057,https://baseballsavant.mlb.com/gamefeed?gamePk=824057
824219,2026-09-26,PIT @ DET,R,5,1,bottom,1,Kevin McGonigle,Kirby Yates,L,R,single,hit,Kevin McGonigle singles on a fly ball to center fielder Oneil Cruz. Hao-Yu Lee to 2nd.,0,MJ,0,116,1,1B,0,0,0,0,0,,72.7,36.0,250.0,fly_ball,medium,,,0,2c5b9122-a7e9-31d5-b0db-096c8f13a8af,398a5d17-0952-339d-83a9-6a145c6be9a2 28eecc0b-cf30-3e0d-a242-fc0b1de954c3 2c5b9122-a7e9-31d5-b0db-096c8f13a8af,https://baseballsavant.mlb.com/sporty-videos?playId=2c5b9122-a7e9-31d5-b0db-096c8f13a8af,Kevin McGonigle singles on a fly ball to center fielder Oneil Cruz. Hao-Yu Lee to 2nd.,,,,,https://www.mlb.com/gameday/824219,https://baseballsavant.mlb.com/gamefeed?gamePk=824219
824219,2026-09-26,PIT @ DET,R,21,3,bottom,1,Kevin McGonigle,Yohan Ramírez,L,R,strikeout,other,Kevin McGonigle called out on strikes.,0,MJ,0,134,1,-,0,0,0,0,0,,,,,,,,,0,e51fb294-19d2-31e7-ab9a-524774f39265,4e47909c-31bd-32a3-a5a2-9811b2dfa13c 10ea2f72-5fc9-3813-b756-e4a669e307c0 6f1a276c-713d-33bf-8dad-8c5b7678269c 446aa73f-8bcd-3b7d-bbb9-0940773a19e8 87a4d481-624c-3fdc-907f-2a8db5ca09c4 d21bb788-d1bf-3986-9086-5d3fdda89c99 a63f90c8-9683-30de-97ca-dade7fc3e238 187c7701-27ec-390d-be7e-1de67f84918c 11ea14f2-4085-3927-9b89-960c7f6dddb1 e51fb294-19d2-31e7-ab9a-524774f39265,https://baseballsavant.mlb.com/sporty-videos?playId=e51fb294-19d2-31e7-ab9a-524774f39265,Kevin McGonigle called out on strikes.,,,,,https://www.mlb.com/gameday/824219,https://baseballsavant.mlb.com/gamefeed?gamePk=824219
824219,2026-09-26,PIT @ DET,R,29,4,bottom,1,Spencer Torkelson,Carmen Mlodzinski,R,R,strikeout,other,Spencer Torkelson called out on strikes.,0,MJ,0,116,1,-,0,0,0,0,0,,,,,,,,,0,b04e0cf8-4399-34cd-9bbf-9d048fda9403,cb69579f-98af-37e9-bb97-d952a933c07e 7628e355-4d37-3a25-95a4-253b2d6fe6da c33ee4e6-a4db-354f-ad17-f93b7a0beb73 3f781528-fbd2-3e41-9e12-e49fcbeb0722 b04e0cf8-4399-34cd-9bbf-9d048fda9403,https://baseballsavant.mlb.com/sporty-videos?playId=b04e0cf8-4399-34cd-9bbf-9d048fda9403,Spencer Torkelson called out on strikes.,,,,,https://www.mlb.com/gameday/824219,https://baseballsavant.mlb.com/gamefeed?gamePk=824219
824219,2026-09-26,PIT @ DET,R,32,4,bottom,2,Max Clark,Carmen Mlodzinski,L,R,strikeout,other,Max Clark strikes out swinging.,0,MJ,0,134,1,-,0,0,0,0,0,,,,,,,,,0,5a0e5275-5fcd-3fc6-8306-ae3643f8abb0,95b89994-3a0e-346e-b8b2-898ec520d1b2 f4c4853c-2820-31ff-b6ec-18d452cb1a70 d8ba563a-0417-3257-bf51-258f2335b017 5a0e5275-5fcd-3fc6-8306-ae3643f8abb0,https://baseballsavant.mlb.com/sporty-videos?playId=5a0e5275-5fcd-3fc6-8306-ae3643f8abb0,Max Clark strikes out swinging.,,,,,https://www.mlb.com/gameday/824219,https://baseballsavant.mlb.com/gamefeed?gamePk=824219
824219,2026-09-26,PIT @ DET,R,37,5,top,2,Ryan O'Hearn,Justin Verlander,L,R,single,hit,"Pirates challenged (tag play), call on the field was upheld: Ryan O'Hearn singles on a ground ball to right fielder Zach McKinstry. Henry Davis out at 3rd on the throw, right fielder Zach McKinstry to third baseman Kevin McGonigle.",0,MA,0,134,1,"1B,2B",1,0,0,0,0,,93.1,2.0,66.0,ground_ball,medium,,,0,e848a73f-4ccc-3136-81a4-eaaa82926908,e848a73f-4ccc-3136-81a4-eaaa82926908,https://baseballsavant.mlb.com/sporty-videos?playId=e848a73f-4ccc-3136-81a4-eaaa82926908,"Pirates challenged (tag play), call on the field was upheld: Ryan O'Hearn singles on a ground ball to right fielder Zach McKinstry. Henry Davis out at 3rd on the throw, right fielder Zach McKinstry to third baseman Kevin McGonigle.",,,,,https://www.mlb.com/gameday/824219,https://baseballsavant.mlb.com/gamefeed?gamePk=824219
824543,2026-09-26,COL @ CWS,R,13,2,top,2,Cole Carrigg,Noah Schultz,R,L,strikeout,other,Cole Carrigg strikes out swinging.,0,MJ,1,115,1,-,0,0,0,0,0,,,,,,,,,0,7e1831ed-c043-3edd-a38c-2f8e2634271e,1904ede9-dc5b-354d-a28f-53e626c62290 41a444b6-cd27-36ca-bce8-932c855cf409 5e37e5d8-fbb8-3abc-8409-37026a4d6e47 939be50b-e734-3d33-b325-fd118424d520 17fd563e-acc8-3062-9b91-72a8fe985a26 b36e114c-a2de-381b-b28e-cf7d7abab9ef 7e1831ed-c043-3edd-a38c-2f8e2634271e,https://baseballsavant.mlb.com/sporty-videos?playId=7e1831ed-c043-3edd-a38c-2f8e2634271e,Cole Carrigg strikes out swinging.,,,,,https://www.mlb.com/gameday/824543,https://baseballsavant.mlb.com/gamefeed?gamePk=824543
824543,2026-09-26,COL @ CWS,R,27,3,bottom,2,Munetaka Murakami,Jose Quintana,L,L,strikeout,other,Munetaka Murakami strikes out swinging.,0,MJ,0,145,1,-,0,0,0,0,0,,,,,,,,,0,003f3dbc-87ef-3d29-8751-91febdb1a0bb,a9f66e9d-6c56-41c5-8b5a-b691c0b2af1c ea474c31-1d84-35f4-82ff-85c7f4c7aed2 352dbd21-64f3-35ea-94ea-4113673835c4 f75180ad-9c05-3f26-8753-2e3204d7f378 8c79530d-fa86-3bcf-afb9-65cb0968d46a 5702ea48-7dce-39c8-b22c-f31ba0ee69e3 ccda4f69-b316-3a93-9b63-07858f16f138 003f3dbc-87ef-3d29-8751-91febdb1a0bb,https://baseballsavant.mlb.com/sporty-videos?playId=003f3dbc-87ef-3d29-8751-91febdb1a0bb,Munetaka Murakami strikes out swinging.,,,,,https://www.mlb.com/gameday/824543,https://baseballsavant.mlb.com/gamefeed?gamePk=824543
824543,2026-09-26,COL @ CWS,R,38,5,top,2,Connor Norby,Jordan Hicks,R,R,strikeout,other,Connor Norby strikes out swinging.,0,MJ,0,115,1,-,0,0,0,0,0,,,,,,,,,0,49c9eb16-6dde-3e3b-a2e0-70ac76c14f95,9756fa85-aff6-3f6e-aea7-3afffeae7880 815edd7b-35f0-3190-8811-a82bcf6544a3 592fb35b-c930-3ec3-98c1-4bc7b72cbac1 dcb124db-2cd8-302c-aac9-213fc833bef7 147df7fc-3a30-36d1-ac62-370f13d822a3 49c9eb16-6dde-3e3b-a2e0-70ac76c14f95,https://baseballsavant.mlb.com/sporty-videos?playId=49c9eb16-6dde-3e3b-a2e0-70ac76c14f95,Connor Norby strikes out swinging.,,,,,https://www.mlb.com/gameday/824543,https://baseballsavant.mlb.com/gamefeed?gamePk=824543
824543,2026-09-26,COL @ CWS,R,50,6,bottom,2,Sam Antonacci,Ryan Feltner,L,R,single,hit,Sam Antonacci singles on a line drive to center fielder Cole Carrigg. Kyle Teel to 3rd.,0,MJ,0,145,1,"1B,2B",1,0,0,0,0,,91.2,13.0,178.0,line_drive,medium,,,0,3c5b1c85-19df-34ea-86e0-abe5b2c19c28,28ecc639-ba33-3537-9f4c-5eb316dc7360 6db9edfa-1d61-31f9-ab7c-1e5d3a8436dc 49160205-b63a-33e4-8a63-023afbdbc955 e4f060cb-5574-3100-8159-2dea90da40ff 3c5b1c85-19df-34ea-86e0-abe5b2c19c28,https://baseballsavant.mlb.com/sporty-videos?playId=3c5b1c85-19df-34ea-86e0-abe5b2c19c28,Sam Antonacci singles on a line drive to center fielder Cole Carrigg. Kyle Teel to 3rd.,,,,,https://www.mlb.com/gameday/824543,https://baseballsavant.mlb.com/gamefeed?gamePk=824543
824949,2026-09-26,HOU @ ATH,R,21,4,top,0,Jose Altuve,Jack Perkins,R,R,walk,other,Jose Altuve walks.,0,MJ,1,117,1,-,0,0,0,0,0,,,,,,,,,0,8b794149-19ad-3263-ab51-847f4eb6b7c8,58486db0-a937-3893-9329-2ee66229c915 7f5e93a3-bdd1-388f-aa8a-fd59609ab142 683f8d29-f9e7-3645-a5a2-f284b13b71ed 46636709-0093-3916-952c-38207702ea1f d96a7aac-2a8e-3ade-94e3-d9a18ff79c34 8b794149-19ad-3263-ab51-847f4eb6b7c8,https://baseballsavant.mlb.com/sporty-videos?playId=8b794149-19ad-3263-ab51-847f4eb6b7c8,Jose Altuve walks.,,,,,https://www.mlb.com/gameday/824949,https://baseballsavant.mlb.com/gamefeed?gamePk=824949
824949,2026-09-26,HOU @ ATH,R,32,5,top,1,Taylor Trammell,Jack Perkins,L,R,strikeout,other,"Taylor Trammell challenged (pitch result), call on the field was confirmed: Taylor Trammell called out on strikes.",0,MJ,0,117,1,-,0,0,0,0,0,,,,,,,,,0,94827401-5785-36fd-8f83-6e3effe45d6d,8a0481aa-1324-3021-9b4f-40325cc802ac a569d959-6fe5-32b6-a5fe-e976ce7b45be 71ee8132-0afd-3145-b2cc-dd1299dff6cb 94827401-5785-36fd-8f83-6e3effe45d6d,https://baseballsavant.mlb.com/sporty-videos?playId=94827401-5785-36fd-8f83-6e3effe45d6d,Taylor Trammell called out on strikes.,0,,,,https://www.mlb.com/gameday/824949,https://baseballsavant.mlb.com/gamefeed?gamePk=824949
824949,2026-09-26,HOU @ ATH,R,41,6,top,0,Christian Walker,Scott Blewett,R,R,double,hit,Christian Walker doubles (26) on a line drive to right fielder Lawrence Butler. Yainer Diaz to 3rd.,0,MJ,1,117,1,1B,0,0,0,0,0,,96.5,13.0,238.0,line_drive,medium,,,0,4ead6655-59d6-38f0-8a59-6934bd26b405,62f4004b-26ca-3e27-b7c3-0a61819fa1b7 2c25492b-8f64-32cf-a073-a83fba0cd6b7 be20879b-6925-3223-a0fe-33e49a673545 2ef1ae06-c3c7-3ffc-a451-d1dbcac37ca0 4ead6655-59d6-38f0-8a59-6934bd26b405,https://baseballsavant.mlb.com/sporty-videos?playId=4ead6655-59d6-38f0-8a59-6934bd26b405,Christian Walker doubles (26) on a line drive to right fielder Lawrence Butler. Yainer Diaz to 3rd.,,,,,https://www.mlb.com/gameday/824949,https://baseballsavant.mlb.com/gamefeed?gamePk=824949
824949,2026-09-26,HOU @ ATH,R,42,6,top,0,Lucas Spence,Scott Blewett,L,R,strikeout,other,"Jonah Heim challenged (pitch result), call on the field was overturned: Lucas Spence called out on strikes.",0,MJ,1,133,1,-,0,0,0,0,0,,,,,,,,,0,34c4c95a-01e8-3044-94e1-e0948db406b9,9620ec33-5e8b-37ef-90cb-7bb3ae40c2a7 336810a7-8808-35f0-a593-12604a08fd82 e5692b91-d211-3a7c-984d-695fd7cd78e8 f0a35d41-f699-3924-896f-23aa5d873c5c 33496772-7f2e-3736-be9c-406ad4de4406 8d3691f4-a090-379c-bbd0-52a5720215e1 34c4c95a-01e8-3044-94e1-e0948db406b9,https://baseballsavant.mlb.com/sporty-videos?playId=34c4c95a-01e8-3044-94e1-e0948db406b9,Lucas Spence called out on strikes.,1,,,,https://www.mlb.com/gameday/824949,https://baseballsavant.mlb.com/gamefeed?gamePk=824949
824949,2026-09-26,HOU @ ATH,R,67,8,top,1,Yainer Diaz,Yunior Tur,R,R,force_out,out,"Athletics challenged (play at 1st), call on the field was upheld: Yainer Diaz grounds into a force out, shortstop Donovan Walton to second baseman Jeff McNeil. Jose Altuve out at 2nd. Yainer Diaz to 1st.",0,MF,0,133,1,1B,0,0,0,0,0,,92.2,2.0,56.0,ground_ball,medium,,,0,57254f77-3a57-3053-8c9f-0066d55b30fa,57254f77-3a57-3053-8c9f-0066d55b30fa,https://baseballsavant.mlb.com/sporty-videos?playId=57254f77-3a57-3053-8c9f-0066d55b30fa,"Athletics challenged (play at 1st), call on the field was upheld: Yainer Diaz grounds into a force out, shortstop Donovan Walton to second baseman Jeff McNeil. Jose Altuve out at 2nd. Yainer Diaz to 1st.",,,,,https://www.mlb.com/gameday/824949,https://baseballsavant.mlb.com/gamefeed?gamePk=824949
824949,2026-09-26,HOU @ ATH,R,77,9,bottom,0,Zack Gelof,Ronel Blanco,R,R,strikeout,other,Zack Gelof strikes out swinging.,0,MJ,1,133,1,-,0,0,0,0,0,,,,,,,,,0,25bb4312-3b22-3dac-9f5e-a080dc1b76f7,7eb2fcb8-705d-364e-88f5-55dbfc5afa87 3716bd4b-9f0c-3625-a97e-44d5af9a1585 e2b895b3-18cd-3a94-ac9c-b3e28ecc93c0 25bb4312-3b22-3dac-9f5e-a080dc1b76f7,https://baseballsavant.mlb.com/sporty-videos?playId=25bb4312-3b22-3dac-9f5e-a080dc1b76f7,Zack Gelof strikes out swinging.,,,,,https://www.mlb.com/gameday/824949,https://baseballsavant.mlb.com/gamefeed?gamePk=824949
822679,2026-09-27,NYM @ WSH,R,7,1,bottom,2,Brady House,Sean Manaea,R,L,walk,other,"Luis Torrens challenged (pitch result), call on the field was confirmed: Brady House walks.",0,MJ,0,121,1,-,0,0,0,0,0,,,,,,,,,0,bb276b3f-5949-3b26-a683-c66c152c9eae,4af04d90-7939-3bac-8876-306b859f9cb8 ed743e21-f323-3ed5-bb3e-279ec9b83139 7c031750-94fb-33ae-bdd3-fe948b7e5bf6 2ccbaaa0-2346-3ec4-a569-65e27d630dbb 85687e46-e008-3511-b19c-d4a4be67a7b6 bb276b3f-5949-3b26-a683-c66c152c9eae,https://baseballsavant.mlb.com/sporty-videos?playId=bb276b3f-5949-3b26-a683-c66c152c9eae,Brady House walks.,0,,,,https://www.mlb.com/gameday/822679,https://baseballsavant.mlb.com/gamefeed?gamePk=822679
822679,2026-09-27,NYM @ WSH,R,23,3,top,1,Marcus Semien,DJ Herz,R,L,double,hit,Marcus Semien doubles (15) on a fly ball to right fielder Dylan Crews. Carson Benge to 3rd.,0,MJ,0,121,1,1B,0,0,0,0,0,,94.9,25.0,333.0,fly_ball,medium,,,0,42e02b7b-d293-38c1-8cd0-ccbebb47f608,e488118c-2162-35be-809f-055cb4feb9cf 42e02b7b-d293-38c1-8cd0-ccbebb47f608,https://baseballsavant.mlb.com/sporty-videos?playId=42e02b7b-d293-38c1-8cd0-ccbebb47f608,Marcus Semien doubles (15) on a fly ball to right fielder Dylan Crews. Carson Benge to 3rd.,,,,,https://www.mlb.com/gameday/822679,https://baseballsavant.mlb.com/gamefeed?gamePk=822679
822679,2026-09-27,NYM @ WSH,R,27,3,bottom,0,Brady House,Sean Manaea,R,L,field_out,out,"Brady House grounds out, shortstop Francisco Lindor to first baseman Brett Baty.",0,MJ,1,120,1,-,0,0,0,0,0,,94.7,-30.0,5.0,ground_ball,medium,,,0,b9e3e1fb-2609-3f35-84ac-efe4778b450d,fb626fdb-f2df-3ecb-b4a6-1d42dff5f4af 12f2773b-5da8-356c-a3d4-1c09dc52e3d7 7e040e84-c9ab-34d0-afe7-bf61587a77ac 2ff576ef-65e7-380a-be70-d68eae4c7501 8cebcb76-1842-3d95-a992-cc2a1ac2b2e3 b9e3e1fb-2609-3f35-84ac-efe4778b450d,https://baseballsavant.mlb.com/sporty-videos?playId=b9e3e1fb-2609-3f35-84ac-efe4778b450d,"Brady House grounds out, shortstop Francisco Lindor to first baseman Brett Baty.",,,,,https://www.mlb.com/gameday/822679,https://baseballsavant.mlb.com/gamefeed?gamePk=822679
822679,2026-09-27,NYM @ WSH,R,52,6,bottom,0,Jacob Young,Sean Manaea,R,L,field_out,out,"Mets challenged (fan interference), call on the field was overturned: Jacob Young flies out to right fielder Carson Benge in foul territory, on fan interference.",0,MN,1,121,1,-,0,0,0,0,0,,83.7,43.0,293.0,fly_ball,medium,,,0,cfe65ffb-0292-3840-aafc-1935b2f78022,5e9f5534-9462-3c23-bba3-ad4199dcae94 cfe65ffb-0292-3840-aafc-1935b2f78022,https://baseballsavant.mlb.com/sporty-videos?playId=cfe65ffb-0292-3840-aafc-1935b2f78022,"Jacob Young flies out to right fielder Carson Benge in foul territory, on fan interference.",1,,,,https://www.mlb.com/gameday/822679,https://baseballsavant.mlb.com/gamefeed?gamePk=822679
822761,2026-09-27,CIN @ TOR,R,12,2,bottom,0,Myles Straw,Brandon Williamson,R,L,field_out,out,"Myles Straw grounds out, third baseman Juan Brito to first baseman Sal Stewart.",0,MJ,1,141,1,-,0,0,0,0,0,,88.8,-3.0,29.0,ground_ball,medium,,,0,60d13913-ad17-39d5-b967-ecfec2b545dc,e67fc21c-7707-3087-bdf7-d027af8ed4ca 21d37f7b-818e-3ebb-8831-070783d644ec f3f6ff9d-43fc-3d07-9434-ba1355c4f925 d66272c9-0ebc-39c9-a1a9-d509eb1ed726 dd091185-1bda-3b03-b419-7f0e30e97bd3 60d13913-ad17-39d5-b967-ecfec2b545dc,https://baseballsavant.mlb.com/sporty-videos?playId=60d13913-ad17-39d5-b967-ecfec2b545dc,"Myles Straw grounds out, third baseman Juan Brito to first baseman Sal Stewart.",,,,,https://www.mlb.com/gameday/822761,https://baseballsavant.mlb.com/gamefeed?gamePk=822761
822761,2026-09-27,CIN @ TOR,R,13,2,bottom,1,Andrés Giménez,Brandon Williamson,L,L,field_out,out,Andrés Giménez lines out to shortstop Oswaldo Cabrera.,0,MJ,1,113,1,-,0,0,0,0,0,,56.1,38.0,165.0,line_drive,medium,,,0,296da22b-c3f3-313b-9caf-a98158b1abc7,a9127b43-05b5-3a94-a21b-d74f56397caf c34a28df-127d-351b-bcfe-09d7e3281a1f 3c7f7064-8a95-375e-aec8-a82422398289 296da22b-c3f3-313b-9caf-a98158b1abc7,https://baseballsavant.mlb.com/sporty-videos?playId=296da22b-c3f3-313b-9caf-a98158b1abc7,Andrés Giménez lines out to shortstop Oswaldo Cabrera.,,,,,https://www.mlb.com/gameday/822761,https://baseballsavant.mlb.com/gamefeed?gamePk=822761
822761,2026-09-27,CIN @ TOR,R,30,4,top,2,Héctor Rodríguez,Max Scherzer,L,R,field_out,out,Héctor Rodríguez pops out to second baseman Ernie Clement.,0,MJ,1,113,1,-,0,0,0,0,0,,80.0,67.0,131.0,popup,medium,,,0,831c565b-5095-3917-97fc-17feb3ef533a,44498b0f-69ee-3ef1-acc1-905ff10f47d2 597360b9-9d8f-3238-8b76-ebf45fd12cfd 1350ddde-391a-34aa-b7e8-39d56ee002ab 72932834-df07-31fa-9d9d-07a679ccd84b b68c9555-50a8-3126-8c31-1173d3116929 8c12d44b-75c2-3ed8-a4a5-82f18006f1c8 831c565b-5095-3917-97fc-17feb3ef533a,https://baseballsavant.mlb.com/sporty-videos?playId=831c565b-5095-3917-97fc-17feb3ef533a,Héctor Rodríguez pops out to second baseman Ernie Clement.,,,,,https://www.mlb.com/gameday/822761,https://baseballsavant.mlb.com/gamefeed?gamePk=822761
822761,2026-09-27,CIN @ TOR,R,38,5,top,2,Elly De La Cruz,Max Scherzer,L,R,strikeout,other,"Elly De La Cruz challenged (pitch result), call on the field was confirmed: Elly De La Cruz called out on strikes.",0,MJ,0,113,1,-,0,0,0,0,0,,,,,,,,,0,d5d9c30d-10a7-3fe5-aed9-805f661cbd7b,77565bd1-cf9b-397e-bd40-1948f4b45901 9ccc47a4-aab2-3edb-9283-4ff1852face7 09d5e4e4-8199-32e6-b2b8-fab31fe6f3ef 1c8bb3dc-ce65-388f-99f7-402856df3eba d1b07457-6830-4d91-b2fb-6745cc30b082 0bd551f3-0c69-3dfd-95e5-3e7cef26db8b d5d9c30d-10a7-3fe5-aed9-805f661cbd7b,https://baseballsavant.mlb.com/sporty-videos?playId=d5d9c30d-10a7-3fe5-aed9-805f661cbd7b,Elly De La Cruz called out on strikes.,0,,,,https://www.mlb.com/gameday/822761,https://baseballsavant.mlb.com/gamefeed?gamePk=822761
822761,2026-09-27,CIN @ TOR,R,39,5,bottom,0,Brett Bateman,Zach McCambley,L,R,strikeout,other,"Will Banfield challenged (pitch result), call on the field was overturned: Brett Bateman called out on strikes.",0,MJ,1,113,1,-,0,0,0,0,0,,,,,,,,,0,eba43862-6ce0-3410-8ddb-0dbeae035883,252b0cc3-d2b7-3de8-8837-a51f4dfeeeae a042daa7-df49-363f-8c9e-787edeb4db0b 65b4917a-8d86-3afb-a85e-7515cd08cb7a eba43862-6ce0-3410-8ddb-0dbeae035883,https://baseballsavant.mlb.com/sporty-videos?playId=eba43862-6ce0-3410-8ddb-0dbeae035883,Brett Bateman called out on strikes.,1,,,,https://www.mlb.com/gameday/822761,https://baseballsavant.mlb.com/gamefeed?gamePk=822761
822761,2026-09-27,CIN @ TOR,R,42,6,top,0,Sal Stewart,Max Scherzer,R,R,field_out,out,Sal Stewart lines out to left fielder Davis Schneider.,0,MJ,1,113,1,-,0,0,0,0,0,,97.1,20.0,304.0,line_drive,medium,,,0,1d7752e3-2fdd-394f-b02d-93af5d21a76a,4bf23cbb-ce6d-3b2b-9b4d-8f7f7d9ba166 1d7752e3-2fdd-394f-b02d-93af5d21a76a,https://baseballsavant.mlb.com/sporty-videos?playId=1d7752e3-2fdd-394f-b02d-93af5d21a76a,Sal Stewart lines out to left fielder Davis Schneider.,,,,,https://www.mlb.com/gameday/822761,https://baseballsavant.mlb.com/gamefeed?gamePk=822761
823084,2026-09-27,LAA @ SEA,R,2,1,top,2,Vaughn Grissom,Logan Gilbert,R,R,strikeout,other,"Vaughn Grissom challenged (pitch result), call on the field was confirmed: Vaughn Grissom called out on strikes.",0,MJ,0,108,1,-,0,0,0,0,0,,,,,,,,,0,b73ca150-ea2d-32c1-9cc7-b53de24a6a66,8735746e-e749-33f2-bc3a-45d157a4c388 4b8817a5-ab1b-36b8-8993-23e2034920c8 248bff28-d948-3cad-97d9-46b4a24a4705 549d1b38-c863-333e-bdd6-b24618cd93a5 740c8191-d45b-3e36-b088-be902ac854c1 b73ca150-ea2d-32c1-9cc7-b53de24a6a66,https://baseballsavant.mlb.com/sporty-videos?playId=b73ca150-ea2d-32c1-9cc7-b53de24a6a66,Vaughn Grissom called out on strikes.,0,,,,https://www.mlb.com/gameday/823084,https://baseballsavant.mlb.com/gamefeed?gamePk=823084
823084,2026-09-27,LAA @ SEA,R,26,4,top,1,Wade Meckler,Logan Gilbert,L,R,field_out,out,"Wade Meckler grounds out, second baseman Cole Young to first baseman Josh Naylor.",0,MJ,0,136,1,-,0,0,0,0,0,,83.0,6.0,80.0,ground_ball,medium,,,0,89d41896-3cc4-3fcb-a7a9-5d534f28ab54,d7dfc8eb-4113-3834-8483-80d5d449221a 3914c56f-4edf-336a-b862-7daf0a2a5d28 7ee8808f-4b92-3e40-a14c-44d248465102 2560e93f-bb83-3985-81ac-bbe2812e10d2 89d41896-3cc4-3fcb-a7a9-5d534f28ab54,https://baseballsavant.mlb.com/sporty-videos?playId=89d41896-3cc4-3fcb-a7a9-5d534f28ab54,"Wade Meckler grounds out, second baseman Cole Young to first baseman Josh Naylor.",,,,,https://www.mlb.com/gameday/823084,https://baseballsavant.mlb.com/gamefeed?gamePk=823084
823084,2026-09-27,LAA @ SEA,R,31,5,top,0,Moisés Ballesteros,Logan Gilbert,L,R,walk,other,Moisés Ballesteros walks.,0,MJ,1,136,1,-,0,0,0,0,0,,,,,,,,,0,403dbf81-9d2a-3df3-a119-1379e6e787c2,b5ddf79f-1c49-3893-8c31-b0332aaeaf5b dd9d8d98-b0f7-3177-89ba-a038701a4daf d90a96cb-5cc8-3a9f-9f1b-0d9b01c9b162 b245cf5c-5d8c-3fab-9fe6-0da53145b50b 54a76489-bf1a-3e2c-a5e1-e80b3cd0ce03 403dbf81-9d2a-3df3-a119-1379e6e787c2,https://baseballsavant.mlb.com/sporty-videos?playId=403dbf81-9d2a-3df3-a119-1379e6e787c2,Moisés Ballesteros walks.,,,,,https://www.mlb.com/gameday/823084,https://baseballsavant.mlb.com/gamefeed?gamePk=823084
823084,2026-09-27,LAA @ SEA,R,32,5,top,0,Denzer Guzman,Eduard Bazardo,R,R,strikeout,other,Denzer Guzman called out on strikes.,0,MJ,1,136,1,-,0,0,0,0,0,,,,,,,,,0,ec348a92-919b-3099-b45c-9cff4a8e7513,d2ab6818-8bcb-36a8-8292-e0b1a024591e cd133896-393f-34a3-b02f-ab5c3fb570e2 858271a1-6220-3350-a4cc-7b0adf56d374 ec348a92-919b-3099-b45c-9cff4a8e7513,https://baseballsavant.mlb.com/sporty-videos?playId=ec348a92-919b-3099-b45c-9cff4a8e7513,Denzer Guzman called out on strikes.,,,,,https://www.mlb.com/gameday/823084,https://baseballsavant.mlb.com/gamefeed?gamePk=823084
823084,2026-09-27,LAA @ SEA,R,63,8,top,0,Zach Neto,Troy Taylor,R,R,walk,other,"Jhonny Pereda challenged (pitch result), call on the field was confirmed: Zach Neto walks.",0,MJ,0,136,1,-,0,0,0,0,0,,,,,,,,,0,80a14402-a996-30ea-af56-e7730c884636,f0bd5ab9-d3b1-34d4-8fc5-296b8daefe8b 8f151d3a-fb1a-30a7-93d1-740daa41f41b b19837ad-4d41-3c1e-9cb7-ec2279ff73c4 77b17ea4-69b6-379b-925a-148bf2f657af ff9311ae-8bb1-3471-a8f4-064fd172be7f 80a14402-a996-30ea-af56-e7730c884636,https://baseballsavant.mlb.com/sporty-videos?playId=80a14402-a996-30ea-af56-e7730c884636,Zach Neto walks.,0,,,,https://www.mlb.com/gameday/823084,https://baseballsavant.mlb.com/gamefeed?gamePk=823084
823164,2026-09-27,LAD @ SF,R,43,6,top,2,Hunter Feduccia,Dylan Smith,L,R,strikeout,other,Hunter Feduccia strikes out on a foul tip.,0,MJ,0,137,1,-,0,0,0,0,0,,,,,,,,,0,f263b41b-f734-3453-a9e3-38423c95b89d,73ad4cc2-a843-3f81-bfd8-348971d5422b 866d94dd-c366-3e5c-bc6d-3335905f198d 8098dc72-18d4-3724-9526-4e9b79708227 03098cff-b1a6-33cc-a142-238b15865530 f263b41b-f734-3453-a9e3-38423c95b89d,https://baseballsavant.mlb.com/sporty-videos?playId=f263b41b-f734-3453-a9e3-38423c95b89d,Hunter Feduccia strikes out on a foul tip.,,,,,https://www.mlb.com/gameday/823164,https://baseballsavant.mlb.com/gamefeed?gamePk=823164
823164,2026-09-27,LAD @ SF,R,45,6,bottom,1,Jonah Cox,Edwin Díaz,R,R,strikeout,other,"Jonah Cox challenged (pitch result), call on the field was confirmed: Jonah Cox called out on strikes.",0,MJ,0,137,1,-,0,0,0,0,0,,,,,,,,,0,29612ff4-b43f-3350-bc2f-95b98ea7d741,79842911-c9b2-3abf-8ddb-c2e52081d4d5 cac07f41-a65b-351a-8a53-46663d175d27 29612ff4-b43f-3350-bc2f-95b98ea7d741,https://baseballsavant.mlb.com/sporty-videos?playId=29612ff4-b43f-3350-bc2f-95b98ea7d741,Jonah Cox called out on strikes.,0,,,,https://www.mlb.com/gameday/823164,https://baseballsavant.mlb.com/gamefeed?gamePk=823164
823164,2026-09-27,LAD @ SF,R,60,8,bottom,0,Christian Koss,Bobby Miller,R,R,strikeout,other,Christian Koss strikes out swinging.,0,NH,1,,1,-,0,0,0,0,0,,,,,,,,,0,95b8df40-f927-3043-b673-a17402f02e0a,461b2be4-6f95-39de-9f88-78b770d06a6d 116f307a-7970-320a-86dd-499833e8c920 95b8df40-f927-3043-b673-a17402f02e0a,https://baseballsavant.mlb.com/sporty-videos?playId=95b8df40-f927-3043-b673-a17402f02e0a,Christian Koss strikes out swinging.,,,,,https://www.mlb.com/gameday/823164,https://baseballsavant.mlb.com/gamefeed?gamePk=823164
823164,2026-09-27,LAD @ SF,R,61,8,bottom,1,Drew Gilbert,Bobby Miller,L,R,walk,other,"Hunter Feduccia challenged (pitch result), call on the field was confirmed: Drew Gilbert walks.",0,MJ,0,119,1,-,0,0,0,0,0,,,,,,,,,0,7fa29147-e7df-3167-8ea5-7003de865f7d,9f8d1c41-5e02-3084-adb4-3290d36e0561 03585e59-d6ca-30bb-bf98-7bb77a79d78f c5252aa3-936a-3033-8d89-213aec1e7da8 60f63cc3-c4f6-3b74-90e9-461f5bab87de 3107e0ac-b122-3f34-8899-2bb5a2bda1b4 d715ea08-f600-3511-a5da-e5ea959cfeb9 7fa29147-e7df-3167-8ea5-7003de865f7d,https://baseballsavant.mlb.com/sporty-videos?playId=7fa29147-e7df-3167-8ea5-7003de865f7d,Drew Gilbert walks.,0,,,,https://www.mlb.com/gameday/823164,https://baseballsavant.mlb.com/gamefeed?gamePk=823164
823164,2026-09-27,LAD @ SF,R,77,10,bottom,0,Drew Cavanaugh,Evan Phillips,L,R,strikeout,other,Drew Cavanaugh strikes out on a foul tip.,0,MJ,0,119,1,-,0,0,0,0,0,,,,,,,,,0,192cd46c-b101-3f7b-9660-8606ac24d3b6,42be4365-c7da-3cf1-a205-83291e775dcc 10a75461-d783-3f20-b011-8faec3fc4b0a 13772586-b964-3d71-ae57-ea8b2c245fba fb186df9-5808-31a9-90d4-dba90134c385 b487cbe9-793c-31a6-b1ca-38b23b637d73 192cd46c-b101-3f7b-9660-8606ac24d3b6,https://baseballsavant.mlb.com/sporty-videos?playId=192cd46c-b101-3f7b-9660-8606ac24d3b6,Drew Cavanaugh strikes out on a foul tip.,,,,,https://www.mlb.com/gameday/823164,https://baseballsavant.mlb.com/gamefeed?gamePk=823164
823246,2026-09-27,AZ @ SD,R,30,5,top,1,Pavin Smith,Randy Vásquez,L,R,field_out,out,"Pavin Smith grounds out, second baseman Samad Taylor to first baseman Ty France.",0,MJ,0,135,1,-,0,0,0,0,0,,87.0,-36.0,3.0,ground_ball,medium,,,0,1ecad3d9-3863-3e32-afc6-3d020aea7144,f6964d77-e583-342e-a5e7-7c4b11ebc68e 369e1a22-c8cd-3aaa-9270-a1546f666f34 430399f8-d65a-3e7c-b2d8-fb20bb406eab 36684fb3-c537-3408-85da-d355a989388b 1ecad3d9-3863-3e32-afc6-3d020aea7144,https://baseballsavant.mlb.com/sporty-videos?playId=1ecad3d9-3863-3e32-afc6-3d020aea7144,"Pavin Smith grounds out, second baseman Samad Taylor to first baseman Ty France.",,,,,https://www.mlb.com/gameday/823246,https://baseballsavant.mlb.com/gamefeed?gamePk=823246
823246,2026-09-27,AZ @ SD,R,58,7,bottom,1,Ty France,Justin Martinez,R,R,walk,other,"James McCann challenged (pitch result), call on the field was confirmed: Ty France walks.",0,MJ,0,109,1,-,0,0,0,0,0,,,,,,,,,0,eaec4f9c-5e72-3bf5-b77b-1073f2a2eb48,93da4405-5a86-30e4-b4bc-189dbc00096e e6d5ce86-1330-320c-ae56-2ba36d581035 c5e8d633-74cb-3222-9729-423fd0d06def 9c6a2db4-3adc-3d08-b7f3-4df79e0b3644 1d1ffcd3-3b47-3a9f-9271-f91ed01b835f eaec4f9c-5e72-3bf5-b77b-1073f2a2eb48,https://baseballsavant.mlb.com/sporty-videos?playId=eaec4f9c-5e72-3bf5-b77b-1073f2a2eb48,Ty France walks.,0,,,,https://www.mlb.com/gameday/823246,https://baseballsavant.mlb.com/gamefeed?gamePk=823246
823246,2026-09-27,AZ @ SD,R,61,7,bottom,1,Jake Cronenworth,Justin Martinez,L,R,walk,other,"James McCann challenged (pitch result), call on the field was confirmed: Jake Cronenworth walks. Ty France scores. Luis Campusano to 3rd. Austin Hays to 2nd.",1,MJ,0,109,1,"1B,2B,3B",1,1,1,0,0,,,,,,,,,0,91fe9a12-1aaf-3752-8421-14229c596360,90fef0b5-1c9c-4494-8c2b-e5b02873c634 95cbb0cb-7a1e-3dc9-b7b0-ab4324bee133 00c01282-3ecb-3e6b-9aeb-5a6ab047017d c44acfae-585f-38d5-8c68-3ab045478b8b 91fe9a12-1aaf-3752-8421-14229c596360,https://baseballsavant.mlb.com/sporty-videos?playId=91fe9a12-1aaf-3752-8421-14229c596360,Jake Cronenworth walks. Ty France scores. Luis Campusano to 3rd. Austin Hays to 2nd.,0,NO RBI (run scores only because of the error),RBI,RBI possible (run-scoring fielder's choice is a scorer's call),https://www.mlb.com/gameday/823246,https://baseballsavant.mlb.com/gamefeed?gamePk=823246
823408,2026-09-27,TB @ PHI,R,2,1,top,2,Junior Caminero,Zack Wheeler,R,R,strikeout,other,Junior Caminero called out on strikes.,0,MJ,1,143,1,-,0,0,0,0,0,,,,,,,,,0,1d5bf7b9-0979-3cb5-b53a-243f2d131c94,d8fc13dd-9e22-3617-b075-d91a9ce78887 548cc77c-6ccc-3412-a5a4-a3a302374995 c7804acb-2a2b-371b-a955-d0a711c5a362 1d5bf7b9-0979-3cb5-b53a-243f2d131c94,https://baseballsavant.mlb.com/sporty-videos?playId=1d5bf7b9-0979-3cb5-b53a-243f2d131c94,Junior Caminero called out on strikes.,,,,,https://www.mlb.com/gameday/823408,https://baseballsavant.mlb.com/gamefeed?gamePk=823408
823408,2026-09-27,TB @ PHI,R,19,3,top,0,Nick Fortes,Zack Wheeler,R,R,field_out,out,"Nick Fortes grounds out, second baseman Bryson Stott to first baseman Alec Bohm.",0,MJ,1,139,1,-,0,0,0,0,0,,57.9,12.0,106.0,ground_ball,medium,,,0,0970be3c-b691-3fa8-a486-313d87878dbc,e6d050de-74c9-3d03-9294-9d7c93b44a1d cef9f44c-86bc-3470-8d5e-621dca10075b e95a0159-0639-3578-8509-5be4ba812995 93a2f53d-2c27-386e-9262-64dcacc7e03f 0970be3c-b691-3fa8-a486-313d87878dbc,https://baseballsavant.mlb.com/sporty-videos?playId=0970be3c-b691-3fa8-a486-313d87878dbc,"Nick Fortes grounds out, second baseman Bryson Stott to first baseman Alec Bohm.",,,,,https://www.mlb.com/gameday/823408,https://baseballsavant.mlb.com/gamefeed?gamePk=823408
823408,2026-09-27,TB @ PHI,R,23,3,bottom,0,Alec Bohm,Nick Martinez,R,R,walk,other,Alec Bohm walks.,0,MA,1,143,1,1B,0,0,0,0,0,,,,,,,,,0,8b97951c-db72-3c97-b234-b7cca4a7d77b,65661058-e4cf-357d-a1be-829bbbe50c57 52499c31-35cd-3e74-93ed-c2a3490c26ed 9429bf0a-2153-35d2-9b53-996bd5b12552 82f5f89e-8655-3518-b81d-4e3c71ea4502 df06f975-bfd3-3a2a-b2f3-1483d115209f b815f0ce-f35a-3566-8e23-6e05deef38c8 8b97951c-db72-3c97-b234-b7cca4a7d77b,https://baseballsavant.mlb.com/sporty-videos?playId=8b97951c-db72-3c97-b234-b7cca4a7d77b,Alec Bohm walks.,,,,,https://www.mlb.com/gameday/823408,https://baseballsavant.mlb.com/gamefeed?gamePk=823408
823408,2026-09-27,TB @ PHI,R,36,5,top,0,Nick Fortes,Zack Wheeler,R,R,strikeout,other,"Nick Fortes challenged (pitch result), call on the field was confirmed: Nick Fortes called out on strikes.",0,MJ,0,139,1,-,0,0,0,0,0,,,,,,,,,0,1e3b0b4f-b9f4-3ceb-a6a8-7718913369e9,1ea6564b-953f-3ceb-bf7d-e1c0283dd27f dd874a0f-8293-379a-a250-4a7fdf12f516 1e3b0b4f-b9f4-3ceb-a6a8-7718913369e9,https://baseballsavant.mlb.com/sporty-videos?playId=1e3b0b4f-b9f4-3ceb-a6a8-7718913369e9,Nick Fortes called out on strikes.,0,,,,https://www.mlb.com/gameday/823408,https://baseballsavant.mlb.com/gamefeed?gamePk=823408
823408,2026-09-27,TB @ PHI,R,39,5,bottom,0,Bryce Harper,Jesse Scholtens,L,R,home_run,hit,Bryce Harper homers (29) on a line drive to right field.,1,MJ,0,139,1,-,0,1,1,0,0,,111.6,20.0,366.0,line_drive,medium,,,0,61812019-340c-35be-a09d-e0c23e6c9aa7,8b3f2662-d033-323b-bda8-a4c0c0f4a227 83dd371a-7db1-3630-bde1-1abe9524b6fc 25623784-b952-317e-8ca1-d778f1a5eae7 4a7c41fa-9ddc-3687-8355-36fe95b7a312 d670bbdb-a829-3c8f-9092-6359dc185e06 95665145-e39c-3ee3-9d2e-702936c2323b 1638a0ee-8aff-312e-a253-d28ee33a57d4 ce958047-a5b8-3b79-94b8-0e5afd918ccb 61812019-340c-35be-a09d-e0c23e6c9aa7,https://baseballsavant.mlb.com/sporty-videos?playId=61812019-340c-35be-a09d-e0c23e6c9aa7,Bryce Harper homers (29) on a line drive to right field.,,no RBI (an HR cannot be an error),RBI (home run scores the batter),RBI (home run scores the batter),https://www.mlb.com/gameday/823408,https://baseballsavant.mlb.com/gamefeed?gamePk=823408
823408,2026-09-27,TB @ PHI,R,60,7,bottom,0,Alec Bohm,Manuel Rodríguez,R,R,walk,other,Alec Bohm walks. Bryson Stott to 2nd.,0,MJ,1,143,1,1B,0,0,0,0,0,,,,,,,,,0,4c62ed5d-86a0-3afe-8483-2bf1fe9dd4e1,a4ea8822-42f9-3385-88db-4164e30e3693 95adcc08-2de6-3d10-bf1e-0b1d5861a352 b340e378-b74b-378f-a2ed-e39b98ecd3b0 4c62ed5d-86a0-3afe-8483-2bf1fe9dd4e1,https://baseballsavant.mlb.com/sporty-videos?playId=4c62ed5d-86a0-3afe-8483-2bf1fe9dd4e1,Alec Bohm walks. Bryson Stott to 2nd.,,,,,https://www.mlb.com/gameday/823408,https://baseballsavant.mlb.com/gamefeed?gamePk=823408
823408,2026-09-27,TB @ PHI,R,72,9,top,1,Cedric Mullins,Jhoan Duran,L,R,strikeout,other,Cedric Mullins strikes out swinging.,0,MJ,1,143,1,-,0,0,0,0,0,,,,,,,,,0,a979e2e1-13cc-383e-8488-c7463f469d44,6dbe9dbb-f0fd-3607-8bfa-60aedf8974e1 274336f6-1b79-3b63-95be-00c0a30ad8c6 449b7537-dee9-308a-a36b-424c4aa4ff81 a979e2e1-13cc-383e-8488-c7463f469d44,https://baseballsavant.mlb.com/sporty-videos?playId=a979e2e1-13cc-383e-8488-c7463f469d44,Cedric Mullins strikes out swinging.,,,,,https://www.mlb.com/gameday/823408,https://baseballsavant.mlb.com/gamefeed?gamePk=823408
823650,2026-09-27,TEX @ MIN,R,1,1,top,1,Wyatt Langford,Dean Kremer,R,R,single,hit,"Rangers challenged (catch or drop), call on the field was overturned: Wyatt Langford singles on a line drive to center fielder Walker Jenkins.",0,MD,1,140,1,-,0,0,0,0,0,,88.9,18.0,279.0,line_drive,medium,,,0,12c05943-fd47-37ea-83e8-7bb83c516214,4d4ea5b3-babc-30d1-9397-17955cc48d83 12c05943-fd47-37ea-83e8-7bb83c516214,https://baseballsavant.mlb.com/sporty-videos?playId=12c05943-fd47-37ea-83e8-7bb83c516214,Wyatt Langford singles on a line drive to center fielder Walker Jenkins.,1,,,,https://www.mlb.com/gameday/823650,https://baseballsavant.mlb.com/gamefeed?gamePk=823650
823650,2026-09-27,TEX @ MIN,R,8,2,top,0,Jake Burger,Dean Kremer,R,R,strikeout,other,Jake Burger strikes out on a foul tip.,0,MJ,1,142,1,-,0,0,0,0,0,,,,,,,,,0,788c42b6-84f1-37d3-985d-307ca5142b79,fdf23043-5885-3df0-a74e-b147e656f228 9bd9cf01-3533-351b-a659-8da89e102865 28c7b7cc-a3d6-3075-acf0-9482ab1b23f3 788c42b6-84f1-37d3-985d-307ca5142b79,https://baseballsavant.mlb.com/sporty-videos?playId=788c42b6-84f1-37d3-985d-307ca5142b79,Jake Burger strikes out on a foul tip.,,,,,https://www.mlb.com/gameday/823650,https://baseballsavant.mlb.com/gamefeed?gamePk=823650
823650,2026-09-27,TEX @ MIN,R,9,2,top,1,Ezequiel Duran,Dean Kremer,R,R,strikeout,other,"Ryan Jeffers challenged (pitch result), call on the field was overturned: Ezequiel Duran called out on strikes.",0,MJ,1,142,1,-,0,0,0,0,0,,,,,,,,,0,0eb1be41-0fe0-3203-9d79-8023cb91d1e8,7c5da63f-65a2-35c7-afa1-788fff4c522f 3c9ac695-7d36-367f-a3a9-b8bb17a7fa08 2510afea-33c8-3144-95ae-eb4eb8e252cf 0eb1be41-0fe0-3203-9d79-8023cb91d1e8,https://baseballsavant.mlb.com/sporty-videos?playId=0eb1be41-0fe0-3203-9d79-8023cb91d1e8,Ezequiel Duran called out on strikes.,1,,,,https://www.mlb.com/gameday/823650,https://baseballsavant.mlb.com/gamefeed?gamePk=823650
823650,2026-09-27,TEX @ MIN,R,30,4,bottom,2,Walker Jenkins,Tyler Alexander,L,L,pickoff_caught_stealing_2b,other,"With Walker Jenkins batting, Austin Martin picked off and caught stealing 2nd base, shortstop Corey Seager.",0,MJ,0,142,1,1B,0,0,0,0,0,,,,,,,,,0,c9acb67b-f76e-340f-80ca-73eac37b8fcd,904f0a87-cea5-3f80-8cc1-790291d3b067 31d1a78d-16c0-3119-9e86-d1802cf1d846 c9acb67b-f76e-340f-80ca-73eac37b8fcd,https://baseballsavant.mlb.com/sporty-videos?playId=c9acb67b-f76e-340f-80ca-73eac37b8fcd,"With Walker Jenkins batting, Austin Martin picked off and caught stealing 2nd base, shortstop Corey Seager.",,,,,https://www.mlb.com/gameday/823650,https://baseballsavant.mlb.com/gamefeed?gamePk=823650
823650,2026-09-27,TEX @ MIN,R,38,5,bottom,1,Ryan Jeffers,Jakob Junis,R,R,walk,other,Ryan Jeffers walks. Walker Jenkins scores. Luke Keaschall to 3rd. Josh Bell to 2nd.,1,MJ,0,140,1,"1B,2B,3B",1,1,1,0,0,,,,,,,,,0,f6524681-89d0-3087-afb3-6779e1707a07,1bd5ce2d-3980-3168-a725-64e8290df0d3 15239911-d50b-3ac2-b657-252c857bfdff c51d9c6d-f68c-3181-b5cd-1900349aabfa 11a55549-54ef-3d17-936f-8ed6ef5b9632 f6524681-89d0-3087-afb3-6779e1707a07,https://baseballsavant.mlb.com/sporty-videos?playId=f6524681-89d0-3087-afb3-6779e1707a07,Ryan Jeffers walks. Walker Jenkins scores. Luke Keaschall to 3rd. Josh Bell to 2nd.,,NO RBI (run scores only because of the error),RBI,RBI possible (run-scoring fielder's choice is a scorer's call),https://www.mlb.com/gameday/823650,https://baseballsavant.mlb.com/gamefeed?gamePk=823650
823650,2026-09-27,TEX @ MIN,R,41,5,bottom,2,Brooks Lee,Jordan Montgomery,R,L,field_out,out,Brooks Lee flies out to center fielder Evan Carter.,0,MJ,0,142,1,-,0,0,0,0,0,,99.2,53.0,264.0,fly_ball,medium,,,0,e06bab9d-e8f2-3001-adaf-df7709816a4c,87fbcdf1-3c3e-3380-80df-4e2ea8574a5e 702fc9ac-87c1-3d98-8a10-3d032e1cbc33 dc868d79-78b3-30b3-9d5a-c141fc2e9cb5 e06bab9d-e8f2-3001-adaf-df7709816a4c,https://baseballsavant.mlb.com/sporty-videos?playId=e06bab9d-e8f2-3001-adaf-df7709816a4c,Brooks Lee flies out to center fielder Evan Carter.,,,,,https://www.mlb.com/gameday/823650,https://baseballsavant.mlb.com/gamefeed?gamePk=823650
823650,2026-09-27,TEX @ MIN,R,69,9,top,1,Jake Burger,Andrew Morris,R,R,strikeout,other,Jake Burger strikes out swinging.,0,MJ,0,140,1,-,0,0,0,0,0,,,,,,,,,0,562a405b-7f85-332b-8621-6f04a61e0465,522114c1-731f-3687-b036-6b49afdeb8fe 5187549a-3cc7-39b3-9ae8-2011d14cce32 39d7f7b7-5a98-30e5-b015-9b427ef3d8bc 066b9530-528a-386b-945b-8764c75e9636 7f7ab817-23a6-3e5c-95c6-776f93421880 562a405b-7f85-332b-8621-6f04a61e0465,https://baseballsavant.mlb.com/sporty-videos?playId=562a405b-7f85-332b-8621-6f04a61e0465,Jake Burger strikes out swinging.,,,,,https://www.mlb.com/gameday/823650,https://baseballsavant.mlb.com/gamefeed?gamePk=823650
823731,2026-09-27,STL @ MIL,R,11,2,top,0,Nolan Gorman,Jacob Misiorowski,L,R,strikeout,other,Nolan Gorman strikes out swinging.,0,MJ,1,158,1,-,0,0,0,0,0,,,,,,,,,0,f897b5d7-9d97-3fd4-951a-3fdbf3c6c94c,ebb314e4-5e4d-347c-944f-6ecc569b2739 837a735d-f063-3348-8687-a7037cf68ab7 f897b5d7-9d97-3fd4-951a-3fdbf3c6c94c,https://baseballsavant.mlb.com/sporty-videos?playId=f897b5d7-9d97-3fd4-951a-3fdbf3c6c94c,Nolan Gorman strikes out swinging.,,,,,https://www.mlb.com/gameday/823731,https://baseballsavant.mlb.com/gamefeed?gamePk=823731
823731,2026-09-27,STL @ MIL,R,19,3,top,1,Pedro Pagés,Jacob Misiorowski,R,R,walk,other,"Gary Sánchez challenged (pitch result), call on the field was confirmed: Pedro Pagés walks.",0,MJ,0,158,1,-,0,0,0,0,0,,,,,,,,,0,4838526b-b379-3cf5-9b15-93b251baf1aa,f43a5ab0-b207-3da5-8e8a-c1657bdbbe4b 72e246a8-2754-3241-af2d-0388b69f4062 4b380c09-8a3e-30c5-8b74-6024e3b7be73 9a007f56-9381-3161-9c34-4f1c357bab80 fa95edae-7fb4-3774-9290-f5b06f4bedf9 4838526b-b379-3cf5-9b15-93b251baf1aa,https://baseballsavant.mlb.com/sporty-videos?playId=4838526b-b379-3cf5-9b15-93b251baf1aa,Pedro Pagés walks.,0,,,,https://www.mlb.com/gameday/823731,https://baseballsavant.mlb.com/gamefeed?gamePk=823731
823731,2026-09-27,STL @ MIL,R,58,8,top,0,Jordan Walker,Chad Patrick,R,R,force_out,out,"Jordan Walker grounds into a force out, second baseman Brice Turang to shortstop Cooper Pratt. César Prieto scores. Pedro Pagés out at 2nd. Jordan Walker advances to 2nd, on a throwing error by shortstop Cooper Pratt.",1,MJ,1,158,1,"1B,3B",1,1,1,0,0,,96.5,3.0,89.0,ground_ball,medium,,,0,6f30044d-9271-37a8-a74c-dfc404b644bd,e545d0e8-b5a4-47c7-98fe-cd4a90a252fe 5101fa7b-53cb-39fa-9819-7cda19722059 ca29771d-8b43-32bd-8208-74e49c3a988d f9b4e65f-4b52-3c72-923b-7d1227affad5 6f30044d-9271-37a8-a74c-dfc404b644bd,https://baseballsavant.mlb.com/sporty-videos?playId=6f30044d-9271-37a8-a74c-dfc404b644bd,"Jordan Walker grounds into a force out, second baseman Brice Turang to shortstop Cooper Pratt. César Prieto scores. Pedro Pagés out at 2nd. Jordan Walker advances to 2nd, on a throwing error by shortstop Cooper Pratt.",,NO RBI (run scores only because of the error),RBI,RBI possible (run-scoring fielder's choice is a scorer's call),https://www.mlb.com/gameday/823731,https://baseballsavant.mlb.com/gamefeed?gamePk=823731
823814,2026-09-27,ATL @ MIA,R,29,4,bottom,2,Deyvison De Los Santos,JR Ritchie,R,R,field_out,out,"Deyvison De Los Santos grounds out, pitcher JR Ritchie to first baseman Dominic Smith.",0,MJ,0,144,1,1B,0,0,0,0,0,,107.2,-16.0,10.0,ground_ball,medium,,,0,47fc62b3-e568-3f67-9419-f8a99302bad0,05a56472-7696-3038-b933-f5bfd74ee197 af0e4f93-59ec-3e5a-bf2b-3be4a68f3acc bdbdca2b-d46f-38b0-a6ab-2c21b11d16b6 72e8cd42-33b3-349b-81d2-cab3b196f665 76ea09fe-e49c-36f4-8eba-de1a2cbc5295 70caf619-b66b-39df-83ec-5cc83362e56e 47fc62b3-e568-3f67-9419-f8a99302bad0,https://baseballsavant.mlb.com/sporty-videos?playId=47fc62b3-e568-3f67-9419-f8a99302bad0,"Deyvison De Los Santos grounds out, pitcher JR Ritchie to first baseman Dominic Smith.",,,,,https://www.mlb.com/gameday/823814,https://baseballsavant.mlb.com/gamefeed?gamePk=823814
823814,2026-09-27,ATL @ MIA,R,55,7,top,2,Kyle Farmer,Calvin Faucher,R,R,strikeout,other,Kyle Farmer strikes out swinging.,0,MJ,0,146,1,-,0,0,0,0,0,,,,,,,,,0,801080c6-24c1-3ae1-9f07-0551e378c5b8,ebf65e1d-e852-3bd9-b933-ed1f439c934f 65acad81-f0b9-3b36-acf8-7c7ecec4c62a af01d6b2-9be0-330f-8c69-07c0fc8d6482 98c70b1e-411f-38a7-80d4-41bbed57a93e 801080c6-24c1-3ae1-9f07-0551e378c5b8,https://baseballsavant.mlb.com/sporty-videos?playId=801080c6-24c1-3ae1-9f07-0551e378c5b8,Kyle Farmer strikes out swinging.,,,,,https://www.mlb.com/gameday/823814,https://baseballsavant.mlb.com/gamefeed?gamePk=823814
823814,2026-09-27,ATL @ MIA,R,68,9,top,1,Brewer Hicklen,Sandy Alcantara,R,R,field_out,out,Brewer Hicklen flies out to center fielder Esteury Ruiz.,0,MJ,1,146,1,-,0,0,0,0,0,,87.0,34.0,327.0,fly_ball,medium,,,0,b502c204-dc5b-3ea2-9307-1642ade699cb,2425a8da-6826-3579-adc5-64add55c4e97 d1815f26-cda7-3c0d-adc9-6fcfb9dc4899 b502c204-dc5b-3ea2-9307-1642ade699cb,https://baseballsavant.mlb.com/sporty-videos?playId=b502c204-dc5b-3ea2-9307-1642ade699cb,Brewer Hicklen flies out to center fielder Esteury Ruiz.,,,,,https://www.mlb.com/gameday/823814,https://baseballsavant.mlb.com/gamefeed?gamePk=823814
824055,2026-09-27,CLE @ KC,R,34,4,bottom,2,Maikel Garcia,Austin Peterson,R,R,walk,other,Maikel Garcia walks.,0,MJ,1,118,1,-,0,0,0,0,0,,,,,,,,,0,e7d8d3e4-2d7b-3a9e-a9e9-fa5aed61543f,b74329be-a3a0-3262-9371-4cafa605a365 821bf48c-ae2d-3e62-a540-c1c370a81d53 3fbffff9-ac9d-3be0-8082-3bc8bcac69d4 1425c01a-a224-37c2-9228-641d5b7ddd50 e2457b98-9262-3f8b-adf0-31d2b197350a e7d8d3e4-2d7b-3a9e-a9e9-fa5aed61543f,https://baseballsavant.mlb.com/sporty-videos?playId=e7d8d3e4-2d7b-3a9e-a9e9-fa5aed61543f,Maikel Garcia walks.,,,,,https://www.mlb.com/gameday/824055,https://baseballsavant.mlb.com/gamefeed?gamePk=824055
824055,2026-09-27,CLE @ KC,R,55,7,top,1,Petey Halpin,Connor Thomas,L,L,field_out,out,"Royals challenged (play at 1st), call on the field was overturned: Petey Halpin grounds out, second baseman Tyler Tolbert to first baseman Vinnie Pasquantino.",0,MF,1,118,1,-,0,0,0,0,0,,84.1,-9.0,15.0,ground_ball,medium,,,0,322f48c2-04fd-3a92-a19f-b45be3404751,9349e7d1-6a07-3389-a5e9-fff3fd6e592b 8e5d0412-7816-31fc-9cb2-096b4e17c327 0d220523-1dd9-334a-a6f1-0a7804fdee2f 322f48c2-04fd-3a92-a19f-b45be3404751,https://baseballsavant.mlb.com/sporty-videos?playId=322f48c2-04fd-3a92-a19f-b45be3404751,"Petey Halpin grounds out, second baseman Tyler Tolbert to first baseman Vinnie Pasquantino.",1,,,,https://www.mlb.com/gameday/824055,https://baseballsavant.mlb.com/gamefeed?gamePk=824055
824217,2026-09-27,PIT @ DET,R,1,1,top,0,Ryan O'Hearn,River Ryan,L,R,strikeout,other,"Eduardo Valencia challenged (pitch result), call on the field was overturned: Ryan O'Hearn called out on strikes.",0,MJ,1,116,1,-,0,0,0,0,0,,,,,,,,,0,259f1ed4-36b4-36a4-a41d-f39b86daeaa3,c2b4b42b-c631-3ef9-8be2-ad623e4f7d32 41b285d9-aab0-3845-8522-20fe8ccce053 3430099b-0c57-39c8-aec7-c083d8564d98 bfc5dda1-5371-3d35-9c65-afbeb8b429f1 406f607b-4fee-39dd-a541-efb5de39a95f 259f1ed4-36b4-36a4-a41d-f39b86daeaa3,https://baseballsavant.mlb.com/sporty-videos?playId=259f1ed4-36b4-36a4-a41d-f39b86daeaa3,Ryan O'Hearn called out on strikes.,1,,,,https://www.mlb.com/gameday/824217,https://baseballsavant.mlb.com/gamefeed?gamePk=824217
824217,2026-09-27,PIT @ DET,R,2,1,top,1,Bryan Reynolds,River Ryan,L,R,strikeout,other,Bryan Reynolds strikes out swinging.,0,MJ,0,134,1,-,0,0,0,0,0,,,,,,,,,0,5d960392-f180-3d24-a1a9-4171a2ce822f,a1f245e2-bdbc-363c-9987-82de93c39dc3 9e116e83-6af0-3c16-8106-9c011b32384b 5d960392-f180-3d24-a1a9-4171a2ce822f,https://baseballsavant.mlb.com/sporty-videos?playId=5d960392-f180-3d24-a1a9-4171a2ce822f,Bryan Reynolds strikes out swinging.,,,,,https://www.mlb.com/gameday/824217,https://baseballsavant.mlb.com/gamefeed?gamePk=824217
824217,2026-09-27,PIT @ DET,R,18,3,top,1,Rafael Flores Jr.,Beau Brieske,R,R,field_out,out,Rafael Flores Jr. flies out to right fielder Zach McKinstry.,0,MJ,1,116,1,-,0,0,0,0,0,,91.3,55.0,271.0,fly_ball,medium,,,0,38e0517a-dcad-3c05-9e13-1bcc3f36e9d0,61931566-99e7-3198-a9d7-ba7bf0d5d6c0 38e0517a-dcad-3c05-9e13-1bcc3f36e9d0,https://baseballsavant.mlb.com/sporty-videos?playId=38e0517a-dcad-3c05-9e13-1bcc3f36e9d0,Rafael Flores Jr. flies out to right fielder Zach McKinstry.,,,,,https://www.mlb.com/gameday/824217,https://baseballsavant.mlb.com/gamefeed?gamePk=824217
824217,2026-09-27,PIT @ DET,R,39,5,bottom,2,Zach McKinstry,Antwone Kelly,L,R,field_out,out,Zach McKinstry pops out to shortstop Konnor Griffin.,0,MJ,0,134,1,1B,0,0,0,0,0,,83.2,67.0,144.0,popup,medium,,,0,4185d75c-dbba-3c7d-a6cf-082e9024f731,469c7fd2-735c-3f6f-bfc1-7ca0f53d3b81 dc3b246d-6dac-3388-829c-44397ddcc9cc 3872e3d8-bc3a-33d1-8bc5-2b37db975336 4185d75c-dbba-3c7d-a6cf-082e9024f731,https://baseballsavant.mlb.com/sporty-videos?playId=4185d75c-dbba-3c7d-a6cf-082e9024f731,Zach McKinstry pops out to shortstop Konnor Griffin.,,,,,https://www.mlb.com/gameday/824217,https://baseballsavant.mlb.com/gamefeed?gamePk=824217
824217,2026-09-27,PIT @ DET,R,52,7,bottom,1,Eduardo Valencia,Antwone Kelly,R,R,home_run,hit,Eduardo Valencia homers (8) on a fly ball to left center field.,1,MJ,1,116,1,-,0,1,1,0,0,,109.8,29.0,443.0,fly_ball,medium,,,0,2a56b22c-2f09-325a-8322-f5391fb0bc2b,c610bda6-a329-36df-b099-966a4bf77ae5 d9290f9d-1b39-3ae5-8db4-2eed103c88d1 2a56b22c-2f09-325a-8322-f5391fb0bc2b,https://baseballsavant.mlb.com/sporty-videos?playId=2a56b22c-2f09-325a-8322-f5391fb0bc2b,Eduardo Valencia homers (8) on a fly ball to left center field.,,no RBI (an HR cannot be an error),RBI (home run scores the batter),RBI (home run scores the batter),https://www.mlb.com/gameday/824217,https://baseballsavant.mlb.com/gamefeed?gamePk=824217
824217,2026-09-27,PIT @ DET,R,62,9,top,0,Jake Mangum,Ty Madden,L,R,field_out,out,Jake Mangum flies out to left fielder Brett Callahan.,0,MJ,0,116,1,-,0,0,0,0,0,,77.5,38.0,261.0,fly_ball,medium,,,0,4c6607c1-af33-3bb0-baba-c100848c98d8,35f94401-b9fb-3259-b8c3-958b8b36839e 11138894-6502-30d4-9d8f-fb6560ed4e02 08d353e9-949b-3666-bed5-532b5751c3c3 4c6607c1-af33-3bb0-baba-c100848c98d8,https://baseballsavant.mlb.com/sporty-videos?playId=4c6607c1-af33-3bb0-baba-c100848c98d8,Jake Mangum flies out to left fielder Brett Callahan.,,,,,https://www.mlb.com/gameday/824217,https://baseballsavant.mlb.com/gamefeed?gamePk=824217
824217,2026-09-27,PIT @ DET,R,67,9,bottom,2,Eduardo Valencia,Mason Montgomery,R,L,strikeout,other,"Eduardo Valencia challenged (pitch result), call on the field was confirmed: Eduardo Valencia called out on strikes.",0,MJ,0,116,1,-,0,0,0,0,0,,,,,,,,,0,b2817b7e-a835-395d-b5d5-9ddb3845465f,235c936c-0f2f-306b-9b06-a3c0207dfc5b 7ca1dce9-8af4-3b23-8582-1e7a9c722c0c 15766348-4556-3314-a746-a3b857992a85 8aecaa8e-f53e-3e8c-8ae0-08b21d138d9e 85414c8e-63e9-34ef-9cda-582f561a86c2 45540a94-1c18-3094-8118-c250107c6945 b2817b7e-a835-395d-b5d5-9ddb3845465f,https://baseballsavant.mlb.com/sporty-videos?playId=b2817b7e-a835-395d-b5d5-9ddb3845465f,Eduardo Valencia called out on strikes.,0,,,,https://www.mlb.com/gameday/824217,https://baseballsavant.mlb.com/gamefeed?gamePk=824217
824542,2026-09-27,COL @ CWS,R,22,3,bottom,1,Randal Grichuk,Kyle Freeland,R,L,home_run,hit,Randal Grichuk homers (15) on a line drive to left field. Luisangel Acuña scores.,2,MA,0,115,1,"1B,2B",1,2,2,0,0,,111.5,20.0,408.0,line_drive,medium,,,0,3c70de76-8d78-3594-9d32-268343f4ea6a,c686b69e-8482-3bd6-8352-aae2c24ca118 03ac4a58-2fc5-35d1-b8bf-add0d711b150 41da53fc-3c93-3a52-b631-a0ab070372e8 3c70de76-8d78-3594-9d32-268343f4ea6a,https://baseballsavant.mlb.com/sporty-videos?playId=3c70de76-8d78-3594-9d32-268343f4ea6a,Randal Grichuk homers (15) on a line drive to left field. Luisangel Acuña scores.,,no RBI (an HR cannot be an error),RBI (home run scores the batter),RBI (home run scores the batter),https://www.mlb.com/gameday/824542,https://baseballsavant.mlb.com/gamefeed?gamePk=824542
824705,2026-09-27,CHC @ BOS,R,24,3,bottom,1,Willson Contreras,Braxton Garrett,R,L,field_out,out,"Willson Contreras grounds out, third baseman Pedro Ramírez to first baseman Michael Busch.",0,MJ,1,111,1,-,0,0,0,0,0,,95.8,-9.0,12.0,ground_ball,medium,,,0,0516e8de-e6a6-36aa-a760-6068b372e099,96b67191-1308-32f3-a234-4859ebcf09e9 a4c83f8f-300a-3e77-b06f-d6f6ed6c444b b0d9fb43-51c3-326b-9790-8626db86d48a cdb8cd15-f3f4-307e-9740-bcb0d11a483a 56a85c46-2460-3922-b94e-b8d5287d05f2 4716aede-99d8-388c-aff5-23a27d6a7f64 0516e8de-e6a6-36aa-a760-6068b372e099,https://baseballsavant.mlb.com/sporty-videos?playId=0516e8de-e6a6-36aa-a760-6068b372e099,"Willson Contreras grounds out, third baseman Pedro Ramírez to first baseman Michael Busch.",,,,,https://www.mlb.com/gameday/824705,https://baseballsavant.mlb.com/gamefeed?gamePk=824705
824705,2026-09-27,CHC @ BOS,R,35,4,bottom,2,Andruw Monasterio,Braxton Garrett,R,L,field_out,out,Andruw Monasterio flies out to left fielder Ian Happ.,0,MJ,0,112,1,-,0,0,0,0,0,,88.1,27.0,330.0,fly_ball,medium,,,0,d486b08e-673a-3ee6-bc1a-bd87b25dc15a,019ab3f2-146a-3a32-9a15-811fd55173d4 bf318758-38b2-325a-8456-7bebbb5ef91b d3e9df2e-9c75-37fa-b90d-6b36ad0f51a7 ce8628df-77a1-33fe-a893-143dcf5d3431 d486b08e-673a-3ee6-bc1a-bd87b25dc15a,https://baseballsavant.mlb.com/sporty-videos?playId=d486b08e-673a-3ee6-bc1a-bd87b25dc15a,Andruw Monasterio flies out to left fielder Ian Happ.,,,,,https://www.mlb.com/gameday/824705,https://baseballsavant.mlb.com/gamefeed?gamePk=824705
824705,2026-09-27,CHC @ BOS,R,46,6,bottom,0,Wilyer Abreu,Braxton Garrett,L,L,walk,other,"Wilyer Abreu challenged (pitch result), call on the field was overturned: Wilyer Abreu walks.",0,MJ,1,111,1,-,0,0,0,0,0,,,,,,,,,0,bf1b6980-00f9-367b-8c0e-8ee00a1ee55a,97c0abbd-ca67-393d-ac3b-5c351a63b264 5e5d6d81-e922-3795-9588-f1148479374c ad6196a2-d5ae-300f-acdc-96ed1fc3c5b7 ad91266c-6e8d-3de2-83a9-34f08bfbb87c 9e839cb5-bbaf-31d9-990a-af34214e0bb5 bf1b6980-00f9-367b-8c0e-8ee00a1ee55a,https://baseballsavant.mlb.com/sporty-videos?playId=bf1b6980-00f9-367b-8c0e-8ee00a1ee55a,Wilyer Abreu walks.,1,,,,https://www.mlb.com/gameday/824705,https://baseballsavant.mlb.com/gamefeed?gamePk=824705
824705,2026-09-27,CHC @ BOS,R,68,9,top,0,Alex Bregman,Patrick Sandoval,R,L,double,hit,Alex Bregman doubles (33) on a sharp line drive to center fielder Nate Eaton. Miguel Amaya scores. Tyrone Taylor to 3rd.,1,MJ,1,112,1,"1B,3B",1,1,1,0,0,,101.3,15.0,300.0,line_drive,hard,,,0,ca67d116-aaf3-3605-8e1a-6e1be01858d8,54ba9725-9450-3b44-aaaa-3dcb63e95e8c 7c335976-5a1f-3acc-a002-d955198bf59c ee98a5ad-9c94-3447-83a0-98838b62b4e7 ca67d116-aaf3-3605-8e1a-6e1be01858d8,https://baseballsavant.mlb.com/sporty-videos?playId=ca67d116-aaf3-3605-8e1a-6e1be01858d8,Alex Bregman doubles (33) on a sharp line drive to center fielder Nate Eaton. Miguel Amaya scores. Tyrone Taylor to 3rd.,,NO RBI (run scores only because of the error),RBI,RBI possible (run-scoring fielder's choice is a scorer's call),https://www.mlb.com/gameday/824705,https://baseballsavant.mlb.com/gamefeed?gamePk=824705
824948,2026-09-27,HOU @ ATH,R,48,6,top,2,Jose Altuve,Chris Roycroft,R,R,field_out,out,"Jose Altuve grounds out, shortstop Joshua Kuroda-Grauer to first baseman Jeff McNeil.",0,MJ,0,117,1,-,0,0,0,0,0,,91.9,-24.0,6.0,ground_ball,medium,,,0,88f96d10-b50a-3c68-b057-10cf4992d230,8bc99364-5015-3a41-8537-3985a1481bae 09642048-0363-3d2e-a7d4-b02b6c456afe 3ef424fd-e188-38d7-ba72-e76446e71f3f d1617437-dde6-456d-9fc1-f7dc411f5a21 bcad3c63-3dd3-32c8-8d10-0623aaa12635 9bf861ae-bd99-3862-bc37-b190caafae3f a987a8ff-36a5-3a08-b847-56ef68f0a01b 88f96d10-b50a-3c68-b057-10cf4992d230,https://baseballsavant.mlb.com/sporty-videos?playId=88f96d10-b50a-3c68-b057-10cf4992d230,"Jose Altuve grounds out, shortstop Joshua Kuroda-Grauer to first baseman Jeff McNeil.",,,,,https://www.mlb.com/gameday/824948,https://baseballsavant.mlb.com/gamefeed?gamePk=824948
824948,2026-09-27,HOU @ ATH,R,61,7,bottom,1,Tommy White,Bryan King,R,L,strikeout,other,Tommy White strikes out swinging.,0,MJ,0,117,1,-,0,0,0,0,0,,,,,,,,,0,d46175ea-2bd4-33b9-8124-c8d1bd82c412,002188f8-9769-3afd-a6e0-8e10028af839 e58a17b4-ba90-3068-b74e-38d4c8e96045 a620e2a8-d3d9-3f0b-a4fe-0837317f6691 511f4d8f-df70-3074-849b-16817fd7f9e8 953eaee3-1ab3-3c20-a0a9-6fecf39916fa d46175ea-2bd4-33b9-8124-c8d1bd82c412,https://baseballsavant.mlb.com/sporty-videos?playId=d46175ea-2bd4-33b9-8124-c8d1bd82c412,Tommy White strikes out swinging.,,,,,https://www.mlb.com/gameday/824948,https://baseballsavant.mlb.com/gamefeed?gamePk=824948
824948,2026-09-27,HOU @ ATH,R,76,9,top,0,Jorge Barrosa,Drew Rom,R,L,field_out,out,Jorge Barrosa pops out to catcher Brian Serven in foul territory.,0,MJ,1,133,1,-,0,0,0,0,0,,79.6,82.0,41.0,popup,medium,,,0,ee2e9b42-b6cb-385a-b93f-5fec7a7a56d7,d87a8350-3acd-3ff7-9efa-8b75a244e3dc 50b2ad66-e23b-3e2f-8810-ef4d682ab15d e8bb8a6e-57d5-3039-8da9-9a28e2f92ac0 ee2e9b42-b6cb-385a-b93f-5fec7a7a56d7,https://baseballsavant.mlb.com/sporty-videos?playId=ee2e9b42-b6cb-385a-b93f-5fec7a7a56d7,Jorge Barrosa pops out to catcher Brian Serven in foul territory.,,,,,https://www.mlb.com/gameday/824948,https://baseballsavant.mlb.com/gamefeed?gamePk=824948
